model_family,pretraining_objective,horizon,fold,seed,lookback,threshold,status,skipped_reason,sample_count,retained_count,retained_sample_fraction,active_trade_count,active_trade_fraction,classification_accuracy,macro_f1,directional_trade_hit_rate,gross_directional_proxy,net_cost_adjusted_proxy,turnover_proxy,payoff_mode,cost_mode,reference_fee_bps,reference_spread_multiplier,true_up_fraction,true_stationary_fraction,true_down_fraction,predicted_up_fraction,predicted_stationary_fraction,predicted_down_fraction
matrix_transformer,masked_reconstruction,10,fold_1,0,20,0.33,ok,,38378,38378,1.0,21188,0.5520871332534264,0.3823284173224243,0.32121939502772545,0.2119595997734567,-12206.0,-12206.0,0.5521015191390677,unit_payoff,unit_proxy,0.0,0.0,0.2086351555578717,0.5910677992599928,0.2002970451821356,0.46917504820470063,0.44791286674657355,0.08291208504872584
matrix_transformer,masked_reconstruction,10,fold_1,0,20,0.35,ok,,38378,38378,1.0,21188,0.5520871332534264,0.3823284173224243,0.32121939502772545,0.2119595997734567,-12206.0,-12206.0,0.5521015191390677,unit_payoff,unit_proxy,0.0,0.0,0.2086351555578717,0.5910677992599928,0.2002970451821356,0.46917504820470063,0.44791286674657355,0.08291208504872584
matrix_transformer,masked_reconstruction,10,fold_1,0,20,0.4,ok,,38378,38246,0.9965605294700088,21057,0.5486737193183595,0.38325576530879046,0.3217942950791454,0.21256589257729022,-12105.0,-12105.0,0.548688016259739,unit_payoff,unit_proxy,0.0,0.0,0.20906761491397793,0.590440830413638,0.20049155467238405,0.46896407467447576,0.4494326204047482,0.08160330492077603
matrix_transformer,masked_reconstruction,10,fold_1,0,20,0.45,ok,,38378,32587,0.8491062587941007,16033,0.4177653864193027,0.4165157885046184,0.33441420521152826,0.22859103099856545,-8703.0,-8703.0,0.4177762722463976,unit_payoff,unit_proxy,0.0,0.0,0.21754073710375302,0.5904501795194402,0.1920090833768067,0.4283916899377052,0.5079939853315739,0.06361432473072084
matrix_transformer,masked_reconstruction,10,fold_1,0,20,0.5,ok,,38378,18477,0.48144770441398715,4059,0.10576371879722758,0.5438653461059696,0.3640475921053175,0.2835673811283567,-1757.0,-1757.0,0.10576647471141569,unit_payoff,unit_proxy,0.0,0.0,0.21924554851978134,0.594847648427775,0.1859068030524436,0.16014504519131895,0.7803214807598636,0.059533474048817446
matrix_transformer,masked_reconstruction,10,fold_1,0,20,0.55,ok,,38378,13016,0.3391526395330658,925,0.02410235030486216,0.6178549477566072,0.33085737694007633,0.36,-259.0,-259.0,0.024102978346405398,unit_payoff,unit_proxy,0.0,0.0,0.20374923171481255,0.6228488014751076,0.1734019668100799,0.02220344191763983,0.9289336201598033,0.04886293792255685
matrix_transformer,masked_reconstruction,10,fold_1,0,20,0.6,ok,,38378,9071,0.23635937255719422,293,0.007634582312783365,0.661338330944769,0.3120035192974212,0.3993174061433447,-59.0,-59.0,0.0076347812491857105,unit_payoff,unit_proxy,0.0,0.0,0.18509535883585052,0.6622202623746004,0.1526843787895491,0.0012126557160180797,0.9676992613824276,0.031088082901554404
matrix_transformer,masked_reconstruction,10,fold_1,0,20,0.65,ok,,38378,3372,0.08786283808431915,116,0.0030225650112043357,0.7799525504151839,0.3570945055518587,0.3620689655172414,-32.0,-32.0,0.0030226437710086772,unit_payoff,unit_proxy,0.0,0.0,0.12188612099644128,0.7841043890865955,0.09400948991696323,0.0,0.9655990510083037,0.03440094899169632
matrix_transformer,masked_reconstruction,10,fold_1,0,20,0.7,ok,,38378,25,0.0006514148731043827,25,0.0006514148731043827,0.48,0.21621621621621623,0.48,-1.0,-1.0,0.0006514318472001459,unit_payoff,unit_proxy,0.0,0.0,0.16,0.36,0.48,0.0,0.0,1.0
matrix_transformer,masked_reconstruction,10,fold_1,0,20,0.75,ok,,38378,3,7.816978477252592e-05,3,7.816978477252592e-05,0.3333333333333333,0.16666666666666666,0.3333333333333333,-1.0,-1.0,7.817182166401751e-05,unit_payoff,unit_proxy,0.0,0.0,0.3333333333333333,0.3333333333333333,0.3333333333333333,0.0,0.0,1.0
matrix_transformer,masked_reconstruction,10,fold_1,0,20,0.8,skipped,too few samples remain after confidence filtering,38378,0,0.0,0,0.0,,,,0.0,0.0,0.0,unit_payoff,unit_proxy,0.0,0.0,,,,,,
matrix_transformer,masked_reconstruction,10,fold_1,0,20,0.85,skipped,too few samples remain after confidence filtering,38378,0,0.0,0,0.0,,,,0.0,0.0,0.0,unit_payoff,unit_proxy,0.0,0.0,,,,,,
matrix_transformer,masked_reconstruction,10,fold_1,0,20,0.9,skipped,too few samples remain after confidence filtering,38378,0,0.0,0,0.0,,,,0.0,0.0,0.0,unit_payoff,unit_proxy,0.0,0.0,,,,,,
matrix_transformer,masked_reconstruction,10,fold_1,0,20,0.95,skipped,too few samples remain after confidence filtering,38378,0,0.0,0,0.0,,,,0.0,0.0,0.0,unit_payoff,unit_proxy,0.0,0.0,,,,,,
matrix_transformer,masked_reconstruction,10,fold_1,1,20,0.33,ok,,38378,38378,1.0,18788,0.4895513054354057,0.38743550992756265,0.2849542112147222,0.19837130083031723,-11334.0,-11334.0,0.48956406180785367,unit_payoff,unit_proxy,0.0,0.0,0.2086351555578717,0.5910677992599928,0.2002970451821356,0.46714263380061494,0.5104486945645943,0.022408671634790767
matrix_transformer,masked_reconstruction,10,fold_1,1,20,0.35,ok,,38378,38376,0.9999478868101517,18786,0.4894991922455573,0.38745570148009173,0.28496578214761187,0.19839241988715,-11332.0,-11332.0,0.48951194726007763,unit_payoff,unit_proxy,0.0,0.0,0.20861997081509276,0.5910986032937252,0.200281425891182,0.4671409214092141,0.510475297060663,0.022383781530122993
matrix_transformer,masked_reconstruction,10,fold_1,1,20,0.4,ok,,38378,33481,0.8724008546563136,13896,0.3620824430663401,0.41901376900331533,0.2837273940744029,0.20797351755900978,-8116.0,-8116.0,0.3620918779477291,unit_payoff,unit_proxy,0.0,0.0,0.21669006302081778,0.5892297123741824,0.19408022460499985,0.41106896448732116,0.5849586332546818,0.003972402257997073
matrix_transformer,masked_reconstruction,10,fold_1,1,20,0.45,ok,,38378,20044,0.5222783886601698,463,0.012064203449893169,0.5637098383556176,0.2619863439109364,0.34989200863930886,-139.0,-139.0,0.012064517810146702,unit_payoff,unit_proxy,0.0,0.0,0.22645180602674117,0.5646577529435243,0.20889044102973459,0.02274995010975853,0.9769008181999601,0.00034923169028138097
matrix_transformer,masked_reconstruction,10,fold_1,1,20,0.5,ok,,38378,19588,0.510396581374746,12,0.0003126791390901037,0.5684602818051868,0.24192881011508838,0.16666666666666666,-8.0,-8.0,0.00031268728665607005,unit_payoff,unit_proxy,0.0,0.0,0.22355523790075557,0.5687665917908924,0.20767817030835206,0.000612619971411068,0.999387380028589,0.0
matrix_transformer,masked_reconstruction,10,fold_1,1,20,0.55,ok,,38378,19579,0.5101620720204284,8,0.00020845275939340247,0.5684151386689821,0.24161700372336384,0.0,-8.0,-8.0,0.0002084581911040467,unit_payoff,unit_proxy,0.0,0.0,0.22355585065631545,0.5687726645896113,0.20767148475407324,0.0004086010521477093,0.9995913989478523,0.0
matrix_transformer,masked_reconstruction,10,fold_1,1,20,0.6,ok,,38378,19523,0.5087029027046746,0,0.0,0.5697382574399427,0.24196741282168419,,0.0,0.0,0.0,unit_payoff,unit_proxy,0.0,0.0,0.22317266813502024,0.5697382574399427,0.20708907442503713,0.0,1.0,0.0
matrix_transformer,masked_reconstruction,10,fold_1,1,20,0.65,skipped,too few samples remain after confidence filtering,38378,0,0.0,0,0.0,,,,0.0,0.0,0.0,unit_payoff,unit_proxy,0.0,0.0,,,,,,
matrix_transformer,masked_reconstruction,10,fold_1,1,20,0.7,skipped,too few samples remain after confidence filtering,38378,0,0.0,0,0.0,,,,0.0,0.0,0.0,unit_payoff,unit_proxy,0.0,0.0,,,,,,
matrix_transformer,masked_reconstruction,10,fold_1,1,20,0.75,skipped,too few samples remain after confidence filtering,38378,0,0.0,0,0.0,,,,0.0,0.0,0.0,unit_payoff,unit_proxy,0.0,0.0,,,,,,
matrix_transformer,masked_reconstruction,10,fold_1,1,20,0.8,skipped,too few samples remain after confidence filtering,38378,0,0.0,0,0.0,,,,0.0,0.0,0.0,unit_payoff,unit_proxy,0.0,0.0,,,,,,
matrix_transformer,masked_reconstruction,10,fold_1,1,20,0.85,skipped,too few samples remain after confidence filtering,38378,0,0.0,0,0.0,,,,0.0,0.0,0.0,unit_payoff,unit_proxy,0.0,0.0,,,,,,
matrix_transformer,masked_reconstruction,10,fold_1,1,20,0.9,skipped,too few samples remain after confidence filtering,38378,0,0.0,0,0.0,,,,0.0,0.0,0.0,unit_payoff,unit_proxy,0.0,0.0,,,,,,
matrix_transformer,masked_reconstruction,10,fold_1,1,20,0.95,skipped,too few samples remain after confidence filtering,38378,0,0.0,0,0.0,,,,0.0,0.0,0.0,unit_payoff,unit_proxy,0.0,0.0,,,,,,
matrix_transformer,masked_reconstruction,10,fold_1,2,20,0.33,ok,,38378,38378,1.0,18785,0.48947313565063316,0.3850904163843869,0.2674250913245116,0.19361192440777217,-11511.0,-11511.0,0.48948588998618964,unit_payoff,unit_proxy,0.0,0.0,0.2086351555578717,0.5910677992599928,0.2002970451821356,0.4885350982333629,0.5105268643493668,0.0009380374172703111
matrix_transformer,masked_reconstruction,10,fold_1,2,20,0.35,ok,,38378,38377,0.9999739434050758,18785,0.48947313565063316,0.38510045079083827,0.26743261762863196,0.19361192440777217,-11511.0,-11511.0,0.48948588998618964,unit_payoff,unit_proxy,0.0,0.0,0.20861453474737474,0.5910832008755244,0.20030226437710086,0.48854782812622144,0.5105141100138103,0.0009380618599682102
matrix_transformer,masked_reconstruction,10,fold_1,2,20,0.4,ok,,38378,38371,0.9998176038355308,18784,0.489447079055709,0.385108545516145,0.26743075113510356,0.19356899488926746,-11512.0,-11512.0,0.48945983271230165,unit_payoff,unit_proxy,0.0,0.0,0.2085689713585781,0.5911495660785488,0.200281462562873,0.48859816006880197,0.510463631388288,0.0009382085429100102
matrix_transformer,masked_reconstruction,10,fold_1,2,20,0.45,ok,,38378,38019,0.9906456824222211,18432,0.4802751576423993,0.3873063468265867,0.26721683673809804,0.19444444444444445,-11264.0,-11264.0,0.4802876723037236,unit_payoff,unit_proxy,0.0,0.0,0.20939530234882558,0.5909150687813988,0.19968962886977565,0.4847576211894053,0.5151897735342855,5.260527630921381e-05
matrix_transformer,masked_reconstruction,10,fold_1,2,20,0.5,ok,,38378,36866,0.9606024284746469,17281,0.4502840168846735,0.39518797808278633,0.27089381581074007,0.19842601701290435,-10423.0,-10423.0,0.4502957500586289,unit_payoff,unit_proxy,0.0,0.0,0.21176693972766233,0.5893234959040851,0.19890956436825258,0.46875169532902944,0.5312483046709705,0.0
matrix_transformer,masked_reconstruction,10,fold_1,2,20,0.55,ok,,38378,32393,0.8440512793788107,12813,0.33386315076345824,0.4281789275460748,0.2843186581281032,0.21322094747522047,-7349.0,-7349.0,0.33387185032701877,unit_payoff,unit_proxy,0.0,0.0,0.21943012379217733,0.5839224523816874,0.1966474238261353,0.39554842095514464,0.6044515790448554,0.0
matrix_transformer,masked_reconstruction,10,fold_1,2,20,0.6,ok,,38378,20746,0.5405701182969409,1401,0.036505289488769604,0.5515762074616793,0.2781463524536614,0.27123483226266953,-641.0,-641.0,0.036506240717096176,unit_payoff,unit_proxy,0.0,0.0,0.22601947363347152,0.5704232141135641,0.20355731225296442,0.06753109033066615,0.9324689096693338,0.0
matrix_transformer,masked_reconstruction,10,fold_1,2,20,0.65,ok,,38378,9274,0.2416488613268018,58,0.0015112825056021678,0.6939831787793832,0.2795117282302435,0.25862068965517243,-28.0,-28.0,0.0015113218855043386,unit_payoff,unit_proxy,0.0,0.0,0.16346775932715119,0.696031917187837,0.14050032348501187,0.006254043562648264,0.9937459564373518,0.0
matrix_transformer,masked_reconstruction,10,fold_1,2,20,0.7,skipped,too few samples remain after confidence filtering,38378,0,0.0,0,0.0,,,,0.0,0.0,0.0,unit_payoff,unit_proxy,0.0,0.0,,,,,,
matrix_transformer,masked_reconstruction,10,fold_1,2,20,0.75,skipped,too few samples remain after confidence filtering,38378,0,0.0,0,0.0,,,,0.0,0.0,0.0,unit_payoff,unit_proxy,0.0,0.0,,,,,,
matrix_transformer,masked_reconstruction,10,fold_1,2,20,0.8,skipped,too few samples remain after confidence filtering,38378,0,0.0,0,0.0,,,,0.0,0.0,0.0,unit_payoff,unit_proxy,0.0,0.0,,,,,,
matrix_transformer,masked_reconstruction,10,fold_1,2,20,0.85,skipped,too few samples remain after confidence filtering,38378,0,0.0,0,0.0,,,,0.0,0.0,0.0,unit_payoff,unit_proxy,0.0,0.0,,,,,,
matrix_transformer,masked_reconstruction,10,fold_1,2,20,0.9,skipped,too few samples remain after confidence filtering,38378,0,0.0,0,0.0,,,,0.0,0.0,0.0,unit_payoff,unit_proxy,0.0,0.0,,,,,,
matrix_transformer,masked_reconstruction,10,fold_1,2,20,0.95,skipped,too few samples remain after confidence filtering,38378,0,0.0,0,0.0,,,,0.0,0.0,0.0,unit_payoff,unit_proxy,0.0,0.0,,,,,,
matrix_transformer,masked_reconstruction,10,fold_2,0,20,0.33,ok,,28516,28516,1.0,14476,0.5076448309720858,0.4166432879786786,0.3402519322388198,0.200124343741365,-8682.0,-8682.0,0.5076626337015606,unit_payoff,unit_proxy,0.0,0.0,0.17463879927058493,0.6434282508065647,0.18193294992285033,0.18589563753682142,0.49235516902791415,0.3217491934352644
matrix_transformer,masked_reconstruction,10,fold_2,0,20,0.35,ok,,28516,28434,0.9971244213774723,14414,0.505470612989199,0.4170359428852782,0.3403730480037988,0.2002220063826835,-8642.0,-8642.0,0.5054883394704541,unit_payoff,unit_proxy,0.0,0.0,0.17479074347612014,0.6436660336217205,0.18154322290215938,0.18502497010621088,0.4930716747555743,0.32190335513821483
matrix_transformer,masked_reconstruction,10,fold_2,0,20,0.4,ok,,28516,26267,0.9211319960723804,12329,0.43235376630663486,0.43301480945673276,0.3422580951952577,0.19944845486251928,-7411.0,-7411.0,0.43236892863405224,unit_payoff,unit_proxy,0.0,0.0,0.17421098717021358,0.6461339323105036,0.17965508051928275,0.1650740472836639,0.5306277839113717,0.3042981688049644
matrix_transformer,masked_reconstruction,10,fold_2,0,20,0.45,ok,,28516,20349,0.7135993828026371,6443,0.22594333006031703,0.5010565629760676,0.34368053772985374,0.20347664131615706,-3821.0,-3821.0,0.22595125372610905,unit_payoff,unit_proxy,0.0,0.0,0.17401346503513687,0.6451914098972923,0.1807951250675709,0.09174898029387193,0.683375104427736,0.22487591527839207
matrix_transformer,masked_reconstruction,10,fold_2,0,20,0.5,ok,,28516,16133,0.5657525599663347,2244,0.07869266376770935,0.5788755966032356,0.31529693655313107,0.20811051693404634,-1310.0,-1310.0,0.07869542346133614,unit_payoff,unit_proxy,0.0,0.0,0.17523089320027274,0.640922333106056,0.18384677369367136,0.021694663112874234,0.8609062170706007,0.11739911981652514
matrix_transformer,masked_reconstruction,10,fold_2,0,20,0.55,ok,,28516,14453,0.5068382662364989,674,0.023635853555898444,0.6211859129592472,0.2846093113276876,0.21068249258160238,-390.0,-390.0,0.023636682447834474,unit_payoff,unit_proxy,0.0,0.0,0.17456583408288937,0.6422887981733896,0.18314536774372103,0.0015913651145090984,0.9533660831661247,0.04504255171936622
matrix_transformer,masked_reconstruction,10,fold_2,0,20,0.6,ok,,28516,13418,0.47054285313508204,134,0.0046991162855940525,0.6473393948427485,0.26811016577719105,0.17164179104477612,-88.0,-88.0,0.004699281080133263,unit_payoff,unit_proxy,0.0,0.0,0.17066626919063943,0.6529289014756298,0.1764048293337308,0.0,0.9900134148159189,0.009986585184081085
matrix_transformer,masked_reconstruction,10,fold_2,0,20,0.65,ok,,28516,11073,0.38830831813718614,10,0.00035068031982045167,0.6784972455522442,0.2698761055141968,0.1,-8.0,-8.0,0.0003506926179203928,unit_payoff,unit_proxy,0.0,0.0,0.1643637677232909,0.6791294138896414,0.15650681838706765,0.0,0.9990969023751467,0.0009030976248532467
matrix_transformer,masked_reconstruction,10,fold_2,0,20,0.7,ok,,28516,8388,0.2941506522653949,0,0.0,0.7217453505007153,0.2794626782994045,,0.0,0.0,0.0,unit_payoff,unit_proxy,0.0,0.0,0.14544587505960896,0.7217453505007153,0.13280877443967573,0.0,1.0,0.0
matrix_transformer,masked_reconstruction,10,fold_2,0,20,0.75,ok,,28516,5778,0.202623088792257,0,0.0,0.7724125995154033,0.29053152361423035,,0.0,0.0,0.0,unit_payoff,unit_proxy,0.0,0.0,0.11941848390446522,0.7724125995154033,0.10816891658013153,0.0,1.0,0.0
matrix_transformer,masked_reconstruction,10,fold_2,0,20,0.8,ok,,28516,2996,0.10506382381820732,0,0.0,0.8401201602136181,0.30437148557953925,,0.0,0.0,0.0,unit_payoff,unit_proxy,0.0,0.0,0.08411214953271028,0.8401201602136181,0.07576769025367157,0.0,1.0,0.0
matrix_transformer,masked_reconstruction,10,fold_2,0,20,0.85,ok,,28516,58,0.0020339458549586196,0,0.0,1.0,0.3333333333333333,,0.0,0.0,0.0,unit_payoff,unit_proxy,0.0,0.0,0.0,1.0,0.0,0.0,1.0,0.0
matrix_transformer,masked_reconstruction,10,fold_2,0,20,0.9,skipped,too few samples remain after confidence filtering,28516,0,0.0,0,0.0,,,,0.0,0.0,0.0,unit_payoff,unit_proxy,0.0,0.0,,,,,,
matrix_transformer,masked_reconstruction,10,fold_2,0,20,0.95,skipped,too few samples remain after confidence filtering,28516,0,0.0,0,0.0,,,,0.0,0.0,0.0,unit_payoff,unit_proxy,0.0,0.0,,,,,,
matrix_transformer,masked_reconstruction,10,fold_2,1,20,0.33,ok,,28516,28516,1.0,14491,0.5081708514518165,0.41324168887642027,0.33344925989606783,0.19584569732937684,-8815.0,-8815.0,0.5081886726284411,unit_payoff,unit_proxy,0.0,0.0,0.17463879927058493,0.6434282508065647,0.18193294992285033,0.37214195539346334,0.4918291485481835,0.1360288960583532
matrix_transformer,masked_reconstruction,10,fold_2,1,20,0.35,ok,,28516,28487,0.9989830270725207,14478,0.5077149670360499,0.41310071260575,0.3331672034676821,0.19546898742920293,-8818.0,-8818.0,0.5077327722251447,unit_payoff,unit_proxy,0.0,0.0,0.1745357531505599,0.6437322287359146,0.18173201811352546,0.3722048653771896,0.4917681749569979,0.13602695966581246
matrix_transformer,masked_reconstruction,10,fold_2,1,20,0.4,ok,,28516,28058,0.9839388413522233,14110,0.4948099312666573,0.4148549433316701,0.3315442987946495,0.19347980155917788,-8650.0,-8650.0,0.4948272838856742,unit_payoff,unit_proxy,0.0,0.0,0.1738185187825219,0.6457694775108703,0.18041200370660773,0.3729061230308646,0.49711312281702186,0.1299807541521135
matrix_transformer,masked_reconstruction,10,fold_2,1,20,0.45,ok,,28516,24963,0.8754032823677935,11079,0.3885187263290784,0.4399310980250771,0.32468333877190564,0.1899990973914613,-6869.0,-6869.0,0.38853235139400316,unit_payoff,unit_proxy,0.0,0.0,0.17545968032688378,0.6476785642751272,0.176861755397989,0.36986740375756116,0.5561831510635741,0.07394944517886472
matrix_transformer,masked_reconstruction,10,fold_2,1,20,0.5,ok,,28516,18182,0.6376069574975453,4482,0.15717491934352645,0.5334946650533494,0.31088331685236525,0.1990182954038376,-2698.0,-2698.0,0.15718043135192003,unit_payoff,unit_proxy,0.0,0.0,0.1804531954680453,0.6457485425145748,0.17379826201737983,0.24331756682433175,0.7534924650753493,0.0031899681003189967
matrix_transformer,masked_reconstruction,10,fold_2,1,20,0.55,ok,,28516,14317,0.5020690138869407,907,0.031806705007714965,0.623873716560732,0.3001935761448524,0.2513781697905182,-451.0,-451.0,0.03180782044537962,unit_payoff,unit_proxy,0.0,0.0,0.17692253963819235,0.6465041558985821,0.17657330446322553,0.06335126073898163,0.9366487392610183,0.0
matrix_transformer,masked_reconstruction,10,fold_2,1,20,0.6,ok,,28516,12779,0.4481343806985552,41,0.0014377893112638518,0.6599107911417169,0.26901050705849044,0.3170731707317073,-15.0,-15.0,0.0014378397334736104,unit_payoff,unit_proxy,0.0,0.0,0.16824477658658737,0.660458564832929,0.1712966585804836,0.0032083887628139916,0.996791611237186,0.0
matrix_transformer,masked_reconstruction,10,fold_2,1,20,0.65,ok,,28516,11339,0.39763641464441013,0,0.0,0.6819825381426934,0.2703090044742729,,0.0,0.0,0.0,unit_payoff,unit_proxy,0.0,0.0,0.158479583737543,0.6819825381426934,0.15953787811976364,0.0,1.0,0.0
matrix_transformer,masked_reconstruction,10,fold_2,1,20,0.7,ok,,28516,9239,0.3239935474821153,0,0.0,0.7073276328606992,0.2761928912556528,,0.0,0.0,0.0,unit_payoff,unit_proxy,0.0,0.0,0.14503734170364757,0.7073276328606992,0.1476350254356532,0.0,1.0,0.0
matrix_transformer,masked_reconstruction,10,fold_2,1,20,0.75,ok,,28516,6715,0.2354818347594333,0,0.0,0.7550260610573343,0.28680526092490455,,0.0,0.0,0.0,unit_payoff,unit_proxy,0.0,0.0,0.12449739389426656,0.7550260610573343,0.12047654504839911,0.0,1.0,0.0
matrix_transformer,masked_reconstruction,10,fold_2,1,20,0.8,ok,,28516,3417,0.11982746528264834,0,0.0,0.8355282411472051,0.30346513605442177,,0.0,0.0,0.0,unit_payoff,unit_proxy,0.0,0.0,0.08194322505121451,0.8355282411472051,0.08252853380158033,0.0,1.0,0.0
matrix_transformer,masked_reconstruction,10,fold_2,1,20,0.85,ok,,28516,8,0.00028054425585636136,0,0.0,1.0,0.3333333333333333,,0.0,0.0,0.0,unit_payoff,unit_proxy,0.0,0.0,0.0,1.0,0.0,0.0,1.0,0.0
matrix_transformer,masked_reconstruction,10,fold_2,1,20,0.9,skipped,too few samples remain after confidence filtering,28516,0,0.0,0,0.0,,,,0.0,0.0,0.0,unit_payoff,unit_proxy,0.0,0.0,,,,,,
matrix_transformer,masked_reconstruction,10,fold_2,1,20,0.95,skipped,too few samples remain after confidence filtering,28516,0,0.0,0,0.0,,,,0.0,0.0,0.0,unit_payoff,unit_proxy,0.0,0.0,,,,,,
matrix_transformer,masked_reconstruction,10,fold_2,2,20,0.33,ok,,28516,28516,1.0,14603,0.5120984710338056,0.4084724365268621,0.3079578042787088,0.18920769704855167,-9077.0,-9077.0,0.5121164299491495,unit_payoff,unit_proxy,0.0,0.0,0.17463879927058493,0.6434282508065647,0.18193294992285033,0.05021742179828868,0.48790152896619443,0.4618810492355169
matrix_transformer,masked_reconstruction,10,fold_2,2,20,0.35,ok,,28516,28511,0.9998246598400897,14598,0.5119231308738954,0.4085440707095507,0.30801207238973716,0.18927250308261406,-9072.0,-9072.0,0.5119410836401894,unit_payoff,unit_proxy,0.0,0.0,0.17466942583564238,0.6433657184946161,0.1819648556697415,0.05015608010943145,0.4879870927010628,0.4618568271895058
matrix_transformer,masked_reconstruction,10,fold_2,2,20,0.4,ok,,28516,28275,0.9915486042923272,14370,0.5039276195819891,0.4101503094606543,0.3080347431942417,0.18900487125956855,-8938.0,-8938.0,0.5039452919516044,unit_payoff,unit_proxy,0.0,0.0,0.1745711759504863,0.6436781609195402,0.18175066312997348,0.04831122900088417,0.4917771883289125,0.4599115826702034
matrix_transformer,masked_reconstruction,10,fold_2,2,20,0.45,ok,,28516,25984,0.9112077430214617,12092,0.4240426427268902,0.4301878078817734,0.30113790568046594,0.19053919947072445,-7484.0,-7484.0,0.42405751358933896,unit_payoff,unit_proxy,0.0,0.0,0.17129772167487683,0.6436653325123153,0.18503694581280788,0.02101293103448276,0.5346366995073891,0.44435036945812806
matrix_transformer,masked_reconstruction,10,fold_2,2,20,0.5,ok,,28516,20859,0.7314840791134801,7006,0.24568663206620844,0.49494223117119707,0.30783509115703617,0.20882101056237512,-4080.0,-4080.0,0.2456952481150272,unit_payoff,unit_proxy,0.0,0.0,0.16793710149096314,0.6408744426866101,0.19118845582242677,0.0019176374706361763,0.6641257970180737,0.3339565655112901
matrix_transformer,masked_reconstruction,10,fold_2,2,20,0.55,ok,,28516,16526,0.5795342965352784,2828,0.09917239444522373,0.5744281737867603,0.32014307149718557,0.24752475247524752,-1428.0,-1428.0,0.09917587234788708,unit_payoff,unit_proxy,0.0,0.0,0.17064020331598692,0.6369357376255598,0.19242405905845333,0.00048408568316592036,0.8288757110008471,0.17064020331598692
matrix_transformer,masked_reconstruction,10,fold_2,2,20,0.6,ok,,28516,13853,0.4857974470472717,618,0.021672043764903913,0.6358189561827763,0.2997254182069546,0.30906148867313915,-236.0,-236.0,0.021672803787480273,unit_payoff,unit_proxy,0.0,0.0,0.17317548545441422,0.6458528838518732,0.18097163069371255,0.0,0.955388724464015,0.044611275535984984
matrix_transformer,masked_reconstruction,10,fold_2,2,20,0.65,ok,,28516,11881,0.4166432879786786,8,0.00028054425585636136,0.6702297786381618,0.2685654767850266,0.375,-2.0,-2.0,0.00028055409433631423,unit_payoff,unit_proxy,0.0,0.0,0.168335998653312,0.6702297786381618,0.16143422270852623,0.0,0.9993266560053867,0.0006733439946132481
matrix_transformer,masked_reconstruction,10,fold_2,2,20,0.7,ok,,28516,9621,0.33738953569925656,0,0.0,0.7012784533832241,0.27480449657869016,,0.0,0.0,0.0,unit_payoff,unit_proxy,0.0,0.0,0.15383016318470014,0.7012784533832241,0.14489138343207567,0.0,1.0,0.0
matrix_transformer,masked_reconstruction,10,fold_2,2,20,0.75,ok,,28516,6637,0.23274652826483377,0,0.0,0.7532017477776104,0.286409991978916,,0.0,0.0,0.0,unit_payoff,unit_proxy,0.0,0.0,0.13078197981015519,0.7532017477776104,0.11601627241223444,0.0,1.0,0.0
matrix_transformer,masked_reconstruction,10,fold_2,2,20,0.8,ok,,28516,2057,0.0721349417870669,0,0.0,0.8492950899368011,0.3061689449702068,,0.0,0.0,0.0,unit_payoff,unit_proxy,0.0,0.0,0.07583859990277103,0.8492950899368011,0.0748663101604278,0.0,1.0,0.0
matrix_transformer,masked_reconstruction,10,fold_2,2,20,0.85,skipped,too few samples remain after confidence filtering,28516,1,3.506803198204517e-05,0,0.0,,,,0.0,0.0,0.0,unit_payoff,unit_proxy,0.0,0.0,0.0,1.0,0.0,0.0,1.0,0.0
matrix_transformer,masked_reconstruction,10,fold_2,2,20,0.9,skipped,too few samples remain after confidence filtering,28516,0,0.0,0,0.0,,,,0.0,0.0,0.0,unit_payoff,unit_proxy,0.0,0.0,,,,,,
matrix_transformer,masked_reconstruction,10,fold_2,2,20,0.95,skipped,too few samples remain after confidence filtering,28516,0,0.0,0,0.0,,,,0.0,0.0,0.0,unit_payoff,unit_proxy,0.0,0.0,,,,,,
matrix_transformer,masked_reconstruction,10,fold_3,0,20,0.33,ok,,37004,37004,1.0,21487,0.5806669549237921,0.37690519943789863,0.33747364964751553,0.22157583655233398,-11965.0,-11965.0,0.5806826473529173,unit_payoff,unit_proxy,0.0,0.0,0.19387093287212193,0.5982326235001622,0.20789644362771592,0.24248729867041402,0.419333045076208,0.33817965625337804
matrix_transformer,masked_reconstruction,10,fold_3,0,20,0.35,ok,,37004,36828,0.995243757431629,21358,0.5771808453140201,0.3772129901162159,0.3376127989930966,0.22164996722539565,-11890.0,-11890.0,0.5771964435316056,unit_payoff,unit_proxy,0.0,0.0,0.19400999239708916,0.59834908222005,0.20764092538286086,0.24131095905289454,0.42006082328662975,0.33862821766047574
matrix_transformer,masked_reconstruction,10,fold_3,0,20,0.4,ok,,37004,32989,0.8914982164090368,18450,0.4985947465138904,0.38670465912880053,0.33929441270544225,0.21929539295392955,-10358.0,-10358.0,0.4986082209550577,unit_payoff,unit_proxy,0.0,0.0,0.19018460699020887,0.6047470368910849,0.20506835611870625,0.20706902300766922,0.44072266513080116,0.3522083118615296
matrix_transformer,masked_reconstruction,10,fold_3,0,20,0.45,ok,,37004,22501,0.6080693979029295,9750,0.26348502864555184,0.44344695791298167,0.33179189240681173,0.21394871794871795,-5578.0,-5578.0,0.2634921492851931,unit_payoff,unit_proxy,0.0,0.0,0.17599217812541665,0.6258388516065952,0.19816897026798808,0.05995289098262299,0.5666859250699969,0.3733611839473801
matrix_transformer,masked_reconstruction,10,fold_3,0,20,0.5,ok,,37004,14339,0.3874986487947249,3126,0.08447735379958923,0.5468303228955994,0.315090040684905,0.2200895713371721,-1750.0,-1750.0,0.08447963678620653,unit_payoff,unit_proxy,0.0,0.0,0.16870074621661205,0.6395146105028244,0.1917846432805635,0.0029988144222051747,0.7819931654927121,0.21500802008508263
matrix_transformer,masked_reconstruction,10,fold_3,0,20,0.55,ok,,37004,10302,0.2784023348827154,744,0.02010593449356826,0.6306542418947777,0.3016745214797117,0.2271505376344086,-406.0,-406.0,0.020106477853147044,unit_payoff,unit_proxy,0.0,0.0,0.16045428072218987,0.6604542807221898,0.17909143855562026,0.00019413706076490002,0.9277810133954572,0.07202484954377791
matrix_transformer,masked_reconstruction,10,fold_3,0,20,0.6,ok,,37004,7977,0.21557128959031457,234,0.006323640687493244,0.6764447787388742,0.2878954171728943,0.18376068376068377,-148.0,-148.0,0.006323811582844634,unit_payoff,unit_proxy,0.0,0.0,0.1462955998495675,0.6917387489030964,0.16196565124733608,0.0,0.9706656637833773,0.02933433621662279
matrix_transformer,masked_reconstruction,10,fold_3,0,20,0.65,ok,,37004,6007,0.16233380175116205,42,0.0011350124310885309,0.7264857666056268,0.2829421532318324,0.07142857142857142,-36.0,-36.0,0.0011350431046131394,unit_payoff,unit_proxy,0.0,0.0,0.12818378558348592,0.7313134676211087,0.14050274679540536,0.0,0.9930081571499917,0.006991842850008324
matrix_transformer,masked_reconstruction,10,fold_3,0,20,0.7,ok,,37004,4326,0.11690628040211869,7,0.00018916873851475516,0.7669902912621359,0.28941515111867067,0.0,-7.0,-7.0,0.00018917385076885657,unit_payoff,unit_proxy,0.0,0.0,0.1130374479889043,0.768377253814147,0.11858529819694869,0.0,0.9983818770226537,0.0016181229773462784
matrix_transformer,masked_reconstruction,10,fold_3,0,20,0.75,ok,,37004,3012,0.08139660577234893,0,0.0,0.8087649402390438,0.29809104258443464,,0.0,0.0,0.0,unit_payoff,unit_proxy,0.0,0.0,0.09163346613545817,0.8087649402390438,0.099601593625498,0.0,1.0,0.0
matrix_transformer,masked_reconstruction,10,fold_3,0,20,0.8,ok,,37004,1945,0.05256188520159983,0,0.0,0.860668380462725,0.3083724785852445,,0.0,0.0,0.0,unit_payoff,unit_proxy,0.0,0.0,0.06889460154241646,0.860668380462725,0.07043701799485862,0.0,1.0,0.0
matrix_transformer,masked_reconstruction,10,fold_3,0,20,0.85,ok,,37004,936,0.025294562749972976,0,0.0,0.9412393162393162,0.32324344157035406,,0.0,0.0,0.0,unit_payoff,unit_proxy,0.0,0.0,0.02564102564102564,0.9412393162393162,0.03311965811965812,0.0,1.0,0.0
matrix_transformer,masked_reconstruction,10,fold_3,0,20,0.9,ok,,37004,40,0.0010809642200843152,0,0.0,1.0,0.3333333333333333,,0.0,0.0,0.0,unit_payoff,unit_proxy,0.0,0.0,0.0,1.0,0.0,0.0,1.0,0.0
matrix_transformer,masked_reconstruction,10,fold_3,0,20,0.95,skipped,too few samples remain after confidence filtering,37004,0,0.0,0,0.0,,,,0.0,0.0,0.0,unit_payoff,unit_proxy,0.0,0.0,,,,,,
matrix_transformer,masked_reconstruction,10,fold_3,1,20,0.33,ok,,37004,37004,1.0,22981,0.6210409685439412,0.3658523402875365,0.3263320896654501,0.2256646795178626,-12609.0,-12609.0,0.6210577520741561,unit_payoff,unit_proxy,0.0,0.0,0.19387093287212193,0.5982326235001622,0.20789644362771592,0.143038590422657,0.3789590314560588,0.4780023781212842
matrix_transformer,masked_reconstruction,10,fold_3,1,20,0.35,ok,,37004,36795,0.9943519619500595,22847,0.6174197384066588,0.36643565701861663,0.3268484405617939,0.22620037641703505,-12511.0,-12511.0,0.6174364240737238,unit_payoff,unit_proxy,0.0,0.0,0.193912216333741,0.5980160347873352,0.20807174887892377,0.14232912080445712,0.37907324364723466,0.4785976355483082
matrix_transformer,masked_reconstruction,10,fold_3,1,20,0.4,ok,,37004,34135,0.9224678413144525,20815,0.5625067560263756,0.3709096235535374,0.32502741668329355,0.22402113860196973,-11489.0,-11489.0,0.5625219576791071,unit_payoff,unit_proxy,0.0,0.0,0.19039109418485425,0.602841658122162,0.20676724769298374,0.12183975391826571,0.39021532151750404,0.4879449245642303
matrix_transformer,masked_reconstruction,10,fold_3,1,20,0.45,ok,,37004,28465,0.7692411631175008,16297,0.4404118473678521,0.3924468645705252,0.3174030179068868,0.22114499601153587,-9089.0,-9089.0,0.44042374942572227,unit_payoff,unit_proxy,0.0,0.0,0.17864043562269455,0.6183383102055156,0.20302125417178993,0.06253293518355876,0.4274723344458106,0.5099947303706306
matrix_transformer,masked_reconstruction,10,fold_3,1,20,0.5,ok,,37004,21663,0.585423197492163,11067,0.2990757755918279,0.4289341273138531,0.3026177554501787,0.22083672178548838,-6179.0,-6179.0,0.29908385806556226,unit_payoff,unit_proxy,0.0,0.0,0.16761298065826524,0.6316761298065826,0.2007108895351521,0.011448091215436459,0.48912892951114806,0.4994229792734155
matrix_transformer,masked_reconstruction,10,fold_3,1,20,0.55,ok,,37004,15202,0.410820451843044,6248,0.16884661117717004,0.4900013156163663,0.31810619945779955,0.228393085787452,-3394.0,-3394.0,0.16885117422911655,unit_payoff,unit_proxy,0.0,0.0,0.1593869227733193,0.6450467043810025,0.1955663728456782,0.0019734245494013947,0.5890014471780028,0.4090251282725957
matrix_transformer,masked_reconstruction,10,fold_3,1,20,0.6,ok,,37004,9843,0.2659982704572479,2639,0.0713166144200627,0.5768566493955095,0.33569494840802566,0.23001136794240243,-1425.0,-1425.0,0.07131854173985894,unit_payoff,unit_proxy,0.0,0.0,0.14375698465914863,0.6774357411358326,0.1788072742050188,0.0,0.7318906837346337,0.26810931626536627
matrix_transformer,masked_reconstruction,10,fold_3,1,20,0.65,ok,,37004,5987,0.16179331964111987,711,0.019214139011998702,0.6746283614498079,0.3344821745953039,0.2250351617440225,-391.0,-391.0,0.019214658270951004,unit_payoff,unit_proxy,0.0,0.0,0.12243193586103224,0.723734758643728,0.15383330549523969,0.0,0.8812426925004175,0.11875730749958242
matrix_transformer,masked_reconstruction,10,fold_3,1,20,0.7,ok,,37004,3960,0.1070154577883472,85,0.0022970489676791698,0.7613636363636364,0.30874132599464393,0.21176470588235294,-49.0,-49.0,0.0022971110450504015,unit_payoff,unit_proxy,0.0,0.0,0.10176767676767677,0.771969696969697,0.12626262626262627,0.0,0.9785353535353535,0.021464646464646464
matrix_transformer,masked_reconstruction,10,fold_3,1,20,0.75,ok,,37004,2664,0.0719922170576154,0,0.0,0.829954954954955,0.30235897435897435,,0.0,0.0,0.0,unit_payoff,unit_proxy,0.0,0.0,0.08145645645645645,0.829954954954955,0.08858858858858859,0.0,1.0,0.0
matrix_transformer,masked_reconstruction,10,fold_3,1,20,0.8,ok,,37004,1635,0.04418441249594639,0,0.0,0.8691131498470948,0.3099912739965096,,0.0,0.0,0.0,unit_payoff,unit_proxy,0.0,0.0,0.06299694189602446,0.8691131498470948,0.06788990825688074,0.0,1.0,0.0
matrix_transformer,masked_reconstruction,10,fold_3,1,20,0.85,ok,,37004,958,0.02588909307101935,0,0.0,0.9457202505219207,0.3240343347639485,,0.0,0.0,0.0,unit_payoff,unit_proxy,0.0,0.0,0.018789144050104383,0.9457202505219207,0.03549060542797495,0.0,1.0,0.0
matrix_transformer,masked_reconstruction,10,fold_3,1,20,0.9,ok,,37004,211,0.005702086260944763,0,0.0,0.9715639810426541,0.328525641025641,,0.0,0.0,0.0,unit_payoff,unit_proxy,0.0,0.0,0.009478672985781991,0.9715639810426541,0.018957345971563982,0.0,1.0,0.0
matrix_transformer,masked_reconstruction,10,fold_3,1,20,0.95,skipped,too few samples remain after confidence filtering,37004,0,0.0,0,0.0,,,,0.0,0.0,0.0,unit_payoff,unit_proxy,0.0,0.0,,,,,,
matrix_transformer,masked_reconstruction,10,fold_3,2,20,0.33,ok,,37004,37004,1.0,23266,0.6287428386120419,0.359474651389039,0.32912008397682363,0.2194188945241984,-13056.0,-13056.0,0.628759830284031,unit_payoff,unit_proxy,0.0,0.0,0.19387093287212193,0.5982326235001622,0.20789644362771592,0.41211760890714516,0.37125716138795806,0.21662522970489675
matrix_transformer,masked_reconstruction,10,fold_3,2,20,0.35,ok,,37004,36953,0.9986217706193925,23230,0.627769970813966,0.3596730982599518,0.3293193753570746,0.2196297890658631,-13026.0,-13026.0,0.6277869361943627,unit_payoff,unit_proxy,0.0,0.0,0.19403025464779586,0.5980840527156117,0.20788569263659243,0.4121992801666982,0.37136362406299894,0.21643709577030282
matrix_transformer,masked_reconstruction,10,fold_3,2,20,0.4,ok,,37004,34878,0.9425467517025187,21546,0.5822613771484164,0.36447043981879695,0.33009103354430624,0.21841641139886753,-12134.0,-12134.0,0.5822771126665406,unit_payoff,unit_proxy,0.0,0.0,0.19467859395607545,0.6009805608119732,0.20434084523195137,0.40595791043064394,0.38224668845690696,0.2117954011124491
matrix_transformer,masked_reconstruction,10,fold_3,2,20,0.45,ok,,37004,27799,0.751243108853097,15401,0.41619824883796347,0.39512212669520486,0.33889218825616524,0.2162197259918187,-8741.0,-8741.0,0.4162094965273086,unit_payoff,unit_proxy,0.0,0.0,0.19349616892693983,0.6150221230979531,0.19148170797510702,0.3717759631641426,0.44598726572898306,0.18223677110687433
matrix_transformer,masked_reconstruction,10,fold_3,2,20,0.5,ok,,37004,16965,0.45846394984326017,5786,0.15636147443519618,0.4951370468611848,0.3477460366258213,0.21897684064984446,-3252.0,-3252.0,0.15636570007837203,unit_payoff,unit_proxy,0.0,0.0,0.18508694370763337,0.6338343648688476,0.181078691423519,0.2556439728853522,0.6589448865310934,0.08541114058355438
matrix_transformer,masked_reconstruction,10,fold_3,2,20,0.55,ok,,37004,10771,0.29107664036320396,1179,0.03186142038698519,0.6163773094420203,0.3156418622009051,0.21289228159457166,-677.0,-677.0,0.03186228143664027,unit_payoff,unit_proxy,0.0,0.0,0.16460867143255037,0.6632624640237675,0.17212886454368212,0.0980410361154953,0.8905394113824158,0.011419552502088943
matrix_transformer,masked_reconstruction,10,fold_3,2,20,0.6,ok,,37004,7879,0.21292292725110798,115,0.0031077721327424064,0.6893006726741973,0.2883685403821021,0.2608695652173913,-55.0,-55.0,0.003107856119774072,unit_payoff,unit_proxy,0.0,0.0,0.14062698311968524,0.6946312983881203,0.16474171849219443,0.014595760883360833,0.9854042391166392,0.0
matrix_transformer,masked_reconstruction,10,fold_3,2,20,0.65,ok,,37004,6029,0.16292833207220841,0,0.0,0.7238347984740421,0.2799320055165336,,0.0,0.0,0.0,unit_payoff,unit_proxy,0.0,0.0,0.1247304693979101,0.7238347984740421,0.15143473212804776,0.0,1.0,0.0
matrix_transformer,masked_reconstruction,10,fold_3,2,20,0.7,ok,,37004,4459,0.12050048643389903,0,0.0,0.7562233684682664,0.2870642318988635,,0.0,0.0,0.0,unit_payoff,unit_proxy,0.0,0.0,0.10989010989010989,0.7562233684682664,0.13388652164162368,0.0,1.0,0.0
matrix_transformer,masked_reconstruction,10,fold_3,2,20,0.75,ok,,37004,3070,0.0829640038914712,0,0.0,0.8078175895765473,0.2978978978978979,,0.0,0.0,0.0,unit_payoff,unit_proxy,0.0,0.0,0.08729641693811074,0.8078175895765473,0.10488599348534201,0.0,1.0,0.0
matrix_transformer,masked_reconstruction,10,fold_3,2,20,0.8,ok,,37004,1944,0.05253486109609772,0,0.0,0.8806584362139918,0.312180889861415,,0.0,0.0,0.0,unit_payoff,unit_proxy,0.0,0.0,0.053497942386831275,0.8806584362139918,0.06584362139917696,0.0,1.0,0.0
matrix_transformer,masked_reconstruction,10,fold_3,2,20,0.85,ok,,37004,754,0.02037617554858934,0,0.0,0.9482758620689655,0.3244837758112094,,0.0,0.0,0.0,unit_payoff,unit_proxy,0.0,0.0,0.017241379310344827,0.9482758620689655,0.034482758620689655,0.0,1.0,0.0
matrix_transformer,masked_reconstruction,10,fold_3,2,20,0.9,ok,,37004,32,0.0008647713760674522,0,0.0,1.0,0.3333333333333333,,0.0,0.0,0.0,unit_payoff,unit_proxy,0.0,0.0,0.0,1.0,0.0,0.0,1.0,0.0
matrix_transformer,masked_reconstruction,10,fold_3,2,20,0.95,skipped,too few samples remain after confidence filtering,37004,0,0.0,0,0.0,,,,0.0,0.0,0.0,unit_payoff,unit_proxy,0.0,0.0,,,,,,
matrix_transformer,masked_reconstruction,10,fold_4,0,20,0.33,ok,,34766,34766,1.0,16219,0.4665190128286257,0.4066904446873382,0.3386806479758771,0.22584622973056293,-8893.0,-8893.0,0.46653243204372213,unit_payoff,unit_proxy,0.0,0.0,0.2078467468216073,0.5832997756428695,0.20885347753552322,0.19927515388598055,0.5334809871713744,0.26724385894264513
matrix_transformer,masked_reconstruction,10,fold_4,0,20,0.35,ok,,34766,34089,0.9805269516193983,15812,0.45481217281251796,0.40807885241573527,0.3386060102774198,0.22495572982544904,-8698.0,-8698.0,0.4548252552854883,unit_payoff,unit_proxy,0.0,0.0,0.20648889671154919,0.585438117867934,0.2080729854205169,0.196808354601191,0.5361553580333832,0.2670362873654258
matrix_transformer,masked_reconstruction,10,fold_4,0,20,0.4,ok,,34766,27258,0.7840418799976989,11318,0.32554794914571705,0.4290116662998019,0.3335400806343667,0.20816398657006538,-6606.0,-6606.0,0.3255573133899036,unit_payoff,unit_proxy,0.0,0.0,0.19487856775992368,0.6085186000440238,0.19660283219605254,0.1653459534815467,0.5847824491892288,0.24987159732922445
matrix_transformer,masked_reconstruction,10,fold_4,0,20,0.45,ok,,34766,18946,0.5449577173100155,5654,0.162630155899442,0.48780745276047716,0.3245752441492386,0.1880084895649098,-3528.0,-3528.0,0.1626348338846541,unit_payoff,unit_proxy,0.0,0.0,0.18309933495196876,0.6319011928639291,0.18499947218410218,0.09041486329568246,0.7015728913754883,0.2080122453288293
matrix_transformer,masked_reconstruction,10,fold_4,0,20,0.5,ok,,34766,12423,0.35733187597077604,2366,0.06805499626071448,0.5733719713434758,0.32383728159705294,0.19103972950126796,-1462.0,-1462.0,0.0680569538328779,unit_payoff,unit_proxy,0.0,0.0,0.16388955968767607,0.6652177412863237,0.17089269902600016,0.03316429203895999,0.8095468083393705,0.15728889962166948
matrix_transformer,masked_reconstruction,10,fold_4,0,20,0.55,ok,,34766,7841,0.22553644365184375,903,0.025973652419030088,0.6587170003826043,0.32485792323467616,0.1805094130675526,-577.0,-577.0,0.025974399539767008,unit_payoff,unit_proxy,0.0,0.0,0.14283892360668282,0.7187858691493432,0.13837520724397398,0.010330315010840453,0.884836117842112,0.10483356714704757
matrix_transformer,masked_reconstruction,10,fold_4,0,20,0.6,ok,,34766,4493,0.12923545993211757,271,0.007794972099177357,0.7453817048742488,0.3264280376677895,0.16236162361623616,-183.0,-183.0,0.0077951963181360565,unit_payoff,unit_proxy,0.0,0.0,0.11707099933229469,0.7796572446027153,0.10327175606498998,0.0040062319163142665,0.9396839528154908,0.05630981526819497
matrix_transformer,masked_reconstruction,10,fold_4,0,20,0.65,ok,,34766,2576,0.07409538054420986,15,0.0004314560202496692,0.8369565217391305,0.3138752605419272,0.2,-9.0,-9.0,0.00043146843089313965,unit_payoff,unit_proxy,0.0,0.0,0.0888975155279503,0.8400621118012422,0.07104037267080746,0.0,0.9941770186335404,0.005822981366459627
matrix_transformer,masked_reconstruction,10,fold_4,0,20,0.7,ok,,34766,1888,0.054305931082091696,0,0.0,0.8659957627118644,0.3093954016463241,,0.0,0.0,0.0,unit_payoff,unit_proxy,0.0,0.0,0.07521186440677965,0.8659957627118644,0.058792372881355935,0.0,1.0,0.0
matrix_transformer,masked_reconstruction,10,fold_4,0,20,0.75,ok,,34766,1564,0.044986481044698844,0,0.0,0.8817135549872123,0.3123796579454072,,0.0,0.0,0.0,unit_payoff,unit_proxy,0.0,0.0,0.06713554987212277,0.8817135549872123,0.05115089514066496,0.0,1.0,0.0
matrix_transformer,masked_reconstruction,10,fold_4,0,20,0.8,ok,,34766,1182,0.033998734395673934,0,0.0,0.8917089678510999,0.31425163983303517,,0.0,0.0,0.0,unit_payoff,unit_proxy,0.0,0.0,0.06260575296108291,0.8917089678510999,0.04568527918781726,0.0,1.0,0.0
matrix_transformer,masked_reconstruction,10,fold_4,0,20,0.85,ok,,34766,588,0.016913075993787035,0,0.0,0.9115646258503401,0.3179122182680902,,0.0,0.0,0.0,unit_payoff,unit_proxy,0.0,0.0,0.04421768707482993,0.9115646258503401,0.04421768707482993,0.0,1.0,0.0
matrix_transformer,masked_reconstruction,10,fold_4,0,20,0.9,ok,,34766,205,0.0058965656100788124,0,0.0,0.975609756097561,0.3292181069958848,,0.0,0.0,0.0,unit_payoff,unit_proxy,0.0,0.0,0.024390243902439025,0.975609756097561,0.0,0.0,1.0,0.0
matrix_transformer,masked_reconstruction,10,fold_4,0,20,0.95,skipped,too few samples remain after confidence filtering,34766,0,0.0,0,0.0,,,,0.0,0.0,0.0,unit_payoff,unit_proxy,0.0,0.0,,,,,,
matrix_transformer,masked_reconstruction,10,fold_4,1,20,0.33,ok,,34766,34766,1.0,20063,0.5770868089512743,0.3804003911867917,0.3435817260182021,0.23331505756865872,-10701.0,-10701.0,0.577103408600604,unit_payoff,unit_proxy,0.0,0.0,0.2078467468216073,0.5832997756428695,0.20885347753552322,0.19214174768451936,0.42291319104872577,0.3849450612667549
matrix_transformer,masked_reconstruction,10,fold_4,1,20,0.35,ok,,34766,34498,0.9922913191048726,19895,0.572254501524478,0.3810945562061569,0.34376471666514297,0.23272178939432017,-10635.0,-10635.0,0.5722709621746009,unit_payoff,unit_proxy,0.0,0.0,0.2066206736622413,0.5853092932923648,0.20807003304539393,0.1910255666995188,0.42329990144356194,0.38567453185691924
matrix_transformer,masked_reconstruction,10,fold_4,1,20,0.4,ok,,34766,29797,0.8570730023586263,16909,0.4863659897601105,0.39242205591166895,0.3434155541809691,0.22242592702111302,-9387.0,-9387.0,0.4863799798648066,unit_payoff,unit_proxy,0.0,0.0,0.19337517199718093,0.6126791287713528,0.19394569923146626,0.15837164815249857,0.4325267644393731,0.40910158740812835
matrix_transformer,masked_reconstruction,10,fold_4,1,20,0.45,ok,,34766,20471,0.5888224127020653,10969,0.3155094057412414,0.42079038640027355,0.3368144761500474,0.20466769988148417,-6479.0,-6479.0,0.31551848123112325,unit_payoff,unit_proxy,0.0,0.0,0.1684333935811636,0.6559523227981047,0.17561428362073175,0.0891993551853842,0.464168824190318,0.4466318206242978
matrix_transformer,masked_reconstruction,10,fold_4,1,20,0.5,ok,,34766,12716,0.36575965023298623,6072,0.1746533969970661,0.46830764391318025,0.32336582180469714,0.1953227931488801,-3700.0,-3700.0,0.17465842082554292,unit_payoff,unit_proxy,0.0,0.0,0.14768795218622208,0.6907832651777288,0.16152878263604908,0.028310789556464298,0.5224913494809689,0.44919786096256686
matrix_transformer,masked_reconstruction,10,fold_4,1,20,0.55,ok,,34766,7590,0.21831674624633263,3070,0.08830466547776564,0.5355731225296443,0.3361984340309608,0.19609120521172638,-1866.0,-1866.0,0.08830720552279592,unit_payoff,unit_proxy,0.0,0.0,0.12938076416337285,0.7267457180500658,0.14387351778656127,0.010013175230566536,0.5955204216073782,0.39446640316205533
matrix_transformer,masked_reconstruction,10,fold_4,1,20,0.6,ok,,34766,4434,0.1275383995858022,1279,0.03678881665995513,0.6305818673883626,0.35101663557898216,0.1962470680218921,-777.0,-777.0,0.03678987487415504,unit_payoff,unit_proxy,0.0,0.0,0.11163734776725305,0.7695083446098331,0.11885430762291385,0.0,0.7115471357690573,0.28845286423094274
matrix_transformer,masked_reconstruction,10,fold_4,1,20,0.65,ok,,34766,2697,0.07757579244089052,357,0.010268653281942127,0.7549128661475714,0.36974015102583985,0.20448179271708683,-211.0,-211.0,0.010268948655256724,unit_payoff,unit_proxy,0.0,0.0,0.09158324063774564,0.8223952539859103,0.08602150537634409,0.0,0.8676307007786429,0.13236929922135707
matrix_transformer,masked_reconstruction,10,fold_4,1,20,0.7,ok,,34766,1861,0.053529310245642295,73,0.0020997526318817235,0.8473938742611499,0.37123220422189496,0.2602739726027397,-35.0,-35.0,0.002099813030346613,unit_payoff,unit_proxy,0.0,0.0,0.07146695325094035,0.8635142396560989,0.06501880709296078,0.0,0.9607737775389575,0.03922622246104245
matrix_transformer,masked_reconstruction,10,fold_4,1,20,0.75,ok,,34766,1156,0.03325087729390784,5,0.00014381867341655642,0.9005190311418685,0.37327678181942403,1.0,5.0,5.0,0.00014382281029771322,unit_payoff,unit_proxy,0.0,0.0,0.05795847750865052,0.8961937716262975,0.045847750865051905,0.0,0.995674740484429,0.004325259515570935
matrix_transformer,masked_reconstruction,10,fold_4,1,20,0.8,ok,,34766,633,0.018207444054536042,0,0.0,0.9257503949447078,0.32048126879956246,,0.0,0.0,0.0,unit_payoff,unit_proxy,0.0,0.0,0.02843601895734597,0.9257503949447078,0.045813586097946286,0.0,1.0,0.0
matrix_transformer,masked_reconstruction,10,fold_4,1,20,0.85,ok,,34766,262,0.007536098487027556,0,0.0,0.9694656488549618,0.3281653746770026,,0.0,0.0,0.0,unit_payoff,unit_proxy,0.0,0.0,0.011450381679389313,0.9694656488549618,0.019083969465648856,0.0,1.0,0.0
matrix_transformer,masked_reconstruction,10,fold_4,1,20,0.9,ok,,34766,60,0.0017258240809986769,0,0.0,0.9833333333333333,0.33053221288515405,,0.0,0.0,0.0,unit_payoff,unit_proxy,0.0,0.0,0.016666666666666666,0.9833333333333333,0.0,0.0,1.0,0.0
matrix_transformer,masked_reconstruction,10,fold_4,1,20,0.95,skipped,too few samples remain after confidence filtering,34766,0,0.0,0,0.0,,,,0.0,0.0,0.0,unit_payoff,unit_proxy,0.0,0.0,,,,,,
matrix_transformer,masked_reconstruction,10,fold_4,2,20,0.33,ok,,34766,34766,1.0,19362,0.556923430938273,0.3742737156992464,0.3083571273355577,0.2111352133044107,-11186.0,-11186.0,0.5569394505968647,unit_payoff,unit_proxy,0.0,0.0,0.2078467468216073,0.5832997756428695,0.20885347753552322,0.05223494218489329,0.443076569061727,0.5046884887533798
matrix_transformer,masked_reconstruction,10,fold_4,2,20,0.35,ok,,34766,34482,0.9918310993499396,19202,0.5523212333889432,0.3746592425033351,0.3079813187264265,0.21086345172377877,-11104.0,-11104.0,0.5523371206673379,unit_payoff,unit_proxy,0.0,0.0,0.20697755350617714,0.5843918566208457,0.2086305898729772,0.050780117162577576,0.4431297488544748,0.5060901339829477
matrix_transformer,masked_reconstruction,10,fold_4,2,20,0.4,ok,,34766,30346,0.8728642926997642,16857,0.48487027555657825,0.3820931918539511,0.29474910077042066,0.201993237230824,-10047.0,-10047.0,0.48488422263771036,unit_payoff,unit_proxy,0.0,0.0,0.1929084558096619,0.6077572002899888,0.1993343439003493,0.027087589797666907,0.44450668951426875,0.5284057206880644
matrix_transformer,masked_reconstruction,10,fold_4,2,20,0.45,ok,,34766,23607,0.6790254846689294,13724,0.39475349479376404,0.39183293091032323,0.27974212939153675,0.19476828912853394,-8378.0,-8378.0,0.39476484970516323,unit_payoff,unit_proxy,0.0,0.0,0.1710085991443216,0.6439191765154403,0.18507222434023807,0.007879018935061634,0.4186470114796459,0.5734739695852925
matrix_transformer,masked_reconstruction,10,fold_4,2,20,0.5,ok,,34766,16927,0.48688373698441006,10274,0.2955186101363401,0.3994210433035978,0.28032847127817023,0.19125948997469341,-6344.0,-6344.0,0.2955271105997411,unit_payoff,unit_proxy,0.0,0.0,0.15732262066520944,0.6716488450404678,0.1710285342943227,0.0042535594021385955,0.3930407042003899,0.6027057363974715
matrix_transformer,masked_reconstruction,10,fold_4,2,20,0.55,ok,,34766,11148,0.32065811424955415,6724,0.19340735201058507,0.4159490491567994,0.2843607120861829,0.19006543723973826,-4168.0,-4168.0,0.19341291528836474,unit_payoff,unit_proxy,0.0,0.0,0.14594546106925008,0.6941155364190886,0.1599390025116613,0.0006279153211338357,0.39684248295658414,0.602529601722282
matrix_transformer,masked_reconstruction,10,fold_4,2,20,0.6,ok,,34766,6663,0.19165276419490307,3579,0.10294540643157107,0.47230977037370553,0.30654031352198935,0.1863649063984353,-2245.0,-2245.0,0.10294836761110313,unit_payoff,unit_proxy,0.0,0.0,0.12982140177097404,0.7303016659162539,0.139876932312772,0.0,0.46285457001350744,0.5371454299864926
matrix_transformer,masked_reconstruction,10,fold_4,2,20,0.65,ok,,34766,3626,0.10429730196168671,1372,0.03946384398550308,0.5948703805846663,0.3491993868976427,0.19970845481049562,-824.0,-824.0,0.039464979145692504,unit_payoff,unit_proxy,0.0,0.0,0.10672917815774959,0.7699944842801986,0.12327633756205185,0.0,0.6216216216216216,0.3783783783783784
matrix_transformer,masked_reconstruction,10,fold_4,2,20,0.7,ok,,34766,1922,0.055283898061324284,196,0.005637691997929011,0.8017689906347555,0.38685509032158244,0.24489795918367346,-100.0,-100.0,0.005637854163670358,unit_payoff,unit_proxy,0.0,0.0,0.07284079084287201,0.8428720083246618,0.08428720083246619,0.0,0.8980228928199792,0.10197710718002082
matrix_transformer,masked_reconstruction,10,fold_4,2,20,0.75,ok,,34766,1120,0.032215382845308636,13,0.00037392855088304663,0.88125,0.3386181248776669,0.23076923076923078,-7.0,-7.0,0.00037393930677405435,unit_payoff,unit_proxy,0.0,0.0,0.05892857142857143,0.8830357142857143,0.05803571428571429,0.0,0.9883928571428572,0.011607142857142858
matrix_transformer,masked_reconstruction,10,fold_4,2,20,0.8,ok,,34766,583,0.016769257320370476,0,0.0,0.934819897084048,0.32210401891252954,,0.0,0.0,0.0,unit_payoff,unit_proxy,0.0,0.0,0.02058319039451115,0.934819897084048,0.044596912521440824,0.0,1.0,0.0
matrix_transformer,masked_reconstruction,10,fold_4,2,20,0.85,ok,,34766,208,0.005982856814128746,0,0.0,0.9807692307692307,0.3300970873786408,,0.0,0.0,0.0,unit_payoff,unit_proxy,0.0,0.0,0.004807692307692308,0.9807692307692307,0.014423076923076924,0.0,1.0,0.0
matrix_transformer,masked_reconstruction,10,fold_4,2,20,0.9,skipped,too few samples remain after confidence filtering,34766,2,5.752746936662256e-05,0,0.0,,,,0.0,0.0,0.0,unit_payoff,unit_proxy,0.0,0.0,0.0,1.0,0.0,0.0,1.0,0.0
matrix_transformer,masked_reconstruction,10,fold_4,2,20,0.95,skipped,too few samples remain after confidence filtering,34766,0,0.0,0,0.0,,,,0.0,0.0,0.0,unit_payoff,unit_proxy,0.0,0.0,,,,,,
matrix_transformer,masked_reconstruction,10,fold_5,0,20,0.33,ok,,39133,39133,1.0,7626,0.19487389160043952,0.5185393401988092,0.30177117868919706,0.19184369263047468,-4700.0,-4700.0,0.1948788715118062,unit_payoff,unit_proxy,0.0,0.0,0.19290624281297114,0.6131398052794317,0.19395395190759718,0.028773669281680424,0.8051261083995604,0.1661002223187591
matrix_transformer,masked_reconstruction,10,fold_5,0,20,0.35,ok,,39133,38118,0.9740628114379168,6996,0.17877494697569826,0.5228500970670025,0.2982466222886238,0.19068038879359633,-4328.0,-4328.0,0.17877951548604723,unit_payoff,unit_proxy,0.0,0.0,0.19279605435752137,0.6127026601605541,0.19450128548192455,0.02303373734193819,0.8164646623642373,0.16050160029382443
matrix_transformer,masked_reconstruction,10,fold_5,0,20,0.4,ok,,39133,31257,0.7987376383103775,3304,0.08443002069864308,0.5579870109095563,0.28216154282021316,0.18401937046004843,-2088.0,-2088.0,0.08443217826842482,unit_payoff,unit_proxy,0.0,0.0,0.19445244265284575,0.6127907348753879,0.19275682247176631,0.0013117061778161693,0.89429567776818,0.1043926160540039
matrix_transformer,masked_reconstruction,10,fold_5,0,20,0.45,ok,,39133,25529,0.6523650116270155,1522,0.038893005902946365,0.5901132045908575,0.27307797284117175,0.15637319316688567,-1046.0,-1046.0,0.03889399979556373,unit_payoff,unit_proxy,0.0,0.0,0.19303537153825062,0.6250146891770144,0.18194993928473502,3.917113870500216e-05,0.9403815268909868,0.05957930197030828
matrix_transformer,masked_reconstruction,10,fold_5,0,20,0.5,ok,,39133,20750,0.5302430174021925,738,0.01885876370326834,0.6259759036144579,0.2697594498916404,0.1111111111111111,-574.0,-574.0,0.018859245630174794,unit_payoff,unit_proxy,0.0,0.0,0.1821686746987952,0.6505542168674698,0.16727710843373494,0.0,0.964433734939759,0.035566265060240965
matrix_transformer,masked_reconstruction,10,fold_5,0,20,0.55,ok,,39133,16251,0.4152761096772545,453,0.011575907801599674,0.67860439357578,0.2777203772182503,0.0728476821192053,-387.0,-387.0,0.011576203618521927,unit_payoff,unit_proxy,0.0,0.0,0.15845178758230263,0.7001415297520153,0.1414066826656821,0.0,0.9721247923204726,0.027875207679527413
matrix_transformer,masked_reconstruction,10,fold_5,0,20,0.6,ok,,39133,12183,0.311322924386068,229,0.005851838601691667,0.7439875235984569,0.2907081410156419,0.06550218340611354,-199.0,-199.0,0.005851988142696514,unit_payoff,unit_proxy,0.0,0.0,0.12615940244603135,0.7588442912254781,0.11499630632849052,0.0,0.9812033160961996,0.018796683903800376
matrix_transformer,masked_reconstruction,10,fold_5,0,20,0.65,ok,,39133,9533,0.24360514144072778,116,0.0029642501213809317,0.7889436693590685,0.29800084582076464,0.05172413793103448,-104.0,-104.0,0.002964325871409588,unit_payoff,unit_proxy,0.0,0.0,0.10584286163851883,0.7992237490821358,0.09493338927934543,0.0,0.9878317423686143,0.012168257631385713
matrix_transformer,masked_reconstruction,10,fold_5,0,20,0.7,ok,,39133,7620,0.19472056831829915,53,0.001354355658906805,0.8254593175853019,0.30461925402839657,0.05660377358490566,-47.0,-47.0,0.001354390268833691,unit_payoff,unit_proxy,0.0,0.0,0.09028871391076115,0.8309711286089239,0.07874015748031496,0.0,0.9930446194225722,0.006955380577427821
matrix_transformer,masked_reconstruction,10,fold_5,0,20,0.75,ok,,39133,6085,0.15549536197071526,13,0.0003322004446375182,0.8612982744453574,0.3085754658659366,0.0,-13.0,-13.0,0.0003322089338648676,unit_payoff,unit_proxy,0.0,0.0,0.07411668036154478,0.8629416598192277,0.06294165981922761,0.0,0.9978635990139688,0.0021364009860312242
matrix_transformer,masked_reconstruction,10,fold_5,0,20,0.8,ok,,39133,4927,0.1259039685176194,0,0.0,0.8889790947838441,0.31374234447190286,,0.0,0.0,0.0,unit_payoff,unit_proxy,0.0,0.0,0.05926527298558961,0.8889790947838441,0.05175563223056627,0.0,1.0,0.0
matrix_transformer,masked_reconstruction,10,fold_5,0,20,0.85,ok,,39133,3950,0.10093782740909207,0,0.0,0.9174683544303798,0.31898600475310274,,0.0,0.0,0.0,unit_payoff,unit_proxy,0.0,0.0,0.043544303797468355,0.9174683544303798,0.0389873417721519,0.0,1.0,0.0
matrix_transformer,masked_reconstruction,10,fold_5,0,20,0.9,ok,,39133,2784,0.07114200291314236,0,0.0,0.9360632183908046,0.32232529375386515,,0.0,0.0,0.0,unit_payoff,unit_proxy,0.0,0.0,0.03017241379310345,0.9360632183908046,0.033764367816091954,0.0,1.0,0.0
matrix_transformer,masked_reconstruction,10,fold_5,0,20,0.95,skipped,too few samples remain after confidence filtering,39133,0,0.0,0,0.0,,,,0.0,0.0,0.0,unit_payoff,unit_proxy,0.0,0.0,,,,,,
matrix_transformer,masked_reconstruction,10,fold_5,1,20,0.33,ok,,39133,39133,1.0,19659,0.5023637339329977,0.43853014080188074,0.34311166967400225,0.2294623327737932,-10637.0,-10637.0,0.5023765716038026,unit_payoff,unit_proxy,0.0,0.0,0.19290624281297114,0.6131398052794317,0.19395395190759718,0.041320624536835916,0.4976362660670023,0.46104310939616183
matrix_transformer,masked_reconstruction,10,fold_5,1,20,0.35,ok,,39133,38781,0.9910050341144303,19452,0.49707408069915415,0.43941620896830924,0.34211920507817206,0.22835698128727122,-10568.0,-10568.0,0.49708678319533883,unit_payoff,unit_proxy,0.0,0.0,0.19187230860472912,0.6154044506330419,0.19272324076222894,0.039220236713854724,0.4984141718882958,0.46236559139784944
matrix_transformer,masked_reconstruction,10,fold_5,1,20,0.4,ok,,39133,34015,0.8692152403342448,16371,0.41834257532006236,0.4550051447890637,0.3278518287293402,0.21446460204019302,-9349.0,-9349.0,0.4183532658693652,unit_payoff,unit_proxy,0.0,0.0,0.17712773776275173,0.6422166691165663,0.18065559312068205,0.01831544906658827,0.5187123327943555,0.4629722181390563
matrix_transformer,masked_reconstruction,10,fold_5,1,20,0.45,ok,,39133,27754,0.7092223954207446,12214,0.3121150946771267,0.4883980687468473,0.3190100935791867,0.20189945963648273,-7282.0,-7282.0,0.31212307063273026,unit_payoff,unit_proxy,0.0,0.0,0.15817539814080853,0.6760827268141529,0.16574187504503854,0.0048641637241478705,0.5599192909130215,0.4352165453628306
matrix_transformer,masked_reconstruction,10,fold_5,1,20,0.5,ok,,39133,21786,0.556716837451767,8150,0.20826412490736718,0.5418158450380979,0.3261824691659784,0.19116564417177914,-5034.0,-5034.0,0.20826944699989777,unit_payoff,unit_proxy,0.0,0.0,0.14054897640686678,0.7135316258147434,0.1459193977783898,0.0005967134857247774,0.625906545487928,0.3734967410263472
matrix_transformer,masked_reconstruction,10,fold_5,1,20,0.55,ok,,39133,17021,0.43495259755193827,4866,0.12434518181585874,0.6055460901239645,0.3356562248635129,0.17961364570489108,-3118.0,-3118.0,0.12434835939895737,unit_payoff,unit_proxy,0.0,0.0,0.1253157863815287,0.7476646495505552,0.1270195640679161,0.0,0.7141178544151342,0.28588214558486574
matrix_transformer,masked_reconstruction,10,fold_5,1,20,0.6,ok,,39133,13421,0.34295862826770246,2504,0.06398691641325735,0.679904627076969,0.3421977587278777,0.16773162939297126,-1664.0,-1664.0,0.06398855156904835,unit_payoff,unit_proxy,0.0,0.0,0.11228671484986216,0.7790775650100589,0.10863572014007898,0.0,0.813426719320468,0.18657328067953208
matrix_transformer,masked_reconstruction,10,fold_5,1,20,0.65,ok,,39133,10839,0.27697850918662,1066,0.027240436460276494,0.7500691945751453,0.3344036112182696,0.1378986866791745,-772.0,-772.0,0.027241132576919146,unit_payoff,unit_proxy,0.0,0.0,0.09816403727281114,0.8100378263677461,0.09179813635944276,0.0,0.9016514438601347,0.0983485561398653
matrix_transformer,masked_reconstruction,10,fold_5,1,20,0.7,ok,,39133,8875,0.226790688165998,292,0.007461733064165793,0.8134084507042254,0.3241591048845957,0.1267123287671233,-218.0,-218.0,0.007461923745272411,unit_payoff,unit_proxy,0.0,0.0,0.08574647887323944,0.8351549295774648,0.07909859154929577,0.0,0.9670985915492958,0.032901408450704224
matrix_transformer,masked_reconstruction,10,fold_5,1,20,0.75,ok,,39133,7346,0.18771880510055453,54,0.0013799095392635372,0.8517560577184863,0.3151042349185034,0.12962962962962962,-40.0,-40.0,0.0013799448022079118,unit_payoff,unit_proxy,0.0,0.0,0.07487067791995644,0.8563844268989926,0.06874489518105091,0.0,0.9926490607133134,0.007350939286686632
matrix_transformer,masked_reconstruction,10,fold_5,1,20,0.8,ok,,39133,6194,0.15828073492959907,0,0.0,0.8716499838553439,0.31047471175134417,,0.0,0.0,0.0,unit_payoff,unit_proxy,0.0,0.0,0.06716176945431063,0.8716499838553439,0.0611882466903455,0.0,1.0,0.0
matrix_transformer,masked_reconstruction,10,fold_5,1,20,0.85,ok,,39133,5001,0.12779495566401758,0,0.0,0.8926214757048591,0.3144215530903328,,0.0,0.0,0.0,unit_payoff,unit_proxy,0.0,0.0,0.05538892221555689,0.8926214757048591,0.051989602079584085,0.0,1.0,0.0
matrix_transformer,masked_reconstruction,10,fold_5,1,20,0.9,ok,,39133,3259,0.08328009608259014,0,0.0,0.9288125191776618,0.32103086223353483,,0.0,0.0,0.0,unit_payoff,unit_proxy,0.0,0.0,0.03590058300092053,0.9288125191776618,0.03528689782141761,0.0,1.0,0.0
matrix_transformer,masked_reconstruction,10,fold_5,1,20,0.95,ok,,39133,33,0.0008432780517721616,0,0.0,1.0,0.3333333333333333,,0.0,0.0,0.0,unit_payoff,unit_proxy,0.0,0.0,0.0,1.0,0.0,0.0,1.0,0.0
matrix_transformer,masked_reconstruction,10,fold_5,2,20,0.33,ok,,39133,39133,1.0,15307,0.39115324662049933,0.47824087087624256,0.36547791424414905,0.23897563206376168,-7991.0,-7991.0,0.39116324235919453,unit_payoff,unit_proxy,0.0,0.0,0.19290624281297114,0.6131398052794317,0.19395395190759718,0.0950093271663302,0.6088467533795007,0.2961439194541691
matrix_transformer,masked_reconstruction,10,fold_5,2,20,0.35,ok,,39133,38300,0.9787136176628422,14743,0.37674085809930236,0.4821148825065274,0.3659369845973817,0.2392321779827715,-7689.0,-7689.0,0.3767504855361341,unit_payoff,unit_proxy,0.0,0.0,0.19067885117493472,0.6156657963446475,0.19365535248041776,0.0906266318537859,0.6150652741514361,0.2943080939947781
matrix_transformer,masked_reconstruction,10,fold_5,2,20,0.4,ok,,39133,28287,0.7228426136508829,8204,0.2096440344466307,0.5348746774136529,0.36369214679077205,0.23476352998537298,-4352.0,-4352.0,0.2096493918021057,unit_payoff,unit_proxy,0.0,0.0,0.1714215010428819,0.6461625481670025,0.1824159507901156,0.05751758758440273,0.7099727790150953,0.23250963340050199
matrix_transformer,masked_reconstruction,10,fold_5,2,20,0.45,ok,,39133,20035,0.511971992947129,3960,0.1011933662126594,0.603893186922885,0.35288902621966617,0.21893939393939393,-2226.0,-2226.0,0.10119595216191353,unit_payoff,unit_proxy,0.0,0.0,0.1516845520339406,0.6907412028949339,0.15757424507112552,0.023858248065884703,0.8023458946843025,0.17379585724981284
matrix_transformer,masked_reconstruction,10,fold_5,2,20,0.5,ok,,39133,15425,0.3941686045025937,2221,0.05675516827230215,0.6703403565640195,0.344337998931022,0.194957226474561,-1355.0,-1355.0,0.056756618624143926,unit_payoff,unit_proxy,0.0,0.0,0.1305672609400324,0.7414586709886548,0.1279740680713128,0.007520259319286872,0.8560129659643436,0.13646677471636953
matrix_transformer,masked_reconstruction,10,fold_5,2,20,0.55,ok,,39133,12233,0.31260061840390463,1414,0.03613318682441929,0.7242704160876318,0.3440330810363423,0.173974540311174,-922.0,-922.0,0.03613411019114791,unit_payoff,unit_proxy,0.0,0.0,0.11011199215237473,0.7876236409711437,0.10226436687648165,0.0010626992561105207,0.8844110193738249,0.11452628137006458
matrix_transformer,masked_reconstruction,10,fold_5,2,20,0.6,ok,,39133,9866,0.2521145835995196,928,0.023714000971047453,0.7699168862760998,0.3456596200425215,0.15517241379310345,-640.0,-640.0,0.023714606971276704,unit_payoff,unit_proxy,0.0,0.0,0.09041151429150618,0.8265761200081087,0.08301236570038516,0.00020271639975674033,0.9059395905128725,0.09385769308737077
matrix_transformer,masked_reconstruction,10,fold_5,2,20,0.65,ok,,39133,7946,0.20305113331459382,667,0.017044438197940357,0.8022904606091115,0.34573921419387577,0.12893553223388307,-495.0,-495.0,0.017044873760605133,unit_payoff,unit_proxy,0.0,0.0,0.07676818525044048,0.8576642335766423,0.0655675811729172,0.0,0.916058394160584,0.08394160583941605
matrix_transformer,masked_reconstruction,10,fold_5,2,20,0.7,ok,,39133,6187,0.15810185776710192,434,0.011090384074821762,0.8333602715370939,0.33762772143840386,0.08755760368663594,-358.0,-358.0,0.011090667484411735,unit_payoff,unit_proxy,0.0,0.0,0.06303539679974139,0.8870211734281558,0.049943429772102796,0.0,0.9298529174074672,0.07014708259253273
matrix_transformer,masked_reconstruction,10,fold_5,2,20,0.75,ok,,39133,4447,0.11363810594638796,87,0.002223187591035699,0.8945356420058467,0.3390641939177092,0.11494252873563218,-67.0,-67.0,0.0022232444035571912,unit_payoff,unit_proxy,0.0,0.0,0.04834720035979312,0.9096019788621542,0.04205082077805262,0.0,0.9804362491567349,0.019563750843265122
matrix_transformer,masked_reconstruction,10,fold_5,2,20,0.8,ok,,39133,3156,0.08064804640584673,0,0.0,0.9258555133079848,0.3205001645278052,,0.0,0.0,0.0,unit_payoff,unit_proxy,0.0,0.0,0.041191381495564006,0.9258555133079848,0.032953105196451206,0.0,1.0,0.0
matrix_transformer,masked_reconstruction,10,fold_5,2,20,0.85,ok,,39133,2051,0.05241100861165768,0,0.0,0.9453924914675768,0.32397660818713453,,0.0,0.0,0.0,unit_payoff,unit_proxy,0.0,0.0,0.028766455387615797,0.9453924914675768,0.025841053144807412,0.0,1.0,0.0
matrix_transformer,masked_reconstruction,10,fold_5,2,20,0.9,ok,,39133,1050,0.02683157437456878,0,0.0,0.9695238095238096,0.32817537072856223,,0.0,0.0,0.0,unit_payoff,unit_proxy,0.0,0.0,0.015238095238095238,0.9695238095238096,0.015238095238095238,0.0,1.0,0.0
matrix_transformer,masked_reconstruction,10,fold_5,2,20,0.95,ok,,39133,58,0.0014821250606904658,0,0.0,1.0,0.3333333333333333,,0.0,0.0,0.0,unit_payoff,unit_proxy,0.0,0.0,0.0,1.0,0.0,0.0,1.0,0.0
matrix_transformer,masked_reconstruction,20,fold_1,0,20,0.33,ok,,38378,38378,1.0,27457,0.7154359268330814,0.3727395903903278,0.36354979548834115,0.29446042903449027,-11287.0,-11287.0,0.7154545691429762,unit_payoff,unit_proxy,0.0,0.0,0.26577726822658815,0.4813434780342905,0.25287925373912135,0.5005211318984835,0.28456407316691856,0.21491479493459795
matrix_transformer,masked_reconstruction,20,fold_1,0,20,0.35,ok,,38378,38201,0.995387982698421,27364,0.7130126635051331,0.37334101201539227,0.3641219191795648,0.2946206694927642,-11240.0,-11240.0,0.7130312426713917,unit_payoff,unit_proxy,0.0,0.0,0.2648621763828172,0.4822648621763828,0.25287296144079996,0.5016360828250569,0.28368367320227217,0.21468024397267088
matrix_transformer,masked_reconstruction,20,fold_1,0,20,0.4,ok,,38378,34321,0.8942883943926208,24883,0.6483662514982542,0.3783689286442703,0.3681158213766981,0.29465900413937224,-10219.0,-10219.0,0.6483831461552493,unit_payoff,unit_proxy,0.0,0.0,0.2591124967221235,0.49069083068675157,0.250196672591125,0.5230616823519129,0.27499198741295416,0.201946330235133
matrix_transformer,masked_reconstruction,20,fold_1,0,20,0.45,ok,,38378,26786,0.6979519516389598,19998,0.5210797852936578,0.3910998282684985,0.3761382309204149,0.3008800880088009,-7964.0,-7964.0,0.5210933632123407,unit_payoff,unit_proxy,0.0,0.0,0.25602926902113043,0.5001119988053461,0.2438587321735235,0.5823191219293661,0.25341596356305535,0.16426491450757857
matrix_transformer,masked_reconstruction,20,fold_1,0,20,0.5,ok,,38378,18653,0.48603366512064206,14305,0.3727395903903278,0.4074947729587734,0.389482238591923,0.3159734358615869,-5265.0,-5265.0,0.37274930296792347,unit_payoff,unit_proxy,0.0,0.0,0.2625851069533051,0.5054414839436016,0.23197340910309333,0.6230633142121911,0.23309923336728677,0.14383745242052218
matrix_transformer,masked_reconstruction,20,fold_1,0,20,0.55,ok,,38378,10473,0.272890718640888,8222,0.2142373234665694,0.43569177885992555,0.4147389291802537,0.345293116030163,-2544.0,-2544.0,0.21424290590718398,unit_payoff,unit_proxy,0.0,0.0,0.27757089659123463,0.49365033896686716,0.2287787644418982,0.6386899646710589,0.21493363888093192,0.14637639644800918
matrix_transformer,masked_reconstruction,20,fold_1,0,20,0.6,ok,,38378,4372,0.11391943300849446,3546,0.09239668560112564,0.4524245196706313,0.44213097366201276,0.3575860124083474,-1010.0,-1010.0,0.0923990932068687,unit_payoff,unit_proxy,0.0,0.0,0.2715004574565416,0.4931381518755718,0.23536139066788656,0.6223696248856359,0.1889295516925892,0.18870082342177494
matrix_transformer,masked_reconstruction,20,fold_1,0,20,0.65,ok,,38378,1171,0.03051227265620929,1008,0.026265047683568712,0.444064901793339,0.4400998936031375,0.36706349206349204,-268.0,-268.0,0.026265732079109882,unit_payoff,unit_proxy,0.0,0.0,0.2630230572160547,0.4705380017079419,0.2664389410760034,0.6319385140905209,0.13919726729291204,0.22886421861656703
matrix_transformer,masked_reconstruction,20,fold_1,0,20,0.7,ok,,38378,144,0.0037521496690812446,144,0.0037521496690812446,0.3541666666666667,0.2916666666666667,0.3541666666666667,-42.0,-42.0,0.0037522474398728406,unit_payoff,unit_proxy,0.0,0.0,0.2638888888888889,0.4444444444444444,0.2916666666666667,0.7361111111111112,0.0,0.2638888888888889
matrix_transformer,masked_reconstruction,20,fold_1,0,20,0.75,ok,,38378,11,0.0002866225441659284,11,0.0002866225441659284,0.0,0.0,0.0,-11.0,-11.0,0.0002866300127680642,unit_payoff,unit_proxy,0.0,0.0,0.0,0.6363636363636364,0.36363636363636365,1.0,0.0,0.0
matrix_transformer,masked_reconstruction,20,fold_1,0,20,0.8,ok,,38378,8,0.00020845275939340247,8,0.00020845275939340247,0.0,0.0,0.0,-8.0,-8.0,0.0002084581911040467,unit_payoff,unit_proxy,0.0,0.0,0.0,0.75,0.25,1.0,0.0,0.0
matrix_transformer,masked_reconstruction,20,fold_1,0,20,0.85,skipped,too few samples remain after confidence filtering,38378,0,0.0,0,0.0,,,,0.0,0.0,0.0,unit_payoff,unit_proxy,0.0,0.0,,,,,,
matrix_transformer,masked_reconstruction,20,fold_1,0,20,0.9,skipped,too few samples remain after confidence filtering,38378,0,0.0,0,0.0,,,,0.0,0.0,0.0,unit_payoff,unit_proxy,0.0,0.0,,,,,,
matrix_transformer,masked_reconstruction,20,fold_1,0,20,0.95,skipped,too few samples remain after confidence filtering,38378,0,0.0,0,0.0,,,,0.0,0.0,0.0,unit_payoff,unit_proxy,0.0,0.0,,,,,,
matrix_transformer,masked_reconstruction,20,fold_1,1,20,0.33,ok,,38378,38378,1.0,18795,0.48973370159987495,0.36862264839230807,0.2928189244572948,0.26241021548284116,-8931.0,-8931.0,0.4897464627250697,unit_payoff,unit_proxy,0.0,0.0,0.26577726822658815,0.4813434780342905,0.25287925373912135,0.4639897858147897,0.510266298400125,0.025743915785085204
matrix_transformer,masked_reconstruction,20,fold_1,1,20,0.35,ok,,38378,38373,0.9998697170253791,18791,0.48962947522017825,0.36864461991504444,0.29283637614007596,0.26246607418445,-8927.0,-8927.0,0.4896422336295177,unit_payoff,unit_proxy,0.0,0.0,0.265759779011284,0.4813280170953535,0.2529122038933625,0.4640241836708102,0.5103067260834441,0.025669090245745707
matrix_transformer,masked_reconstruction,20,fold_1,1,20,0.4,ok,,38378,36291,0.9456198863932461,16713,0.43548387096774194,0.3753823261965777,0.2823270549102681,0.2639861185903189,-7889.0,-7889.0,0.43549521849024153,unit_payoff,unit_proxy,0.0,0.0,0.27028739907966165,0.4833429775977515,0.24636962332258686,0.4525915516243697,0.5394725965115318,0.007935851864098536
matrix_transformer,masked_reconstruction,20,fold_1,1,20,0.45,ok,,38378,32102,0.8364688102558757,12539,0.3267236437542342,0.3945237056881191,0.2829359063233145,0.27585931892495413,-5621.0,-5621.0,0.3267321572817052,unit_payoff,unit_proxy,0.0,0.0,0.2763690735779702,0.4836147280543268,0.24001619836770294,0.39031836022677713,0.6094012834091334,0.00028035636408946485
matrix_transformer,masked_reconstruction,20,fold_1,1,20,0.5,ok,,38378,15965,0.4159935379644588,2670,0.06957110844754807,0.4987785781396806,0.3048856018575715,0.3397003745318352,-856.0,-856.0,0.06957292128097559,unit_payoff,unit_proxy,0.0,0.0,0.26789852803006575,0.5200125274036956,0.21208894456623864,0.16705292828061385,0.8327591606639524,0.00018791105543376137
matrix_transformer,masked_reconstruction,20,fold_1,1,20,0.55,ok,,38378,24,0.0006253582781802074,24,0.0006253582781802074,0.2916666666666667,0.15053763440860216,0.2916666666666667,-10.0,-10.0,0.0006253745733121401,unit_payoff,unit_proxy,0.0,0.0,0.2916666666666667,0.3333333333333333,0.375,1.0,0.0,0.0
matrix_transformer,masked_reconstruction,20,fold_1,1,20,0.6,ok,,38378,9,0.0002345093543175778,9,0.0002345093543175778,0.0,0.0,0.0,-9.0,-9.0,0.00023451546499205254,unit_payoff,unit_proxy,0.0,0.0,0.0,0.7777777777777778,0.2222222222222222,1.0,0.0,0.0
matrix_transformer,masked_reconstruction,20,fold_1,1,20,0.65,ok,,38378,8,0.00020845275939340247,8,0.00020845275939340247,0.0,0.0,0.0,-8.0,-8.0,0.0002084581911040467,unit_payoff,unit_proxy,0.0,0.0,0.0,0.75,0.25,1.0,0.0,0.0
matrix_transformer,masked_reconstruction,20,fold_1,1,20,0.7,skipped,too few samples remain after confidence filtering,38378,0,0.0,0,0.0,,,,0.0,0.0,0.0,unit_payoff,unit_proxy,0.0,0.0,,,,,,
matrix_transformer,masked_reconstruction,20,fold_1,1,20,0.75,skipped,too few samples remain after confidence filtering,38378,0,0.0,0,0.0,,,,0.0,0.0,0.0,unit_payoff,unit_proxy,0.0,0.0,,,,,,
matrix_transformer,masked_reconstruction,20,fold_1,1,20,0.8,skipped,too few samples remain after confidence filtering,38378,0,0.0,0,0.0,,,,0.0,0.0,0.0,unit_payoff,unit_proxy,0.0,0.0,,,,,,
matrix_transformer,masked_reconstruction,20,fold_1,1,20,0.85,skipped,too few samples remain after confidence filtering,38378,0,0.0,0,0.0,,,,0.0,0.0,0.0,unit_payoff,unit_proxy,0.0,0.0,,,,,,
matrix_transformer,masked_reconstruction,20,fold_1,1,20,0.9,skipped,too few samples remain after confidence filtering,38378,0,0.0,0,0.0,,,,0.0,0.0,0.0,unit_payoff,unit_proxy,0.0,0.0,,,,,,
matrix_transformer,masked_reconstruction,20,fold_1,1,20,0.95,skipped,too few samples remain after confidence filtering,38378,0,0.0,0,0.0,,,,0.0,0.0,0.0,unit_payoff,unit_proxy,0.0,0.0,,,,,,
matrix_transformer,masked_reconstruction,20,fold_1,2,20,0.33,ok,,38378,38378,1.0,18971,0.4943196623065298,0.36674657355776746,0.2800749434688883,0.25781455906383427,-9189.0,-9189.0,0.49433254292935874,unit_payoff,unit_proxy,0.0,0.0,0.26577726822658815,0.4813434780342905,0.25287925373912135,0.4871280421074574,0.5056803376934702,0.0071916201990723854
matrix_transformer,masked_reconstruction,20,fold_1,2,20,0.35,ok,,38378,38334,0.9988535098233363,18927,0.49317317212986606,0.36701100850419993,0.2800893630938019,0.25809689861045065,-9157.0,-9157.0,0.4931860228782865,unit_payoff,unit_proxy,0.0,0.0,0.2659518964887567,0.4810872854385141,0.2529608180727292,0.48690457557259875,0.5062607606824229,0.0068346637449783485
matrix_transformer,masked_reconstruction,20,fold_1,2,20,0.4,ok,,38378,37810,0.9851998540830684,18403,0.4795195163895982,0.36998148637926476,0.28036394859302616,0.26109873390208116,-8793.0,-8793.0,0.4795320113609714,unit_payoff,unit_proxy,0.0,0.0,0.268156572335361,0.47812747950277706,0.25371594816186194,0.4814863792647448,0.5132769108701402,0.005236709865115049
matrix_transformer,masked_reconstruction,20,fold_1,2,20,0.45,ok,,38378,35997,0.9379592474855386,16745,0.43631768200531557,0.37889268550156957,0.28254797096589696,0.2689758136757241,-7737.0,-7737.0,0.43632905125465776,unit_payoff,unit_proxy,0.0,0.0,0.27218934911242604,0.4770675334055616,0.2507431174820124,0.4628441258993805,0.5348223463066366,0.002333527793982832
matrix_transformer,masked_reconstruction,20,fold_1,2,20,0.5,ok,,38378,28440,0.7410495596435458,10734,0.27969148991609777,0.42264416315049225,0.3038450843782439,0.3094838829886343,-4090.0,-4090.0,0.27969877791385467,unit_payoff,unit_proxy,0.0,0.0,0.28663853727144867,0.475070323488045,0.23829113924050632,0.37665260196905764,0.6225738396624473,0.0007735583684950774
matrix_transformer,masked_reconstruction,20,fold_1,2,20,0.55,ok,,38378,9706,0.25290531033404556,2375,0.06188441294491636,0.572944570368844,0.36556139583283453,0.3797894736842105,-571.0,-571.0,0.06188602548401386,unit_payoff,unit_proxy,0.0,0.0,0.2509787760148362,0.5749021223985163,0.17411910158664742,0.24469400370904595,0.7553059962909541,0.0
matrix_transformer,masked_reconstruction,20,fold_1,2,20,0.6,ok,,38378,110,0.002866225441659284,110,0.002866225441659284,0.3090909090909091,0.1574074074074074,0.3090909090909091,-42.0,-42.0,0.002866300127680642,unit_payoff,unit_proxy,0.0,0.0,0.3090909090909091,0.35454545454545455,0.33636363636363636,1.0,0.0,0.0
matrix_transformer,masked_reconstruction,20,fold_1,2,20,0.65,ok,,38378,10,0.0002605659492417531,10,0.0002605659492417531,0.0,0.0,0.0,-10.0,-10.0,0.00026057273888005836,unit_payoff,unit_proxy,0.0,0.0,0.0,0.7,0.3,1.0,0.0,0.0
matrix_transformer,masked_reconstruction,20,fold_1,2,20,0.7,skipped,too few samples remain after confidence filtering,38378,0,0.0,0,0.0,,,,0.0,0.0,0.0,unit_payoff,unit_proxy,0.0,0.0,,,,,,
matrix_transformer,masked_reconstruction,20,fold_1,2,20,0.75,skipped,too few samples remain after confidence filtering,38378,0,0.0,0,0.0,,,,0.0,0.0,0.0,unit_payoff,unit_proxy,0.0,0.0,,,,,,
matrix_transformer,masked_reconstruction,20,fold_1,2,20,0.8,skipped,too few samples remain after confidence filtering,38378,0,0.0,0,0.0,,,,0.0,0.0,0.0,unit_payoff,unit_proxy,0.0,0.0,,,,,,
matrix_transformer,masked_reconstruction,20,fold_1,2,20,0.85,skipped,too few samples remain after confidence filtering,38378,0,0.0,0,0.0,,,,0.0,0.0,0.0,unit_payoff,unit_proxy,0.0,0.0,,,,,,
matrix_transformer,masked_reconstruction,20,fold_1,2,20,0.9,skipped,too few samples remain after confidence filtering,38378,0,0.0,0,0.0,,,,0.0,0.0,0.0,unit_payoff,unit_proxy,0.0,0.0,,,,,,
matrix_transformer,masked_reconstruction,20,fold_1,2,20,0.95,skipped,too few samples remain after confidence filtering,38378,0,0.0,0,0.0,,,,0.0,0.0,0.0,unit_payoff,unit_proxy,0.0,0.0,,,,,,
matrix_transformer,masked_reconstruction,20,fold_2,0,20,0.33,ok,,28516,28516,1.0,14420,0.5056810211810914,0.4081918922710058,0.35479615400604586,0.2667822468793343,-6726.0,-6726.0,0.5056987550412064,unit_payoff,unit_proxy,0.0,0.0,0.22590826202833497,0.5399775564595315,0.23411418151213353,0.14434001963809792,0.4943189788189087,0.3613410015429934
matrix_transformer,masked_reconstruction,20,fold_2,0,20,0.35,ok,,28516,28406,0.996142516481975,14345,0.5030509187824379,0.40854044920087307,0.35500470399481054,0.2670616939700244,-6683.0,-6683.0,0.5030685604068035,unit_payoff,unit_proxy,0.0,0.0,0.22600858973456311,0.5398859395902275,0.23410547067520945,0.14363162712103078,0.4950010561149053,0.3613673167640639
matrix_transformer,masked_reconstruction,20,fold_2,0,20,0.4,ok,,28516,26660,0.9349137326413242,12758,0.4473979520269322,0.41759189797449364,0.3550493652753511,0.2691644458379056,-5890.0,-5890.0,0.4474136419428371,unit_payoff,unit_proxy,0.0,0.0,0.22479369842460614,0.5412978244561141,0.2339084771192798,0.12430607651912978,0.5214553638409603,0.35423855963990997
matrix_transformer,masked_reconstruction,20,fold_2,0,20,0.45,ok,,28516,20932,0.7340440454481695,7568,0.2653948660401178,0.46077775654500286,0.3544441969146239,0.28475158562367864,-3258.0,-3258.0,0.26540417324215326,unit_payoff,unit_proxy,0.0,0.0,0.22157462258742594,0.5443340340149054,0.23409134339766863,0.06525893369004396,0.6384483088094783,0.29629275750047773
matrix_transformer,masked_reconstruction,20,fold_2,0,20,0.5,ok,,28516,15764,0.55281245616496,3338,0.11705709075606677,0.5192210098959655,0.3390653560094418,0.31545835829838226,-1232.0,-1232.0,0.1170611958618271,unit_payoff,unit_proxy,0.0,0.0,0.21339761481857397,0.5555696523724943,0.23103273280893175,0.019030702867292564,0.788251712763258,0.19271758436944939
matrix_transformer,masked_reconstruction,20,fold_2,0,20,0.55,ok,,28516,12298,0.4312666573151915,1264,0.04432599242530509,0.5640754594242966,0.30961411914346365,0.32199367088607594,-450.0,-450.0,0.04432754690513765,unit_payoff,unit_proxy,0.0,0.0,0.20084566596194503,0.5822898032200358,0.21686453081801918,0.002602049113677021,0.8972190600097577,0.1001788908765653
matrix_transformer,masked_reconstruction,20,fold_2,0,20,0.6,ok,,28516,9439,0.33100715387852436,315,0.011046430074344228,0.6153194194300243,0.2895302756901367,0.37777777777777777,-77.0,-77.0,0.011046817464492372,unit_payoff,unit_proxy,0.0,0.0,0.18169297595084224,0.6186036656425469,0.19970335840661088,0.0,0.9666278207437229,0.03337217925627715
matrix_transformer,masked_reconstruction,20,fold_2,0,20,0.65,ok,,28516,6736,0.23621826343105626,14,0.0004909524477486323,0.668646080760095,0.2706200574545689,0.42857142857142855,-2.0,-2.0,0.0004909696650885498,unit_payoff,unit_proxy,0.0,0.0,0.1628562945368171,0.6684976247030879,0.16864608076009502,0.0,0.9979216152019003,0.0020783847980997625
matrix_transformer,masked_reconstruction,20,fold_2,0,20,0.7,ok,,28516,4062,0.14244634591106747,0,0.0,0.74273756770064,0.2841267599001742,,0.0,0.0,0.0,unit_payoff,unit_proxy,0.0,0.0,0.12998522895125553,0.74273756770064,0.12727720334810438,0.0,1.0,0.0
matrix_transformer,masked_reconstruction,20,fold_2,0,20,0.75,ok,,28516,1297,0.045483237480712584,0,0.0,0.8342328450269854,0.3032086310774835,,0.0,0.0,0.0,unit_payoff,unit_proxy,0.0,0.0,0.07170393215111796,0.8342328450269854,0.09406322282189669,0.0,1.0,0.0
matrix_transformer,masked_reconstruction,20,fold_2,0,20,0.8,ok,,28516,54,0.0018936737270304391,0,0.0,1.0,0.3333333333333333,,0.0,0.0,0.0,unit_payoff,unit_proxy,0.0,0.0,0.0,1.0,0.0,0.0,1.0,0.0
matrix_transformer,masked_reconstruction,20,fold_2,0,20,0.85,skipped,too few samples remain after confidence filtering,28516,0,0.0,0,0.0,,,,0.0,0.0,0.0,unit_payoff,unit_proxy,0.0,0.0,,,,,,
matrix_transformer,masked_reconstruction,20,fold_2,0,20,0.9,skipped,too few samples remain after confidence filtering,28516,0,0.0,0,0.0,,,,0.0,0.0,0.0,unit_payoff,unit_proxy,0.0,0.0,,,,,,
matrix_transformer,masked_reconstruction,20,fold_2,0,20,0.95,skipped,too few samples remain after confidence filtering,28516,0,0.0,0,0.0,,,,0.0,0.0,0.0,unit_payoff,unit_proxy,0.0,0.0,,,,,,
matrix_transformer,masked_reconstruction,20,fold_2,1,20,0.33,ok,,28516,28516,1.0,14604,0.5121335390657876,0.3975662785804461,0.3306279718047452,0.2529443987948507,-7216.0,-7216.0,0.5121514992109416,unit_payoff,unit_proxy,0.0,0.0,0.22590826202833497,0.5399775564595315,0.23411418151213353,0.06705007714967036,0.4878664609342124,0.44508346191611725
matrix_transformer,masked_reconstruction,20,fold_2,1,20,0.35,ok,,28516,28516,1.0,14604,0.5121335390657876,0.3975662785804461,0.3306279718047452,0.2529443987948507,-7216.0,-7216.0,0.5121514992109416,unit_payoff,unit_proxy,0.0,0.0,0.22590826202833497,0.5399775564595315,0.23411418151213353,0.06705007714967036,0.4878664609342124,0.44508346191611725
matrix_transformer,masked_reconstruction,20,fold_2,1,20,0.4,ok,,28516,28357,0.9944241829148548,14461,0.5071188104923552,0.3981380258842614,0.3304859522574202,0.25274877256068046,-7151.0,-7151.0,0.50713659477468,unit_payoff,unit_proxy,0.0,0.0,0.22594068483972213,0.5402193461931798,0.23383996896709808,0.06566279930881264,0.4900377331875727,0.44429946750361465
matrix_transformer,masked_reconstruction,20,fold_2,1,20,0.45,ok,,28516,25786,0.9042642726890167,12099,0.42428811895076446,0.4115799270922206,0.3191712797797618,0.2504339201586908,-6039.0,-6039.0,0.42430299842188324,unit_payoff,unit_proxy,0.0,0.0,0.21922748778406886,0.5486698208330102,0.23210269138292097,0.03222678973086171,0.5307919025827968,0.4369813076863414
matrix_transformer,masked_reconstruction,20,fold_2,1,20,0.5,ok,,28516,19857,0.6963459110674709,6848,0.24014588301304532,0.46386664652263687,0.3149089920084311,0.26912967289719625,-3162.0,-3162.0,0.24015430475188498,unit_payoff,unit_proxy,0.0,0.0,0.21065619177116382,0.5551191015762703,0.23422470665256584,0.00327340484463917,0.6551342095986302,0.3415923855567306
matrix_transformer,masked_reconstruction,20,fold_2,1,20,0.55,ok,,28516,13718,0.48106326272969563,2123,0.07444943189788189,0.5486222481411285,0.32213953908892157,0.32124352331606215,-759.0,-759.0,0.07445204278449939,unit_payoff,unit_proxy,0.0,0.0,0.20265344802449337,0.5758856976235602,0.22146085435194635,0.0,0.8452398308791369,0.1547601691208631
matrix_transformer,masked_reconstruction,20,fold_2,1,20,0.6,ok,,28516,9616,0.33721419553934634,305,0.010695749754523776,0.612832778702163,0.287511714251172,0.3639344262295082,-83.0,-83.0,0.01069612484657198,unit_payoff,unit_proxy,0.0,0.0,0.19259567387687188,0.6162645590682196,0.19113976705490848,0.0,0.9682820299500832,0.031717970049916805
matrix_transformer,masked_reconstruction,20,fold_2,1,20,0.65,ok,,28516,6151,0.21570346472155982,13,0.00045588441576658716,0.6909445618598602,0.2766111810486899,0.46153846153846156,-1.0,-1.0,0.00045590040329651063,unit_payoff,unit_proxy,0.0,0.0,0.15721020972199642,0.6907819866688344,0.15200780360916924,0.0,0.997886522516664,0.002113477483336043
matrix_transformer,masked_reconstruction,20,fold_2,1,20,0.7,ok,,28516,2426,0.08507504558844158,0,0.0,0.7860676009892827,0.29340718516808983,,0.0,0.0,0.0,unit_payoff,unit_proxy,0.0,0.0,0.11046990931574609,0.7860676009892827,0.10346248969497114,0.0,1.0,0.0
matrix_transformer,masked_reconstruction,20,fold_2,1,20,0.75,ok,,28516,514,0.018024968438771216,0,0.0,0.9007782101167315,0.31593312862504264,,0.0,0.0,0.0,unit_payoff,unit_proxy,0.0,0.0,0.05642023346303502,0.9007782101167315,0.042801556420233464,0.0,1.0,0.0
matrix_transformer,masked_reconstruction,20,fold_2,1,20,0.8,skipped,too few samples remain after confidence filtering,28516,0,0.0,0,0.0,,,,0.0,0.0,0.0,unit_payoff,unit_proxy,0.0,0.0,,,,,,
matrix_transformer,masked_reconstruction,20,fold_2,1,20,0.85,skipped,too few samples remain after confidence filtering,28516,0,0.0,0,0.0,,,,0.0,0.0,0.0,unit_payoff,unit_proxy,0.0,0.0,,,,,,
matrix_transformer,masked_reconstruction,20,fold_2,1,20,0.9,skipped,too few samples remain after confidence filtering,28516,0,0.0,0,0.0,,,,0.0,0.0,0.0,unit_payoff,unit_proxy,0.0,0.0,,,,,,
matrix_transformer,masked_reconstruction,20,fold_2,1,20,0.95,skipped,too few samples remain after confidence filtering,28516,0,0.0,0,0.0,,,,0.0,0.0,0.0,unit_payoff,unit_proxy,0.0,0.0,,,,,,
matrix_transformer,masked_reconstruction,20,fold_2,2,20,0.33,ok,,28516,28516,1.0,14675,0.5146233693365129,0.3916748492074625,0.2909992493624032,0.24190800681431004,-7575.0,-7575.0,0.5146414167981764,unit_payoff,unit_proxy,0.0,0.0,0.22590826202833497,0.5399775564595315,0.23411418151213353,0.0065577219806424464,0.4853766306634872,0.5080656473558703
matrix_transformer,masked_reconstruction,20,fold_2,2,20,0.35,ok,,28516,28516,1.0,14675,0.5146233693365129,0.3916748492074625,0.2909992493624032,0.24190800681431004,-7575.0,-7575.0,0.5146414167981764,unit_payoff,unit_proxy,0.0,0.0,0.22590826202833497,0.5399775564595315,0.23411418151213353,0.0065577219806424464,0.4853766306634872,0.5080656473558703
matrix_transformer,masked_reconstruction,20,fold_2,2,20,0.4,ok,,28516,28371,0.9949151353626035,14598,0.5119231308738954,0.3918437841457827,0.2895046951963889,0.24153993697766818,-7546.0,-7546.0,0.5119410836401894,unit_payoff,unit_proxy,0.0,0.0,0.22547671918508336,0.5404462303055937,0.2340770505093229,0.004934616333580064,0.4854605054457016,0.5096048782207183
matrix_transformer,masked_reconstruction,20,fold_2,2,20,0.45,ok,,28516,27500,0.9643708795062421,13976,0.49011081498106324,0.39585454545454546,0.28715213304520754,0.24112764739553522,-7236.0,-7236.0,0.4901280028055409,unit_payoff,unit_proxy,0.0,0.0,0.22389090909090908,0.5434181818181818,0.2326909090909091,0.0008363636363636364,0.4917818181818182,0.5073818181818182
matrix_transformer,masked_reconstruction,20,fold_2,2,20,0.5,ok,,28516,25473,0.8932879786786365,12630,0.44290924393323045,0.40831468613826405,0.2933564334818683,0.24631828978622328,-6408.0,-6408.0,0.44292477643345607,unit_payoff,unit_proxy,0.0,0.0,0.22097907588426963,0.5474816472343266,0.23153927688140383,0.0,0.5041808974207985,0.49581910257920153
matrix_transformer,masked_reconstruction,20,fold_2,2,20,0.55,ok,,28516,20369,0.714300743442278,9338,0.3274652826483378,0.44150424664932003,0.312085298947474,0.264831869779396,-4392.0,-4392.0,0.3274767666140628,unit_payoff,unit_proxy,0.0,0.0,0.21449261132112524,0.5555010064313417,0.230006382247533,0.0,0.5415582502822918,0.4584417497177083
matrix_transformer,masked_reconstruction,20,fold_2,2,20,0.6,ok,,28516,13409,0.47022724084724365,4759,0.16688876420255294,0.5173391006040718,0.3460213474015141,0.3011136793444001,-1893.0,-1893.0,0.16689461686831492,unit_payoff,unit_proxy,0.0,0.0,0.19315385189052128,0.5859497352524424,0.22089641285703632,0.0,0.6450891192482661,0.35491088075173394
matrix_transformer,masked_reconstruction,20,fold_2,2,20,0.65,ok,,28516,7289,0.2556108851171272,1494,0.05239163978117548,0.6201124982850871,0.3727705861485429,0.3393574297188755,-480.0,-480.0,0.05239347711730668,unit_payoff,unit_proxy,0.0,0.0,0.16545479489641926,0.6478254904650844,0.18671971463849638,0.0,0.7950336122924956,0.20496638770750447
matrix_transformer,masked_reconstruction,20,fold_2,2,20,0.7,ok,,28516,2645,0.09275494459250946,128,0.004488708093701782,0.7504725897920604,0.35703385127635956,0.3984375,-26.0,-26.0,0.004488865509381028,unit_payoff,unit_proxy,0.0,0.0,0.11531190926275993,0.7516068052930057,0.1330812854442344,0.0,0.9516068052930057,0.04839319470699433
matrix_transformer,masked_reconstruction,20,fold_2,2,20,0.75,ok,,28516,765,0.026827044466264553,0,0.0,0.8797385620915033,0.3120074177097821,,0.0,0.0,0.0,unit_payoff,unit_proxy,0.0,0.0,0.05228758169934641,0.8797385620915033,0.06797385620915032,0.0,1.0,0.0
matrix_transformer,masked_reconstruction,20,fold_2,2,20,0.8,ok,,28516,27,0.0009468368635152196,0,0.0,1.0,0.3333333333333333,,0.0,0.0,0.0,unit_payoff,unit_proxy,0.0,0.0,0.0,1.0,0.0,0.0,1.0,0.0
matrix_transformer,masked_reconstruction,20,fold_2,2,20,0.85,skipped,too few samples remain after confidence filtering,28516,0,0.0,0,0.0,,,,0.0,0.0,0.0,unit_payoff,unit_proxy,0.0,0.0,,,,,,
matrix_transformer,masked_reconstruction,20,fold_2,2,20,0.9,skipped,too few samples remain after confidence filtering,28516,0,0.0,0,0.0,,,,0.0,0.0,0.0,unit_payoff,unit_proxy,0.0,0.0,,,,,,
matrix_transformer,masked_reconstruction,20,fold_2,2,20,0.95,skipped,too few samples remain after confidence filtering,28516,0,0.0,0,0.0,,,,0.0,0.0,0.0,unit_payoff,unit_proxy,0.0,0.0,,,,,,
matrix_transformer,masked_reconstruction,20,fold_3,0,20,0.33,ok,,37004,37004,1.0,26810,0.7245162685115123,0.3701221489568695,0.31305134515532435,0.29164490861618797,-11172.0,-11172.0,0.7245358484447207,unit_payoff,unit_proxy,0.0,0.0,0.2503242892660253,0.4835693438547184,0.2661063668792563,0.03937412171657118,0.2754837314884877,0.6851421467949411
matrix_transformer,masked_reconstruction,20,fold_3,0,20,0.35,ok,,37004,36749,0.9931088530969625,26644,0.7200302669981624,0.3706223298593159,0.31274146447202034,0.2916604113496472,-11102.0,-11102.0,0.7200497256979164,unit_payoff,unit_proxy,0.0,0.0,0.2492584832240333,0.4846934610465591,0.2660480557294076,0.03815069797817628,0.274973468665814,0.6868758333560097
matrix_transformer,masked_reconstruction,20,fold_3,0,20,0.4,ok,,37004,33113,0.8948492054912982,24298,0.6566317154902173,0.3729049013982424,0.3025399575255901,0.2888303564079348,-10262.0,-10262.0,0.6566494608545254,unit_payoff,unit_proxy,0.0,0.0,0.23999637604566182,0.49639114547156704,0.26361247848277114,0.021894724126476008,0.26620964575846345,0.7118956301150605
matrix_transformer,masked_reconstruction,20,fold_3,0,20,0.45,ok,,37004,28151,0.7607555939898389,21015,0.5679115771267971,0.3740542076658023,0.28870755001521026,0.28441589340946943,-9061.0,-9061.0,0.5679269248439316,unit_payoff,unit_proxy,0.0,0.0,0.22890838691343113,0.5118113033284786,0.2592803097580903,0.006678270754147277,0.2534901069233775,0.7398316223224752
matrix_transformer,masked_reconstruction,20,fold_3,0,20,0.5,ok,,37004,22234,0.6008539617338666,16642,0.44973516376607936,0.3758208149680669,0.2841269012435349,0.276048551856748,-7454.0,-7454.0,0.44974731778504445,unit_payoff,unit_proxy,0.0,0.0,0.21979850679140056,0.5306287667536206,0.24957272645497885,0.0014842133669155347,0.25150670144823245,0.747009085184852
matrix_transformer,masked_reconstruction,20,fold_3,0,20,0.55,ok,,37004,16226,0.43849313587720246,11968,0.3234244946492271,0.38992974238875877,0.29190784482431426,0.27239304812834225,-5448.0,-5448.0,0.3234332351430965,unit_payoff,unit_proxy,0.0,0.0,0.20799950696413164,0.5520769135954641,0.2399235794404043,0.0001232589670898558,0.262418340934303,0.7374584000986072
matrix_transformer,masked_reconstruction,20,fold_3,0,20,0.6,ok,,37004,11357,0.3069127661874392,8049,0.21751702518646632,0.4111120894602448,0.3049246333189151,0.268729034662691,-3723.0,-3723.0,0.21752290354836096,unit_payoff,unit_proxy,0.0,0.0,0.1951219512195122,0.5782336884740689,0.22664436030641893,0.0,0.29127410407678084,0.7087258959232191
matrix_transformer,masked_reconstruction,20,fold_3,0,20,0.65,ok,,37004,7278,0.19668143984434117,4599,0.12428386120419414,0.46771090959054684,0.33701344244012826,0.2744074798869319,-2075.0,-2075.0,0.12428721995513878,unit_payoff,unit_proxy,0.0,0.0,0.1754602912888156,0.613767518549052,0.21077219016213244,0.0,0.36809563066776585,0.6319043693322342
matrix_transformer,masked_reconstruction,20,fold_3,0,20,0.7,ok,,37004,4039,0.10915036212301372,1894,0.051183655820992324,0.5568209952958653,0.36640569349557567,0.26399155227032733,-894.0,-894.0,0.05118503905088777,unit_payoff,unit_proxy,0.0,0.0,0.1443426590740282,0.6801188412973508,0.17553849962862095,0.0,0.5310720475365189,0.46892795246348107
matrix_transformer,masked_reconstruction,20,fold_3,0,20,0.75,ok,,37004,1986,0.05366987352718625,361,0.009755702086260944,0.7421953675730111,0.3760521951688615,0.20498614958448755,-213.0,-213.0,0.009755965732508176,unit_payoff,unit_proxy,0.0,0.0,0.08559919436052367,0.8147029204431017,0.09969788519637462,0.0,0.8182275931520645,0.18177240684793555
matrix_transformer,masked_reconstruction,20,fold_3,0,20,0.8,ok,,37004,1226,0.033131553345584264,7,0.00018916873851475516,0.8955954323001631,0.31497418244406195,0.0,-7.0,-7.0,0.00018917385076885657,unit_payoff,unit_proxy,0.0,0.0,0.04241435562805873,0.901305057096248,0.05628058727569331,0.0,0.9942903752039152,0.005709624796084829
matrix_transformer,masked_reconstruction,20,fold_3,0,20,0.85,ok,,37004,732,0.019781645227542968,0,0.0,0.9439890710382514,0.3237292105879597,,0.0,0.0,0.0,unit_payoff,unit_proxy,0.0,0.0,0.02459016393442623,0.9439890710382514,0.031420765027322405,0.0,1.0,0.0
matrix_transformer,masked_reconstruction,20,fold_3,0,20,0.9,ok,,37004,45,0.0012160847475948546,0,0.0,1.0,0.3333333333333333,,0.0,0.0,0.0,unit_payoff,unit_proxy,0.0,0.0,0.0,1.0,0.0,0.0,1.0,0.0
matrix_transformer,masked_reconstruction,20,fold_3,0,20,0.95,skipped,too few samples remain after confidence filtering,37004,0,0.0,0,0.0,,,,0.0,0.0,0.0,unit_payoff,unit_proxy,0.0,0.0,,,,,,
matrix_transformer,masked_reconstruction,20,fold_3,1,20,0.33,ok,,37004,37004,1.0,26513,0.7164901091773862,0.38022916441465787,0.3571041041387039,0.31177158375136726,-9981.0,-9981.0,0.7165094722049563,unit_payoff,unit_proxy,0.0,0.0,0.2503242892660253,0.4835693438547184,0.2661063668792563,0.142281915468598,0.2835098908226138,0.5742081937087883
matrix_transformer,masked_reconstruction,20,fold_3,1,20,0.35,ok,,37004,36659,0.9906766836017727,26266,0.7098151551183656,0.3806705038326195,0.35708083900971294,0.311886088479403,-9882.0,-9882.0,0.7098343377563981,unit_payoff,unit_proxy,0.0,0.0,0.249706756867345,0.48389208652718296,0.26640115660547203,0.14092037426007256,0.2835047328077689,0.5755748929321586
matrix_transformer,masked_reconstruction,20,fold_3,1,20,0.4,ok,,37004,31725,0.8573397470543725,22914,0.6192303534753,0.3855634357762017,0.35444625593161144,0.31155625381862617,-8636.0,-8636.0,0.6192470880739399,unit_payoff,unit_proxy,0.0,0.0,0.23788810086682427,0.49494089834515365,0.2671710007880221,0.1184554767533491,0.2777304964539007,0.6038140267927502
matrix_transformer,masked_reconstruction,20,fold_3,1,20,0.45,ok,,37004,24684,0.667063020214031,17997,0.48635282672143554,0.39462809917355374,0.3431356516515378,0.310607323442796,-6817.0,-6817.0,0.4863659703267303,unit_payoff,unit_proxy,0.0,0.0,0.2203046507859342,0.5087911197536866,0.2709042294603792,0.07405606870847513,0.2709042294603792,0.6550397018311457
matrix_transformer,masked_reconstruction,20,fold_3,1,20,0.5,ok,,37004,17366,0.46930061614960544,12582,0.34001729542752135,0.4146032477254405,0.3421955376826125,0.3187092672071213,-4562.0,-4562.0,0.34002648433910765,unit_payoff,unit_proxy,0.0,0.0,0.2101232292986295,0.5166417136934239,0.27323505700794654,0.0391569733962916,0.2754808245997927,0.6853622020039157
matrix_transformer,masked_reconstruction,20,fold_3,1,20,0.55,ok,,37004,11046,0.29850826937628366,7601,0.205410225921522,0.4427847184501177,0.3421610401231268,0.31982633863965265,-2739.0,-2739.0,0.20541577709915412,unit_payoff,unit_proxy,0.0,0.0,0.19436900235379323,0.5402860764077494,0.2653449212384574,0.01683867463335144,0.31187760275212745,0.6712837226145211
matrix_transformer,masked_reconstruction,20,fold_3,1,20,0.6,ok,,37004,5929,0.16022592152199763,3519,0.09509782726191764,0.5161072693540226,0.3792882428436109,0.3421426541631145,-1111.0,-1111.0,0.09510039726508661,unit_payoff,unit_proxy,0.0,0.0,0.17321639399561478,0.5771630966436161,0.2496205093607691,0.0059031877213695395,0.406476640242874,0.5876201720357564
matrix_transformer,masked_reconstruction,20,fold_3,1,20,0.65,ok,,37004,2643,0.07142471084207112,1011,0.027321370662631066,0.635262958758986,0.40711786037222025,0.3293768545994065,-345.0,-345.0,0.027322109018187716,unit_payoff,unit_proxy,0.0,0.0,0.12145289443813848,0.6942867953083617,0.18426031025349981,0.00037835792659856227,0.6174801362088536,0.38214150586454787
matrix_transformer,masked_reconstruction,20,fold_3,1,20,0.7,ok,,37004,1255,0.03391525240514539,131,0.0035401578207761323,0.8326693227091634,0.4253244178978249,0.33587786259541985,-43.0,-43.0,0.00354025349296003,unit_payoff,unit_proxy,0.0,0.0,0.05657370517928287,0.8557768924302789,0.08764940239043825,0.0,0.895617529880478,0.10438247011952191
matrix_transformer,masked_reconstruction,20,fold_3,1,20,0.75,ok,,37004,824,0.022267862933736893,0,0.0,0.9235436893203883,0.3200841219768665,,0.0,0.0,0.0,unit_payoff,unit_proxy,0.0,0.0,0.032766990291262135,0.9235436893203883,0.043689320388349516,0.0,1.0,0.0
matrix_transformer,masked_reconstruction,20,fold_3,1,20,0.8,ok,,37004,479,0.012944546535509674,0,0.0,0.9582463465553236,0.326226012793177,,0.0,0.0,0.0,unit_payoff,unit_proxy,0.0,0.0,0.020876826722338204,0.9582463465553236,0.020876826722338204,0.0,1.0,0.0
matrix_transformer,masked_reconstruction,20,fold_3,1,20,0.85,ok,,37004,140,0.0037833747702951032,0,0.0,0.9714285714285714,0.3285024154589372,,0.0,0.0,0.0,unit_payoff,unit_proxy,0.0,0.0,0.02142857142857143,0.9714285714285714,0.007142857142857143,0.0,1.0,0.0
matrix_transformer,masked_reconstruction,20,fold_3,1,20,0.9,ok,,37004,14,0.0003783374770295103,0,0.0,1.0,0.3333333333333333,,0.0,0.0,0.0,unit_payoff,unit_proxy,0.0,0.0,0.0,1.0,0.0,0.0,1.0,0.0
matrix_transformer,masked_reconstruction,20,fold_3,1,20,0.95,skipped,too few samples remain after confidence filtering,37004,0,0.0,0,0.0,,,,0.0,0.0,0.0,unit_payoff,unit_proxy,0.0,0.0,,,,,,
matrix_transformer,masked_reconstruction,20,fold_3,2,20,0.33,ok,,37004,37004,1.0,26300,0.7107339747054372,0.3736082585666414,0.3696281733372106,0.3002281368821293,-10508.0,-10508.0,0.7107531821744183,unit_payoff,unit_proxy,0.0,0.0,0.2503242892660253,0.4835693438547184,0.2661063668792563,0.4522484055777754,0.28926602529456275,0.25848556912766185
matrix_transformer,masked_reconstruction,20,fold_3,2,20,0.35,ok,,37004,36641,0.9901902497027348,26063,0.7043292617014377,0.3738980923009743,0.36992274757831245,0.3002724168361278,-10411.0,-10411.0,0.7043482960841013,unit_payoff,unit_proxy,0.0,0.0,0.2494746322425698,0.4843481346033132,0.26617723315411695,0.45301711197838485,0.28869299418683986,0.25828989383477524
matrix_transformer,masked_reconstruction,20,fold_3,2,20,0.4,ok,,37004,31054,0.8392065722624581,22060,0.5961517673764999,0.38075610227345913,0.3751296383958656,0.3012692656391659,-8768.0,-8768.0,0.5961678782801394,unit_payoff,unit_proxy,0.0,0.0,0.24560443099117665,0.4911122560700715,0.26328331293875185,0.464610034134089,0.2896245250209313,0.2457654408449797
matrix_transformer,masked_reconstruction,20,fold_3,2,20,0.45,ok,,37004,21559,0.5826126905199438,14440,0.3902280834504378,0.4013173152743634,0.3874847167905136,0.3007617728531856,-5754.0,-5754.0,0.390238629300327,unit_payoff,unit_proxy,0.0,0.0,0.2413377243842479,0.5095783663435224,0.2490839092722297,0.4567466023470476,0.3302101210631291,0.21304327658982328
matrix_transformer,masked_reconstruction,20,fold_3,2,20,0.5,ok,,37004,11340,0.30645335639390336,5861,0.1583882823478543,0.4667548500881834,0.40829597327224576,0.2994369561508275,-2351.0,-2351.0,0.1583925627651812,unit_payoff,unit_proxy,0.0,0.0,0.21631393298059964,0.5617283950617284,0.22195767195767196,0.3927689594356261,0.4831569664902998,0.12407407407407407
matrix_transformer,masked_reconstruction,20,fold_3,2,20,0.55,ok,,37004,5819,0.15725326991676575,1712,0.04626526861960869,0.5774188004811823,0.3995743313386157,0.30957943925233644,-652.0,-652.0,0.0462665189308975,unit_payoff,unit_proxy,0.0,0.0,0.18302113765251762,0.6310362605258636,0.18594260182161884,0.26224437188520366,0.7057913730881594,0.03196425502663688
matrix_transformer,masked_reconstruction,20,fold_3,2,20,0.6,ok,,37004,3167,0.08558534212517566,273,0.007377580802075451,0.7208714872118724,0.3736255026767439,0.34798534798534797,-83.0,-83.0,0.007377780179985406,unit_payoff,unit_proxy,0.0,0.0,0.12882854436375119,0.7290811493526997,0.1420903062835491,0.08556994000631513,0.9137985475213135,0.0006315124723713293
matrix_transformer,masked_reconstruction,20,fold_3,2,20,0.65,ok,,37004,2133,0.05764241703599611,30,0.0008107231650632364,0.8049695264885138,0.31817292644757433,0.23333333333333334,-16.0,-16.0,0.000810745074723671,unit_payoff,unit_proxy,0.0,0.0,0.09095171120487576,0.8115330520393812,0.09751523675574308,0.014064697609001406,0.9859353023909986,0.0
matrix_transformer,masked_reconstruction,20,fold_3,2,20,0.7,ok,,37004,1479,0.039968652037617555,0,0.0,0.8688302907369845,0.3099372889532079,,0.0,0.0,0.0,unit_payoff,unit_proxy,0.0,0.0,0.06288032454361055,0.8688302907369845,0.068289384719405,0.0,1.0,0.0
matrix_transformer,masked_reconstruction,20,fold_3,2,20,0.75,ok,,37004,1053,0.028456383093719596,0,0.0,0.905982905982906,0.31689088191330345,,0.0,0.0,0.0,unit_payoff,unit_proxy,0.0,0.0,0.042735042735042736,0.905982905982906,0.05128205128205128,0.0,1.0,0.0
matrix_transformer,masked_reconstruction,20,fold_3,2,20,0.8,ok,,37004,705,0.019051994378986057,0,0.0,0.9404255319148936,0.3230994152046784,,0.0,0.0,0.0,unit_payoff,unit_proxy,0.0,0.0,0.02553191489361702,0.9404255319148936,0.03404255319148936,0.0,1.0,0.0
matrix_transformer,masked_reconstruction,20,fold_3,2,20,0.85,ok,,37004,334,0.009026051237704032,0,0.0,0.9431137724550899,0.3235747303543914,,0.0,0.0,0.0,unit_payoff,unit_proxy,0.0,0.0,0.023952095808383235,0.9431137724550899,0.03293413173652695,0.0,1.0,0.0
matrix_transformer,masked_reconstruction,20,fold_3,2,20,0.9,ok,,37004,92,0.002486217706193925,0,0.0,0.9891304347826086,0.331511839708561,,0.0,0.0,0.0,unit_payoff,unit_proxy,0.0,0.0,0.010869565217391304,0.9891304347826086,0.0,0.0,1.0,0.0
matrix_transformer,masked_reconstruction,20,fold_3,2,20,0.95,skipped,too few samples remain after confidence filtering,37004,0,0.0,0,0.0,,,,0.0,0.0,0.0,unit_payoff,unit_proxy,0.0,0.0,,,,,,
matrix_transformer,masked_reconstruction,20,fold_4,0,20,0.33,ok,,34766,34766,1.0,23526,0.6766956221595812,0.3906690444687338,0.38507608927538817,0.32823259372609026,-8082.0,-8082.0,0.6767150870128003,unit_payoff,unit_proxy,0.0,0.0,0.26721509520796183,0.4648219524823103,0.2679629523097279,0.40930794454351954,0.3233043778404188,0.2673876776160617
matrix_transformer,masked_reconstruction,20,fold_4,0,20,0.35,ok,,34766,34203,0.9838060173732958,23141,0.6656215843065063,0.3911937549337777,0.38537104297479213,0.32760036299209194,-7979.0,-7979.0,0.6656407306198763,unit_payoff,unit_proxy,0.0,0.0,0.2663509048913838,0.46706429260591176,0.26658480250270444,0.4104025962634857,0.323421922053621,0.2661754816828933
matrix_transformer,masked_reconstruction,20,fold_4,0,20,0.4,ok,,34766,26385,0.7589311396191681,17528,0.5041707415290801,0.40144021224180404,0.3885454275336877,0.3166932907348243,-6426.0,-6426.0,0.5041852437796635,unit_payoff,unit_proxy,0.0,0.0,0.2537426568125829,0.49850293727496686,0.24775440591245027,0.4322531741519803,0.3356831533068031,0.2320636725412166
matrix_transformer,masked_reconstruction,20,fold_4,0,20,0.45,ok,,34766,16211,0.46628890295115916,10246,0.2947132255652074,0.42162729011165256,0.3881042574555462,0.29670115166894395,-4166.0,-4166.0,0.29472170286207394,unit_payoff,unit_proxy,0.0,0.0,0.23971377459749552,0.5488248720004935,0.21146135340201097,0.45444451298501015,0.36796002714206405,0.1775954598729258
matrix_transformer,masked_reconstruction,20,fold_4,0,20,0.5,ok,,34766,8293,0.23853765172870045,4390,0.12627279525973653,0.4811286627276016,0.40369493472970924,0.2895216400911162,-1848.0,-1848.0,0.1262764274413922,unit_payoff,unit_proxy,0.0,0.0,0.2198239479078741,0.603882792716749,0.17629325937537682,0.4090196551308332,0.4706378873748945,0.12034245749427228
matrix_transformer,masked_reconstruction,20,fold_4,0,20,0.55,ok,,34766,4123,0.1185928780992924,1433,0.04121843180118506,0.5942275042444821,0.42959627016385094,0.2903000697836706,-601.0,-601.0,0.04121961743132461,unit_payoff,unit_proxy,0.0,0.0,0.1848168809119573,0.6825127334465195,0.13267038564152317,0.2789231142372059,0.6524375454765947,0.06863934028619936
matrix_transformer,masked_reconstruction,20,fold_4,0,20,0.6,ok,,34766,2201,0.06330898003796813,300,0.008629120404993385,0.7323943661971831,0.4102215623519115,0.27,-138.0,-138.0,0.008629368617862792,unit_payoff,unit_proxy,0.0,0.0,0.1340299863698319,0.7755565651976375,0.09041344843253067,0.1076783280327124,0.8636983189459336,0.02862335302135393
matrix_transformer,masked_reconstruction,20,fold_4,0,20,0.65,ok,,34766,1210,0.03480411896680665,11,0.0003164010815164241,0.8479338842975207,0.33999294142920716,0.36363636363636365,-3.0,-3.0,0.0003164101826549691,unit_payoff,unit_proxy,0.0,0.0,0.09008264462809917,0.8504132231404958,0.05950413223140496,0.004132231404958678,0.990909090909091,0.0049586776859504135
matrix_transformer,masked_reconstruction,20,fold_4,0,20,0.7,ok,,34766,653,0.018782718748202268,0,0.0,0.8820826952526799,0.3124491456468674,,0.0,0.0,0.0,unit_payoff,unit_proxy,0.0,0.0,0.07044410413476264,0.8820826952526799,0.04747320061255743,0.0,1.0,0.0
matrix_transformer,masked_reconstruction,20,fold_4,0,20,0.75,ok,,34766,289,0.00831271932347696,0,0.0,0.9377162629757786,0.32261904761904764,,0.0,0.0,0.0,unit_payoff,unit_proxy,0.0,0.0,0.04844290657439446,0.9377162629757786,0.01384083044982699,0.0,1.0,0.0
matrix_transformer,masked_reconstruction,20,fold_4,0,20,0.8,ok,,34766,87,0.0025024449174480814,0,0.0,0.9655172413793104,0.32748538011695905,,0.0,0.0,0.0,unit_payoff,unit_proxy,0.0,0.0,0.034482758620689655,0.9655172413793104,0.0,0.0,1.0,0.0
matrix_transformer,masked_reconstruction,20,fold_4,0,20,0.85,ok,,34766,9,0.0002588736121498015,0,0.0,1.0,0.3333333333333333,,0.0,0.0,0.0,unit_payoff,unit_proxy,0.0,0.0,0.0,1.0,0.0,0.0,1.0,0.0
matrix_transformer,masked_reconstruction,20,fold_4,0,20,0.9,skipped,too few samples remain after confidence filtering,34766,0,0.0,0,0.0,,,,0.0,0.0,0.0,unit_payoff,unit_proxy,0.0,0.0,,,,,,
matrix_transformer,masked_reconstruction,20,fold_4,0,20,0.95,skipped,too few samples remain after confidence filtering,34766,0,0.0,0,0.0,,,,0.0,0.0,0.0,unit_payoff,unit_proxy,0.0,0.0,,,,,,
matrix_transformer,masked_reconstruction,20,fold_4,1,20,0.33,ok,,34766,34766,1.0,28697,0.8254328942069838,0.38195363285969053,0.3815024865771819,0.3287800118479284,-9827.0,-9827.0,0.8254566374226953,unit_payoff,unit_proxy,0.0,0.0,0.26721509520796183,0.4648219524823103,0.2679629523097279,0.36086981533682333,0.17456710579301615,0.4645630788701605
matrix_transformer,masked_reconstruction,20,fold_4,1,20,0.35,ok,,34766,34370,0.9886095610654088,28404,0.8170051199447737,0.3823683444864708,0.38193705042645726,0.3290381636389241,-9712.0,-9712.0,0.8170286207392492,unit_payoff,unit_proxy,0.0,0.0,0.26744253709630494,0.46534768693628165,0.26720977596741347,0.35976141984288623,0.17358161187081758,0.4666569682862962
matrix_transformer,masked_reconstruction,20,fold_4,1,20,0.4,ok,,34766,28150,0.8096991313352125,23092,0.6642121613070241,0.3874955595026643,0.38745676619902425,0.32794907327212885,-7946.0,-7946.0,0.6642312670789587,unit_payoff,unit_proxy,0.0,0.0,0.2629840142095915,0.4769094138543517,0.26010657193605685,0.32575488454706925,0.1796802841918295,0.49456483126110123
matrix_transformer,masked_reconstruction,20,fold_4,1,20,0.45,ok,,34766,17129,0.49269401139043895,13405,0.3855778634297877,0.3944772024052776,0.3896481185185408,0.3095113763521074,-5107.0,-5107.0,0.38558895440816915,unit_payoff,unit_proxy,0.0,0.0,0.23971043259968475,0.525191196216942,0.23509837118337323,0.23054469029131883,0.21740907233346957,0.5520462373752116
matrix_transformer,masked_reconstruction,20,fold_4,1,20,0.5,ok,,34766,9460,0.27210493010412473,6615,0.19027210493010413,0.41723044397463,0.37578175518206275,0.2799697656840514,-2911.0,-2911.0,0.1902775780238746,unit_payoff,unit_proxy,0.0,0.0,0.19608879492600423,0.5896405919661734,0.21427061310782242,0.12367864693446089,0.3007399577167019,0.5755813953488372
matrix_transformer,masked_reconstruction,20,fold_4,1,20,0.55,ok,,34766,5524,0.1588908703906115,3240,0.09319450037392855,0.4882331643736423,0.3958733325324861,0.2882716049382716,-1372.0,-1372.0,0.09319718107291816,unit_payoff,unit_proxy,0.0,0.0,0.16980448950036206,0.6269007965242578,0.20329471397538015,0.08128167994207096,0.41346850108616945,0.5052498189717596
matrix_transformer,masked_reconstruction,20,fold_4,1,20,0.6,ok,,34766,3108,0.08939768739573146,1259,0.036213541966288905,0.6023166023166023,0.4099905610024826,0.3050039714058777,-491.0,-491.0,0.03621458363296419,unit_payoff,unit_proxy,0.0,0.0,0.14221364221364222,0.6879021879021879,0.16988416988416988,0.023809523809523808,0.5949163449163449,0.3812741312741313
matrix_transformer,masked_reconstruction,20,fold_4,1,20,0.65,ok,,34766,1763,0.050710464246677786,282,0.008111373180693781,0.7651730005672149,0.44671897888674755,0.39361702127659576,-60.0,-60.0,0.008111606500791025,unit_payoff,unit_proxy,0.0,0.0,0.09585933068633012,0.7810550198525241,0.12308564946114578,0.0045377197958026095,0.840045377197958,0.15541690300623937
matrix_transformer,masked_reconstruction,20,fold_4,1,20,0.7,ok,,34766,980,0.028188459989645056,30,0.0008629120404993384,0.8520408163265306,0.38373905616058085,0.4,-6.0,-6.0,0.0008629368617862793,unit_payoff,unit_proxy,0.0,0.0,0.07244897959183673,0.8510204081632653,0.07653061224489796,0.0,0.9693877551020408,0.030612244897959183
matrix_transformer,masked_reconstruction,20,fold_4,1,20,0.75,ok,,34766,477,0.013720301443939481,2,5.752746936662256e-05,0.8951781970649895,0.3529100529100529,1.0,2.0,2.0,5.752912411908529e-05,unit_payoff,unit_proxy,0.0,0.0,0.039832285115303984,0.8909853249475891,0.06918238993710692,0.0,0.9958071278825996,0.0041928721174004195
matrix_transformer,masked_reconstruction,20,fold_4,1,20,0.8,ok,,34766,212,0.006097911752861992,0,0.0,0.9292452830188679,0.3211083944580277,,0.0,0.0,0.0,unit_payoff,unit_proxy,0.0,0.0,0.02358490566037736,0.9292452830188679,0.04716981132075472,0.0,1.0,0.0
matrix_transformer,masked_reconstruction,20,fold_4,1,20,0.85,ok,,34766,17,0.0004889834896162918,0,0.0,1.0,0.3333333333333333,,0.0,0.0,0.0,unit_payoff,unit_proxy,0.0,0.0,0.0,1.0,0.0,0.0,1.0,0.0
matrix_transformer,masked_reconstruction,20,fold_4,1,20,0.9,skipped,too few samples remain after confidence filtering,34766,0,0.0,0,0.0,,,,0.0,0.0,0.0,unit_payoff,unit_proxy,0.0,0.0,,,,,,
matrix_transformer,masked_reconstruction,20,fold_4,1,20,0.95,skipped,too few samples remain after confidence filtering,34766,0,0.0,0,0.0,,,,0.0,0.0,0.0,unit_payoff,unit_proxy,0.0,0.0,,,,,,
matrix_transformer,masked_reconstruction,20,fold_4,2,20,0.33,ok,,34766,34766,1.0,26030,0.7487200138065927,0.3850025887361215,0.38430212839715683,0.32646945831732616,-9034.0,-9034.0,0.748741550409895,unit_payoff,unit_proxy,0.0,0.0,0.26721509520796183,0.4648219524823103,0.2679629523097279,0.30164528562388543,0.25127998619340736,0.4470747281827072
matrix_transformer,masked_reconstruction,20,fold_4,2,20,0.35,ok,,34766,34102,0.9809008801702813,25556,0.7350860035667031,0.385930443962231,0.3852330360931719,0.32692909688527155,-8846.0,-8846.0,0.7351071479936718,unit_payoff,unit_proxy,0.0,0.0,0.2681074423787461,0.4661016949152542,0.26579086270599966,0.29936660606416043,0.25060113776318105,0.4500322561726585
matrix_transformer,masked_reconstruction,20,fold_4,2,20,0.4,ok,,34766,23151,0.6659092216533394,16840,0.48438129206696195,0.3951017234676688,0.389051237821767,0.3159144893111639,-6200.0,-6200.0,0.4843952250826981,unit_payoff,unit_proxy,0.0,0.0,0.2530776208371129,0.5059392682821476,0.24098311088073948,0.22154550559371086,0.2726016154809727,0.5058528789253164
matrix_transformer,masked_reconstruction,20,fold_4,2,20,0.45,ok,,34766,12453,0.3581947880112754,8756,0.25185526088707355,0.4044005460531599,0.3739659444149177,0.2828917313841937,-3802.0,-3802.0,0.25186250539335536,unit_payoff,unit_proxy,0.0,0.0,0.21416526138279932,0.5679755882116759,0.21785915040552478,0.1307315506303702,0.2968762547177387,0.5723921946518911
matrix_transformer,masked_reconstruction,20,fold_4,2,20,0.5,ok,,34766,6873,0.19769314847839844,4525,0.13015589944198355,0.44245598719627527,0.372764157701158,0.2665193370165746,-2113.0,-2113.0,0.13015964331943047,unit_payoff,unit_proxy,0.0,0.0,0.17721518987341772,0.6227266113778553,0.2000581987487269,0.08438818565400844,0.3416266550269169,0.5739851593190747
matrix_transformer,masked_reconstruction,20,fold_4,2,20,0.55,ok,,34766,3940,0.11332911465224645,2054,0.05908071103952137,0.5347715736040609,0.407349166793713,0.2750730282375852,-924.0,-924.0,0.05908241047030059,unit_payoff,unit_proxy,0.0,0.0,0.14771573604060914,0.6771573604060914,0.1751269035532995,0.05380710659898477,0.47868020304568526,0.46751269035532994
matrix_transformer,masked_reconstruction,20,fold_4,2,20,0.6,ok,,34766,2131,0.06129551861013634,584,0.016798021055053788,0.675739089629282,0.40534009522037445,0.2517123287671233,-290.0,-290.0,0.016798504242772905,unit_payoff,unit_proxy,0.0,0.0,0.10464570624120131,0.7728765837634913,0.12247770999530737,0.01923979352416706,0.7259502580947912,0.25480994838104176
matrix_transformer,masked_reconstruction,20,fold_4,2,20,0.65,ok,,34766,1389,0.03995282747511937,109,0.0031352470804809295,0.8106551475881929,0.39406312346666966,0.28440366972477066,-47.0,-47.0,0.0031353372644901483,unit_payoff,unit_proxy,0.0,0.0,0.08135349172066235,0.8308135349172067,0.08783297336213103,0.003599712023038157,0.9215262778977682,0.07487401007919367
matrix_transformer,masked_reconstruction,20,fold_4,2,20,0.7,ok,,34766,990,0.028476097336478167,13,0.00037392855088304663,0.8606060606060606,0.3547083492184522,0.46153846153846156,-1.0,-1.0,0.00037393930677405435,unit_payoff,unit_proxy,0.0,0.0,0.06464646464646465,0.8616161616161616,0.07373737373737374,0.0,0.9868686868686869,0.013131313131313131
matrix_transformer,masked_reconstruction,20,fold_4,2,20,0.75,ok,,34766,608,0.017488350687453257,1,2.876373468331128e-05,0.8947368421052632,0.3299341238471673,1.0,1.0,1.0,2.8764562059542644e-05,unit_payoff,unit_proxy,0.0,0.0,0.03618421052631579,0.8930921052631579,0.07072368421052631,0.0,0.9983552631578947,0.001644736842105263
matrix_transformer,masked_reconstruction,20,fold_4,2,20,0.8,ok,,34766,336,0.009664614853592591,0,0.0,0.9375,0.3225806451612903,,0.0,0.0,0.0,unit_payoff,unit_proxy,0.0,0.0,0.017857142857142856,0.9375,0.044642857142857144,0.0,1.0,0.0
matrix_transformer,masked_reconstruction,20,fold_4,2,20,0.85,ok,,34766,109,0.0031352470804809295,0,0.0,0.944954128440367,0.3238993710691824,,0.0,0.0,0.0,unit_payoff,unit_proxy,0.0,0.0,0.009174311926605505,0.944954128440367,0.045871559633027525,0.0,1.0,0.0
matrix_transformer,masked_reconstruction,20,fold_4,2,20,0.9,ok,,34766,16,0.0004602197549329805,0,0.0,1.0,0.3333333333333333,,0.0,0.0,0.0,unit_payoff,unit_proxy,0.0,0.0,0.0,1.0,0.0,0.0,1.0,0.0
matrix_transformer,masked_reconstruction,20,fold_4,2,20,0.95,skipped,too few samples remain after confidence filtering,34766,0,0.0,0,0.0,,,,0.0,0.0,0.0,unit_payoff,unit_proxy,0.0,0.0,,,,,,
matrix_transformer,masked_reconstruction,20,fold_5,0,20,0.33,ok,,39133,39133,1.0,22505,0.5750900774282575,0.4301995758055861,0.3899529263227501,0.3123305932015108,-8447.0,-8447.0,0.5751047735868343,unit_payoff,unit_proxy,0.0,0.0,0.2462371911174712,0.504919121968671,0.24884368691385786,0.11535021593028902,0.42490992257174254,0.45973986149796847
matrix_transformer,masked_reconstruction,20,fold_5,0,20,0.35,ok,,39133,38777,0.9909028185930033,22246,0.5684716224158638,0.43144131830724397,0.3904537096582083,0.3122359075788906,-8354.0,-8354.0,0.5684861494429112,unit_payoff,unit_proxy,0.0,0.0,0.24548056837816232,0.5068984191660004,0.24762101245583723,0.11313407432240762,0.42630941021739693,0.4605565154601955
matrix_transformer,masked_reconstruction,20,fold_5,0,20,0.4,ok,,39133,34299,0.8764725423555567,18836,0.48133289039940713,0.4403626927898773,0.38035374132179695,0.29894882140581863,-7574.0,-7574.0,0.48134519063681896,unit_payoff,unit_proxy,0.0,0.0,0.22997755036589987,0.534009737893233,0.23601271174086708,0.08113939181900347,0.450829470246946,0.46803113793405055
matrix_transformer,masked_reconstruction,20,fold_5,0,20,0.45,ok,,39133,26938,0.6883704290496512,13616,0.3479416349372652,0.4625436186799317,0.3537697792210536,0.2821680376028202,-5932.0,-5932.0,0.34795052642338753,unit_payoff,unit_proxy,0.0,0.0,0.2050634791001559,0.5706437003489494,0.22429282055089464,0.026282574801395796,0.49454302472343903,0.4791744004751652
matrix_transformer,masked_reconstruction,20,fold_5,0,20,0.5,ok,,39133,21049,0.5378836276288554,9591,0.24508726650141824,0.49817093448619887,0.346366308683229,0.2725471796475863,-4363.0,-4363.0,0.24509352959214964,unit_payoff,unit_proxy,0.0,0.0,0.17877333840087414,0.6131407667822699,0.2080858948168559,0.007078721079386194,0.5443489001852819,0.44857237873533184
matrix_transformer,masked_reconstruction,20,fold_5,0,20,0.55,ok,,39133,16151,0.4127207216415813,6341,0.1620371553420387,0.5479536870781995,0.358542313437295,0.26762340324869893,-2947.0,-2947.0,0.16204129612593274,unit_payoff,unit_proxy,0.0,0.0,0.15243638164819515,0.6585350752275401,0.18902854312426476,0.004024518605659093,0.6073927311002415,0.38858275029409944
matrix_transformer,masked_reconstruction,20,fold_5,0,20,0.6,ok,,39133,12202,0.3118084481128459,3756,0.09598037461988602,0.6145713817406983,0.3720357860228846,0.2715654952076677,-1716.0,-1716.0,0.09598282735357253,unit_payoff,unit_proxy,0.0,0.0,0.12801180134404197,0.7079167349614818,0.1640714636944763,0.0007375840026225209,0.6921816095722013,0.3070808064251762
matrix_transformer,masked_reconstruction,20,fold_5,0,20,0.65,ok,,39133,8907,0.22760841233741344,1777,0.04540924539391306,0.6915908835747165,0.37598459551255,0.2566122678671919,-865.0,-865.0,0.045410405805989984,unit_payoff,unit_proxy,0.0,0.0,0.1047490737622095,0.76333221062086,0.1319187156169305,0.0,0.8004939934882677,0.19950600651173234
matrix_transformer,masked_reconstruction,20,fold_5,0,20,0.7,ok,,39133,6617,0.16909002632049677,697,0.017811054608642324,0.765603747922019,0.35976022739122127,0.20229555236728838,-415.0,-415.0,0.01781150976183175,unit_payoff,unit_proxy,0.0,0.0,0.08432824542844189,0.8183466827867614,0.09732507178479674,0.0,0.8946652561583799,0.10533474384162007
matrix_transformer,masked_reconstruction,20,fold_5,0,20,0.75,ok,,39133,4887,0.12488181330335012,181,0.004625252344568523,0.8297524043380397,0.3301082119048042,0.12154696132596685,-137.0,-137.0,0.0046253705407339266,unit_payoff,unit_proxy,0.0,0.0,0.07264170247595662,0.8555350931041539,0.0718232044198895,0.0,0.9629629629629629,0.037037037037037035
matrix_transformer,masked_reconstruction,20,fold_5,0,20,0.8,ok,,39133,3450,0.08816088723072599,21,0.0005366314874913756,0.88,0.32121134896364256,0.14285714285714285,-15.0,-15.0,0.0005366452008586323,unit_payoff,unit_proxy,0.0,0.0,0.058550724637681156,0.8843478260869565,0.05710144927536232,0.0,0.9939130434782608,0.00608695652173913
matrix_transformer,masked_reconstruction,20,fold_5,0,20,0.85,ok,,39133,1761,0.04500038330820535,0,0.0,0.8977853492333902,0.31538001196888094,,0.0,0.0,0.0,unit_payoff,unit_proxy,0.0,0.0,0.049403747870528106,0.8977853492333902,0.05281090289608177,0.0,1.0,0.0
matrix_transformer,masked_reconstruction,20,fold_5,0,20,0.9,ok,,39133,270,0.006899547696317686,0,0.0,0.9481481481481482,0.3244613434727503,,0.0,0.0,0.0,unit_payoff,unit_proxy,0.0,0.0,0.025925925925925925,0.9481481481481482,0.025925925925925925,0.0,1.0,0.0
matrix_transformer,masked_reconstruction,20,fold_5,0,20,0.95,skipped,too few samples remain after confidence filtering,39133,0,0.0,0,0.0,,,,0.0,0.0,0.0,unit_payoff,unit_proxy,0.0,0.0,,,,,,
matrix_transformer,masked_reconstruction,20,fold_5,1,20,0.33,ok,,39133,39133,1.0,24112,0.6161551631615261,0.4350037053126517,0.40133423207966307,0.31494691439946915,-8924.0,-8924.0,0.6161709087192068,unit_payoff,unit_proxy,0.0,0.0,0.2462371911174712,0.504919121968671,0.24884368691385786,0.12145759333554801,0.3838448368384739,0.49469756982597807
matrix_transformer,masked_reconstruction,20,fold_5,1,20,0.35,ok,,39133,38837,0.9924360514144073,23904,0.6108399560473258,0.43574426449004816,0.40154139982311693,0.3146335341365462,-8862.0,-8862.0,0.6108555657773689,unit_payoff,unit_proxy,0.0,0.0,0.24587378015809666,0.5063470401936297,0.24777917964827356,0.11985992738883024,0.38450446738934524,0.49563560522182454
matrix_transformer,masked_reconstruction,20,fold_5,1,20,0.4,ok,,39133,34591,0.8839342754197225,20844,0.5326450821557254,0.44150212483015816,0.3934778996772252,0.3030128574170025,-8212.0,-8212.0,0.5326586936522539,unit_payoff,unit_proxy,0.0,0.0,0.2341649562024804,0.5299066231100575,0.23592842068746206,0.0910930588881501,0.3974155127056171,0.5114914284062329
matrix_transformer,masked_reconstruction,20,fold_5,1,20,0.45,ok,,39133,28437,0.7266756957043927,16511,0.42192011857000483,0.45567394591553256,0.37978542079382954,0.2874447338138211,-7019.0,-7019.0,0.4219309005417561,unit_payoff,unit_proxy,0.0,0.0,0.2154235678869079,0.5649681752646201,0.21960825684847207,0.051622885677110805,0.4193831979463375,0.5289939163765517
matrix_transformer,masked_reconstruction,20,fold_5,1,20,0.5,ok,,39133,22838,0.5835995195870493,12440,0.3178902716377482,0.48112794465364744,0.37055924845634247,0.2809485530546624,-5450.0,-5450.0,0.3178983951753041,unit_payoff,unit_proxy,0.0,0.0,0.1921359138278308,0.5987389438654873,0.20912514230668183,0.026096856116997986,0.4552938085646729,0.5186093353183291
matrix_transformer,masked_reconstruction,20,fold_5,1,20,0.55,ok,,39133,17637,0.4506937878516853,8638,0.22073441852145248,0.5164143561830243,0.36725815535188255,0.2706645056726094,-3962.0,-3962.0,0.22074005928651744,unit_payoff,unit_proxy,0.0,0.0,0.16811249078641494,0.640301638600669,0.19158587061291601,0.012813970629925724,0.5102341668084142,0.47695186256166017
matrix_transformer,masked_reconstruction,20,fold_5,1,20,0.6,ok,,39133,13045,0.33335036925357114,5232,0.1336979020264227,0.5727865082407052,0.37617752388973985,0.25840978593272174,-2528.0,-2528.0,0.13370131861392212,unit_payoff,unit_proxy,0.0,0.0,0.1471828286699885,0.6894595630509773,0.16335760827903412,0.007895745496358759,0.5989267918742813,0.39317746262935993
matrix_transformer,masked_reconstruction,20,fold_5,1,20,0.65,ok,,39133,9082,0.23208034139984157,2310,0.059029463624051315,0.6606474344857961,0.38261852948995756,0.23982683982683983,-1202.0,-1202.0,0.05903097209444955,unit_payoff,unit_proxy,0.0,0.0,0.11539308522351904,0.7563312045804889,0.12827571019599207,0.005285179475886369,0.7456507377229685,0.24906408280114511
matrix_transformer,masked_reconstruction,20,fold_5,1,20,0.7,ok,,39133,6075,0.15523982316714793,245,0.0062607006873993815,0.7947325102880658,0.3208993234282725,0.11428571428571428,-189.0,-189.0,0.006260860676684044,unit_payoff,unit_proxy,0.0,0.0,0.0959670781893004,0.8212345679012346,0.08279835390946502,0.0008230452674897119,0.9596707818930041,0.03950617283950617
matrix_transformer,masked_reconstruction,20,fold_5,1,20,0.75,ok,,39133,5052,0.1290982035622109,0,0.0,0.8418448139350753,0.3047107289987462,,0.0,0.0,0.0,unit_payoff,unit_proxy,0.0,0.0,0.08570863024544735,0.8418448139350753,0.07244655581947744,0.0,1.0,0.0
matrix_transformer,masked_reconstruction,20,fold_5,1,20,0.8,ok,,39133,4324,0.1104949786625099,0,0.0,0.8630897317298798,0.30883813306852037,,0.0,0.0,0.0,unit_payoff,unit_proxy,0.0,0.0,0.07261794634597594,0.8630897317298798,0.06429232192414432,0.0,1.0,0.0
matrix_transformer,masked_reconstruction,20,fold_5,1,20,0.85,ok,,39133,3554,0.09081849078782613,0,0.0,0.8860438942037141,0.31319309761798203,,0.0,0.0,0.0,unit_payoff,unit_proxy,0.0,0.0,0.062183455261676984,0.8860438942037141,0.05177265053460889,0.0,1.0,0.0
matrix_transformer,masked_reconstruction,20,fold_5,1,20,0.9,ok,,39133,1535,0.039225206347583884,0,0.0,0.9224755700325733,0.3198915621823111,,0.0,0.0,0.0,unit_payoff,unit_proxy,0.0,0.0,0.03973941368078176,0.9224755700325733,0.03778501628664495,0.0,1.0,0.0
matrix_transformer,masked_reconstruction,20,fold_5,1,20,0.95,skipped,too few samples remain after confidence filtering,39133,0,0.0,0,0.0,,,,0.0,0.0,0.0,unit_payoff,unit_proxy,0.0,0.0,,,,,,
matrix_transformer,masked_reconstruction,20,fold_5,2,20,0.33,ok,,39133,39133,1.0,24864,0.6353716811897887,0.4440753328392916,0.4250846066566096,0.33047779922779924,-8430.0,-8430.0,0.6353879178166206,unit_payoff,unit_proxy,0.0,0.0,0.2462371911174712,0.504919121968671,0.24884368691385786,0.17632177446145197,0.36462831881021135,0.4590499067283367
matrix_transformer,masked_reconstruction,20,fold_5,2,20,0.35,ok,,39133,38698,0.9888840620448215,24572,0.6279099481256228,0.44454493772287973,0.42515732320966676,0.32956210320690216,-8376.0,-8376.0,0.6279259940713483,unit_payoff,unit_proxy,0.0,0.0,0.24554240529226318,0.5065636467000879,0.24789394800764897,0.17460850689958138,0.36503178458835084,0.4603597085120678
matrix_transformer,masked_reconstruction,20,fold_5,2,20,0.4,ok,,39133,34476,0.8809955791786983,21904,0.5597321953338614,0.451009397841977,0.42766066286113763,0.32176771365960555,-7808.0,-7808.0,0.5597464990289277,unit_payoff,unit_proxy,0.0,0.0,0.23825269752871564,0.5302819352593108,0.23146536721197356,0.15332405151409675,0.36465947325675835,0.4820164752291449
matrix_transformer,masked_reconstruction,20,fold_5,2,20,0.45,ok,,39133,27531,0.7035238801011934,17010,0.4346715048680142,0.466492317750899,0.42702353230852913,0.31152263374485595,-6412.0,-6412.0,0.4346826126954922,unit_payoff,unit_proxy,0.0,0.0,0.21804511278195488,0.5666702989357452,0.21528458828229996,0.1060985797827903,0.38215102974828374,0.5117503904689259
matrix_transformer,masked_reconstruction,20,fold_5,2,20,0.5,ok,,39133,19058,0.4870058518386017,10396,0.26565814018858763,0.512015951306538,0.4209211432287195,0.299730665640631,-4164.0,-4164.0,0.2656649289583972,unit_payoff,unit_proxy,0.0,0.0,0.17598908594815826,0.6228880260258159,0.20112288802602582,0.04869346206317557,0.45450729352502883,0.49679924441179557
matrix_transformer,masked_reconstruction,20,fold_5,2,20,0.55,ok,,39133,12941,0.330692765696471,5661,0.1446605166994608,0.5755351209334673,0.41342549663381684,0.28033916269210385,-2487.0,-2487.0,0.14466421343146274,unit_payoff,unit_proxy,0.0,0.0,0.14241557839425084,0.6892048527934472,0.16837956881230198,0.018313886098446797,0.5625531257244417,0.41913298817711153
matrix_transformer,masked_reconstruction,20,fold_5,2,20,0.6,ok,,39133,9105,0.2326680806480464,2907,0.07428513019702042,0.6507413509060955,0.4023764337340234,0.26590987272101824,-1361.0,-1361.0,0.07428702851885925,unit_payoff,unit_proxy,0.0,0.0,0.11257550796265788,0.7498077979132345,0.13761669412410762,0.005601317957166392,0.6807248764415157,0.31367380560131797
matrix_transformer,masked_reconstruction,20,fold_5,2,20,0.65,ok,,39133,6976,0.17826386936856362,1637,0.04183170214397056,0.7069954128440367,0.38862925260529746,0.24373854612095297,-839.0,-839.0,0.0418327711335991,unit_payoff,unit_proxy,0.0,0.0,0.09432339449541284,0.7935779816513762,0.11209862385321101,0.00014334862385321102,0.7653383027522935,0.2345183486238532
matrix_transformer,masked_reconstruction,20,fold_5,2,20,0.7,ok,,39133,5441,0.13903866302097972,956,0.024429509621035954,0.7533541628377136,0.38466042688761903,0.2196652719665272,-536.0,-536.0,0.02443013390575488,unit_payoff,unit_proxy,0.0,0.0,0.07939716963793421,0.829994486307664,0.09060834405440177,0.0,0.8242970042271641,0.17570299577283588
matrix_transformer,masked_reconstruction,20,fold_5,2,20,0.75,ok,,39133,4105,0.10489867886438556,489,0.012495847494442032,0.8036540803897686,0.38450447402897026,0.2085889570552147,-285.0,-285.0,0.012496166819993867,unit_payoff,unit_proxy,0.0,0.0,0.06577344701583435,0.8621193666260658,0.07210718635809987,0.0,0.8808769792935445,0.11912302070645554
matrix_transformer,masked_reconstruction,20,fold_5,2,20,0.8,ok,,39133,2966,0.07579280913806762,175,0.00447192906242813,0.8567093728927849,0.36415196214752865,0.1657142857142857,-117.0,-117.0,0.004472043340488603,unit_payoff,unit_proxy,0.0,0.0,0.049898853674983146,0.8934592043155766,0.056641942009440324,0.0,0.9409979770734996,0.059002022926500336
matrix_transformer,masked_reconstruction,20,fold_5,2,20,0.85,ok,,39133,1899,0.04852681879743439,0,0.0,0.9189046866771985,0.31924624954262715,,0.0,0.0,0.0,unit_payoff,unit_proxy,0.0,0.0,0.03686150605581885,0.9189046866771985,0.044233807266982623,0.0,1.0,0.0
matrix_transformer,masked_reconstruction,20,fold_5,2,20,0.9,ok,,39133,920,0.023509569928193596,0,0.0,0.9369565217391305,0.32248410026187807,,0.0,0.0,0.0,unit_payoff,unit_proxy,0.0,0.0,0.02717391304347826,0.9369565217391305,0.035869565217391305,0.0,1.0,0.0
matrix_transformer,masked_reconstruction,20,fold_5,2,20,0.95,skipped,too few samples remain after confidence filtering,39133,2,5.110776071346434e-05,0,0.0,,,,0.0,0.0,0.0,unit_payoff,unit_proxy,0.0,0.0,0.0,1.0,0.0,0.0,1.0,0.0
matrix_transformer,masked_reconstruction,50,fold_1,0,20,0.33,ok,,38378,38378,1.0,31725,0.8266454739694616,0.43832403981447704,0.42743696026092787,0.42565799842395585,-4717.0,-4717.0,0.8266670140969852,unit_payoff,unit_proxy,0.0,0.0,0.35864297253634897,0.30587836781489397,0.3354786596487571,0.45268122361769764,0.17335452603053833,0.373964250351764
matrix_transformer,masked_reconstruction,50,fold_1,0,20,0.35,ok,,38378,36170,0.942467038407421,30177,0.7863098650268383,0.4422449543820846,0.4298540245093428,0.4294330118964774,-4259.0,-4259.0,0.7863303541183522,unit_payoff,unit_proxy,0.0,0.0,0.3629803704727675,0.3023500138236107,0.3346696157036218,0.45797622338954935,0.16568979817528337,0.37633397843516725
matrix_transformer,masked_reconstruction,50,fold_1,0,20,0.4,ok,,38378,20991,0.5469539840533639,19322,0.5034655271249153,0.4471916535658139,0.4001186788031006,0.4471069247489908,-2044.0,-2044.0,0.5034786460640488,unit_payoff,unit_proxy,0.0,0.0,0.3975513315230337,0.2541089038159211,0.3483397646610452,0.4543375732456767,0.07951026630460674,0.4661521604497165
matrix_transformer,masked_reconstruction,50,fold_1,0,20,0.45,ok,,38378,13391,0.34892386262963154,12948,0.3373807910782219,0.4448510193413487,0.35789077564402677,0.44987642879209144,-1298.0,-1298.0,0.3373895823018996,unit_payoff,unit_proxy,0.0,0.0,0.4031065641102233,0.22171607796281084,0.3751773579269659,0.4104249122544993,0.03308192069300276,0.556493167052498
matrix_transformer,masked_reconstruction,50,fold_1,0,20,0.5,ok,,38378,9458,0.24644327479285008,9251,0.24104955964354577,0.44829773736519346,0.3496536716692386,0.45022159766511727,-921.0,-921.0,0.241055840737942,unit_payoff,unit_proxy,0.0,0.0,0.3783040812010996,0.21241277225629096,0.40928314654260944,0.3498625502220343,0.02188623387608374,0.628251215901882
matrix_transformer,masked_reconstruction,50,fold_1,0,20,0.55,ok,,38378,6887,0.17945176924279535,6715,0.1749700349158372,0.45244663859445333,0.34634179609049354,0.4552494415487714,-601.0,-601.0,0.17497459415795918,unit_payoff,unit_proxy,0.0,0.0,0.3616959488892116,0.20357194714679833,0.43473210396399015,0.30477711630608395,0.02497458980688253,0.6702482938870336
matrix_transformer,masked_reconstruction,50,fold_1,0,20,0.6,ok,,38378,4930,0.12845901297618428,4843,0.12619208921778102,0.4718052738336714,0.3473497234464899,0.4724344414619038,-267.0,-267.0,0.12619537743961226,unit_payoff,unit_proxy,0.0,0.0,0.35476673427991884,0.19107505070993916,0.454158215010142,0.26328600405679514,0.01764705882352941,0.7190669371196755
matrix_transformer,masked_reconstruction,50,fold_1,0,20,0.65,ok,,38378,3541,0.09226640262650476,3512,0.09151076137370369,0.4930810505506919,0.3384002982372391,0.49259681093394075,-52.0,-52.0,0.0915131458946765,unit_payoff,unit_proxy,0.0,0.0,0.3453826602654617,0.18045749788195425,0.47415984185258403,0.2064388590793561,0.008189776899181022,0.7853713640214629
matrix_transformer,masked_reconstruction,50,fold_1,0,20,0.7,ok,,38378,2484,0.06472458179165147,2480,0.06462035541195477,0.5193236714975845,0.3168059859074112,0.5193548387096775,96.0,96.0,0.06462203924225447,unit_payoff,unit_proxy,0.0,0.0,0.32085346215780997,0.1642512077294686,0.5148953301127214,0.15217391304347827,0.001610305958132045,0.8462157809983897
matrix_transformer,masked_reconstruction,50,fold_1,0,20,0.75,ok,,38378,1614,0.04205534420761895,1614,0.04205534420761895,0.5508054522924412,0.2991609977324263,0.5508054522924412,164.0,164.0,0.04205644005524142,unit_payoff,unit_proxy,0.0,0.0,0.27261462205700127,0.17100371747211895,0.5563816604708798,0.09913258983890955,0.0,0.9008674101610905
matrix_transformer,masked_reconstruction,50,fold_1,0,20,0.8,ok,,38378,1017,0.026499557037886288,1017,0.026499557037886288,0.5771878072763028,0.2722980190155116,0.5771878072763028,157.0,157.0,0.026500247544101935,unit_payoff,unit_proxy,0.0,0.0,0.2704031465093412,0.16027531956735497,0.5693215339233039,0.021632251720747297,0.0,0.9783677482792527
matrix_transformer,masked_reconstruction,50,fold_1,0,20,0.85,ok,,38378,448,0.011673354526030539,448,0.011673354526030539,0.609375,0.2524271844660194,0.609375,98.0,98.0,0.011673658701826614,unit_payoff,unit_proxy,0.0,0.0,0.21875,0.171875,0.609375,0.0,0.0,1.0
matrix_transformer,masked_reconstruction,50,fold_1,0,20,0.9,ok,,38378,4,0.00010422637969670123,4,0.00010422637969670123,0.0,0.0,0.0,-4.0,-4.0,0.00010422909555202335,unit_payoff,unit_proxy,0.0,0.0,1.0,0.0,0.0,0.0,0.0,1.0
matrix_transformer,masked_reconstruction,50,fold_1,0,20,0.95,skipped,too few samples remain after confidence filtering,38378,0,0.0,0,0.0,,,,0.0,0.0,0.0,unit_payoff,unit_proxy,0.0,0.0,,,,,,
matrix_transformer,masked_reconstruction,50,fold_1,1,20,0.33,ok,,38378,38378,1.0,38372,0.9998436604304549,0.37065506279639376,0.2917560801344748,0.37066089857187534,-9926.0,-9926.0,0.99986971363056,unit_payoff,unit_proxy,0.0,0.0,0.35864297253634897,0.30587836781489397,0.3354786596487571,0.5038042628589295,0.00015633956954505185,0.4960393975715254
matrix_transformer,masked_reconstruction,50,fold_1,1,20,0.35,ok,,38378,36111,0.9409296993068946,36111,0.9409296993068946,0.37969039904738167,0.29607055009434297,0.37969039904738167,-8689.0,-8689.0,0.9409542173697788,unit_payoff,unit_proxy,0.0,0.0,0.36227188391348897,0.2902439699814461,0.34748414610506495,0.508321564066351,0.0,0.491678435933649
matrix_transformer,masked_reconstruction,50,fold_1,1,20,0.4,ok,,38378,19384,0.5050810360102141,19384,0.5050810360102141,0.4134853487412299,0.3047584074486517,0.4134853487412299,-3354.0,-3354.0,0.5050941970451052,unit_payoff,unit_proxy,0.0,0.0,0.37603177878662813,0.2689847296739579,0.35498349153941394,0.7570676846884028,0.0,0.2429323153115972
matrix_transformer,masked_reconstruction,50,fold_1,1,20,0.45,ok,,38378,6826,0.17786231695242066,6826,0.17786231695242066,0.46615880457075887,0.2881051869282733,0.46615880457075887,-462.0,-462.0,0.17786695155952784,unit_payoff,unit_proxy,0.0,0.0,0.44433050102549076,0.27922648696161734,0.2764430120128919,0.9173747436273073,0.0,0.08262525637269265
matrix_transformer,masked_reconstruction,50,fold_1,1,20,0.5,ok,,38378,388,0.01010995883058002,388,0.01010995883058002,0.5283505154639175,0.36728419052554306,0.5283505154639175,22.0,22.0,0.010110222268546265,unit_payoff,unit_proxy,0.0,0.0,0.44587628865979384,0.15979381443298968,0.3943298969072165,0.7525773195876289,0.0,0.24742268041237114
matrix_transformer,masked_reconstruction,50,fold_1,1,20,0.55,ok,,38378,41,0.0010683203918911877,41,0.0010683203918911877,0.36585365853658536,0.21444444444444447,0.36585365853658536,-11.0,-11.0,0.0010683482294082394,unit_payoff,unit_proxy,0.0,0.0,0.24390243902439024,0.1951219512195122,0.5609756097560976,0.34146341463414637,0.0,0.6585365853658537
matrix_transformer,masked_reconstruction,50,fold_1,1,20,0.6,ok,,38378,11,0.0002866225441659284,11,0.0002866225441659284,0.0,0.0,0.0,-11.0,-11.0,0.0002866300127680642,unit_payoff,unit_proxy,0.0,0.0,0.0,0.36363636363636365,0.6363636363636364,1.0,0.0,0.0
matrix_transformer,masked_reconstruction,50,fold_1,1,20,0.65,ok,,38378,8,0.00020845275939340247,8,0.00020845275939340247,0.0,0.0,0.0,-8.0,-8.0,0.0002084581911040467,unit_payoff,unit_proxy,0.0,0.0,0.0,0.25,0.75,1.0,0.0,0.0
matrix_transformer,masked_reconstruction,50,fold_1,1,20,0.7,skipped,too few samples remain after confidence filtering,38378,0,0.0,0,0.0,,,,0.0,0.0,0.0,unit_payoff,unit_proxy,0.0,0.0,,,,,,
matrix_transformer,masked_reconstruction,50,fold_1,1,20,0.75,skipped,too few samples remain after confidence filtering,38378,0,0.0,0,0.0,,,,0.0,0.0,0.0,unit_payoff,unit_proxy,0.0,0.0,,,,,,
matrix_transformer,masked_reconstruction,50,fold_1,1,20,0.8,skipped,too few samples remain after confidence filtering,38378,0,0.0,0,0.0,,,,0.0,0.0,0.0,unit_payoff,unit_proxy,0.0,0.0,,,,,,
matrix_transformer,masked_reconstruction,50,fold_1,1,20,0.85,skipped,too few samples remain after confidence filtering,38378,0,0.0,0,0.0,,,,0.0,0.0,0.0,unit_payoff,unit_proxy,0.0,0.0,,,,,,
matrix_transformer,masked_reconstruction,50,fold_1,1,20,0.9,skipped,too few samples remain after confidence filtering,38378,0,0.0,0,0.0,,,,0.0,0.0,0.0,unit_payoff,unit_proxy,0.0,0.0,,,,,,
matrix_transformer,masked_reconstruction,50,fold_1,1,20,0.95,skipped,too few samples remain after confidence filtering,38378,0,0.0,0,0.0,,,,0.0,0.0,0.0,unit_payoff,unit_proxy,0.0,0.0,,,,,,
matrix_transformer,masked_reconstruction,50,fold_1,2,20,0.33,ok,,38378,38378,1.0,33672,0.877377664286831,0.4372296628276617,0.41902268329826287,0.4200522689474935,-5384.0,-5384.0,0.8774005263569326,unit_payoff,unit_proxy,0.0,0.0,0.35864297253634897,0.30587836781489397,0.3354786596487571,0.474881442493095,0.12262233571316901,0.402496221793736
matrix_transformer,masked_reconstruction,50,fold_1,2,20,0.35,ok,,38378,37932,0.9883787586638179,33365,0.8693782896451092,0.43831066118316986,0.41988908615885184,0.42065038213696987,-5295.0,-5295.0,0.8694009432733147,unit_payoff,unit_proxy,0.0,0.0,0.3584572392702731,0.3047558789412633,0.33678688178846355,0.47490245702836653,0.12039966255404408,0.40469788041758936
matrix_transformer,masked_reconstruction,50,fold_1,2,20,0.4,ok,,38378,29416,0.7664807962895409,26661,0.6946948772734379,0.4515229806907805,0.42351661420870723,0.435992648437793,-3413.0,-3413.0,0.6947129791281236,unit_payoff,unit_proxy,0.0,0.0,0.3736401958118031,0.28107152570029914,0.3452882784878977,0.5035694859940169,0.09365651346206147,0.40277400054392165
matrix_transformer,masked_reconstruction,50,fold_1,2,20,0.45,ok,,38378,17705,0.46133201313252387,16535,0.4308457970712387,0.47517650381248233,0.43371810183393517,0.46096159661324465,-1291.0,-1291.0,0.4308570237381765,unit_payoff,unit_proxy,0.0,0.0,0.403049985879695,0.25732843829426716,0.33962157582603786,0.4843264614515674,0.0660830273933917,0.44959051115504095
matrix_transformer,masked_reconstruction,50,fold_1,2,20,0.5,ok,,38378,9339,0.24334253999687322,9055,0.23594246703840743,0.47863796980404755,0.39809109879263227,0.4726670347874103,-495.0,-495.0,0.23594861505589285,unit_payoff,unit_proxy,0.0,0.0,0.39468893885855016,0.2249705535924617,0.3803405075489881,0.3300139201199272,0.03041010814862405,0.6395759717314488
matrix_transformer,masked_reconstruction,50,fold_1,2,20,0.55,ok,,38378,5281,0.1376048777945698,5216,0.13591119912449842,0.4586252603673547,0.30239100216202514,0.45878067484662577,-430.0,-430.0,0.13591474059983844,unit_payoff,unit_proxy,0.0,0.0,0.3567506154137474,0.209240674114751,0.43400871047150164,0.1333080855898504,0.01230827494792653,0.8543836394622231
matrix_transformer,masked_reconstruction,50,fold_1,2,20,0.6,ok,,38378,3564,0.0928657043097608,3538,0.09218823284173225,0.4823232323232323,0.24813851265869172,0.4824759751271905,-124.0,-124.0,0.09219063501576465,unit_payoff,unit_proxy,0.0,0.0,0.3265993265993266,0.1919191919191919,0.48148148148148145,0.033950617283950615,0.007295173961840628,0.9587542087542088
matrix_transformer,masked_reconstruction,50,fold_1,2,20,0.65,ok,,38378,2499,0.0651154307155141,2483,0.0646985251967273,0.5126050420168067,0.2373741609177927,0.5130890052356021,65.0,65.0,0.06470021106391849,unit_payoff,unit_proxy,0.0,0.0,0.31812725090036015,0.16886754701880752,0.5130052020808323,0.003201280512204882,0.006402561024409764,0.9903961584633854
matrix_transformer,masked_reconstruction,50,fold_1,2,20,0.7,ok,,38378,1882,0.04903851164729793,1882,0.04903851164729793,0.5302869287991498,0.2310185185185185,0.5302869287991498,114.0,114.0,0.049039789457226986,unit_payoff,unit_proxy,0.0,0.0,0.29330499468650373,0.17640807651434645,0.5302869287991498,0.0,0.0,1.0
matrix_transformer,masked_reconstruction,50,fold_1,2,20,0.75,ok,,38378,1250,0.032570743655219135,1250,0.032570743655219135,0.5896,0.24727394732427443,0.5896,224.0,224.0,0.0325715923600073,unit_payoff,unit_proxy,0.0,0.0,0.2664,0.144,0.5896,0.0,0.0,1.0
matrix_transformer,masked_reconstruction,50,fold_1,2,20,0.8,ok,,38378,733,0.0190994840794205,733,0.0190994840794205,0.6234652114597544,0.25602240896358547,0.6234652114597544,181.0,181.0,0.019099981759908277,unit_payoff,unit_proxy,0.0,0.0,0.22510231923601637,0.15143246930422918,0.6234652114597544,0.0,0.0,1.0
matrix_transformer,masked_reconstruction,50,fold_1,2,20,0.85,ok,,38378,339,0.00883318567929543,339,0.00883318567929543,0.616519174041298,0.2542579075425791,0.616519174041298,79.0,79.0,0.008833415848033979,unit_payoff,unit_proxy,0.0,0.0,0.18584070796460178,0.1976401179941003,0.616519174041298,0.0,0.0,1.0
matrix_transformer,masked_reconstruction,50,fold_1,2,20,0.9,ok,,38378,41,0.0010683203918911877,41,0.0010683203918911877,0.7317073170731707,0.28169014084507044,0.7317073170731707,19.0,19.0,0.0010683482294082394,unit_payoff,unit_proxy,0.0,0.0,0.0975609756097561,0.17073170731707318,0.7317073170731707,0.0,0.0,1.0
matrix_transformer,masked_reconstruction,50,fold_1,2,20,0.95,skipped,too few samples remain after confidence filtering,38378,0,0.0,0,0.0,,,,0.0,0.0,0.0,unit_payoff,unit_proxy,0.0,0.0,,,,,,
matrix_transformer,masked_reconstruction,50,fold_2,0,20,0.33,ok,,28516,28516,1.0,21491,0.7536470753261327,0.42379716650301585,0.4097359197122256,0.3860685868503094,-4897.0,-4897.0,0.7536735051727161,unit_payoff,unit_proxy,0.0,0.0,0.31880347874877263,0.35751858605695047,0.3236779351942769,0.18691261046430074,0.2463529246738673,0.566734464861832
matrix_transformer,masked_reconstruction,50,fold_2,0,20,0.35,ok,,28516,28404,0.9960723804180109,21413,0.7509117688315332,0.42437684833122097,0.4102234675243856,0.3862606827628076,-4871.0,-4871.0,0.750938102752937,unit_payoff,unit_proxy,0.0,0.0,0.31875792141951836,0.3576608928319955,0.32358118574848616,0.18603013660047882,0.24612730601323757,0.5678425573862836
matrix_transformer,masked_reconstruction,50,fold_2,0,20,0.4,ok,,28516,26338,0.9236218263431056,19933,0.6990110814981063,0.427633077682436,0.41068744998824974,0.38493954748407166,-4587.0,-4587.0,0.6990355953007189,unit_payoff,unit_proxy,0.0,0.0,0.3171463284987471,0.3621003872731415,0.3207532842281115,0.1704761181562761,0.24318475206925355,0.5863391297744703
matrix_transformer,masked_reconstruction,50,fold_2,0,20,0.45,ok,,28516,21283,0.7463529246738673,16128,0.5655772198064245,0.4439223793638115,0.4156155198455919,0.3942212301587302,-3412.0,-3412.0,0.5655970541820095,unit_payoff,unit_proxy,0.0,0.0,0.3080862660339238,0.3675703613212423,0.3243433726448339,0.12841234788328712,0.24221209415965794,0.6293755579570549
matrix_transformer,masked_reconstruction,50,fold_2,0,20,0.5,ok,,28516,15356,0.5385046991162856,11631,0.40787627998316733,0.46802552748111487,0.42375273159141597,0.41458172126214426,-1987.0,-1987.0,0.4078905839032088,unit_payoff,unit_proxy,0.0,0.0,0.2931101849439958,0.36786923678041156,0.3390205782755926,0.09136493878614223,0.24257619171659286,0.6660588694972649
matrix_transformer,masked_reconstruction,50,fold_2,0,20,0.55,ok,,28516,9622,0.3374246037312386,7121,0.24971945574414364,0.5067553523176055,0.4403182415509126,0.4490942283387165,-725.0,-725.0,0.2497282132211117,unit_payoff,unit_proxy,0.0,0.0,0.2687590937435045,0.37310330492621074,0.35813760133028477,0.05612138848472251,0.2599251714820204,0.6839534400332571
matrix_transformer,masked_reconstruction,50,fold_2,0,20,0.6,ok,,28516,5083,0.17825080656473558,3409,0.11954692102679197,0.568955341333858,0.4658688329424159,0.48342622469932534,-113.0,-113.0,0.1195511134490619,unit_payoff,unit_proxy,0.0,0.0,0.22958882549675388,0.4121581743065119,0.35825300019673423,0.03482195553806807,0.3293330710210506,0.6358449734408814
matrix_transformer,masked_reconstruction,50,fold_2,0,20,0.65,ok,,28516,2334,0.08184878664609342,1151,0.04036330481133399,0.6825192802056556,0.5008091664664129,0.5603822762814944,139.0,139.0,0.04036472032263721,unit_payoff,unit_proxy,0.0,0.0,0.1726649528706084,0.5029991431019709,0.32433590402742074,0.003427592116538132,0.5068551842330763,0.4897172236503856
matrix_transformer,masked_reconstruction,50,fold_2,0,20,0.7,ok,,28516,1091,0.03825922289241128,303,0.010625613690559687,0.7818515123739689,0.5188549695454764,0.5808580858085809,49.0,49.0,0.0106259863229879,unit_payoff,unit_proxy,0.0,0.0,0.12557286892758937,0.6645279560036663,0.20989917506874428,0.0,0.7222731439046746,0.2777268560953254
matrix_transformer,masked_reconstruction,50,fold_2,0,20,0.75,ok,,28516,410,0.01437789311263852,20,0.0007013606396409033,0.8829268292682927,0.5193397851482978,0.9,16.0,16.0,0.0007013852358407856,unit_payoff,unit_proxy,0.0,0.0,0.06829268292682927,0.8390243902439024,0.09268292682926829,0.0,0.9512195121951219,0.04878048780487805
matrix_transformer,masked_reconstruction,50,fold_2,0,20,0.8,ok,,28516,47,0.0016481975031561228,0,0.0,0.9574468085106383,0.32608695652173914,,0.0,0.0,0.0,unit_payoff,unit_proxy,0.0,0.0,0.0425531914893617,0.9574468085106383,0.0,0.0,1.0,0.0
matrix_transformer,masked_reconstruction,50,fold_2,0,20,0.85,ok,,28516,9,0.0003156122878384065,0,0.0,1.0,0.3333333333333333,,0.0,0.0,0.0,unit_payoff,unit_proxy,0.0,0.0,0.0,1.0,0.0,0.0,1.0,0.0
matrix_transformer,masked_reconstruction,50,fold_2,0,20,0.9,skipped,too few samples remain after confidence filtering,28516,0,0.0,0,0.0,,,,0.0,0.0,0.0,unit_payoff,unit_proxy,0.0,0.0,,,,,,
matrix_transformer,masked_reconstruction,50,fold_2,0,20,0.95,skipped,too few samples remain after confidence filtering,28516,0,0.0,0,0.0,,,,0.0,0.0,0.0,unit_payoff,unit_proxy,0.0,0.0,,,,,,
matrix_transformer,masked_reconstruction,50,fold_2,1,20,0.33,ok,,28516,28516,1.0,20282,0.7112498246598401,0.4401739374386309,0.43236464844143385,0.4134207671827236,-3512.0,-3512.0,0.7112747676661406,unit_payoff,unit_proxy,0.0,0.0,0.31880347874877263,0.35751858605695047,0.3236779351942769,0.2246107448449993,0.2887501753401599,0.4866390798148408
matrix_transformer,masked_reconstruction,50,fold_2,1,20,0.35,ok,,28516,28381,0.9952658156824239,20199,0.7083391780053303,0.44085832070751557,0.43292430459612236,0.4136343383335809,-3489.0,-3489.0,0.7083640189374014,unit_payoff,unit_proxy,0.0,0.0,0.31834678129734684,0.3578802720129664,0.32377294668968676,0.22367076565307775,0.28829146259821714,0.4880377717487051
matrix_transformer,masked_reconstruction,50,fold_2,1,20,0.4,ok,,28516,26308,0.9225697853836443,18861,0.6614181512133539,0.44552987684354567,0.43627344463220313,0.4129685594613223,-3283.0,-3283.0,0.6614413466596528,unit_payoff,unit_proxy,0.0,0.0,0.3170138360954843,0.36350159647255587,0.31948456743195985,0.21411737874410824,0.2830697886574426,0.5028128325984491
matrix_transformer,masked_reconstruction,50,fold_2,1,20,0.45,ok,,28516,22040,0.7728994248842755,15899,0.5575466404825361,0.4563067150635209,0.4435969863493754,0.41436568337631297,-2723.0,-2723.0,0.5575661932316325,unit_payoff,unit_proxy,0.0,0.0,0.3115698729582577,0.3718239564428312,0.31660617059891105,0.19065335753176044,0.27862976406533574,0.5307168784029038
matrix_transformer,masked_reconstruction,50,fold_2,1,20,0.5,ok,,28516,15165,0.531806705007715,10067,0.3530298779632487,0.49462578305308275,0.46128352645979626,0.43458825866693157,-1317.0,-1317.0,0.3530422584604594,unit_payoff,unit_proxy,0.0,0.0,0.2884272997032641,0.39254863171777116,0.3190240685789647,0.11480382459610947,0.33616880975931424,0.5490273656445763
matrix_transformer,masked_reconstruction,50,fold_2,1,20,0.55,ok,,28516,9163,0.3213283770514799,4956,0.17379716650301585,0.5545127141765798,0.4664509310553213,0.480225988700565,-196.0,-196.0,0.17380326144134667,unit_payoff,unit_proxy,0.0,0.0,0.24489795918367346,0.4299901778893376,0.32511186292698896,0.04354469060351413,0.45912910618792974,0.49732620320855614
matrix_transformer,masked_reconstruction,50,fold_2,1,20,0.6,ok,,28516,5162,0.18102118109131715,1940,0.06803198204516762,0.6204959318093762,0.4558608849759165,0.5185567010309279,72.0,72.0,0.0680343678765562,unit_payoff,unit_proxy,0.0,0.0,0.2018597442851608,0.5137543587756683,0.2843858969391709,0.007167764432390546,0.6241766757070902,0.3686555598605192
matrix_transformer,masked_reconstruction,50,fold_2,1,20,0.65,ok,,28516,2352,0.08248001122177023,240,0.00841632767569084,0.7032312925170068,0.42036218791085883,0.6375,66.0,66.0,0.008416622830089426,unit_payoff,unit_proxy,0.0,0.0,0.15178571428571427,0.6534863945578231,0.19472789115646258,0.0,0.8979591836734694,0.10204081632653061
matrix_transformer,masked_reconstruction,50,fold_2,1,20,0.7,ok,,28516,1250,0.04383503997755646,2,7.013606396409034e-05,0.7864,0.30260051669992727,1.0,2.0,2.0,7.013852358407856e-05,unit_payoff,unit_proxy,0.0,0.0,0.1008,0.7848,0.1144,0.0,0.9984,0.0016
matrix_transformer,masked_reconstruction,50,fold_2,1,20,0.75,ok,,28516,778,0.02728292888203114,0,0.0,0.8316195372750642,0.3026900584795322,,0.0,0.0,0.0,unit_payoff,unit_proxy,0.0,0.0,0.07455012853470437,0.8316195372750642,0.09383033419023136,0.0,1.0,0.0
matrix_transformer,masked_reconstruction,50,fold_2,1,20,0.8,ok,,28516,261,0.009152756347313789,0,0.0,0.8735632183908046,0.3108384458077709,,0.0,0.0,0.0,unit_payoff,unit_proxy,0.0,0.0,0.06130268199233716,0.8735632183908046,0.06513409961685823,0.0,1.0,0.0
matrix_transformer,masked_reconstruction,50,fold_2,1,20,0.85,ok,,28516,12,0.00042081638378454203,0,0.0,1.0,0.3333333333333333,,0.0,0.0,0.0,unit_payoff,unit_proxy,0.0,0.0,0.0,1.0,0.0,0.0,1.0,0.0
matrix_transformer,masked_reconstruction,50,fold_2,1,20,0.9,ok,,28516,9,0.0003156122878384065,0,0.0,1.0,0.3333333333333333,,0.0,0.0,0.0,unit_payoff,unit_proxy,0.0,0.0,0.0,1.0,0.0,0.0,1.0,0.0
matrix_transformer,masked_reconstruction,50,fold_2,1,20,0.95,skipped,too few samples remain after confidence filtering,28516,0,0.0,0,0.0,,,,0.0,0.0,0.0,unit_payoff,unit_proxy,0.0,0.0,,,,,,
matrix_transformer,masked_reconstruction,50,fold_2,2,20,0.33,ok,,28516,28516,1.0,19168,0.6721840370318418,0.4146794781876841,0.3839637255219513,0.3805822203672788,-4578.0,-4578.0,0.6722076100298089,unit_payoff,unit_proxy,0.0,0.0,0.31880347874877263,0.35751858605695047,0.3236779351942769,0.10022443540468509,0.32781596296815824,0.5719596016271566
matrix_transformer,masked_reconstruction,50,fold_2,2,20,0.35,ok,,28516,28303,0.9925305091878244,19021,0.6670290363304812,0.4146556902095184,0.38336646717207407,0.3801587718837075,-4559.0,-4559.0,0.6670524285463791,unit_payoff,unit_proxy,0.0,0.0,0.31887079108221744,0.3576652651662368,0.32346394375154575,0.09847012684167757,0.32795110059004345,0.5735787725682789
matrix_transformer,masked_reconstruction,50,fold_2,2,20,0.4,ok,,28516,26169,0.91769532893814,17637,0.6184948800673307,0.4158737437425962,0.37686226773723347,0.3754039802687532,-4395.0,-4395.0,0.6185165702261968,unit_payoff,unit_proxy,0.0,0.0,0.3175513011578585,0.36455347930757764,0.3178952195345638,0.0780312583591272,0.3260346211165883,0.5959341205242844
matrix_transformer,masked_reconstruction,50,fold_2,2,20,0.45,ok,,28516,22552,0.7908542572590826,15416,0.5406087810352083,0.42155906349769423,0.3636458494292479,0.3695511157239232,-4022.0,-4022.0,0.5406277397860775,unit_payoff,unit_proxy,0.0,0.0,0.3119900673997872,0.37322632139056405,0.3147836112096488,0.04004079460801703,0.3164242639233771,0.6435349414686059
matrix_transformer,masked_reconstruction,50,fold_2,2,20,0.5,ok,,28516,18525,0.6496352924673867,12913,0.45283349698414926,0.433306342780027,0.3512284372562795,0.37380933942538525,-3259.0,-3259.0,0.45284937752060317,unit_payoff,unit_proxy,0.0,0.0,0.3019163292847503,0.378191632928475,0.3198920377867746,0.01263157894736842,0.3029419703103914,0.6844264507422402
matrix_transformer,masked_reconstruction,50,fold_2,2,20,0.55,ok,,28516,13805,0.48411418151213353,9614,0.33714405947538223,0.45852951829047445,0.3585584633060879,0.3892240482629499,-2130.0,-2130.0,0.3371558828686656,unit_payoff,unit_proxy,0.0,0.0,0.2877942774357117,0.3865990583122057,0.32560666425208257,0.0003621876131836291,0.3035856573705179,0.6960521550162985
matrix_transformer,masked_reconstruction,50,fold_2,2,20,0.6,ok,,28516,8247,0.2892060597559265,5487,0.19241829148548184,0.5061234388262399,0.389685020171122,0.4200838345179515,-877.0,-877.0,0.19242503945291953,unit_payoff,unit_proxy,0.0,0.0,0.25730568691645445,0.40887595489268824,0.33381835819085726,0.0,0.33466715169152417,0.6653328483084758
matrix_transformer,masked_reconstruction,50,fold_2,2,20,0.65,ok,,28516,3704,0.1298919904614953,2269,0.07956936456726049,0.6004319654427646,0.4482053008554708,0.4944909651829,-25.0,-25.0,0.07957215500613712,unit_payoff,unit_proxy,0.0,0.0,0.20491360691144708,0.4427645788336933,0.3523218142548596,0.0,0.38741900647948163,0.6125809935205183
matrix_transformer,masked_reconstruction,50,fold_2,2,20,0.7,ok,,28516,903,0.031666432879786786,245,0.008591667835601067,0.7419712070874862,0.4804973696795791,0.4816326530612245,-9.0,-9.0,0.008591969139049622,unit_payoff,unit_proxy,0.0,0.0,0.13399778516057587,0.6832779623477298,0.18272425249169436,0.0,0.7286821705426356,0.2713178294573643
matrix_transformer,masked_reconstruction,50,fold_2,2,20,0.75,ok,,28516,185,0.006487585916678356,27,0.0009468368635152196,0.8216216216216217,0.5073504273504273,0.5925925925925926,5.0,5.0,0.0009468700683850605,unit_payoff,unit_proxy,0.0,0.0,0.0972972972972973,0.7675675675675676,0.13513513513513514,0.0,0.8540540540540541,0.14594594594594595
matrix_transformer,masked_reconstruction,50,fold_2,2,20,0.8,skipped,too few samples remain after confidence filtering,28516,0,0.0,0,0.0,,,,0.0,0.0,0.0,unit_payoff,unit_proxy,0.0,0.0,,,,,,
matrix_transformer,masked_reconstruction,50,fold_2,2,20,0.85,skipped,too few samples remain after confidence filtering,28516,0,0.0,0,0.0,,,,0.0,0.0,0.0,unit_payoff,unit_proxy,0.0,0.0,,,,,,
matrix_transformer,masked_reconstruction,50,fold_2,2,20,0.9,skipped,too few samples remain after confidence filtering,28516,0,0.0,0,0.0,,,,0.0,0.0,0.0,unit_payoff,unit_proxy,0.0,0.0,,,,,,
matrix_transformer,masked_reconstruction,50,fold_2,2,20,0.95,skipped,too few samples remain after confidence filtering,28516,0,0.0,0,0.0,,,,0.0,0.0,0.0,unit_payoff,unit_proxy,0.0,0.0,,,,,,
matrix_transformer,masked_reconstruction,50,fold_3,0,20,0.33,ok,,37004,37004,1.0,30515,0.824640579396822,0.42092746730083236,0.39032048433443506,0.40681631984270034,-5687.0,-5687.0,0.8246628651730941,unit_payoff,unit_proxy,0.0,0.0,0.3396119338449897,0.30372392173819046,0.3566641444168198,0.16784671927359204,0.17535942060317802,0.6567938601232299
matrix_transformer,masked_reconstruction,50,fold_3,0,20,0.35,ok,,37004,36776,0.9938385039455194,30368,0.8206680358880121,0.421280182727866,0.39022556542184955,0.4071390937829294,-5640.0,-5640.0,0.8206902143069481,unit_payoff,unit_proxy,0.0,0.0,0.33978681748966716,0.3033500108766587,0.35686317163367415,0.166304111376985,0.1742440722210137,0.6594518164020013
matrix_transformer,masked_reconstruction,50,fold_3,0,20,0.4,ok,,37004,33433,0.9034969192519727,27988,0.7563506647929954,0.42464032542697333,0.38669213220092513,0.40767471773617264,-5168.0,-5168.0,0.7563711050455368,unit_payoff,unit_proxy,0.0,0.0,0.3355068345646517,0.3046391290042772,0.3598540364310711,0.14614303233332337,0.16286303951185954,0.6909939281548171
matrix_transformer,masked_reconstruction,50,fold_3,0,20,0.45,ok,,37004,27977,0.7560533996324722,23634,0.6386877094368176,0.4273152947063659,0.3732495441323634,0.403994245578404,-4538.0,-4538.0,0.6387049698673081,unit_payoff,unit_proxy,0.0,0.0,0.32312256496407765,0.3184758909103907,0.3584015441255317,0.09800907888622798,0.1552346570397112,0.7467562640740608
matrix_transformer,masked_reconstruction,50,fold_3,0,20,0.5,ok,,37004,22691,0.6132039779483299,19241,0.5199708139660577,0.43008241152879995,0.34796744281550923,0.39847201288914297,-3907.0,-3907.0,0.5199848660919385,unit_payoff,unit_proxy,0.0,0.0,0.30783129875280946,0.33568375126702216,0.35648494998016833,0.040192146666079065,0.15204266008549644,0.8077651932484244
matrix_transformer,masked_reconstruction,50,fold_3,0,20,0.55,ok,,37004,18028,0.4871905739920009,15286,0.41309047670522103,0.43609940093188376,0.3295829579995948,0.39513280125605127,-3206.0,-3206.0,0.4131016404075345,unit_payoff,unit_proxy,0.0,0.0,0.292988684268915,0.3520634568449079,0.3549478588861771,0.00881961393388063,0.15209673840692256,0.8390836476591969
matrix_transformer,masked_reconstruction,50,fold_3,0,20,0.6,ok,,37004,13064,0.3530429142795373,10812,0.2921846286887904,0.4580526638089406,0.3393136175182773,0.4064927857935627,-2022.0,-2022.0,0.29219252493041104,unit_payoff,unit_proxy,0.0,0.0,0.273423147581139,0.3668860992039192,0.3596907532149418,0.0003061849357011635,0.17238211879975504,0.8273116962645438
matrix_transformer,masked_reconstruction,50,fold_3,0,20,0.65,ok,,37004,7045,0.19038482326235,5234,0.14144416819803265,0.5104329311568488,0.38365675877339217,0.4218570882690103,-818.0,-818.0,0.14144799070345648,unit_payoff,unit_proxy,0.0,0.0,0.22711142654364797,0.429666430092264,0.343222143364088,0.00014194464158978,0.25706174591909153,0.7427963094393186
matrix_transformer,masked_reconstruction,50,fold_3,0,20,0.7,ok,,37004,2621,0.07083018052102476,1171,0.03164522754296833,0.6371613887829073,0.43475161922558697,0.4005123825789923,-233.0,-233.0,0.031646082750047294,unit_payoff,unit_proxy,0.0,0.0,0.14040442579168255,0.6344906524227394,0.22510492178557803,0.0,0.5532239603204884,0.4467760396795116
matrix_transformer,masked_reconstruction,50,fold_3,0,20,0.75,ok,,37004,1183,0.031969516808993625,79,0.0021349043346665223,0.8461538461538461,0.3983196548480228,0.3037974683544304,-31.0,-31.0,0.0021349620301056673,unit_payoff,unit_proxy,0.0,0.0,0.055790363482671176,0.863905325443787,0.08030431107354184,0.0,0.9332206255283179,0.06677937447168217
matrix_transformer,masked_reconstruction,50,fold_3,0,20,0.8,ok,,37004,849,0.02294346557128959,0,0.0,0.9128386336866903,0.31814449917898197,,0.0,0.0,0.0,unit_payoff,unit_proxy,0.0,0.0,0.03415783274440518,0.9128386336866903,0.053003533568904596,0.0,1.0,0.0
matrix_transformer,masked_reconstruction,50,fold_3,0,20,0.85,ok,,37004,555,0.014998378553669874,0,0.0,0.9567567567567568,0.3259668508287293,,0.0,0.0,0.0,unit_payoff,unit_proxy,0.0,0.0,0.025225225225225224,0.9567567567567568,0.018018018018018018,0.0,1.0,0.0
matrix_transformer,masked_reconstruction,50,fold_3,0,20,0.9,ok,,37004,62,0.0016754945411306887,0,0.0,1.0,0.3333333333333333,,0.0,0.0,0.0,unit_payoff,unit_proxy,0.0,0.0,0.0,1.0,0.0,0.0,1.0,0.0
matrix_transformer,masked_reconstruction,50,fold_3,0,20,0.95,skipped,too few samples remain after confidence filtering,37004,0,0.0,0,0.0,,,,0.0,0.0,0.0,unit_payoff,unit_proxy,0.0,0.0,,,,,,
matrix_transformer,masked_reconstruction,50,fold_3,1,20,0.33,ok,,37004,37004,1.0,30902,0.8350989082261377,0.4307642417035996,0.39731905951753443,0.4156041680150152,-5216.0,-5216.0,0.8351214766370294,unit_payoff,unit_proxy,0.0,0.0,0.3396119338449897,0.30372392173819046,0.3566641444168198,0.16027996973300185,0.16490109177386228,0.6748189384931359
matrix_transformer,masked_reconstruction,50,fold_3,1,20,0.35,ok,,37004,36666,0.9908658523402876,30660,0.8285590746946276,0.4309987454317351,0.39708306354032147,0.4158186562296151,-5162.0,-5162.0,0.8285814663675918,unit_payoff,unit_proxy,0.0,0.0,0.3397698139966181,0.30333278786887036,0.35689739813451155,0.1588937980690558,0.16380297823596793,0.6773032236949763
matrix_transformer,masked_reconstruction,50,fold_3,1,20,0.4,ok,,37004,33088,0.8941736028537456,28064,0.7584044968111555,0.4357168762088975,0.3936406882142765,0.4168329532497149,-4668.0,-4668.0,0.7584249925681702,unit_payoff,unit_proxy,0.0,0.0,0.3352272727272727,0.30579061895551257,0.3589821083172147,0.13515473887814314,0.1518375241779497,0.7130077369439072
matrix_transformer,masked_reconstruction,50,fold_3,1,20,0.45,ok,,37004,27145,0.7335693438547184,23373,0.6316344179007675,0.4429176643949162,0.37496411420211734,0.4167629315877294,-3891.0,-3891.0,0.6316514877172121,unit_payoff,unit_proxy,0.0,0.0,0.31626450543378154,0.3145330631792227,0.36920243138699577,0.07478356971818015,0.13895745072757415,0.7862589795542457
matrix_transformer,masked_reconstruction,50,fold_3,1,20,0.5,ok,,37004,21850,0.5904767052210572,19100,0.5161604150902606,0.44796338672768876,0.35199334228404405,0.41581151832460733,-3216.0,-3216.0,0.5161743642407373,unit_payoff,unit_proxy,0.0,0.0,0.2974370709382151,0.32755148741418766,0.37501144164759725,0.03322654462242563,0.12585812356979406,0.8409153318077803
matrix_transformer,masked_reconstruction,50,fold_3,1,20,0.55,ok,,37004,16913,0.4570586963571506,14900,0.40265917198140744,0.4597055519422929,0.336236145957905,0.42463087248322146,-2246.0,-2246.0,0.4026700537794233,unit_payoff,unit_proxy,0.0,0.0,0.28149943830189794,0.3290959616862768,0.3894046000118252,0.010760953112990008,0.11902087151894993,0.8702181753680601
matrix_transformer,masked_reconstruction,50,fold_3,1,20,0.6,ok,,37004,12292,0.3321803048319101,10782,0.29137390552372716,0.48039375203384316,0.34427420914285234,0.43554071600816174,-1390.0,-1390.0,0.29138177985568736,unit_payoff,unit_proxy,0.0,0.0,0.26692157500813535,0.3376993166287016,0.39537910836316303,0.0009762447120078099,0.12284412626098275,0.8761796290270094
matrix_transformer,masked_reconstruction,50,fold_3,1,20,0.65,ok,,37004,7274,0.1965733434223327,6133,0.16573883904442763,0.5116854550453671,0.3789325235834222,0.4461112016957443,-661.0,-661.0,0.16574331810934248,unit_payoff,unit_proxy,0.0,0.0,0.25268078086334894,0.35826230409678306,0.389056915039868,0.0,0.15686004949133903,0.843139950508661
matrix_transformer,masked_reconstruction,50,fold_3,1,20,0.7,ok,,37004,2594,0.07010052967246784,1775,0.047967787266241485,0.5979182729375482,0.4459827288326266,0.4473239436619718,-187.0,-187.0,0.04796908358781721,unit_payoff,unit_proxy,0.0,0.0,0.19429452582883577,0.4853508095605243,0.32035466461063994,0.0,0.31572860447185813,0.6842713955281419
matrix_transformer,masked_reconstruction,50,fold_3,1,20,0.75,ok,,37004,669,0.01807912658091017,115,0.0031077721327424064,0.8624813153961136,0.5138581693220868,0.5043478260869565,1.0,1.0,0.003107856119774072,unit_payoff,unit_proxy,0.0,0.0,0.06576980568011959,0.8161434977578476,0.11808669656203288,0.0,0.828101644245142,0.17189835575485798
matrix_transformer,masked_reconstruction,50,fold_3,1,20,0.8,ok,,37004,233,0.006296616581991136,0,0.0,0.944206008583691,0.3237674760853569,,0.0,0.0,0.0,unit_payoff,unit_proxy,0.0,0.0,0.03862660944206009,0.944206008583691,0.017167381974248927,0.0,1.0,0.0
matrix_transformer,masked_reconstruction,50,fold_3,1,20,0.85,ok,,37004,76,0.002053832018160199,0,0.0,0.9868421052631579,0.3311258278145695,,0.0,0.0,0.0,unit_payoff,unit_proxy,0.0,0.0,0.013157894736842105,0.9868421052631579,0.0,0.0,1.0,0.0
matrix_transformer,masked_reconstruction,50,fold_3,1,20,0.9,skipped,too few samples remain after confidence filtering,37004,0,0.0,0,0.0,,,,0.0,0.0,0.0,unit_payoff,unit_proxy,0.0,0.0,,,,,,
matrix_transformer,masked_reconstruction,50,fold_3,1,20,0.95,skipped,too few samples remain after confidence filtering,37004,0,0.0,0,0.0,,,,0.0,0.0,0.0,unit_payoff,unit_proxy,0.0,0.0,,,,,,
matrix_transformer,masked_reconstruction,50,fold_3,2,20,0.33,ok,,37004,37004,1.0,29659,0.8015079450870176,0.43608799048751484,0.4175560224847151,0.4275936477966216,-4295.0,-4295.0,0.8015296057076453,unit_payoff,unit_proxy,0.0,0.0,0.3396119338449897,0.30372392173819046,0.3566641444168198,0.21116636039347098,0.19849205491298239,0.5903415846935467
matrix_transformer,masked_reconstruction,50,fold_3,2,20,0.35,ok,,37004,36739,0.9928386120419415,29487,0.7968597989406551,0.4373281798633605,0.41857832028664915,0.42839217282192155,-4223.0,-4223.0,0.7968813339458963,unit_payoff,unit_proxy,0.0,0.0,0.3394213233893138,0.3044720868831487,0.3561065897275375,0.20972263806853753,0.19739241677781105,0.5928849451536514
matrix_transformer,masked_reconstruction,50,fold_3,2,20,0.4,ok,,37004,32102,0.8675278348286671,26221,0.7085990703707707,0.44508130334558593,0.4205760981782097,0.4297700316540178,-3683.0,-3683.0,0.7086182201443126,unit_payoff,unit_proxy,0.0,0.0,0.3310074138682948,0.31256619525263224,0.35642639087907296,0.18279234938633107,0.18319730857890473,0.6340103420347641
matrix_transformer,masked_reconstruction,50,fold_3,2,20,0.45,ok,,37004,24495,0.6619554642741325,20066,0.5422657010052967,0.45405184731577874,0.4075899282175552,0.4288348450114622,-2856.0,-2856.0,0.5422803556468394,unit_payoff,unit_proxy,0.0,0.0,0.3032863849765258,0.32867932231067565,0.3680342927127985,0.11345172484180445,0.1808124106960604,0.7057358644621351
matrix_transformer,masked_reconstruction,50,fold_3,2,20,0.5,ok,,37004,18281,0.49402767268403414,14950,0.4040103772565128,0.46299436573491604,0.39175810639731173,0.42702341137123745,-2182.0,-2182.0,0.40402129557062944,unit_payoff,unit_proxy,0.0,0.0,0.281658552595591,0.34680816147913135,0.3715332859252776,0.0588589245664898,0.18221103878343636,0.7589300366500739
matrix_transformer,masked_reconstruction,50,fold_3,2,20,0.55,ok,,37004,13466,0.3639066046913847,10898,0.2945087017619717,0.4805435912668944,0.38642729034534984,0.43007891356212147,-1524.0,-1524.0,0.2945166608112856,unit_payoff,unit_proxy,0.0,0.0,0.26199316797861283,0.3683350660923808,0.3696717659290064,0.028367740977276103,0.19070251002524877,0.7809297489974751
matrix_transformer,masked_reconstruction,50,fold_3,2,20,0.6,ok,,37004,9202,0.24867581883039672,7166,0.19365474002810507,0.5067376657248425,0.3804487456525898,0.43497069494836726,-932.0,-932.0,0.1936599735156609,unit_payoff,unit_proxy,0.0,0.0,0.2294066507281026,0.40328189524016517,0.3673114540317322,0.003477504890241252,0.22125624864159965,0.7752662464681591
matrix_transformer,masked_reconstruction,50,fold_3,2,20,0.65,ok,,37004,5400,0.14593016971138256,3902,0.10544805966922495,0.5498148148148149,0.410694908337063,0.44925679138903124,-396.0,-396.0,0.10545090938572547,unit_payoff,unit_proxy,0.0,0.0,0.20851851851851852,0.44055555555555553,0.3509259259259259,0.0,0.2774074074074074,0.7225925925925926
matrix_transformer,masked_reconstruction,50,fold_3,2,20,0.7,ok,,37004,2452,0.06626310669116853,1304,0.03523943357474867,0.6590538336052202,0.465388471882526,0.46855828220858897,-82.0,-82.0,0.035240385914655566,unit_payoff,unit_proxy,0.0,0.0,0.1402936378466558,0.5742251223491027,0.28548123980424145,0.0,0.46818923327895595,0.531810766721044
matrix_transformer,masked_reconstruction,50,fold_3,2,20,0.75,ok,,37004,1131,0.030564263322884012,197,0.005323748783915253,0.8099027409372237,0.4479268279552526,0.37055837563451777,-51.0,-51.0,0.005323892657352107,unit_payoff,unit_proxy,0.0,0.0,0.05747126436781609,0.8231653404067197,0.11936339522546419,0.0,0.8258178603006189,0.17418213969938107
matrix_transformer,masked_reconstruction,50,fold_3,2,20,0.8,ok,,37004,629,0.016998162360825856,1,2.702410550210788e-05,0.9332273449920508,0.3218201754385965,0.0,-1.0,-1.0,2.7024835824122368e-05,unit_payoff,unit_proxy,0.0,0.0,0.03179650238473768,0.9348171701112877,0.033386327503974564,0.0,0.9984101748807631,0.001589825119236884
matrix_transformer,masked_reconstruction,50,fold_3,2,20,0.85,ok,,37004,221,0.0059723273159658415,0,0.0,0.9366515837104072,0.3224299065420561,,0.0,0.0,0.0,unit_payoff,unit_proxy,0.0,0.0,0.04072398190045249,0.9366515837104072,0.02262443438914027,0.0,1.0,0.0
matrix_transformer,masked_reconstruction,50,fold_3,2,20,0.9,ok,,37004,31,0.0008377472705653443,0,0.0,1.0,0.3333333333333333,,0.0,0.0,0.0,unit_payoff,unit_proxy,0.0,0.0,0.0,1.0,0.0,0.0,1.0,0.0
matrix_transformer,masked_reconstruction,50,fold_3,2,20,0.95,skipped,too few samples remain after confidence filtering,37004,0,0.0,0,0.0,,,,0.0,0.0,0.0,unit_payoff,unit_proxy,0.0,0.0,,,,,,
matrix_transformer,masked_reconstruction,50,fold_4,0,20,0.33,ok,,34766,34766,1.0,27397,0.7880400391186791,0.4205833285393776,0.40929342337171776,0.43059459064861116,-3803.0,-3803.0,0.7880627067452898,unit_payoff,unit_proxy,0.0,0.0,0.36294080423402175,0.27472242996030605,0.3623367658056722,0.436518437553932,0.21195996088132082,0.35152160156474715
matrix_transformer,masked_reconstruction,50,fold_4,0,20,0.35,ok,,34766,34574,0.9944773629408042,27264,0.7842144624057987,0.4210678544571065,0.40975043839571107,0.4308978873239437,-3768.0,-3768.0,0.7842370199913706,unit_payoff,unit_proxy,0.0,0.0,0.3627581419563834,0.2746861803667496,0.362555677676867,0.43697576213339506,0.21143055475212588,0.3515936831144791
matrix_transformer,masked_reconstruction,50,fold_4,0,20,0.4,ok,,34766,31425,0.903900362423057,25038,0.7201863890007478,0.42803500397772476,0.416306824832467,0.4346193785446122,-3274.0,-3274.0,0.7202071048468287,unit_payoff,unit_proxy,0.0,0.0,0.35688146380270486,0.2760859188544153,0.3670326173428799,0.4454097056483691,0.20324582338902147,0.3513444709626094
matrix_transformer,masked_reconstruction,50,fold_4,0,20,0.45,ok,,34766,25034,0.7200713340620146,19900,0.5723983201978945,0.44044100023967403,0.4295206419199922,0.44185929648241207,-2314.0,-2314.0,0.5724147849848986,unit_payoff,unit_proxy,0.0,0.0,0.3510425820883598,0.28077814172725096,0.3681792761843892,0.46608612287289286,0.20508108971798356,0.3288327874091236
matrix_transformer,masked_reconstruction,50,fold_4,0,20,0.5,ok,,34766,16498,0.4745440948052695,12801,0.3682045676810677,0.4631470481270457,0.4460632425001012,0.4576986172955238,-1083.0,-1083.0,0.36821515892420537,unit_payoff,unit_proxy,0.0,0.0,0.36743847739119895,0.28088253121590495,0.3516789913928961,0.53691356528064,0.22408776821432902,0.2389986665050309
matrix_transformer,masked_reconstruction,50,fold_4,0,20,0.55,ok,,34766,10252,0.29488580797330727,7815,0.22478858655007766,0.4963909481076863,0.4487686763645588,0.4797184900831734,-317.0,-317.0,0.22479505249532575,unit_payoff,unit_proxy,0.0,0.0,0.39748341786968394,0.2811158798283262,0.32140070230198986,0.6449473273507609,0.23770971517752634,0.11734295747171283
matrix_transformer,masked_reconstruction,50,fold_4,0,20,0.6,ok,,34766,5893,0.16950468848875339,4456,0.12817120174883506,0.5263872390972341,0.417183237148072,0.4991023339317774,-8.0,-8.0,0.128174888537322,unit_payoff,unit_proxy,0.0,0.0,0.4301713897844901,0.28169014084507044,0.2881384693704395,0.73171559477346,0.24384863397250975,0.024435771254030205
matrix_transformer,masked_reconstruction,50,fold_4,0,20,0.65,ok,,34766,3122,0.08980037968129782,2253,0.06480469424150032,0.58263933376041,0.4460861999547656,0.5255215268530847,115.0,115.0,0.06480655832014957,unit_payoff,unit_proxy,0.0,0.0,0.42408712363869316,0.32319026265214607,0.25272261370916077,0.7216527866752082,0.2783472133247918,0.0
matrix_transformer,masked_reconstruction,50,fold_4,0,20,0.7,ok,,34766,1110,0.031927745498475525,621,0.017862279238336307,0.6675675675675675,0.4926339852679706,0.5426731078904992,53.0,53.0,0.01786279303897598,unit_payoff,unit_proxy,0.0,0.0,0.35585585585585583,0.45315315315315313,0.19099099099099098,0.5594594594594594,0.44054054054054054,0.0
matrix_transformer,masked_reconstruction,50,fold_4,0,20,0.75,ok,,34766,289,0.00831271932347696,0,0.0,0.9307958477508651,0.3213859020310633,,0.0,0.0,0.0,unit_payoff,unit_proxy,0.0,0.0,0.04152249134948097,0.9307958477508651,0.02768166089965398,0.0,1.0,0.0
matrix_transformer,masked_reconstruction,50,fold_4,0,20,0.8,ok,,34766,131,0.003768049243513778,0,0.0,0.9618320610687023,0.32684824902723736,,0.0,0.0,0.0,unit_payoff,unit_proxy,0.0,0.0,0.022900763358778626,0.9618320610687023,0.015267175572519083,0.0,1.0,0.0
matrix_transformer,masked_reconstruction,50,fold_4,0,20,0.85,ok,,34766,19,0.0005465109589829143,0,0.0,1.0,0.3333333333333333,,0.0,0.0,0.0,unit_payoff,unit_proxy,0.0,0.0,0.0,1.0,0.0,0.0,1.0,0.0
matrix_transformer,masked_reconstruction,50,fold_4,0,20,0.9,skipped,too few samples remain after confidence filtering,34766,0,0.0,0,0.0,,,,0.0,0.0,0.0,unit_payoff,unit_proxy,0.0,0.0,,,,,,
matrix_transformer,masked_reconstruction,50,fold_4,0,20,0.95,skipped,too few samples remain after confidence filtering,34766,0,0.0,0,0.0,,,,0.0,0.0,0.0,unit_payoff,unit_proxy,0.0,0.0,,,,,,
matrix_transformer,masked_reconstruction,50,fold_4,1,20,0.33,ok,,34766,34766,1.0,30774,0.8851751711442214,0.4467295633665075,0.4206095649856414,0.43630987196984466,-3920.0,-3920.0,0.8852006328203653,unit_payoff,unit_proxy,0.0,0.0,0.36294080423402175,0.27472242996030605,0.3623367658056722,0.3169188287407237,0.11482482885577863,0.5682563424034976
matrix_transformer,masked_reconstruction,50,fold_4,1,20,0.35,ok,,34766,34661,0.9969798078582524,30715,0.883478110797906,0.4472173336026081,0.4210156558306286,0.43646426827283086,-3903.0,-3903.0,0.8835035236588523,unit_payoff,unit_proxy,0.0,0.0,0.36360751276650993,0.27486223709644847,0.36153025013704165,0.31684025273361993,0.11384553244280315,0.5693142148235769
matrix_transformer,masked_reconstruction,50,fold_4,1,20,0.4,ok,,34766,33044,0.950468848875338,29581,0.8508600356670311,0.4511257716983416,0.4237369502159245,0.4377133971130117,-3685.0,-3685.0,0.8508845102833309,unit_payoff,unit_proxy,0.0,0.0,0.36793366420530205,0.2748759230117419,0.35719041278295605,0.313763466892628,0.1047996610579833,0.5814368720493887
matrix_transformer,masked_reconstruction,50,fold_4,1,20,0.45,ok,,34766,29370,0.8447908876488524,26635,0.7661220732899959,0.4561116785835887,0.42655356178780135,0.438670921719542,-3267.0,-3267.0,0.7661441104559183,unit_payoff,unit_proxy,0.0,0.0,0.36731358529111335,0.27923050732039495,0.35345590738849164,0.29955737146748385,0.09312223357167178,0.6073203949608444
matrix_transformer,masked_reconstruction,50,fold_4,1,20,0.5,ok,,34766,23413,0.6734453201403671,21369,0.6146522464476788,0.4625208217656857,0.4292514526174904,0.44045112078244186,-2545.0,-2545.0,0.6146699266503668,unit_payoff,unit_proxy,0.0,0.0,0.3533934139153462,0.29372570794003333,0.3528808781446205,0.2603254602144108,0.08730192628027164,0.6523726135053176
matrix_transformer,masked_reconstruction,50,fold_4,1,20,0.55,ok,,34766,16731,0.48124604498648105,15388,0.442616349306794,0.4629131552208475,0.41878406741996205,0.43897842474655574,-1878.0,-1878.0,0.4426290809722422,unit_payoff,unit_proxy,0.0,0.0,0.3288506365429442,0.3089474627936166,0.3622019006634391,0.20626382164843704,0.08027015719323412,0.7134660211583288
matrix_transformer,masked_reconstruction,50,fold_4,1,20,0.6,ok,,34766,11351,0.32649715239026633,10439,0.30026462635908646,0.4646286670777905,0.4069474231292915,0.43462017434620176,-1365.0,-1365.0,0.30027326333956567,unit_payoff,unit_proxy,0.0,0.0,0.29627345608316447,0.3353008545502599,0.36842568936657566,0.1424544093031451,0.08034534402255308,0.7772002466743019
matrix_transformer,masked_reconstruction,50,fold_4,1,20,0.65,ok,,34766,6888,0.1981246044986481,6192,0.17810504515906345,0.4687862950058072,0.40281985586843455,0.4261950904392765,-914.0,-914.0,0.17811016827268805,unit_payoff,unit_proxy,0.0,0.0,0.259581881533101,0.3755807200929152,0.3648373983739837,0.09291521486643438,0.10104529616724739,0.8060394889663183
matrix_transformer,masked_reconstruction,50,fold_4,1,20,0.7,ok,,34766,3905,0.11232238393833055,3396,0.09768164298452511,0.4788732394366197,0.3927628653067132,0.4178445229681979,-558.0,-558.0,0.09768445275420681,unit_payoff,unit_proxy,0.0,0.0,0.21536491677336747,0.4258642765685019,0.3587708066581306,0.05121638924455826,0.13034571062740077,0.818437900128041
matrix_transformer,masked_reconstruction,50,fold_4,1,20,0.75,ok,,34766,1833,0.05272392567450958,1521,0.04374964045331646,0.5166393889798145,0.3909328957335165,0.42998027613412226,-213.0,-213.0,0.04375089889256436,unit_payoff,unit_proxy,0.0,0.0,0.18330605564648117,0.45771958537915985,0.358974358974359,0.019639934533551555,0.1702127659574468,0.8101472995090017
matrix_transformer,masked_reconstruction,50,fold_4,1,20,0.8,ok,,34766,533,0.015331070586204913,395,0.011361675199907956,0.5478424015009381,0.40320709360740453,0.4050632911392405,-75.0,-75.0,0.011362002013519345,unit_payoff,unit_proxy,0.0,0.0,0.17448405253283303,0.5196998123827392,0.3058161350844278,0.0,0.2589118198874296,0.7410881801125704
matrix_transformer,masked_reconstruction,50,fold_4,1,20,0.85,ok,,34766,67,0.0019271702237818559,35,0.0010067307139158949,0.6716417910447762,0.4439300411522633,0.37142857142857144,-9.0,-9.0,0.0010067596720839925,unit_payoff,unit_proxy,0.0,0.0,0.07462686567164178,0.7313432835820896,0.19402985074626866,0.0,0.47761194029850745,0.5223880597014925
matrix_transformer,masked_reconstruction,50,fold_4,1,20,0.9,skipped,too few samples remain after confidence filtering,34766,0,0.0,0,0.0,,,,0.0,0.0,0.0,unit_payoff,unit_proxy,0.0,0.0,,,,,,
matrix_transformer,masked_reconstruction,50,fold_4,1,20,0.95,skipped,too few samples remain after confidence filtering,34766,0,0.0,0,0.0,,,,0.0,0.0,0.0,unit_payoff,unit_proxy,0.0,0.0,,,,,,
matrix_transformer,masked_reconstruction,50,fold_4,2,20,0.33,ok,,34766,34766,1.0,31790,0.9143991255824656,0.41908761433584535,0.39633163050100034,0.39971689210443534,-6376.0,-6376.0,0.9144254278728606,unit_payoff,unit_proxy,0.0,0.0,0.36294080423402175,0.27472242996030605,0.3623367658056722,0.4120404993384341,0.08560087441753438,0.5023586262440315
matrix_transformer,masked_reconstruction,50,fold_4,2,20,0.35,ok,,34766,34658,0.9968935166542023,31706,0.9119829718690675,0.41952795891280514,0.39675396903420684,0.39998738409133916,-6342.0,-6342.0,0.912009204659859,unit_payoff,unit_proxy,0.0,0.0,0.3630330659587974,0.27468405562929193,0.36228287841191065,0.41243003058456923,0.08517513993883086,0.5023948294766
matrix_transformer,masked_reconstruction,50,fold_4,2,20,0.4,ok,,34766,33044,0.950468848875338,30430,0.8752804464131623,0.42437356252269703,0.40016503664300757,0.4038120276043378,-5854.0,-5854.0,0.8753056234718827,unit_payoff,unit_proxy,0.0,0.0,0.36514949763951093,0.274270669410483,0.36057983295000606,0.4107250938143082,0.07910664568454183,0.5101682605011499
matrix_transformer,masked_reconstruction,50,fold_4,2,20,0.45,ok,,34766,28338,0.8151067134556751,26339,0.7576080078237358,0.43697508645634836,0.4103910230751639,0.4143665287216675,-4511.0,-4511.0,0.7576298000862937,unit_payoff,unit_proxy,0.0,0.0,0.3680570259016162,0.2750017644152728,0.356941209683111,0.39357047074599477,0.07054132260568848,0.5358882066483167
matrix_transformer,masked_reconstruction,50,fold_4,2,20,0.5,ok,,34766,21622,0.6219294713225565,20066,0.5771731001553242,0.4640643788733697,0.43805035301055845,0.4375062294428386,-2508.0,-2508.0,0.5771897022867827,unit_payoff,unit_proxy,0.0,0.0,0.3545462954398298,0.28087133475164183,0.3645823698085284,0.3798908519100916,0.07196374063453889,0.5481454074553695
matrix_transformer,masked_reconstruction,50,fold_4,2,20,0.55,ok,,34766,14754,0.42438014151757464,13708,0.39429327503883105,0.4903077131625322,0.46044516121235146,0.46564050189670264,-942.0,-942.0,0.39430461671221056,unit_payoff,unit_proxy,0.0,0.0,0.35095567303782027,0.27219737020469026,0.37684695675748947,0.4040938050698116,0.07089602819574353,0.5250101667344449
matrix_transformer,masked_reconstruction,50,fold_4,2,20,0.6,ok,,34766,7617,0.21909336708278201,6926,0.19921762641661395,0.5210712879086254,0.5012344185867909,0.4880161709500433,-166.0,-166.0,0.19922335682439235,unit_payoff,unit_proxy,0.0,0.0,0.355520546146777,0.279243796770382,0.365235657082841,0.4921885256662728,0.09071813049757123,0.417093343836156
matrix_transformer,masked_reconstruction,50,fold_4,2,20,0.65,ok,,34766,2976,0.08560087441753438,2495,0.07176551803486164,0.5863575268817204,0.56158357232963,0.5306613226452905,153.0,153.0,0.0717675823385589,unit_payoff,unit_proxy,0.0,0.0,0.39280913978494625,0.3004032258064516,0.30678763440860213,0.6370967741935484,0.1616263440860215,0.2012768817204301
matrix_transformer,masked_reconstruction,50,fold_4,2,20,0.7,ok,,34766,960,0.02761318529597883,614,0.017660933095553128,0.6822916666666666,0.5434415294515137,0.5602605863192183,74.0,74.0,0.017661441104559184,unit_payoff,unit_proxy,0.0,0.0,0.37604166666666666,0.4354166666666667,0.18854166666666666,0.609375,0.36041666666666666,0.030208333333333334
matrix_transformer,masked_reconstruction,50,fold_4,2,20,0.75,ok,,34766,244,0.007018351262727952,0,0.0,0.9385245901639344,0.3227625088090204,,0.0,0.0,0.0,unit_payoff,unit_proxy,0.0,0.0,0.040983606557377046,0.9385245901639344,0.020491803278688523,0.0,1.0,0.0
matrix_transformer,masked_reconstruction,50,fold_4,2,20,0.8,ok,,34766,112,0.0032215382845308636,0,0.0,0.9732142857142857,0.3288084464555053,,0.0,0.0,0.0,unit_payoff,unit_proxy,0.0,0.0,0.017857142857142856,0.9732142857142857,0.008928571428571428,0.0,1.0,0.0
matrix_transformer,masked_reconstruction,50,fold_4,2,20,0.85,ok,,34766,11,0.0003164010815164241,0,0.0,1.0,0.3333333333333333,,0.0,0.0,0.0,unit_payoff,unit_proxy,0.0,0.0,0.0,1.0,0.0,0.0,1.0,0.0
matrix_transformer,masked_reconstruction,50,fold_4,2,20,0.9,skipped,too few samples remain after confidence filtering,34766,0,0.0,0,0.0,,,,0.0,0.0,0.0,unit_payoff,unit_proxy,0.0,0.0,,,,,,
matrix_transformer,masked_reconstruction,50,fold_4,2,20,0.95,skipped,too few samples remain after confidence filtering,34766,0,0.0,0,0.0,,,,0.0,0.0,0.0,unit_payoff,unit_proxy,0.0,0.0,,,,,,
matrix_transformer,masked_reconstruction,50,fold_5,0,20,0.33,ok,,39133,39133,1.0,32186,0.8224771931617816,0.4741266961388087,0.4646908261913216,0.4295345802522836,-4536.0,-4536.0,0.8224982111826638,unit_payoff,unit_proxy,0.0,0.0,0.3267063603608208,0.3380522832392099,0.3352413563999693,0.24429509621035955,0.1775228068382184,0.5781820969514221
matrix_transformer,masked_reconstruction,50,fold_5,0,20,0.35,ok,,39133,39031,0.9973935042036133,32110,0.82053509825467,0.47441777049012324,0.46503252577629867,0.42958579881656805,-4522.0,-4522.0,0.820556066646223,unit_payoff,unit_proxy,0.0,0.0,0.3271502139325152,0.33821833926878636,0.3346314467986985,0.2440367912684789,0.17732059132484435,0.5786426174066768
matrix_transformer,masked_reconstruction,50,fold_5,0,20,0.4,ok,,39133,36977,0.9449058339508855,30625,0.7825875859249227,0.4804878708386294,0.4707616259191521,0.43379591836734693,-4055.0,-4055.0,0.7826075845855055,unit_payoff,unit_proxy,0.0,0.0,0.327068177515753,0.33742596749330667,0.3355058549909403,0.24120399167049789,0.1717824593666333,0.5870135489628688
matrix_transformer,masked_reconstruction,50,fold_5,0,20,0.45,ok,,39133,30246,0.7729026652697212,24930,0.637058237293333,0.4956027243271838,0.48412921644019047,0.44215804251905333,-2884.0,-2884.0,0.6370745170193193,unit_payoff,unit_proxy,0.0,0.0,0.3184553329365867,0.3456655425510811,0.3358791245123322,0.21963234807908483,0.17575877802023407,0.6046088739006811
matrix_transformer,masked_reconstruction,50,fold_5,0,20,0.5,ok,,39133,22920,0.5856949377763013,18368,0.4693736743924565,0.5129581151832461,0.5012983163366395,0.44659189895470386,-1962.0,-1962.0,0.46938566901768375,unit_payoff,unit_proxy,0.0,0.0,0.3032722513089005,0.3719022687609075,0.32482547993019195,0.19611692844677137,0.19860383944153578,0.6052792321116929
matrix_transformer,masked_reconstruction,50,fold_5,0,20,0.55,ok,,39133,16345,0.4176781744307873,12414,0.31722587074847314,0.5357601713062099,0.5211107444707638,0.4482841952634123,-1284.0,-1284.0,0.31723397730757436,unit_payoff,unit_proxy,0.0,0.0,0.27935148363413886,0.41021719180177424,0.3104313245640869,0.1676965432854084,0.2405016824717039,0.5918017742428877
matrix_transformer,masked_reconstruction,50,fold_5,0,20,0.6,ok,,39133,10701,0.27345207369739094,7204,0.18409015408989854,0.5686384450051397,0.5221150964355595,0.4418378678511938,-838.0,-838.0,0.18409485842788512,unit_payoff,unit_proxy,0.0,0.0,0.22268946827399308,0.48593589384169705,0.2913746378843099,0.09195402298850575,0.32679188860854125,0.581254088402953
matrix_transformer,masked_reconstruction,50,fold_5,0,20,0.65,ok,,39133,6215,0.15881736641709043,3183,0.0813380011754785,0.6178600160901045,0.4420964850394696,0.3927112786679233,-683.0,-683.0,0.08134007973014412,unit_payoff,unit_proxy,0.0,0.0,0.14641995172968625,0.6151246983105391,0.23845534995977474,0.009814963797264683,0.48785197103781175,0.5023330651649236
matrix_transformer,masked_reconstruction,50,fold_5,0,20,0.7,ok,,39133,3471,0.08869751871821736,872,0.022282983671070452,0.7444540478248344,0.43749288557698174,0.3577981651376147,-248.0,-248.0,0.02228355310232035,unit_payoff,unit_proxy,0.0,0.0,0.07893978680495535,0.7764333045231921,0.1446269086718525,0.0,0.7487755690002881,0.2512244309997119
matrix_transformer,masked_reconstruction,50,fold_5,0,20,0.75,ok,,39133,2200,0.05621853678481077,135,0.003449773848158843,0.8313636363636364,0.3379801523123998,0.1111111111111111,-105.0,-105.0,0.0034498620055197792,unit_payoff,unit_proxy,0.0,0.0,0.05590909090909091,0.8754545454545455,0.06863636363636363,0.0,0.9386363636363636,0.06136363636363636
matrix_transformer,masked_reconstruction,50,fold_5,0,20,0.8,ok,,39133,1314,0.033577798788746074,0,0.0,0.895738203957382,0.3150006690753379,,0.0,0.0,0.0,unit_payoff,unit_proxy,0.0,0.0,0.0532724505327245,0.895738203957382,0.05098934550989345,0.0,1.0,0.0
matrix_transformer,masked_reconstruction,50,fold_5,0,20,0.85,ok,,39133,615,0.015715636419390284,0,0.0,0.9512195121951219,0.325,,0.0,0.0,0.0,unit_payoff,unit_proxy,0.0,0.0,0.022764227642276424,0.9512195121951219,0.026016260162601626,0.0,1.0,0.0
matrix_transformer,masked_reconstruction,50,fold_5,0,20,0.9,ok,,39133,41,0.001047709094626019,0,0.0,1.0,0.3333333333333333,,0.0,0.0,0.0,unit_payoff,unit_proxy,0.0,0.0,0.0,1.0,0.0,0.0,1.0,0.0
matrix_transformer,masked_reconstruction,50,fold_5,0,20,0.95,skipped,too few samples remain after confidence filtering,39133,0,0.0,0,0.0,,,,0.0,0.0,0.0,unit_payoff,unit_proxy,0.0,0.0,,,,,,
matrix_transformer,masked_reconstruction,50,fold_5,1,20,0.33,ok,,39133,39133,1.0,29019,0.7415480540720109,0.48879462346357294,0.47807617414247067,0.44622488714290637,-3121.0,-3121.0,0.7415670039865072,unit_payoff,unit_proxy,0.0,0.0,0.3267063603608208,0.3380522832392099,0.3352413563999693,0.19617713949863286,0.25845194592798915,0.5453709145733779
matrix_transformer,masked_reconstruction,50,fold_5,1,20,0.35,ok,,39133,39020,0.9971124115196892,28947,0.7397081746863261,0.4892875448487955,0.4785555120934581,0.4465056827995993,-3097.0,-3097.0,0.7397270775835634,unit_payoff,unit_proxy,0.0,0.0,0.3266017426960533,0.3381342901076371,0.3352639671963096,0.19589953869810353,0.2581496668375192,0.5459507944643772
matrix_transformer,masked_reconstruction,50,fold_5,1,20,0.4,ok,,39133,37077,0.9474612219865587,27587,0.7049548974011703,0.4948620438546808,0.48326593600661544,0.4486171022583101,-2835.0,-2835.0,0.7049729121946233,unit_payoff,unit_proxy,0.0,0.0,0.3228416538554899,0.34128974836151793,0.33586859778299216,0.19170914583164766,0.25595382582193815,0.5523370283464142
matrix_transformer,masked_reconstruction,50,fold_5,1,20,0.45,ok,,39133,32098,0.8202284516903892,23874,0.6100733396366238,0.50931522213222,0.4958650899603576,0.45434363742984,-2180.0,-2180.0,0.6100889297761423,unit_payoff,unit_proxy,0.0,0.0,0.3159386877687083,0.3506448999937691,0.3334164122375226,0.17926350551436226,0.25621534051965855,0.5645211539659792
matrix_transformer,masked_reconstruction,50,fold_5,1,20,0.5,ok,,39133,25424,0.6496818541895587,18480,0.4722357089924105,0.5283983637507866,0.5065729326286617,0.46066017316017316,-1454.0,-1454.0,0.4722477767555964,unit_payoff,unit_proxy,0.0,0.0,0.2975928256765261,0.3723253618628068,0.3300818124606671,0.14816708621774702,0.27312775330396477,0.5787051604782882
matrix_transformer,masked_reconstruction,50,fold_5,1,20,0.55,ok,,39133,18963,0.48457823320471216,13085,0.33437252446784044,0.5518641565153193,0.5122072852825548,0.4637371035536874,-949.0,-949.0,0.3343810692016764,unit_payoff,unit_proxy,0.0,0.0,0.2745346200495702,0.4065812371460212,0.3188841428044086,0.10383378157464536,0.30997205083583823,0.5861941675895165
matrix_transformer,masked_reconstruction,50,fold_5,1,20,0.6,ok,,39133,13570,0.34676615644085557,8476,0.21659468990366187,0.5749447310243183,0.4920930879341647,0.44738084001887685,-892.0,-892.0,0.2166002248798937,unit_payoff,unit_proxy,0.0,0.0,0.23478260869565218,0.46551215917464994,0.29970523212969785,0.05394252026529108,0.37538688282977156,0.5706705969049374
matrix_transformer,masked_reconstruction,50,fold_5,1,20,0.65,ok,,39133,9230,0.23586231569263794,4793,0.12247974854981729,0.6178764897074757,0.464791764276864,0.4370957646567912,-603.0,-603.0,0.12248287846263928,unit_payoff,unit_proxy,0.0,0.0,0.19165763813651138,0.5403033586132178,0.26803900325027086,0.013759479956663056,0.480715059588299,0.5055254604550379
matrix_transformer,masked_reconstruction,50,fold_5,1,20,0.7,ok,,39133,5805,0.14834027547083026,1948,0.04977895893491427,0.6895779500430663,0.4578991724564366,0.4106776180698152,-348.0,-348.0,0.0497802310129817,unit_payoff,unit_proxy,0.0,0.0,0.14108527131782947,0.6675279931093885,0.19138673557278207,0.0031007751937984496,0.66442721791559,0.3324720068906115
matrix_transformer,masked_reconstruction,50,fold_5,1,20,0.75,ok,,39133,3798,0.09705363759486878,499,0.012751386298009353,0.7927856766719326,0.4239915278713777,0.35070140280561124,-149.0,-149.0,0.012751712153736073,unit_payoff,unit_proxy,0.0,0.0,0.07740916271721959,0.8143759873617693,0.10821484992101106,0.0,0.8686150605581885,0.13138493944181148
matrix_transformer,masked_reconstruction,50,fold_5,1,20,0.8,ok,,39133,2709,0.06922546188638745,21,0.0005366314874913756,0.8826135105204873,0.33389037433155083,0.2857142857142857,-9.0,-9.0,0.0005366452008586323,unit_payoff,unit_proxy,0.0,0.0,0.05278700627537837,0.8859357696566998,0.06127722406792174,0.0,0.9922480620155039,0.007751937984496124
matrix_transformer,masked_reconstruction,50,fold_5,1,20,0.85,ok,,39133,1778,0.0454347992742698,0,0.0,0.9184476940382452,0.3191634906674485,,0.0,0.0,0.0,unit_payoff,unit_proxy,0.0,0.0,0.03487064116985377,0.9184476940382452,0.046681664791901015,0.0,1.0,0.0
matrix_transformer,masked_reconstruction,50,fold_5,1,20,0.9,ok,,39133,467,0.011933662126593924,0,0.0,0.9807280513918629,0.3300900900900901,,0.0,0.0,0.0,unit_payoff,unit_proxy,0.0,0.0,0.008565310492505354,0.9807280513918629,0.010706638115631691,0.0,1.0,0.0
matrix_transformer,masked_reconstruction,50,fold_5,1,20,0.95,skipped,too few samples remain after confidence filtering,39133,0,0.0,0,0.0,,,,0.0,0.0,0.0,unit_payoff,unit_proxy,0.0,0.0,,,,,,
matrix_transformer,masked_reconstruction,50,fold_5,2,20,0.33,ok,,39133,39133,1.0,31736,0.8109779470012521,0.48938236271177776,0.48284909624281563,0.4390912528358961,-3866.0,-3866.0,0.8109986711642645,unit_payoff,unit_proxy,0.0,0.0,0.3267063603608208,0.3380522832392099,0.3352413563999693,0.24245521682467483,0.18902205299874786,0.5685227301765773
matrix_transformer,masked_reconstruction,50,fold_5,2,20,0.35,ok,,39133,39013,0.9969335343571921,31656,0.8089336365727136,0.4898110886114885,0.48326374155800184,0.4393479909021986,-3840.0,-3840.0,0.8089543084943269,unit_payoff,unit_proxy,0.0,0.0,0.3266347115064209,0.33788737087637455,0.3354779176172045,0.2424320098428729,0.1885781662522749,0.5689898239048522
matrix_transformer,masked_reconstruction,50,fold_5,2,20,0.4,ok,,39133,36018,0.9203996626887793,29265,0.747834308639767,0.49891720806263534,0.4922005581034233,0.4450025627883137,-3219.0,-3219.0,0.7478534191965654,unit_payoff,unit_proxy,0.0,0.0,0.3243100671886279,0.33869176522849687,0.3369981675828752,0.23521572547059805,0.1874895885390638,0.5772946859903382
matrix_transformer,masked_reconstruction,50,fold_5,2,20,0.45,ok,,39133,27524,0.7033450029386963,21864,0.5587100401195921,0.5190742624618515,0.5109393482890181,0.4552231979509696,-1958.0,-1958.0,0.5587243176939589,unit_payoff,unit_proxy,0.0,0.0,0.30671414038657174,0.3594681005667781,0.3338177590466502,0.2196265077750327,0.20563871530300828,0.5747347769219591
matrix_transformer,masked_reconstruction,50,fold_5,2,20,0.5,ok,,39133,16902,0.43191168578948713,12158,0.3106840773771497,0.5575079872204473,0.5471481360903213,0.4657838460273071,-832.0,-832.0,0.3106920167637739,unit_payoff,unit_proxy,0.0,0.0,0.26677316293929715,0.4279375221867235,0.3052893148739794,0.2131108744527275,0.28067684297716244,0.5062122825701101
matrix_transformer,masked_reconstruction,50,fold_5,2,20,0.55,ok,,39133,9868,0.25216569136023304,5895,0.15064012470293614,0.6061005269558167,0.577245995807552,0.46089906700593725,-461.0,-461.0,0.15064397424103035,unit_payoff,unit_proxy,0.0,0.0,0.2198013781921362,0.5272598297527361,0.2529387920551277,0.20287798946088367,0.4026145115524929,0.3945074989866234
matrix_transformer,masked_reconstruction,50,fold_5,2,20,0.6,ok,,39133,6124,0.1564919633046278,2735,0.06988986277566249,0.6613324624428478,0.5836985464608878,0.4416819012797075,-319.0,-319.0,0.0698916487784933,unit_payoff,unit_proxy,0.0,0.0,0.17962116263879818,0.6229588504245591,0.19741998693664273,0.17194644023514044,0.5533964728935337,0.27465708687132595
matrix_transformer,masked_reconstruction,50,fold_5,2,20,0.65,ok,,39133,4010,0.102471060230496,1132,0.028926992563820815,0.7399002493765586,0.5805468007634418,0.4275618374558304,-164.0,-164.0,0.028927731779617705,unit_payoff,unit_proxy,0.0,0.0,0.13291770573566083,0.7314214463840399,0.13566084788029925,0.11745635910224439,0.7177057356608478,0.16483790523690772
matrix_transformer,masked_reconstruction,50,fold_5,2,20,0.7,ok,,39133,2790,0.07129532619528275,339,0.008662765440932205,0.8089605734767025,0.479626740669261,0.2920353982300885,-141.0,-141.0,0.008662986813860778,unit_payoff,unit_proxy,0.0,0.0,0.07921146953405019,0.8444444444444444,0.07634408602150537,0.04408602150537634,0.878494623655914,0.07741935483870968
matrix_transformer,masked_reconstruction,50,fold_5,2,20,0.75,ok,,39133,2072,0.052947640099149054,30,0.0007666164107019651,0.8885135135135135,0.3743654608380356,0.36666666666666664,-8.0,-8.0,0.0007666360012266176,unit_payoff,unit_proxy,0.0,0.0,0.0472972972972973,0.8923745173745173,0.060328185328185326,0.006274131274131274,0.9855212355212355,0.008204633204633204
matrix_transformer,masked_reconstruction,50,fold_5,2,20,0.8,ok,,39133,1627,0.04157616334040324,0,0.0,0.9102642901044868,0.3176748176748177,,0.0,0.0,0.0,unit_payoff,unit_proxy,0.0,0.0,0.03810694529809465,0.9102642901044868,0.05162876459741856,0.0,1.0,0.0
matrix_transformer,masked_reconstruction,50,fold_5,2,20,0.85,ok,,39133,901,0.023024046201415686,0,0.0,0.9489456159822419,0.3246013667425968,,0.0,0.0,0.0,unit_payoff,unit_proxy,0.0,0.0,0.025527192008879023,0.9489456159822419,0.025527192008879023,0.0,1.0,0.0
matrix_transformer,masked_reconstruction,50,fold_5,2,20,0.9,ok,,39133,58,0.0014821250606904658,0,0.0,0.9655172413793104,0.32748538011695905,,0.0,0.0,0.0,unit_payoff,unit_proxy,0.0,0.0,0.034482758620689655,0.9655172413793104,0.0,0.0,1.0,0.0
matrix_transformer,masked_reconstruction,50,fold_5,2,20,0.95,skipped,too few samples remain after confidence filtering,39133,0,0.0,0,0.0,,,,0.0,0.0,0.0,unit_payoff,unit_proxy,0.0,0.0,,,,,,
matrix_transformer,next_field,10,fold_1,0,20,0.33,ok,,38378,38378,1.0,0,0.0,0.5910677992599928,0.24766084744467373,,0.0,0.0,0.0,unit_payoff,unit_proxy,0.0,0.0,0.2086351555578717,0.5910677992599928,0.2002970451821356,0.0,1.0,0.0
matrix_transformer,next_field,10,fold_1,0,20,0.35,ok,,38378,38378,1.0,0,0.0,0.5910677992599928,0.24766084744467373,,0.0,0.0,0.0,unit_payoff,unit_proxy,0.0,0.0,0.2086351555578717,0.5910677992599928,0.2002970451821356,0.0,1.0,0.0
matrix_transformer,next_field,10,fold_1,0,20,0.4,ok,,38378,38378,1.0,0,0.0,0.5910677992599928,0.24766084744467373,,0.0,0.0,0.0,unit_payoff,unit_proxy,0.0,0.0,0.2086351555578717,0.5910677992599928,0.2002970451821356,0.0,1.0,0.0
matrix_transformer,next_field,10,fold_1,0,20,0.45,ok,,38378,38378,1.0,0,0.0,0.5910677992599928,0.24766084744467373,,0.0,0.0,0.0,unit_payoff,unit_proxy,0.0,0.0,0.2086351555578717,0.5910677992599928,0.2002970451821356,0.0,1.0,0.0
matrix_transformer,next_field,10,fold_1,0,20,0.5,ok,,38378,38378,1.0,0,0.0,0.5910677992599928,0.24766084744467373,,0.0,0.0,0.0,unit_payoff,unit_proxy,0.0,0.0,0.2086351555578717,0.5910677992599928,0.2002970451821356,0.0,1.0,0.0
matrix_transformer,next_field,10,fold_1,0,20,0.55,ok,,38378,38378,1.0,0,0.0,0.5910677992599928,0.24766084744467373,,0.0,0.0,0.0,unit_payoff,unit_proxy,0.0,0.0,0.2086351555578717,0.5910677992599928,0.2002970451821356,0.0,1.0,0.0
matrix_transformer,next_field,10,fold_1,0,20,0.6,ok,,38378,18802,0.48991609776434414,0,0.0,0.6142963514519731,0.253690036900369,,0.0,0.0,0.0,unit_payoff,unit_proxy,0.0,0.0,0.19306456759919158,0.6142963514519731,0.19263908094883522,0.0,1.0,0.0
matrix_transformer,next_field,10,fold_1,0,20,0.65,ok,,38378,18802,0.48991609776434414,0,0.0,0.6142963514519731,0.253690036900369,,0.0,0.0,0.0,unit_payoff,unit_proxy,0.0,0.0,0.19306456759919158,0.6142963514519731,0.19263908094883522,0.0,1.0,0.0
matrix_transformer,next_field,10,fold_1,0,20,0.7,ok,,38378,18799,0.48983792797957165,0,0.0,0.6142347997233896,0.2536742898569828,,0.0,0.0,0.0,unit_payoff,unit_proxy,0.0,0.0,0.1930953774136922,0.6142347997233896,0.19266982286291823,0.0,1.0,0.0
matrix_transformer,next_field,10,fold_1,0,20,0.75,ok,,38378,18791,0.48962947522017825,0,0.0,0.6142302165930499,0.25367311728700315,,0.0,0.0,0.0,unit_payoff,unit_proxy,0.0,0.0,0.19312436804853386,0.6142302165930499,0.19264541535841626,0.0,1.0,0.0
matrix_transformer,next_field,10,fold_1,0,20,0.8,skipped,too few samples remain after confidence filtering,38378,0,0.0,0,0.0,,,,0.0,0.0,0.0,unit_payoff,unit_proxy,0.0,0.0,,,,,,
matrix_transformer,next_field,10,fold_1,0,20,0.85,skipped,too few samples remain after confidence filtering,38378,0,0.0,0,0.0,,,,0.0,0.0,0.0,unit_payoff,unit_proxy,0.0,0.0,,,,,,
matrix_transformer,next_field,10,fold_1,0,20,0.9,skipped,too few samples remain after confidence filtering,38378,0,0.0,0,0.0,,,,0.0,0.0,0.0,unit_payoff,unit_proxy,0.0,0.0,,,,,,
matrix_transformer,next_field,10,fold_1,0,20,0.95,skipped,too few samples remain after confidence filtering,38378,0,0.0,0,0.0,,,,0.0,0.0,0.0,unit_payoff,unit_proxy,0.0,0.0,,,,,,
matrix_transformer,next_field,10,fold_1,1,20,0.33,ok,,38378,38378,1.0,0,0.0,0.5910677992599928,0.24766084744467373,,0.0,0.0,0.0,unit_payoff,unit_proxy,0.0,0.0,0.2086351555578717,0.5910677992599928,0.2002970451821356,0.0,1.0,0.0
matrix_transformer,next_field,10,fold_1,1,20,0.35,ok,,38378,38378,1.0,0,0.0,0.5910677992599928,0.24766084744467373,,0.0,0.0,0.0,unit_payoff,unit_proxy,0.0,0.0,0.2086351555578717,0.5910677992599928,0.2002970451821356,0.0,1.0,0.0
matrix_transformer,next_field,10,fold_1,1,20,0.4,ok,,38378,38378,1.0,0,0.0,0.5910677992599928,0.24766084744467373,,0.0,0.0,0.0,unit_payoff,unit_proxy,0.0,0.0,0.2086351555578717,0.5910677992599928,0.2002970451821356,0.0,1.0,0.0
matrix_transformer,next_field,10,fold_1,1,20,0.45,ok,,38378,38378,1.0,0,0.0,0.5910677992599928,0.24766084744467373,,0.0,0.0,0.0,unit_payoff,unit_proxy,0.0,0.0,0.2086351555578717,0.5910677992599928,0.2002970451821356,0.0,1.0,0.0
matrix_transformer,next_field,10,fold_1,1,20,0.5,ok,,38378,38378,1.0,0,0.0,0.5910677992599928,0.24766084744467373,,0.0,0.0,0.0,unit_payoff,unit_proxy,0.0,0.0,0.2086351555578717,0.5910677992599928,0.2002970451821356,0.0,1.0,0.0
matrix_transformer,next_field,10,fold_1,1,20,0.55,ok,,38378,38378,1.0,0,0.0,0.5910677992599928,0.24766084744467373,,0.0,0.0,0.0,unit_payoff,unit_proxy,0.0,0.0,0.2086351555578717,0.5910677992599928,0.2002970451821356,0.0,1.0,0.0
matrix_transformer,next_field,10,fold_1,1,20,0.6,ok,,38378,18812,0.4901766637135859,0,0.0,0.6144482245375292,0.25372888610845873,,0.0,0.0,0.0,unit_payoff,unit_proxy,0.0,0.0,0.19301509674675738,0.6144482245375292,0.19253667871571337,0.0,1.0,0.0
matrix_transformer,next_field,10,fold_1,1,20,0.65,ok,,38378,18808,0.4900724373338892,0,0.0,0.6143662271373883,0.2537079120420687,,0.0,0.0,0.0,unit_payoff,unit_proxy,0.0,0.0,0.19305614632071458,0.6143662271373883,0.19257762654189706,0.0,1.0,0.0
matrix_transformer,next_field,10,fold_1,1,20,0.7,ok,,38378,18798,0.48981187138464743,0,0.0,0.6142674752633259,0.2536826495304004,,0.0,0.0,0.0,unit_payoff,unit_proxy,0.0,0.0,0.19310564953718481,0.6142674752633259,0.19262687519948932,0.0,1.0,0.0
matrix_transformer,next_field,10,fold_1,1,20,0.75,ok,,38378,18792,0.4896555318151024,0,0.0,0.6141975308641975,0.2536647546207776,,0.0,0.0,0.0,unit_payoff,unit_proxy,0.0,0.0,0.19316730523627076,0.6141975308641975,0.19263516389953173,0.0,1.0,0.0
matrix_transformer,next_field,10,fold_1,1,20,0.8,skipped,too few samples remain after confidence filtering,38378,0,0.0,0,0.0,,,,0.0,0.0,0.0,unit_payoff,unit_proxy,0.0,0.0,,,,,,
matrix_transformer,next_field,10,fold_1,1,20,0.85,skipped,too few samples remain after confidence filtering,38378,0,0.0,0,0.0,,,,0.0,0.0,0.0,unit_payoff,unit_proxy,0.0,0.0,,,,,,
matrix_transformer,next_field,10,fold_1,1,20,0.9,skipped,too few samples remain after confidence filtering,38378,0,0.0,0,0.0,,,,0.0,0.0,0.0,unit_payoff,unit_proxy,0.0,0.0,,,,,,
matrix_transformer,next_field,10,fold_1,1,20,0.95,skipped,too few samples remain after confidence filtering,38378,0,0.0,0,0.0,,,,0.0,0.0,0.0,unit_payoff,unit_proxy,0.0,0.0,,,,,,
matrix_transformer,next_field,10,fold_1,2,20,0.33,ok,,38378,38378,1.0,0,0.0,0.5910677992599928,0.24766084744467373,,0.0,0.0,0.0,unit_payoff,unit_proxy,0.0,0.0,0.2086351555578717,0.5910677992599928,0.2002970451821356,0.0,1.0,0.0
matrix_transformer,next_field,10,fold_1,2,20,0.35,ok,,38378,38378,1.0,0,0.0,0.5910677992599928,0.24766084744467373,,0.0,0.0,0.0,unit_payoff,unit_proxy,0.0,0.0,0.2086351555578717,0.5910677992599928,0.2002970451821356,0.0,1.0,0.0
matrix_transformer,next_field,10,fold_1,2,20,0.4,ok,,38378,38378,1.0,0,0.0,0.5910677992599928,0.24766084744467373,,0.0,0.0,0.0,unit_payoff,unit_proxy,0.0,0.0,0.2086351555578717,0.5910677992599928,0.2002970451821356,0.0,1.0,0.0
matrix_transformer,next_field,10,fold_1,2,20,0.45,ok,,38378,38378,1.0,0,0.0,0.5910677992599928,0.24766084744467373,,0.0,0.0,0.0,unit_payoff,unit_proxy,0.0,0.0,0.2086351555578717,0.5910677992599928,0.2002970451821356,0.0,1.0,0.0
matrix_transformer,next_field,10,fold_1,2,20,0.5,ok,,38378,38378,1.0,0,0.0,0.5910677992599928,0.24766084744467373,,0.0,0.0,0.0,unit_payoff,unit_proxy,0.0,0.0,0.2086351555578717,0.5910677992599928,0.2002970451821356,0.0,1.0,0.0
matrix_transformer,next_field,10,fold_1,2,20,0.55,ok,,38378,38378,1.0,0,0.0,0.5910677992599928,0.24766084744467373,,0.0,0.0,0.0,unit_payoff,unit_proxy,0.0,0.0,0.2086351555578717,0.5910677992599928,0.2002970451821356,0.0,1.0,0.0
matrix_transformer,next_field,10,fold_1,2,20,0.6,ok,,38378,38378,1.0,0,0.0,0.5910677992599928,0.24766084744467373,,0.0,0.0,0.0,unit_payoff,unit_proxy,0.0,0.0,0.2086351555578717,0.5910677992599928,0.2002970451821356,0.0,1.0,0.0
matrix_transformer,next_field,10,fold_1,2,20,0.65,ok,,38378,18804,0.4899682109541925,0,0.0,0.6143373750265901,0.2537005314709887,,0.0,0.0,0.0,unit_payoff,unit_proxy,0.0,0.0,0.19304403318442884,0.6143373750265901,0.19261859178898108,0.0,1.0,0.0
matrix_transformer,next_field,10,fold_1,2,20,0.7,ok,,38378,18802,0.48991609776434414,0,0.0,0.6142963514519731,0.253690036900369,,0.0,0.0,0.0,unit_payoff,unit_proxy,0.0,0.0,0.19306456759919158,0.6142963514519731,0.19263908094883522,0.0,1.0,0.0
matrix_transformer,next_field,10,fold_1,2,20,0.75,ok,,38378,18791,0.48962947522017825,0,0.0,0.6142302165930499,0.25367311728700315,,0.0,0.0,0.0,unit_payoff,unit_proxy,0.0,0.0,0.19312436804853386,0.6142302165930499,0.19264541535841626,0.0,1.0,0.0
matrix_transformer,next_field,10,fold_1,2,20,0.8,skipped,too few samples remain after confidence filtering,38378,0,0.0,0,0.0,,,,0.0,0.0,0.0,unit_payoff,unit_proxy,0.0,0.0,,,,,,
matrix_transformer,next_field,10,fold_1,2,20,0.85,skipped,too few samples remain after confidence filtering,38378,0,0.0,0,0.0,,,,0.0,0.0,0.0,unit_payoff,unit_proxy,0.0,0.0,,,,,,
matrix_transformer,next_field,10,fold_1,2,20,0.9,skipped,too few samples remain after confidence filtering,38378,0,0.0,0,0.0,,,,0.0,0.0,0.0,unit_payoff,unit_proxy,0.0,0.0,,,,,,
matrix_transformer,next_field,10,fold_1,2,20,0.95,skipped,too few samples remain after confidence filtering,38378,0,0.0,0,0.0,,,,0.0,0.0,0.0,unit_payoff,unit_proxy,0.0,0.0,,,,,,
matrix_transformer,next_field,10,fold_2,0,20,0.33,ok,,28516,28516,1.0,1454,0.050988918501893674,0.6236849488006733,0.28972311403768486,0.2297111416781293,-786.0,-786.0,0.05099070664562511,unit_payoff,unit_proxy,0.0,0.0,0.17463879927058493,0.6434282508065647,0.18193294992285033,0.0,0.9490110814981063,0.050988918501893674
matrix_transformer,next_field,10,fold_2,0,20,0.35,ok,,28516,28516,1.0,1454,0.050988918501893674,0.6236849488006733,0.28972311403768486,0.2297111416781293,-786.0,-786.0,0.05099070664562511,unit_payoff,unit_proxy,0.0,0.0,0.17463879927058493,0.6434282508065647,0.18193294992285033,0.0,0.9490110814981063,0.050988918501893674
matrix_transformer,next_field,10,fold_2,0,20,0.4,ok,,28516,28516,1.0,1454,0.050988918501893674,0.6236849488006733,0.28972311403768486,0.2297111416781293,-786.0,-786.0,0.05099070664562511,unit_payoff,unit_proxy,0.0,0.0,0.17463879927058493,0.6434282508065647,0.18193294992285033,0.0,0.9490110814981063,0.050988918501893674
matrix_transformer,next_field,10,fold_2,0,20,0.45,ok,,28516,28095,0.985236358535559,1289,0.04520269322485622,0.6265171738743549,0.2878955492509302,0.22963537626066718,-697.0,-697.0,0.04520427844993863,unit_payoff,unit_proxy,0.0,0.0,0.17487097348282613,0.6442427478198968,0.1808862786972771,0.0,0.9541199501690693,0.04588004983093077
matrix_transformer,next_field,10,fold_2,0,20,0.5,ok,,28516,26721,0.937052882592229,1023,0.035874596717632205,0.6299539687885932,0.28488255854718864,0.2316715542521994,-549.0,-549.0,0.03587585481325618,unit_payoff,unit_proxy,0.0,0.0,0.17555480708057333,0.644399535945511,0.18004565697391564,0.0,0.9617155046592568,0.038284495340743234
matrix_transformer,next_field,10,fold_2,0,20,0.55,ok,,28516,23103,0.8101767428811895,813,0.028510310001402722,0.6307405964593343,0.28428642971499213,0.24231242312423124,-419.0,-419.0,0.028511309836927932,unit_payoff,unit_proxy,0.0,0.0,0.17608102843786522,0.6433796476648055,0.18053932389732935,0.0,0.9648097649655889,0.03519023503441111
matrix_transformer,next_field,10,fold_2,0,20,0.6,ok,,28516,15185,0.5325080656473559,635,0.02226820030859868,0.616463615409944,0.2844232039485479,0.24881889763779527,-319.0,-319.0,0.02226898123794494,unit_payoff,unit_proxy,0.0,0.0,0.1810339150477445,0.6312808692788936,0.18768521567336188,0.0,0.9581824168587422,0.04181758314125782
matrix_transformer,next_field,10,fold_2,0,20,0.65,ok,,28516,14392,0.504699116285594,497,0.01742881189507645,0.6252084491384102,0.28238007564096596,0.24748490945674045,-251.0,-251.0,0.01742942311064352,unit_payoff,unit_proxy,0.0,0.0,0.17711228460255699,0.6373679822123401,0.18551973318510284,0.0,0.9654669260700389,0.03453307392996109
matrix_transformer,next_field,10,fold_2,0,20,0.7,ok,,28516,10865,0.38101416748492073,376,0.013185580025248982,0.655315232397607,0.2948650484068928,0.2579787234042553,-182.0,-182.0,0.013186042433806769,unit_payoff,unit_proxy,0.0,0.0,0.17487344684767603,0.6668200644270593,0.15830648872526462,0.0,0.9653934652554073,0.03460653474459273
matrix_transformer,next_field,10,fold_2,0,20,0.75,ok,,28516,3279,0.1149880768691261,255,0.008942348155421517,0.7526684964928332,0.36582147285948513,0.27450980392156865,-115.0,-115.0,0.008942661756970016,unit_payoff,unit_proxy,0.0,0.0,0.12015858493443123,0.7773711497407746,0.10247026532479414,0.0,0.9222323879231473,0.0777676120768527
matrix_transformer,next_field,10,fold_2,0,20,0.8,ok,,28516,186,0.006522653948660401,175,0.006136905596857904,0.3010752688172043,0.1812746932834269,0.2857142857142857,-75.0,-75.0,0.006137120813606874,unit_payoff,unit_proxy,0.0,0.0,0.16666666666666666,0.543010752688172,0.2903225806451613,0.0,0.05913978494623656,0.9408602150537635
matrix_transformer,next_field,10,fold_2,0,20,0.85,ok,,28516,117,0.004102959741899285,117,0.004102959741899285,0.38461538461538464,0.1851851851851852,0.38461538461538464,-27.0,-27.0,0.004103103629668595,unit_payoff,unit_proxy,0.0,0.0,0.1623931623931624,0.452991452991453,0.38461538461538464,0.0,0.0,1.0
matrix_transformer,next_field,10,fold_2,0,20,0.9,ok,,28516,39,0.0013676532472997615,39,0.0013676532472997615,0.3076923076923077,0.1568627450980392,0.3076923076923077,-15.0,-15.0,0.0013677012098895318,unit_payoff,unit_proxy,0.0,0.0,0.23076923076923078,0.46153846153846156,0.3076923076923077,0.0,0.0,1.0
matrix_transformer,next_field,10,fold_2,0,20,0.95,skipped,too few samples remain after confidence filtering,28516,0,0.0,0,0.0,,,,0.0,0.0,0.0,unit_payoff,unit_proxy,0.0,0.0,,,,,,
matrix_transformer,next_field,10,fold_2,1,20,0.33,ok,,28516,28516,1.0,2,7.013606396409034e-05,0.6434282508065647,0.2610217233579446,0.0,-2.0,-2.0,7.013852358407856e-05,unit_payoff,unit_proxy,0.0,0.0,0.17463879927058493,0.6434282508065647,0.18193294992285033,7.013606396409034e-05,0.9999298639360359,0.0
matrix_transformer,next_field,10,fold_2,1,20,0.35,ok,,28516,28516,1.0,2,7.013606396409034e-05,0.6434282508065647,0.2610217233579446,0.0,-2.0,-2.0,7.013852358407856e-05,unit_payoff,unit_proxy,0.0,0.0,0.17463879927058493,0.6434282508065647,0.18193294992285033,7.013606396409034e-05,0.9999298639360359,0.0
matrix_transformer,next_field,10,fold_2,1,20,0.4,ok,,28516,28506,0.9996493196801796,2,7.013606396409034e-05,0.6435487265838771,0.2610514632115947,0.0,-2.0,-2.0,7.013852358407856e-05,unit_payoff,unit_proxy,0.0,0.0,0.17448958114081245,0.6435487265838771,0.18196169227531045,7.016066792955869e-05,0.9999298393320705,0.0
matrix_transformer,next_field,10,fold_2,1,20,0.45,ok,,28516,28489,0.9990531631364847,0,0.0,0.6436519358348837,0.2610657896610145,,0.0,0.0,0.0,unit_payoff,unit_proxy,0.0,0.0,0.17434799396258205,0.6436519358348837,0.1820000702025343,0.0,1.0,0.0
matrix_transformer,next_field,10,fold_2,1,20,0.5,ok,,28516,28452,0.9977556459531491,0,0.0,0.644102347813862,0.2611769065230094,,0.0,0.0,0.0,unit_payoff,unit_proxy,0.0,0.0,0.17404751862786447,0.644102347813862,0.1818501335582736,0.0,1.0,0.0
matrix_transformer,next_field,10,fold_2,1,20,0.55,ok,,28516,28356,0.9943891148828727,0,0.0,0.6450486669487939,0.2614101657126932,,0.0,0.0,0.0,unit_payoff,unit_proxy,0.0,0.0,0.17340245450698266,0.6450486669487939,0.18154887854422344,0.0,1.0,0.0
matrix_transformer,next_field,10,fold_2,1,20,0.6,ok,,28516,24432,0.8567821573853275,0,0.0,0.6595448592010478,0.2649500978312698,,0.0,0.0,0.0,unit_payoff,unit_proxy,0.0,0.0,0.16155042567125083,0.6595448592010478,0.17890471512770137,0.0,1.0,0.0
matrix_transformer,next_field,10,fold_2,1,20,0.65,ok,,28516,9291,0.32581708514518165,0,0.0,0.6921752233344096,0.2726964338718569,,0.0,0.0,0.0,unit_payoff,unit_proxy,0.0,0.0,0.1566031643525993,0.6921752233344096,0.15122161231299105,0.0,1.0,0.0
matrix_transformer,next_field,10,fold_2,1,20,0.7,ok,,28516,8798,0.30852854537803337,0,0.0,0.6906115026142305,0.2723320335260634,,0.0,0.0,0.0,unit_payoff,unit_proxy,0.0,0.0,0.15764946578767902,0.6906115026142305,0.15173903159809046,0.0,1.0,0.0
matrix_transformer,next_field,10,fold_2,1,20,0.75,ok,,28516,7084,0.24842193856080796,0,0.0,0.7221908526256352,0.2795628415300547,,0.0,0.0,0.0,unit_payoff,unit_proxy,0.0,0.0,0.1411631846414455,0.7221908526256352,0.13664596273291926,0.0,1.0,0.0
matrix_transformer,next_field,10,fold_2,1,20,0.8,ok,,28516,219,0.0076798990040678914,0,0.0,0.776255707762557,0.2913453299057412,,0.0,0.0,0.0,unit_payoff,unit_proxy,0.0,0.0,0.0730593607305936,0.776255707762557,0.1506849315068493,0.0,1.0,0.0
matrix_transformer,next_field,10,fold_2,1,20,0.85,ok,,28516,63,0.0022092860148688457,0,0.0,0.9841269841269841,0.33066666666666666,,0.0,0.0,0.0,unit_payoff,unit_proxy,0.0,0.0,0.015873015873015872,0.9841269841269841,0.0,0.0,1.0,0.0
matrix_transformer,next_field,10,fold_2,1,20,0.9,ok,,28516,8,0.00028054425585636136,0,0.0,1.0,0.3333333333333333,,0.0,0.0,0.0,unit_payoff,unit_proxy,0.0,0.0,0.0,1.0,0.0,0.0,1.0,0.0
matrix_transformer,next_field,10,fold_2,1,20,0.95,skipped,too few samples remain after confidence filtering,28516,0,0.0,0,0.0,,,,0.0,0.0,0.0,unit_payoff,unit_proxy,0.0,0.0,,,,,,
matrix_transformer,next_field,10,fold_2,2,20,0.33,ok,,28516,28516,1.0,0,0.0,0.6434282508065647,0.2610105838170024,,0.0,0.0,0.0,unit_payoff,unit_proxy,0.0,0.0,0.17463879927058493,0.6434282508065647,0.18193294992285033,0.0,1.0,0.0
matrix_transformer,next_field,10,fold_2,2,20,0.35,ok,,28516,28516,1.0,0,0.0,0.6434282508065647,0.2610105838170024,,0.0,0.0,0.0,unit_payoff,unit_proxy,0.0,0.0,0.17463879927058493,0.6434282508065647,0.18193294992285033,0.0,1.0,0.0
matrix_transformer,next_field,10,fold_2,2,20,0.4,ok,,28516,28516,1.0,0,0.0,0.6434282508065647,0.2610105838170024,,0.0,0.0,0.0,unit_payoff,unit_proxy,0.0,0.0,0.17463879927058493,0.6434282508065647,0.18193294992285033,0.0,1.0,0.0
matrix_transformer,next_field,10,fold_2,2,20,0.45,ok,,28516,28516,1.0,0,0.0,0.6434282508065647,0.2610105838170024,,0.0,0.0,0.0,unit_payoff,unit_proxy,0.0,0.0,0.17463879927058493,0.6434282508065647,0.18193294992285033,0.0,1.0,0.0
matrix_transformer,next_field,10,fold_2,2,20,0.5,ok,,28516,28516,1.0,0,0.0,0.6434282508065647,0.2610105838170024,,0.0,0.0,0.0,unit_payoff,unit_proxy,0.0,0.0,0.17463879927058493,0.6434282508065647,0.18193294992285033,0.0,1.0,0.0
matrix_transformer,next_field,10,fold_2,2,20,0.55,ok,,28516,28516,1.0,0,0.0,0.6434282508065647,0.2610105838170024,,0.0,0.0,0.0,unit_payoff,unit_proxy,0.0,0.0,0.17463879927058493,0.6434282508065647,0.18193294992285033,0.0,1.0,0.0
matrix_transformer,next_field,10,fold_2,2,20,0.6,ok,,28516,28495,0.9992635713283771,0,0.0,0.6432707492542551,0.2609717031500267,,0.0,0.0,0.0,unit_payoff,unit_proxy,0.0,0.0,0.17476750307071415,0.6432707492542551,0.1819617476750307,0.0,1.0,0.0
matrix_transformer,next_field,10,fold_2,2,20,0.65,ok,,28516,28425,0.9968088090896339,0,0.0,0.6434828496042216,0.2610240602791335,,0.0,0.0,0.0,unit_payoff,unit_proxy,0.0,0.0,0.17456464379947229,0.6434828496042216,0.18195250659630607,0.0,1.0,0.0
matrix_transformer,next_field,10,fold_2,2,20,0.7,ok,,28516,39,0.0013676532472997615,0,0.0,0.9487179487179487,0.32456140350877194,,0.0,0.0,0.0,unit_payoff,unit_proxy,0.0,0.0,0.05128205128205128,0.9487179487179487,0.0,0.0,1.0,0.0
matrix_transformer,next_field,10,fold_2,2,20,0.75,skipped,too few samples remain after confidence filtering,28516,0,0.0,0,0.0,,,,0.0,0.0,0.0,unit_payoff,unit_proxy,0.0,0.0,,,,,,
matrix_transformer,next_field,10,fold_2,2,20,0.8,skipped,too few samples remain after confidence filtering,28516,0,0.0,0,0.0,,,,0.0,0.0,0.0,unit_payoff,unit_proxy,0.0,0.0,,,,,,
matrix_transformer,next_field,10,fold_2,2,20,0.85,skipped,too few samples remain after confidence filtering,28516,0,0.0,0,0.0,,,,0.0,0.0,0.0,unit_payoff,unit_proxy,0.0,0.0,,,,,,
matrix_transformer,next_field,10,fold_2,2,20,0.9,skipped,too few samples remain after confidence filtering,28516,0,0.0,0,0.0,,,,0.0,0.0,0.0,unit_payoff,unit_proxy,0.0,0.0,,,,,,
matrix_transformer,next_field,10,fold_2,2,20,0.95,skipped,too few samples remain after confidence filtering,28516,0,0.0,0,0.0,,,,0.0,0.0,0.0,unit_payoff,unit_proxy,0.0,0.0,,,,,,
matrix_transformer,next_field,10,fold_3,0,20,0.33,ok,,37004,37004,1.0,7,0.00018916873851475516,0.5980704788671495,0.24950113301992086,0.0,-7.0,-7.0,0.00018917385076885657,unit_payoff,unit_proxy,0.0,0.0,0.19387093287212193,0.5982326235001622,0.20789644362771592,0.0,0.9998108312614853,0.00018916873851475516
matrix_transformer,next_field,10,fold_3,0,20,0.35,ok,,37004,37004,1.0,7,0.00018916873851475516,0.5980704788671495,0.24950113301992086,0.0,-7.0,-7.0,0.00018917385076885657,unit_payoff,unit_proxy,0.0,0.0,0.19387093287212193,0.5982326235001622,0.20789644362771592,0.0,0.9998108312614853,0.00018916873851475516
matrix_transformer,next_field,10,fold_3,0,20,0.4,ok,,37004,36995,0.999756783050481,6,0.0001621446330126473,0.5981078524124882,0.24951089009545394,0.0,-6.0,-6.0,0.00016214901494473422,unit_payoff,unit_proxy,0.0,0.0,0.19389106636031897,0.5982430058115962,0.20786592782808488,0.0,0.9998378159210705,0.00016218407892958507
matrix_transformer,next_field,10,fold_3,0,20,0.45,ok,,37004,36951,0.9985677224083883,4,0.00010809642200843153,0.5982788016562475,0.24955128856378475,0.0,-4.0,-4.0,0.00010809934329648947,unit_payoff,unit_proxy,0.0,0.0,0.1937701280073611,0.598387053124408,0.2078428188682309,0.0,0.9998917485318395,0.00010825146816053693
matrix_transformer,next_field,10,fold_3,0,20,0.5,ok,,37004,36712,0.9921089611933845,0,0.0,0.5987687949444324,0.24967912677048196,,0.0,0.0,0.0,unit_payoff,unit_proxy,0.0,0.0,0.1935606886031815,0.5987687949444324,0.20767051645238613,0.0,1.0,0.0
matrix_transformer,next_field,10,fold_3,0,20,0.55,ok,,37004,35799,0.96743595286996,0,0.0,0.59856420570407,0.249625759402613,,0.0,0.0,0.0,unit_payoff,unit_proxy,0.0,0.0,0.1929104164920808,0.59856420570407,0.20852537780384928,0.0,1.0,0.0
matrix_transformer,next_field,10,fold_3,0,20,0.6,ok,,37004,34112,0.921846286887904,0,0.0,0.5994664634146342,0.24986101183384957,,0.0,0.0,0.0,unit_payoff,unit_proxy,0.0,0.0,0.1919265947467167,0.5994664634146342,0.20860694183864917,0.0,1.0,0.0
matrix_transformer,next_field,10,fold_3,0,20,0.65,ok,,37004,16455,0.4446816560371852,0,0.0,0.5716803403220906,0.2424922022014281,,0.0,0.0,0.0,unit_payoff,unit_proxy,0.0,0.0,0.18960802187784867,0.5716803403220906,0.23871163780006077,0.0,1.0,0.0
matrix_transformer,next_field,10,fold_3,0,20,0.7,ok,,37004,799,0.021592260296184197,0,0.0,0.6583229036295369,0.2646540880503145,,0.0,0.0,0.0,unit_payoff,unit_proxy,0.0,0.0,0.15143929912390489,0.6583229036295369,0.1902377972465582,0.0,1.0,0.0
matrix_transformer,next_field,10,fold_3,0,20,0.75,ok,,37004,289,0.007809966490109177,0,0.0,0.6920415224913494,0.27266530334015,,0.0,0.0,0.0,unit_payoff,unit_proxy,0.0,0.0,0.1384083044982699,0.6920415224913494,0.1695501730103806,0.0,1.0,0.0
matrix_transformer,next_field,10,fold_3,0,20,0.8,ok,,37004,62,0.0016754945411306887,0,0.0,0.7741935483870968,0.2909090909090909,,0.0,0.0,0.0,unit_payoff,unit_proxy,0.0,0.0,0.08064516129032258,0.7741935483870968,0.14516129032258066,0.0,1.0,0.0
matrix_transformer,next_field,10,fold_3,0,20,0.85,skipped,too few samples remain after confidence filtering,37004,0,0.0,0,0.0,,,,0.0,0.0,0.0,unit_payoff,unit_proxy,0.0,0.0,,,,,,
matrix_transformer,next_field,10,fold_3,0,20,0.9,skipped,too few samples remain after confidence filtering,37004,0,0.0,0,0.0,,,,0.0,0.0,0.0,unit_payoff,unit_proxy,0.0,0.0,,,,,,
matrix_transformer,next_field,10,fold_3,0,20,0.95,skipped,too few samples remain after confidence filtering,37004,0,0.0,0,0.0,,,,0.0,0.0,0.0,unit_payoff,unit_proxy,0.0,0.0,,,,,,
matrix_transformer,next_field,10,fold_3,1,20,0.33,ok,,37004,37004,1.0,420,0.01135012431088531,0.5923954167117068,0.2533046573992885,0.1380952380952381,-304.0,-304.0,0.011350431046131395,unit_payoff,unit_proxy,0.0,0.0,0.19387093287212193,0.5982326235001622,0.20789644362771592,0.011269051994378986,0.9886498756891147,8.107231650632364e-05
matrix_transformer,next_field,10,fold_3,1,20,0.35,ok,,37004,37004,1.0,420,0.01135012431088531,0.5923954167117068,0.2533046573992885,0.1380952380952381,-304.0,-304.0,0.011350431046131395,unit_payoff,unit_proxy,0.0,0.0,0.19387093287212193,0.5982326235001622,0.20789644362771592,0.011269051994378986,0.9886498756891147,8.107231650632364e-05
matrix_transformer,next_field,10,fold_3,1,20,0.4,ok,,37004,36887,0.9968381796562534,360,0.009728677980758837,0.5931357930978394,0.2527018231539215,0.1361111111111111,-262.0,-262.0,0.009728940896684052,unit_payoff,unit_proxy,0.0,0.0,0.19407921489955812,0.5983408789004256,0.20757990620001626,0.009678206414183859,0.9902404641201508,8.132946566541058e-05
matrix_transformer,next_field,10,fold_3,1,20,0.45,ok,,37004,36571,0.9882985623175873,277,0.007485677224083883,0.5943233709770036,0.2524315591044188,0.15162454873646208,-193.0,-193.0,0.007485879523281896,unit_payoff,unit_proxy,0.0,0.0,0.194252276393864,0.5980148204861776,0.20773290311995843,0.007492275300101173,0.9924256924885838,8.203221131497634e-05
matrix_transformer,next_field,10,fold_3,1,20,0.5,ok,,37004,35973,0.9721381472273267,216,0.005837206788455302,0.5954187863119562,0.25162839686667154,0.13425925925925927,-158.0,-158.0,0.005837364538010432,unit_payoff,unit_proxy,0.0,0.0,0.19406221332666165,0.5983376421204792,0.20760014455285908,0.0059489061240374725,0.9939954966224669,5.559725349567731e-05
matrix_transformer,next_field,10,fold_3,1,20,0.55,ok,,37004,33713,0.911063668792563,153,0.004134688141822506,0.6022305935395842,0.2523206938481695,0.10457516339869281,-121.0,-121.0,0.004134799881090723,unit_payoff,unit_proxy,0.0,0.0,0.18921484293892563,0.6047815382790022,0.20600361878207218,0.004508646516180702,0.9954616913356865,2.9662148132767776e-05
matrix_transformer,next_field,10,fold_3,1,20,0.6,ok,,37004,24102,0.6513349908118041,126,0.003405037293265593,0.6128537050867148,0.25508045368004123,0.0873015873015873,-104.0,-104.0,0.0034051293138394182,unit_payoff,unit_proxy,0.0,0.0,0.18006804414571406,0.6161314413741599,0.20380051448012612,0.005227781926811053,0.9947722180731889,0.0
matrix_transformer,next_field,10,fold_3,1,20,0.65,ok,,37004,6425,0.17362987785104314,104,0.0028105069722192196,0.6678599221789884,0.27274583282084225,0.07692307692307693,-88.0,-88.0,0.0028105829257087265,unit_payoff,unit_proxy,0.0,0.0,0.13494163424124514,0.6790661478599221,0.1859922178988327,0.016186770428015564,0.9838132295719845,0.0
matrix_transformer,next_field,10,fold_3,1,20,0.7,ok,,37004,3214,0.08685547508377472,76,0.002053832018160199,0.7576228998133168,0.2987434803224277,0.07894736842105263,-64.0,-64.0,0.0020538875226333,unit_payoff,unit_proxy,0.0,0.0,0.09147479775980087,0.7734909769757312,0.13503422526446796,0.023646546359676415,0.9763534536403236,0.0
matrix_transformer,next_field,10,fold_3,1,20,0.75,ok,,37004,1125,0.030402118689871364,54,0.0014593016971138255,0.8773333333333333,0.356616282153275,0.1111111111111111,-42.0,-42.0,0.001459341134502608,unit_payoff,unit_proxy,0.0,0.0,0.032,0.9102222222222223,0.057777777777777775,0.048,0.952,0.0
matrix_transformer,next_field,10,fold_3,1,20,0.8,ok,,37004,73,0.0019727597016538753,49,0.001324181169603286,0.3972602739726027,0.2531194295900178,0.12244897959183673,-37.0,-37.0,0.001324216955381996,unit_payoff,unit_proxy,0.0,0.0,0.0821917808219178,0.8356164383561644,0.0821917808219178,0.6712328767123288,0.3287671232876712,0.0
matrix_transformer,next_field,10,fold_3,1,20,0.85,ok,,37004,34,0.0009188195870716679,34,0.0009188195870716679,0.08823529411764706,0.05405405405405406,0.08823529411764706,-28.0,-28.0,0.0009188444180201605,unit_payoff,unit_proxy,0.0,0.0,0.08823529411764706,0.8235294117647058,0.08823529411764706,1.0,0.0,0.0
matrix_transformer,next_field,10,fold_3,1,20,0.9,ok,,37004,4,0.00010809642200843153,4,0.00010809642200843153,0.0,0.0,0.0,-4.0,-4.0,0.00010809934329648947,unit_payoff,unit_proxy,0.0,0.0,0.0,1.0,0.0,1.0,0.0,0.0
matrix_transformer,next_field,10,fold_3,1,20,0.95,skipped,too few samples remain after confidence filtering,37004,0,0.0,0,0.0,,,,0.0,0.0,0.0,unit_payoff,unit_proxy,0.0,0.0,,,,,,
matrix_transformer,next_field,10,fold_3,2,20,0.33,ok,,37004,37004,1.0,407,0.010998810939357907,0.595178899578424,0.2581807852139269,0.2628992628992629,-193.0,-193.0,0.010999108180417804,unit_payoff,unit_proxy,0.0,0.0,0.19387093287212193,0.5982326235001622,0.20789644362771592,0.010998810939357907,0.989001189060642,0.0
matrix_transformer,next_field,10,fold_3,2,20,0.35,ok,,37004,37004,1.0,407,0.010998810939357907,0.595178899578424,0.2581807852139269,0.2628992628992629,-193.0,-193.0,0.010999108180417804,unit_payoff,unit_proxy,0.0,0.0,0.19387093287212193,0.5982326235001622,0.20789644362771592,0.010998810939357907,0.989001189060642,0.0
matrix_transformer,next_field,10,fold_3,2,20,0.4,ok,,37004,36946,0.9984326018808778,378,0.01021511187979678,0.5953283170031939,0.25714698780821993,0.24867724867724866,-190.0,-190.0,0.010215387941518255,unit_payoff,unit_proxy,0.0,0.0,0.19363395225464192,0.598440967899096,0.2079250798462621,0.010231148162182645,0.9897688518378174,0.0
matrix_transformer,next_field,10,fold_3,2,20,0.45,ok,,37004,36626,0.9897848881202033,272,0.0073505566965733436,0.5973625293507344,0.25587492380951354,0.2647058823529412,-128.0,-128.0,0.007350755344161284,unit_payoff,unit_proxy,0.0,0.0,0.19297766613880848,0.5993829520013105,0.20763938185988096,0.007426418391306722,0.9925735816086932,0.0
matrix_transformer,next_field,10,fold_3,2,20,0.5,ok,,37004,35995,0.9727326775483731,176,0.0047562425683709865,0.6001666898180302,0.25385032251668266,0.22727272727272727,-96.0,-96.0,0.004756371105045537,unit_payoff,unit_proxy,0.0,0.0,0.19113765800805668,0.6019169329073483,0.20694540908459508,0.004889567995554938,0.995110432004445,0.0
matrix_transformer,next_field,10,fold_3,2,20,0.55,ok,,37004,14026,0.37904010377256514,78,0.002107880229164415,0.6055183231142165,0.25507543339117017,0.20512820512820512,-46.0,-46.0,0.0021079371942815447,unit_payoff,unit_proxy,0.0,0.0,0.20226721802367031,0.6081562811920719,0.1895765007842578,0.005561100812776273,0.9944388991872237,0.0
matrix_transformer,next_field,10,fold_3,2,20,0.6,ok,,37004,11381,0.30756134471948976,27,0.0007296508485569128,0.6105790352341622,0.25334767253446977,0.07407407407407407,-23.0,-23.0,0.000729670567251304,unit_payoff,unit_proxy,0.0,0.0,0.2020033388981636,0.6122484843159652,0.1857481767858712,0.0023723750109832177,0.9976276249890168,0.0
matrix_transformer,next_field,10,fold_3,2,20,0.65,ok,,37004,10015,0.27064641660361044,8,0.00021619284401686305,0.6248627059410884,0.2563913470993117,0.0,-8.0,-8.0,0.00021619868659297894,unit_payoff,unit_proxy,0.0,0.0,0.19540688966550174,0.6255616575137294,0.17903145282076885,0.0007988017973040439,0.9992011982026959,0.0
matrix_transformer,next_field,10,fold_3,2,20,0.7,ok,,37004,7515,0.20308615284834072,1,2.702410550210788e-05,0.6570858283433134,0.2643539709306994,0.0,-1.0,-1.0,2.7024835824122368e-05,unit_payoff,unit_proxy,0.0,0.0,0.17831004657351962,0.6572188955422489,0.16447105788423153,0.0001330671989354624,0.9998669328010645,0.0
matrix_transformer,next_field,10,fold_3,2,20,0.75,skipped,too few samples remain after confidence filtering,37004,2,5.404821100421576e-05,0,0.0,,,,0.0,0.0,0.0,unit_payoff,unit_proxy,0.0,0.0,0.0,1.0,0.0,0.0,1.0,0.0
matrix_transformer,next_field,10,fold_3,2,20,0.8,skipped,too few samples remain after confidence filtering,37004,0,0.0,0,0.0,,,,0.0,0.0,0.0,unit_payoff,unit_proxy,0.0,0.0,,,,,,
matrix_transformer,next_field,10,fold_3,2,20,0.85,skipped,too few samples remain after confidence filtering,37004,0,0.0,0,0.0,,,,0.0,0.0,0.0,unit_payoff,unit_proxy,0.0,0.0,,,,,,
matrix_transformer,next_field,10,fold_3,2,20,0.9,skipped,too few samples remain after confidence filtering,37004,0,0.0,0,0.0,,,,0.0,0.0,0.0,unit_payoff,unit_proxy,0.0,0.0,,,,,,
matrix_transformer,next_field,10,fold_3,2,20,0.95,skipped,too few samples remain after confidence filtering,37004,0,0.0,0,0.0,,,,0.0,0.0,0.0,unit_payoff,unit_proxy,0.0,0.0,,,,,,
matrix_transformer,next_field,10,fold_4,0,20,0.33,ok,,34766,34766,1.0,9801,0.28191336363113384,0.4562791232813668,0.29887539958334286,0.19620446893174165,-5955.0,-5955.0,0.28192147274557744,unit_payoff,unit_proxy,0.0,0.0,0.2078467468216073,0.5832997756428695,0.20885347753552322,0.2422194097681643,0.7180866363688662,0.03969395386296957
matrix_transformer,next_field,10,fold_4,0,20,0.35,ok,,34766,34701,0.9981303572455847,9755,0.28059023183570153,0.45678798881876603,0.29907098785552616,0.19682214249103025,-5915.0,-5915.0,0.2805983028908385,unit_payoff,unit_proxy,0.0,0.0,0.20791908014178265,0.5832973113166767,0.2087836085415406,0.2419526814789199,0.7188841820120457,0.03916313650903432
matrix_transformer,next_field,10,fold_4,0,20,0.4,ok,,34766,33563,0.9653972271759765,9244,0.26589196341252946,0.45770640288412834,0.29522054071975284,0.19482907832107313,-5642.0,-5642.0,0.2658996116784122,unit_payoff,unit_proxy,0.0,0.0,0.20945684235616602,0.5829037928671453,0.20763936477668862,0.2417245180704943,0.7245776599231296,0.03369782200637607
matrix_transformer,next_field,10,fold_4,0,20,0.45,ok,,34766,30905,0.8889432203877351,8435,0.24262210205373066,0.4565604271153535,0.29203536355290033,0.1908713692946058,-5215.0,-5215.0,0.2426290809722422,unit_payoff,unit_proxy,0.0,0.0,0.20948066655880926,0.5833360297686458,0.2071833036725449,0.24125546028150785,0.7270668176670442,0.03167772205144798
matrix_transformer,next_field,10,fold_4,0,20,0.5,ok,,34766,26574,0.764367485474314,7297,0.20988897198412243,0.4600361255362384,0.29210935704720303,0.19199671097711388,-4495.0,-4495.0,0.20989500934848268,unit_payoff,unit_proxy,0.0,0.0,0.20926469481448032,0.5876420561451042,0.20309324904041545,0.24851358470685633,0.7254082938210281,0.026078121472115603
matrix_transformer,next_field,10,fold_4,0,20,0.55,ok,,34766,20498,0.5895990335385146,5970,0.17171949605936834,0.4734120401990438,0.2983229392476338,0.192964824120603,-3666.0,-3666.0,0.1717244354954696,unit_payoff,unit_proxy,0.0,0.0,0.20065372231437215,0.6096692360230266,0.18967704166260124,0.27188018343253,0.708752073373012,0.019367743194457995
matrix_transformer,next_field,10,fold_4,0,20,0.6,ok,,34766,13424,0.3861243743887706,4779,0.1374618880515446,0.49605184743742553,0.3143572673796216,0.19146264908976773,-2949.0,-2949.0,0.1374658420825543,unit_payoff,unit_proxy,0.0,0.0,0.17841179976162097,0.66507747318236,0.15651072705601907,0.3405095351609058,0.6439958283671037,0.015494636471990465
matrix_transformer,next_field,10,fold_4,0,20,0.65,ok,,34766,9820,0.2824598745901168,3600,0.10354944485992061,0.5188391038696538,0.3225238803013586,0.19305555555555556,-2210.0,-2210.0,0.10355242341435351,unit_payoff,unit_proxy,0.0,0.0,0.159877800407332,0.6928716904276986,0.14725050916496946,0.3571283095723014,0.6334012219959266,0.009470468431771894
matrix_transformer,next_field,10,fold_4,0,20,0.7,ok,,34766,5791,0.16657078755105562,2319,0.06670310073059886,0.5356587808668624,0.330103700348841,0.1923242777059077,-1427.0,-1427.0,0.06670501941607938,unit_payoff,unit_proxy,0.0,0.0,0.14781557589362804,0.728026247625626,0.12415817648074598,0.39682265584527715,0.5995510274563979,0.003626316698324987
matrix_transformer,next_field,10,fold_4,0,20,0.75,ok,,34766,3126,0.08991543462003107,1232,0.035436921129839496,0.5681381957773513,0.33748234072927136,0.18831168831168832,-768.0,-768.0,0.035437940457356536,unit_payoff,unit_proxy,0.0,0.0,0.13787587971849008,0.7623160588611644,0.09980806142034548,0.3915547024952015,0.6058861164427384,0.0025591810620601407
matrix_transformer,next_field,10,fold_4,0,20,0.8,ok,,34766,1469,0.042253926249784274,352,0.010124834608525571,0.7004765146358066,0.3555444035537712,0.16761363636363635,-234.0,-234.0,0.010125125844959011,unit_payoff,unit_proxy,0.0,0.0,0.09257998638529612,0.8407079646017699,0.06671204901293397,0.23961878829135466,0.7603812117086454,0.0
matrix_transformer,next_field,10,fold_4,0,20,0.85,ok,,34766,829,0.023845136052465053,12,0.00034516481619973537,0.887816646562123,0.34623567720656023,0.25,-6.0,-6.0,0.0003451747447145117,unit_payoff,unit_proxy,0.0,0.0,0.05910735826296743,0.8950542822677925,0.045838359469240045,0.014475271411338963,0.985524728588661,0.0
matrix_transformer,next_field,10,fold_4,0,20,0.9,ok,,34766,387,0.011131565322441465,0,0.0,0.9354005167958657,0.32220738762794837,,0.0,0.0,0.0,unit_payoff,unit_proxy,0.0,0.0,0.041343669250646,0.9354005167958657,0.023255813953488372,0.0,1.0,0.0
matrix_transformer,next_field,10,fold_4,0,20,0.95,skipped,too few samples remain after confidence filtering,34766,0,0.0,0,0.0,,,,0.0,0.0,0.0,unit_payoff,unit_proxy,0.0,0.0,,,,,,
matrix_transformer,next_field,10,fold_4,1,20,0.33,ok,,34766,34766,1.0,12859,0.3698728642926998,0.4465282172237243,0.3305477195772247,0.21992378878606422,-7203.0,-7203.0,0.36988350352365884,unit_payoff,unit_proxy,0.0,0.0,0.2078467468216073,0.5832997756428695,0.20885347753552322,0.08292584709198643,0.6301271357073003,0.28694701720071336
matrix_transformer,next_field,10,fold_4,1,20,0.35,ok,,34766,34613,0.9955991485934533,12761,0.36705401829373524,0.4466241007713865,0.32986369844267954,0.21902672204372697,-7171.0,-7171.0,0.36706457644182366,unit_payoff,unit_proxy,0.0,0.0,0.2075520758096669,0.5839135584895848,0.20853436570074826,0.08216566030104296,0.6313234911738365,0.2865108485251206
matrix_transformer,next_field,10,fold_4,1,20,0.4,ok,,34766,32194,0.9260196743945234,11399,0.3278778116550653,0.4541218860657265,0.3264577626826602,0.21194841652776558,-6567.0,-6567.0,0.3278872429167266,unit_payoff,unit_proxy,0.0,0.0,0.2019941604025595,0.5934335590482699,0.20457228054917065,0.07361620177672858,0.6459278126358949,0.28045598558737656
matrix_transformer,next_field,10,fold_4,1,20,0.45,ok,,34766,27785,0.799200368175804,9384,0.26991888626819305,0.46471117509447546,0.3201678722363945,0.19671781756180734,-5692.0,-5692.0,0.2699266503667482,unit_payoff,unit_proxy,0.0,0.0,0.19395357207126146,0.6108331833723232,0.19521324455641534,0.06402735288824905,0.6622638114090337,0.2737088357027173
matrix_transformer,next_field,10,fold_4,1,20,0.5,ok,,34766,22672,0.6521313927400334,7300,0.20997526318817236,0.4824894142554693,0.319181991518222,0.1867123287671233,-4574.0,-4574.0,0.2099813030346613,unit_payoff,unit_proxy,0.0,0.0,0.18419195483415668,0.6305134086097389,0.18529463655610445,0.053546224417784054,0.6780169371912491,0.2684368383909668
matrix_transformer,next_field,10,fold_4,1,20,0.55,ok,,34766,16581,0.47693148478398434,5340,0.15359834320888224,0.5069054942403957,0.3273219912056639,0.18202247191011237,-3396.0,-3396.0,0.15360276139795773,unit_payoff,unit_proxy,0.0,0.0,0.17043604125203546,0.6606356673300766,0.16892829141788795,0.04674024485857307,0.6779446354260901,0.27531511971533684
matrix_transformer,next_field,10,fold_4,1,20,0.6,ok,,34766,10668,0.30685152160156476,3636,0.10458493930851982,0.5399325084364455,0.34662113802562144,0.18894389438943895,-2262.0,-2262.0,0.10458794764849705,unit_payoff,unit_proxy,0.0,0.0,0.15223097112860892,0.6992875890513686,0.1484814398200225,0.0412448443944507,0.6591676040494938,0.2995875515560555
matrix_transformer,next_field,10,fold_4,1,20,0.65,ok,,34766,5788,0.16648449634700568,1996,0.057412414427889316,0.5856945404284727,0.3659198051730093,0.20090180360721444,-1194.0,-1194.0,0.05741406587084712,unit_payoff,unit_proxy,0.0,0.0,0.1307878369039392,0.7411886662059434,0.1280234968901175,0.030234968901174844,0.6551485832757429,0.31461644782308223
matrix_transformer,next_field,10,fold_4,1,20,0.7,ok,,34766,3144,0.09043318184433066,892,0.025657251337513662,0.6736641221374046,0.40489041200222103,0.2242152466367713,-492.0,-492.0,0.025657989357112037,unit_payoff,unit_proxy,0.0,0.0,0.1071882951653944,0.7840330788804071,0.10877862595419847,0.02385496183206107,0.7162849872773537,0.2598600508905852
matrix_transformer,next_field,10,fold_4,1,20,0.75,ok,,34766,1848,0.053155381694759245,227,0.006529367773111661,0.8133116883116883,0.41558676989672155,0.2422907488986784,-117.0,-117.0,0.00652955558751618,unit_payoff,unit_proxy,0.0,0.0,0.07142857142857142,0.8555194805194806,0.07305194805194805,0.00974025974025974,0.8771645021645021,0.1130952380952381
matrix_transformer,next_field,10,fold_4,1,20,0.8,ok,,34766,1078,0.03100730598860956,3,8.629120404993384e-05,0.9100185528756958,0.3411457888473211,0.6666666666666666,1.0,1.0,8.629368617862792e-05,unit_payoff,unit_proxy,0.0,0.0,0.041743970315398886,0.9081632653061225,0.05009276437847866,0.0,0.9972170686456401,0.0027829313543599257
matrix_transformer,next_field,10,fold_4,1,20,0.85,ok,,34766,569,0.016366565034804118,0,0.0,0.9261862917398945,0.3205596107055961,,0.0,0.0,0.0,unit_payoff,unit_proxy,0.0,0.0,0.0351493848857645,0.9261862917398945,0.03866432337434095,0.0,1.0,0.0
matrix_transformer,next_field,10,fold_4,1,20,0.9,ok,,34766,134,0.0038543404475637117,0,0.0,0.9626865671641791,0.32699619771863114,,0.0,0.0,0.0,unit_payoff,unit_proxy,0.0,0.0,0.014925373134328358,0.9626865671641791,0.022388059701492536,0.0,1.0,0.0
matrix_transformer,next_field,10,fold_4,1,20,0.95,skipped,too few samples remain after confidence filtering,34766,0,0.0,0,0.0,,,,0.0,0.0,0.0,unit_payoff,unit_proxy,0.0,0.0,,,,,,
matrix_transformer,next_field,10,fold_4,2,20,0.33,ok,,34766,34766,1.0,16366,0.47074728182707243,0.3813783581660243,0.3007861111117814,0.20041549553953317,-9806.0,-9806.0,0.4707608226664749,unit_payoff,unit_proxy,0.0,0.0,0.2078467468216073,0.5832997756428695,0.20885347753552322,0.3944083299775643,0.5292527181729276,0.07633895184950815
matrix_transformer,next_field,10,fold_4,2,20,0.35,ok,,34766,34450,0.9909106598400736,16157,0.4647356612782604,0.3818867924528302,0.30006202263262455,0.20016092096305008,-9689.0,-9689.0,0.4647490291960305,unit_payoff,unit_proxy,0.0,0.0,0.20821480406386067,0.5835413642960813,0.20824383164005805,0.39477503628447025,0.5310014513788098,0.07422351233671988
matrix_transformer,next_field,10,fold_4,2,20,0.4,ok,,34766,31019,0.8922222861416327,13295,0.38241385261462346,0.3962732518778813,0.29423120052332635,0.199473486273035,-7991.0,-7991.0,0.38242485258161946,unit_payoff,unit_proxy,0.0,0.0,0.2102904671330475,0.5856410587059544,0.2040684741609981,0.3827976401560334,0.5713917276507947,0.04581063219317193
matrix_transformer,next_field,10,fold_4,2,20,0.45,ok,,34766,25962,0.7467640798481274,9211,0.2649427601679802,0.42731684770048534,0.2884661613046335,0.20193247204429488,-5491.0,-5491.0,0.2649503811304473,unit_payoff,unit_proxy,0.0,0.0,0.214120637855327,0.5868577151221015,0.19902164702257144,0.33884138356058857,0.6452122332640012,0.015946383175410216
matrix_transformer,next_field,10,fold_4,2,20,0.5,ok,,34766,21265,0.6116608180406143,6162,0.17724213311856413,0.46160357394780155,0.2838489423000068,0.19782538136968517,-3724.0,-3724.0,0.17724723141090176,unit_payoff,unit_proxy,0.0,0.0,0.2097813308252998,0.5970844110039972,0.19313425817070304,0.2884552080884082,0.7102280743004937,0.0013167176110980485
matrix_transformer,next_field,10,fold_4,2,20,0.55,ok,,34766,16253,0.46749697980785826,4147,0.11928320773169188,0.5069833261551714,0.2982769312653637,0.20086809741982156,-2481.0,-2481.0,0.11928663886092335,unit_payoff,unit_proxy,0.0,0.0,0.19036485571894418,0.6262843782686274,0.18335076601242847,0.2551528948501815,0.7448471051498184,0.0
matrix_transformer,next_field,10,fold_4,2,20,0.6,ok,,34766,9865,0.2837542426508658,2589,0.0744693090950929,0.5529650278763305,0.3172235441612207,0.20278099652375434,-1539.0,-1539.0,0.07447145117215591,unit_payoff,unit_proxy,0.0,0.0,0.17009630005068424,0.6789660415610745,0.15093765838824125,0.2624429802331475,0.7375570197668525,0.0
matrix_transformer,next_field,10,fold_4,2,20,0.65,ok,,34766,5920,0.17028130932520277,1541,0.04432491514698268,0.5998310810810811,0.33296171732916297,0.199870214146658,-925.0,-925.0,0.04432619013375522,unit_payoff,unit_proxy,0.0,0.0,0.15219594594594596,0.7277027027027027,0.12010135135135135,0.26030405405405405,0.7396959459459459,0.0
matrix_transformer,next_field,10,fold_4,2,20,0.7,ok,,34766,3756,0.10803658747051717,836,0.024046482195248232,0.6490947816826411,0.34175169167968367,0.19258373205741627,-514.0,-514.0,0.02404717388177765,unit_payoff,unit_proxy,0.0,0.0,0.13551650692225772,0.7654419595314164,0.09904153354632587,0.22257720979765708,0.777422790202343,0.0
matrix_transformer,next_field,10,fold_4,2,20,0.75,ok,,34766,2562,0.0736926882586435,395,0.011361675199907956,0.7127244340359095,0.3380911713171833,0.15949367088607594,-269.0,-269.0,0.011362002013519345,unit_payoff,unit_proxy,0.0,0.0,0.11592505854800937,0.8079625292740047,0.07611241217798595,0.15417642466822795,0.8458235753317721,0.0
matrix_transformer,next_field,10,fold_4,2,20,0.8,ok,,34766,1713,0.04927227751251222,187,0.005378818385779209,0.7653239929947461,0.32928744438428176,0.11229946524064172,-145.0,-145.0,0.0053789731051344745,unit_payoff,unit_proxy,0.0,0.0,0.09457092819614711,0.8453006421482778,0.060128429655575015,0.1091652072387624,0.8908347927612376,0.0
matrix_transformer,next_field,10,fold_4,2,20,0.85,ok,,34766,1112,0.03198527296784214,23,0.0006615658977161595,0.8480215827338129,0.31761046306115237,0.08695652173913043,-19.0,-19.0,0.0006615849273694808,unit_payoff,unit_proxy,0.0,0.0,0.08273381294964029,0.8642086330935251,0.053057553956834536,0.02068345323741007,0.97931654676259,0.0
matrix_transformer,next_field,10,fold_4,2,20,0.9,ok,,34766,648,0.01863890007478571,0,0.0,0.9120370370370371,0.31799838579499595,,0.0,0.0,0.0,unit_payoff,unit_proxy,0.0,0.0,0.05246913580246913,0.9120370370370371,0.035493827160493825,0.0,1.0,0.0
matrix_transformer,next_field,10,fold_4,2,20,0.95,skipped,too few samples remain after confidence filtering,34766,0,0.0,0,0.0,,,,0.0,0.0,0.0,unit_payoff,unit_proxy,0.0,0.0,,,,,,
matrix_transformer,next_field,10,fold_5,0,20,0.33,ok,,39133,39133,1.0,7,0.0001788771624971252,0.6130886975187182,0.25355531353709043,0.2857142857142857,-3.0,-3.0,0.0001788817336195441,unit_payoff,unit_proxy,0.0,0.0,0.19290624281297114,0.6131398052794317,0.19395395190759718,0.0,0.9998211228375029,0.0001788771624971252
matrix_transformer,next_field,10,fold_5,0,20,0.35,ok,,39133,39133,1.0,7,0.0001788771624971252,0.6130886975187182,0.25355531353709043,0.2857142857142857,-3.0,-3.0,0.0001788817336195441,unit_payoff,unit_proxy,0.0,0.0,0.19290624281297114,0.6131398052794317,0.19395395190759718,0.0,0.9998211228375029,0.0001788771624971252
matrix_transformer,next_field,10,fold_5,0,20,0.4,ok,,39133,39133,1.0,7,0.0001788771624971252,0.6130886975187182,0.25355531353709043,0.2857142857142857,-3.0,-3.0,0.0001788817336195441,unit_payoff,unit_proxy,0.0,0.0,0.19290624281297114,0.6131398052794317,0.19395395190759718,0.0,0.9998211228375029,0.0001788771624971252
matrix_transformer,next_field,10,fold_5,0,20,0.45,ok,,39133,39114,0.9995144762732221,0,0.0,0.613130848289615,0.2533916571573475,,0.0,0.0,0.0,unit_payoff,unit_proxy,0.0,0.0,0.19289768369381807,0.613130848289615,0.19397146801656695,0.0,1.0,0.0
matrix_transformer,next_field,10,fold_5,0,20,0.5,ok,,39133,38918,0.9945059157233026,0,0.0,0.6135721260085307,0.2535046790982584,,0.0,0.0,0.0,unit_payoff,unit_proxy,0.0,0.0,0.1924816280384398,0.6135721260085307,0.19394624595302945,0.0,1.0,0.0
matrix_transformer,next_field,10,fold_5,0,20,0.55,ok,,39133,37408,0.955919556384637,0,0.0,0.6184505988023952,0.2547500674451767,,0.0,0.0,0.0,unit_payoff,unit_proxy,0.0,0.0,0.1894781864841745,0.6184505988023952,0.19207121471343028,0.0,1.0,0.0
matrix_transformer,next_field,10,fold_5,0,20,0.6,ok,,39133,20642,0.5274831983236654,0,0.0,0.6450440848754966,0.261409036919241,,0.0,0.0,0.0,unit_payoff,unit_proxy,0.0,0.0,0.19668636760003877,0.6450440848754966,0.15826954752446468,0.0,1.0,0.0
matrix_transformer,next_field,10,fold_5,0,20,0.65,ok,,39133,11891,0.30386119132190226,0,0.0,0.7142376587334959,0.27776687598116173,,0.0,0.0,0.0,unit_payoff,unit_proxy,0.0,0.0,0.15860735009671179,0.7142376587334959,0.1271549911697923,0.0,1.0,0.0
matrix_transformer,next_field,10,fold_5,0,20,0.7,ok,,39133,7798,0.19926915902179745,0,0.0,0.7896896640164145,0.294162606286424,,0.0,0.0,0.0,unit_payoff,unit_proxy,0.0,0.0,0.11554244678122595,0.7896896640164145,0.09476788920235958,0.0,1.0,0.0
matrix_transformer,next_field,10,fold_5,0,20,0.75,ok,,39133,6342,0.1620627092223954,0,0.0,0.8249763481551561,0.3013651287368239,,0.0,0.0,0.0,unit_payoff,unit_proxy,0.0,0.0,0.09429202144433932,0.8249763481551561,0.08073163040050457,0.0,1.0,0.0
matrix_transformer,next_field,10,fold_5,0,20,0.8,ok,,39133,5277,0.13484782664247566,0,0.0,0.8444191775630093,0.30521593205246755,,0.0,0.0,0.0,unit_payoff,unit_proxy,0.0,0.0,0.08300170551449687,0.8444191775630093,0.07257911692249384,0.0,1.0,0.0
matrix_transformer,next_field,10,fold_5,0,20,0.85,ok,,39133,3963,0.10127002785372959,0,0.0,0.8740852889225335,0.31093757012701406,,0.0,0.0,0.0,unit_payoff,unit_proxy,0.0,0.0,0.06787787030027757,0.8740852889225335,0.058036840777189,0.0,1.0,0.0
matrix_transformer,next_field,10,fold_5,0,20,0.9,ok,,39133,49,0.0012521401374798763,0,0.0,0.8775510204081632,0.3115942028985507,,0.0,0.0,0.0,unit_payoff,unit_proxy,0.0,0.0,0.08163265306122448,0.8775510204081632,0.04081632653061224,0.0,1.0,0.0
matrix_transformer,next_field,10,fold_5,0,20,0.95,skipped,too few samples remain after confidence filtering,39133,0,0.0,0,0.0,,,,0.0,0.0,0.0,unit_payoff,unit_proxy,0.0,0.0,,,,,,
matrix_transformer,next_field,10,fold_5,1,20,0.33,ok,,39133,39133,1.0,14055,0.35915978841387064,0.4589732450872665,0.30755900488625504,0.19537531127712557,-8563.0,-8563.0,0.35916896657467035,unit_payoff,unit_proxy,0.0,0.0,0.19290624281297114,0.6131398052794317,0.19395395190759718,0.32238775458053304,0.6408402115861294,0.03677203383333759
matrix_transformer,next_field,10,fold_5,1,20,0.35,ok,,39133,39025,0.9972401809214729,13986,0.3573965706692561,0.45914157591287635,0.3069437940784319,0.19498069498069498,-8532.0,-8532.0,0.3574057037718491,unit_payoff,unit_proxy,0.0,0.0,0.19300448430493272,0.6130941704035875,0.19390134529147982,0.3222293401665599,0.6416143497757848,0.03615631005765535
matrix_transformer,next_field,10,fold_5,1,20,0.4,ok,,39133,36520,0.9332277106278588,12554,0.32080341399841567,0.46755202628696607,0.3051769535322166,0.1931655249322925,-7704.0,-7704.0,0.32081161197996527,unit_payoff,unit_proxy,0.0,0.0,0.1927437020810515,0.6180175246440307,0.18923877327491787,0.31262322015334065,0.6562431544359255,0.031133625410733844
matrix_transformer,next_field,10,fold_5,1,20,0.45,ok,,39133,31242,0.7983543301050264,9477,0.24217412414075076,0.494750656167979,0.30791568269690317,0.18887833702648518,-5897.0,-5897.0,0.2421803127874885,unit_payoff,unit_proxy,0.0,0.0,0.18641572242494078,0.6331220792522886,0.18046219832277063,0.2764227642276423,0.6966583445362012,0.026918891236156456
matrix_transformer,next_field,10,fold_5,1,20,0.5,ok,,39133,25670,0.6559681087573148,5692,0.1454526869905195,0.5455784962991819,0.3133695625826754,0.19237526352775824,-3502.0,-3502.0,0.14545640396606357,unit_payoff,unit_proxy,0.0,0.0,0.18141799766264122,0.6503311258278146,0.1682508765095442,0.20148032723022985,0.7782625633034671,0.02025710946630308
matrix_transformer,next_field,10,fold_5,1,20,0.55,ok,,39133,21194,0.5415889402805816,3115,0.07960033731122071,0.5942719637633292,0.30967836994936765,0.18362760834670946,-1971.0,-1971.0,0.07960237146069712,unit_payoff,unit_proxy,0.0,0.0,0.17349249787675758,0.6692931961876003,0.15721430593564217,0.13173539681041804,0.8530244408794943,0.01524016231008776
matrix_transformer,next_field,10,fold_5,1,20,0.6,ok,,39133,16615,0.424577722127105,1358,0.034702169524442286,0.6528438158290701,0.3047983295035995,0.16642120765832105,-906.0,-906.0,0.034703056322191554,unit_payoff,unit_proxy,0.0,0.0,0.15654529040024073,0.6988263617213362,0.1446283478784231,0.06969605777911526,0.9182666265422811,0.012037315678603671
matrix_transformer,next_field,10,fold_5,1,20,0.65,ok,,39133,11799,0.30151023432908286,473,0.012086985408734317,0.72480718704975,0.3045499757029447,0.14376321353065538,-337.0,-337.0,0.012087294286006337,unit_payoff,unit_proxy,0.0,0.0,0.13221459445715739,0.74930078820239,0.11848461734045258,0.029663530807695567,0.9599118569370285,0.010424612255275871
matrix_transformer,next_field,10,fold_5,1,20,0.7,ok,,39133,8410,0.21490813380011756,176,0.004497482942784862,0.7872770511296077,0.30909625366466015,0.125,-132.0,-132.0,0.004497597873862823,unit_payoff,unit_proxy,0.0,0.0,0.10130796670630202,0.801307966706302,0.09738406658739596,0.013912009512485137,0.9790725326991676,0.007015457788347205
matrix_transformer,next_field,10,fold_5,1,20,0.75,ok,,39133,6016,0.15373214422610074,37,0.0009454935731990902,0.8429188829787234,0.31176749487892413,0.13513513513513514,-27.0,-27.0,0.0009455177348461617,unit_payoff,unit_proxy,0.0,0.0,0.07878989361702128,0.846908244680851,0.07430186170212766,0.0028257978723404257,0.9938497340425532,0.003324468085106383
matrix_transformer,next_field,10,fold_5,1,20,0.8,ok,,39133,4012,0.10252216799120946,5,0.00012776940178366086,0.8948155533399801,0.3148294308515303,0.0,-5.0,-5.0,0.00012777266687110294,unit_payoff,unit_proxy,0.0,0.0,0.052342971086739784,0.896061814556331,0.051595214356929216,0.0,0.998753738783649,0.0012462612163509472
matrix_transformer,next_field,10,fold_5,1,20,0.85,ok,,39133,2021,0.051644392200955715,0,0.0,0.9391390400791687,0.32287148081993705,,0.0,0.0,0.0,unit_payoff,unit_proxy,0.0,0.0,0.024740227610094014,0.9391390400791687,0.03612073231073726,0.0,1.0,0.0
matrix_transformer,next_field,10,fold_5,1,20,0.9,ok,,39133,249,0.00636291620882631,0,0.0,0.9879518072289156,0.3313131313131313,,0.0,0.0,0.0,unit_payoff,unit_proxy,0.0,0.0,0.012048192771084338,0.9879518072289156,0.0,0.0,1.0,0.0
matrix_transformer,next_field,10,fold_5,1,20,0.95,skipped,too few samples remain after confidence filtering,39133,0,0.0,0,0.0,,,,0.0,0.0,0.0,unit_payoff,unit_proxy,0.0,0.0,,,,,,
matrix_transformer,next_field,10,fold_5,2,20,0.33,ok,,39133,39133,1.0,6230,0.15920067462244142,0.5300385863593386,0.29199872314800623,0.16613162118780098,-4160.0,-4160.0,0.15920474292139425,unit_payoff,unit_proxy,0.0,0.0,0.19290624281297114,0.6131398052794317,0.19395395190759718,0.03789640456903381,0.8407993253775586,0.1213042700534076
matrix_transformer,next_field,10,fold_5,2,20,0.35,ok,,39133,38618,0.9868397516162829,5891,0.15053790918150922,0.5325754829354187,0.2892590580727683,0.16279069767441862,-3973.0,-3973.0,0.15054175610753348,unit_payoff,unit_proxy,0.0,0.0,0.19263037961572324,0.6133927184214615,0.19397690196281528,0.033818426640426745,0.8474545548707857,0.11872701848878761
matrix_transformer,next_field,10,fold_5,2,20,0.4,ok,,39133,34645,0.8853141849589861,3282,0.08386783533079498,0.5565016596911532,0.27295134240353314,0.15082266910420475,-2292.0,-2292.0,0.08386997853419197,unit_payoff,unit_proxy,0.0,0.0,0.1920046182710348,0.6115745417809207,0.19642083994804446,0.008745850772117189,0.9052677153990475,0.08598643382883533
matrix_transformer,next_field,10,fold_5,2,20,0.45,ok,,39133,30533,0.7802366289321033,1449,0.03702757263690491,0.5807486981298923,0.26356717873697155,0.14216701173222912,-1037.0,-1037.0,0.03702851885924563,unit_payoff,unit_proxy,0.0,0.0,0.19385582812039434,0.6106835227458816,0.19546064913372416,0.001703075361084728,0.952543150034389,0.04575377460452625
matrix_transformer,next_field,10,fold_5,2,20,0.5,ok,,39133,24753,0.6325352004701914,522,0.013339125546214192,0.6111178443017008,0.2597434141449049,0.09961685823754789,-418.0,-418.0,0.013339466421343146,unit_payoff,unit_proxy,0.0,0.0,0.18935078576334183,0.6263887205591242,0.18426049367753403,0.00012119743061447097,0.9789116470730821,0.02096715549630348
matrix_transformer,next_field,10,fold_5,2,20,0.55,ok,,39133,19031,0.48631589706896994,123,0.003143127283878057,0.6543534233618833,0.26674027295152275,0.12195121951219512,-93.0,-93.0,0.003143207605029132,unit_payoff,unit_proxy,0.0,0.0,0.17366402185907204,0.6586096369082024,0.16772634123272556,0.0,0.993536860911145,0.006463139088855026
matrix_transformer,next_field,10,fold_5,2,20,0.6,ok,,39133,13441,0.3434697058748371,11,0.0002810926839240539,0.7076110408451752,0.2766190310695001,0.09090909090909091,-9.0,-9.0,0.00028109986711642645,unit_payoff,unit_proxy,0.0,0.0,0.1477568633286214,0.7081318354289116,0.14411130124246707,0.0,0.9991816085112715,0.0008183914887285172
matrix_transformer,next_field,10,fold_5,2,20,0.65,ok,,39133,9204,0.23519791480336288,1,2.555388035673217e-05,0.7691221208170361,0.2898497318101789,0.0,-1.0,-1.0,2.5554533374220587e-05,unit_payoff,unit_proxy,0.0,0.0,0.11766623207301173,0.7691221208170361,0.1132116471099522,0.0,0.9998913515862669,0.0001086484137331595
matrix_transformer,next_field,10,fold_5,2,20,0.7,ok,,39133,6780,0.17325530881864412,0,0.0,0.814306784660767,0.2992168658374658,,0.0,0.0,0.0,unit_payoff,unit_proxy,0.0,0.0,0.09542772861356932,0.814306784660767,0.09026548672566372,0.0,1.0,0.0
matrix_transformer,next_field,10,fold_5,2,20,0.75,ok,,39133,5195,0.1327524084532236,0,0.0,0.8331087584215592,0.30298575378907205,,0.0,0.0,0.0,unit_payoff,unit_proxy,0.0,0.0,0.08527430221366698,0.8331087584215592,0.08161693936477382,0.0,1.0,0.0
matrix_transformer,next_field,10,fold_5,2,20,0.8,ok,,39133,4000,0.10221552142692868,0,0.0,0.86625,0.30944407233757537,,0.0,0.0,0.0,unit_payoff,unit_proxy,0.0,0.0,0.06875,0.86625,0.065,0.0,1.0,0.0
matrix_transformer,next_field,10,fold_5,2,20,0.85,ok,,39133,2585,0.06605678072215265,0,0.0,0.8816247582205029,0.3123629385964912,,0.0,0.0,0.0,unit_payoff,unit_proxy,0.0,0.0,0.059574468085106386,0.8816247582205029,0.05880077369439071,0.0,1.0,0.0
matrix_transformer,next_field,10,fold_5,2,20,0.9,ok,,39133,733,0.018730994301484682,0,0.0,0.859481582537517,0.30814380044020545,,0.0,0.0,0.0,unit_payoff,unit_proxy,0.0,0.0,0.06412005457025921,0.859481582537517,0.07639836289222374,0.0,1.0,0.0
matrix_transformer,next_field,10,fold_5,2,20,0.95,skipped,too few samples remain after confidence filtering,39133,0,0.0,0,0.0,,,,0.0,0.0,0.0,unit_payoff,unit_proxy,0.0,0.0,,,,,,
matrix_transformer,next_field,20,fold_1,0,20,0.33,ok,,38378,38378,1.0,0,0.0,0.4813434780342905,0.21662474421440844,,0.0,0.0,0.0,unit_payoff,unit_proxy,0.0,0.0,0.26577726822658815,0.4813434780342905,0.25287925373912135,0.0,1.0,0.0
matrix_transformer,next_field,20,fold_1,0,20,0.35,ok,,38378,38378,1.0,0,0.0,0.4813434780342905,0.21662474421440844,,0.0,0.0,0.0,unit_payoff,unit_proxy,0.0,0.0,0.26577726822658815,0.4813434780342905,0.25287925373912135,0.0,1.0,0.0
matrix_transformer,next_field,20,fold_1,0,20,0.4,ok,,38378,38378,1.0,0,0.0,0.4813434780342905,0.21662474421440844,,0.0,0.0,0.0,unit_payoff,unit_proxy,0.0,0.0,0.26577726822658815,0.4813434780342905,0.25287925373912135,0.0,1.0,0.0
matrix_transformer,next_field,20,fold_1,0,20,0.45,ok,,38378,38378,1.0,0,0.0,0.4813434780342905,0.21662474421440844,,0.0,0.0,0.0,unit_payoff,unit_proxy,0.0,0.0,0.26577726822658815,0.4813434780342905,0.25287925373912135,0.0,1.0,0.0
matrix_transformer,next_field,20,fold_1,0,20,0.5,ok,,38378,18803,0.48994215435926836,0,0.0,0.49263415412434186,0.22002897931067245,,0.0,0.0,0.0,unit_payoff,unit_proxy,0.0,0.0,0.2542147529649524,0.49263415412434186,0.25315109291070576,0.0,1.0,0.0
matrix_transformer,next_field,20,fold_1,0,20,0.55,ok,,38378,18803,0.48994215435926836,0,0.0,0.49263415412434186,0.22002897931067245,,0.0,0.0,0.0,unit_payoff,unit_proxy,0.0,0.0,0.2542147529649524,0.49263415412434186,0.25315109291070576,0.0,1.0,0.0
matrix_transformer,next_field,20,fold_1,0,20,0.6,ok,,38378,18802,0.48991609776434414,0,0.0,0.4926071694500585,0.22002090459901177,,0.0,0.0,0.0,unit_payoff,unit_proxy,0.0,0.0,0.25422827358791616,0.4926071694500585,0.25316455696202533,0.0,1.0,0.0
matrix_transformer,next_field,20,fold_1,0,20,0.65,ok,,38378,18796,0.4897597581947991,0,0.0,0.49255160672483506,0.22000427746488915,,0.0,0.0,0.0,unit_payoff,unit_proxy,0.0,0.0,0.25430942753777397,0.49255160672483506,0.2531389657373909,0.0,1.0,0.0
matrix_transformer,next_field,20,fold_1,0,20,0.7,ok,,38378,18789,0.48957736203032987,0,0.0,0.49257544307839696,0.22001141064042218,,0.0,0.0,0.0,unit_payoff,unit_proxy,0.0,0.0,0.2542445047634254,0.49257544307839696,0.2531800521581777,0.0,1.0,0.0
matrix_transformer,next_field,20,fold_1,0,20,0.75,ok,,38378,18778,0.489290739486164,0,0.0,0.4928107359676217,0.22008181126331813,,0.0,0.0,0.0,unit_payoff,unit_proxy,0.0,0.0,0.25418042390030887,0.4928107359676217,0.2530088401320694,0.0,1.0,0.0
matrix_transformer,next_field,20,fold_1,0,20,0.8,skipped,too few samples remain after confidence filtering,38378,0,0.0,0,0.0,,,,0.0,0.0,0.0,unit_payoff,unit_proxy,0.0,0.0,,,,,,
matrix_transformer,next_field,20,fold_1,0,20,0.85,skipped,too few samples remain after confidence filtering,38378,0,0.0,0,0.0,,,,0.0,0.0,0.0,unit_payoff,unit_proxy,0.0,0.0,,,,,,
matrix_transformer,next_field,20,fold_1,0,20,0.9,skipped,too few samples remain after confidence filtering,38378,0,0.0,0,0.0,,,,0.0,0.0,0.0,unit_payoff,unit_proxy,0.0,0.0,,,,,,
matrix_transformer,next_field,20,fold_1,0,20,0.95,skipped,too few samples remain after confidence filtering,38378,0,0.0,0,0.0,,,,0.0,0.0,0.0,unit_payoff,unit_proxy,0.0,0.0,,,,,,
matrix_transformer,next_field,20,fold_1,1,20,0.33,ok,,38378,38378,1.0,0,0.0,0.4813434780342905,0.21662474421440844,,0.0,0.0,0.0,unit_payoff,unit_proxy,0.0,0.0,0.26577726822658815,0.4813434780342905,0.25287925373912135,0.0,1.0,0.0
matrix_transformer,next_field,20,fold_1,1,20,0.35,ok,,38378,38378,1.0,0,0.0,0.4813434780342905,0.21662474421440844,,0.0,0.0,0.0,unit_payoff,unit_proxy,0.0,0.0,0.26577726822658815,0.4813434780342905,0.25287925373912135,0.0,1.0,0.0
matrix_transformer,next_field,20,fold_1,1,20,0.4,ok,,38378,38378,1.0,0,0.0,0.4813434780342905,0.21662474421440844,,0.0,0.0,0.0,unit_payoff,unit_proxy,0.0,0.0,0.26577726822658815,0.4813434780342905,0.25287925373912135,0.0,1.0,0.0
matrix_transformer,next_field,20,fold_1,1,20,0.45,ok,,38378,38378,1.0,0,0.0,0.4813434780342905,0.21662474421440844,,0.0,0.0,0.0,unit_payoff,unit_proxy,0.0,0.0,0.26577726822658815,0.4813434780342905,0.25287925373912135,0.0,1.0,0.0
matrix_transformer,next_field,20,fold_1,1,20,0.5,ok,,38378,18801,0.48989004116942,0,0.0,0.4925801819052178,0.2200128287363695,,0.0,0.0,0.0,unit_payoff,unit_proxy,0.0,0.0,0.2542417956491676,0.4925801819052178,0.2531780224456146,0.0,1.0,0.0
matrix_transformer,next_field,20,fold_1,1,20,0.55,ok,,38378,18800,0.4898639845744958,0,0.0,0.4925531914893617,0.22000475172249942,,0.0,0.0,0.0,unit_payoff,unit_proxy,0.0,0.0,0.2542553191489362,0.4925531914893617,0.2531914893617021,0.0,1.0,0.0
matrix_transformer,next_field,20,fold_1,1,20,0.6,ok,,38378,18798,0.48981187138464743,0,0.0,0.49255239919140337,0.22000451461904932,,0.0,0.0,0.0,unit_payoff,unit_proxy,0.0,0.0,0.25428237046494306,0.49255239919140337,0.25316523034365357,0.0,1.0,0.0
matrix_transformer,next_field,20,fold_1,1,20,0.65,ok,,38378,18790,0.489603418625254,0,0.0,0.4925492283129324,0.22000356569798538,,0.0,0.0,0.0,unit_payoff,unit_proxy,0.0,0.0,0.2542841937200639,0.4925492283129324,0.2531665779670037,0.0,1.0,0.0
matrix_transformer,next_field,20,fold_1,1,20,0.7,ok,,38378,18759,0.4887956641826046,0,0.0,0.4930966469428008,0.22016732716864817,,0.0,0.0,0.0,unit_payoff,unit_proxy,0.0,0.0,0.25395810011194625,0.4930966469428008,0.25294525294525294,0.0,1.0,0.0
matrix_transformer,next_field,20,fold_1,1,20,0.75,skipped,too few samples remain after confidence filtering,38378,0,0.0,0,0.0,,,,0.0,0.0,0.0,unit_payoff,unit_proxy,0.0,0.0,,,,,,
matrix_transformer,next_field,20,fold_1,1,20,0.8,skipped,too few samples remain after confidence filtering,38378,0,0.0,0,0.0,,,,0.0,0.0,0.0,unit_payoff,unit_proxy,0.0,0.0,,,,,,
matrix_transformer,next_field,20,fold_1,1,20,0.85,skipped,too few samples remain after confidence filtering,38378,0,0.0,0,0.0,,,,0.0,0.0,0.0,unit_payoff,unit_proxy,0.0,0.0,,,,,,
matrix_transformer,next_field,20,fold_1,1,20,0.9,skipped,too few samples remain after confidence filtering,38378,0,0.0,0,0.0,,,,0.0,0.0,0.0,unit_payoff,unit_proxy,0.0,0.0,,,,,,
matrix_transformer,next_field,20,fold_1,1,20,0.95,skipped,too few samples remain after confidence filtering,38378,0,0.0,0,0.0,,,,0.0,0.0,0.0,unit_payoff,unit_proxy,0.0,0.0,,,,,,
matrix_transformer,next_field,20,fold_1,2,20,0.33,ok,,38378,38378,1.0,0,0.0,0.4813434780342905,0.21662474421440844,,0.0,0.0,0.0,unit_payoff,unit_proxy,0.0,0.0,0.26577726822658815,0.4813434780342905,0.25287925373912135,0.0,1.0,0.0
matrix_transformer,next_field,20,fold_1,2,20,0.35,ok,,38378,38378,1.0,0,0.0,0.4813434780342905,0.21662474421440844,,0.0,0.0,0.0,unit_payoff,unit_proxy,0.0,0.0,0.26577726822658815,0.4813434780342905,0.25287925373912135,0.0,1.0,0.0
matrix_transformer,next_field,20,fold_1,2,20,0.4,ok,,38378,38378,1.0,0,0.0,0.4813434780342905,0.21662474421440844,,0.0,0.0,0.0,unit_payoff,unit_proxy,0.0,0.0,0.26577726822658815,0.4813434780342905,0.25287925373912135,0.0,1.0,0.0
matrix_transformer,next_field,20,fold_1,2,20,0.45,ok,,38378,38378,1.0,0,0.0,0.4813434780342905,0.21662474421440844,,0.0,0.0,0.0,unit_payoff,unit_proxy,0.0,0.0,0.26577726822658815,0.4813434780342905,0.25287925373912135,0.0,1.0,0.0
matrix_transformer,next_field,20,fold_1,2,20,0.5,ok,,38378,38378,1.0,0,0.0,0.4813434780342905,0.21662474421440844,,0.0,0.0,0.0,unit_payoff,unit_proxy,0.0,0.0,0.26577726822658815,0.4813434780342905,0.25287925373912135,0.0,1.0,0.0
matrix_transformer,next_field,20,fold_1,2,20,0.55,ok,,38378,18802,0.48991609776434414,0,0.0,0.4926071694500585,0.22002090459901177,,0.0,0.0,0.0,unit_payoff,unit_proxy,0.0,0.0,0.25422827358791616,0.4926071694500585,0.25316455696202533,0.0,1.0,0.0
matrix_transformer,next_field,20,fold_1,2,20,0.6,ok,,38378,18802,0.48991609776434414,0,0.0,0.4926071694500585,0.22002090459901177,,0.0,0.0,0.0,unit_payoff,unit_proxy,0.0,0.0,0.25422827358791616,0.4926071694500585,0.25316455696202533,0.0,1.0,0.0
matrix_transformer,next_field,20,fold_1,2,20,0.65,ok,,38378,18800,0.4898639845744958,0,0.0,0.4925531914893617,0.22000475172249942,,0.0,0.0,0.0,unit_payoff,unit_proxy,0.0,0.0,0.2542553191489362,0.4925531914893617,0.2531914893617021,0.0,1.0,0.0
matrix_transformer,next_field,20,fold_1,2,20,0.7,ok,,38378,18787,0.48952524884048154,0,0.0,0.49257465268536754,0.22001117411409485,,0.0,0.0,0.0,unit_payoff,unit_proxy,0.0,0.0,0.25427157076701973,0.49257465268536754,0.25315377654761273,0.0,1.0,0.0
matrix_transformer,next_field,20,fold_1,2,20,0.75,skipped,too few samples remain after confidence filtering,38378,0,0.0,0,0.0,,,,0.0,0.0,0.0,unit_payoff,unit_proxy,0.0,0.0,,,,,,
matrix_transformer,next_field,20,fold_1,2,20,0.8,skipped,too few samples remain after confidence filtering,38378,0,0.0,0,0.0,,,,0.0,0.0,0.0,unit_payoff,unit_proxy,0.0,0.0,,,,,,
matrix_transformer,next_field,20,fold_1,2,20,0.85,skipped,too few samples remain after confidence filtering,38378,0,0.0,0,0.0,,,,0.0,0.0,0.0,unit_payoff,unit_proxy,0.0,0.0,,,,,,
matrix_transformer,next_field,20,fold_1,2,20,0.9,skipped,too few samples remain after confidence filtering,38378,0,0.0,0,0.0,,,,0.0,0.0,0.0,unit_payoff,unit_proxy,0.0,0.0,,,,,,
matrix_transformer,next_field,20,fold_1,2,20,0.95,skipped,too few samples remain after confidence filtering,38378,0,0.0,0,0.0,,,,0.0,0.0,0.0,unit_payoff,unit_proxy,0.0,0.0,,,,,,
matrix_transformer,next_field,20,fold_2,0,20,0.33,ok,,28516,28516,1.0,0,0.0,0.5399775564595315,0.23375992470131013,,0.0,0.0,0.0,unit_payoff,unit_proxy,0.0,0.0,0.22590826202833497,0.5399775564595315,0.23411418151213353,0.0,1.0,0.0
matrix_transformer,next_field,20,fold_2,0,20,0.35,ok,,28516,28516,1.0,0,0.0,0.5399775564595315,0.23375992470131013,,0.0,0.0,0.0,unit_payoff,unit_proxy,0.0,0.0,0.22590826202833497,0.5399775564595315,0.23411418151213353,0.0,1.0,0.0
matrix_transformer,next_field,20,fold_2,0,20,0.4,ok,,28516,28516,1.0,0,0.0,0.5399775564595315,0.23375992470131013,,0.0,0.0,0.0,unit_payoff,unit_proxy,0.0,0.0,0.22590826202833497,0.5399775564595315,0.23411418151213353,0.0,1.0,0.0
matrix_transformer,next_field,20,fold_2,0,20,0.45,ok,,28516,28506,0.9996493196801796,0,0.0,0.540061741387778,0.23378358883244876,,0.0,0.0,0.0,unit_payoff,unit_proxy,0.0,0.0,0.22584719006524942,0.540061741387778,0.23409106854697256,0.0,1.0,0.0
matrix_transformer,next_field,20,fold_2,0,20,0.5,ok,,28516,15279,0.5358044606536682,0,0.0,0.558937103213561,0.2390248681024952,,0.0,0.0,0.0,unit_payoff,unit_proxy,0.0,0.0,0.21467373519209373,0.558937103213561,0.2263891615943452,0.0,1.0,0.0
matrix_transformer,next_field,20,fold_2,0,20,0.55,ok,,28516,13790,0.4835881610324029,0,0.0,0.550761421319797,0.23677032187670485,,0.0,0.0,0.0,unit_payoff,unit_proxy,0.0,0.0,0.22175489485134156,0.550761421319797,0.2274836838288615,0.0,1.0,0.0
matrix_transformer,next_field,20,fold_2,0,20,0.6,skipped,too few samples remain after confidence filtering,28516,0,0.0,0,0.0,,,,0.0,0.0,0.0,unit_payoff,unit_proxy,0.0,0.0,,,,,,
matrix_transformer,next_field,20,fold_2,0,20,0.65,skipped,too few samples remain after confidence filtering,28516,0,0.0,0,0.0,,,,0.0,0.0,0.0,unit_payoff,unit_proxy,0.0,0.0,,,,,,
matrix_transformer,next_field,20,fold_2,0,20,0.7,skipped,too few samples remain after confidence filtering,28516,0,0.0,0,0.0,,,,0.0,0.0,0.0,unit_payoff,unit_proxy,0.0,0.0,,,,,,
matrix_transformer,next_field,20,fold_2,0,20,0.75,skipped,too few samples remain after confidence filtering,28516,0,0.0,0,0.0,,,,0.0,0.0,0.0,unit_payoff,unit_proxy,0.0,0.0,,,,,,
matrix_transformer,next_field,20,fold_2,0,20,0.8,skipped,too few samples remain after confidence filtering,28516,0,0.0,0,0.0,,,,0.0,0.0,0.0,unit_payoff,unit_proxy,0.0,0.0,,,,,,
matrix_transformer,next_field,20,fold_2,0,20,0.85,skipped,too few samples remain after confidence filtering,28516,0,0.0,0,0.0,,,,0.0,0.0,0.0,unit_payoff,unit_proxy,0.0,0.0,,,,,,
matrix_transformer,next_field,20,fold_2,0,20,0.9,skipped,too few samples remain after confidence filtering,28516,0,0.0,0,0.0,,,,0.0,0.0,0.0,unit_payoff,unit_proxy,0.0,0.0,,,,,,
matrix_transformer,next_field,20,fold_2,0,20,0.95,skipped,too few samples remain after confidence filtering,28516,0,0.0,0,0.0,,,,0.0,0.0,0.0,unit_payoff,unit_proxy,0.0,0.0,,,,,,
matrix_transformer,next_field,20,fold_2,1,20,0.33,ok,,28516,28516,1.0,57,0.0019988778229765745,0.5400126244915135,0.2360066577131611,0.40350877192982454,-11.0,-11.0,0.0019989479221462388,unit_payoff,unit_proxy,0.0,0.0,0.22590826202833497,0.5399775564595315,0.23411418151213353,0.0,0.9980011221770234,0.0019988778229765745
matrix_transformer,next_field,20,fold_2,1,20,0.35,ok,,28516,28516,1.0,57,0.0019988778229765745,0.5400126244915135,0.2360066577131611,0.40350877192982454,-11.0,-11.0,0.0019989479221462388,unit_payoff,unit_proxy,0.0,0.0,0.22590826202833497,0.5399775564595315,0.23411418151213353,0.0,0.9980011221770234,0.0019988778229765745
matrix_transformer,next_field,20,fold_2,1,20,0.4,ok,,28516,28511,0.9998246598400897,54,0.0018936737270304391,0.5400021044509137,0.23581096056111384,0.3888888888888889,-12.0,-12.0,0.001893740136770121,unit_payoff,unit_proxy,0.0,0.0,0.22587773140191506,0.5400371786328084,0.23408508996527655,0.0,0.9981059941776858,0.0018940058223141944
matrix_transformer,next_field,20,fold_2,1,20,0.45,ok,,28516,28252,0.9907420395567401,21,0.0007364286716229486,0.5415191844825145,0.23461114392699112,0.19047619047619047,-13.0,-13.0,0.0007364544976328248,unit_payoff,unit_proxy,0.0,0.0,0.2254707631318137,0.5417669545518902,0.2327622823162962,0.0,0.9992566897918731,0.0007433102081268583
matrix_transformer,next_field,20,fold_2,1,20,0.5,ok,,28516,26067,0.9141183896759714,8,0.00028054425585636136,0.5515402616334829,0.2372090156468751,0.25,-4.0,-4.0,0.00028055409433631423,unit_payoff,unit_proxy,0.0,0.0,0.22288717535581387,0.5516553496758353,0.22545747496835078,0.0,0.9996930985537269,0.0003069014462730656
matrix_transformer,next_field,20,fold_2,1,20,0.55,ok,,28516,14672,0.5145181652405667,0,0.0,0.5587513631406761,0.2389739105086722,,0.0,0.0,0.0,unit_payoff,unit_proxy,0.0,0.0,0.21694383860414396,0.5587513631406761,0.22430479825517993,0.0,1.0,0.0
matrix_transformer,next_field,20,fold_2,1,20,0.6,ok,,28516,13535,0.4746458128769813,0,0.0,0.5572220169929811,0.23855387389097119,,0.0,0.0,0.0,unit_payoff,unit_proxy,0.0,0.0,0.2194311045437754,0.5572220169929811,0.22334687846324344,0.0,1.0,0.0
matrix_transformer,next_field,20,fold_2,1,20,0.65,ok,,28516,3740,0.13115443961284892,0,0.0,0.6852941176470588,0.27108784176847006,,0.0,0.0,0.0,unit_payoff,unit_proxy,0.0,0.0,0.1663101604278075,0.6852941176470588,0.1483957219251337,0.0,1.0,0.0
matrix_transformer,next_field,20,fold_2,1,20,0.7,ok,,28516,33,0.0011572450554074905,0,0.0,1.0,0.3333333333333333,,0.0,0.0,0.0,unit_payoff,unit_proxy,0.0,0.0,0.0,1.0,0.0,0.0,1.0,0.0
matrix_transformer,next_field,20,fold_2,1,20,0.75,ok,,28516,18,0.000631224575676813,0,0.0,1.0,0.3333333333333333,,0.0,0.0,0.0,unit_payoff,unit_proxy,0.0,0.0,0.0,1.0,0.0,0.0,1.0,0.0
matrix_transformer,next_field,20,fold_2,1,20,0.8,skipped,too few samples remain after confidence filtering,28516,0,0.0,0,0.0,,,,0.0,0.0,0.0,unit_payoff,unit_proxy,0.0,0.0,,,,,,
matrix_transformer,next_field,20,fold_2,1,20,0.85,skipped,too few samples remain after confidence filtering,28516,0,0.0,0,0.0,,,,0.0,0.0,0.0,unit_payoff,unit_proxy,0.0,0.0,,,,,,
matrix_transformer,next_field,20,fold_2,1,20,0.9,skipped,too few samples remain after confidence filtering,28516,0,0.0,0,0.0,,,,0.0,0.0,0.0,unit_payoff,unit_proxy,0.0,0.0,,,,,,
matrix_transformer,next_field,20,fold_2,1,20,0.95,skipped,too few samples remain after confidence filtering,28516,0,0.0,0,0.0,,,,0.0,0.0,0.0,unit_payoff,unit_proxy,0.0,0.0,,,,,,
matrix_transformer,next_field,20,fold_2,2,20,0.33,ok,,28516,28516,1.0,24,0.0008416327675690841,0.5400827605554777,0.23507619915388486,0.5416666666666666,2.0,2.0,0.0008416622830089426,unit_payoff,unit_proxy,0.0,0.0,0.22590826202833497,0.5399775564595315,0.23411418151213353,0.0008416327675690841,0.9991583672324309,0.0
matrix_transformer,next_field,20,fold_2,2,20,0.35,ok,,28516,28516,1.0,24,0.0008416327675690841,0.5400827605554777,0.23507619915388486,0.5416666666666666,2.0,2.0,0.0008416622830089426,unit_payoff,unit_proxy,0.0,0.0,0.22590826202833497,0.5399775564595315,0.23411418151213353,0.0008416327675690841,0.9991583672324309,0.0
matrix_transformer,next_field,20,fold_2,2,20,0.4,ok,,28516,28493,0.999193435264413,18,0.000631224575676813,0.5402028568420314,0.23481631992011862,0.5555555555555556,2.0,2.0,0.000631246712256707,unit_payoff,unit_proxy,0.0,0.0,0.22584494437230196,0.540097567823676,0.23405748780402205,0.0006317341101323132,0.9993682658898677,0.0
matrix_transformer,next_field,20,fold_2,2,20,0.45,ok,,28516,27930,0.9794501332585215,5,0.00017534015991022583,0.542141066953097,0.23467393442848664,0.6,1.0,1.0,0.0001753463089601964,unit_payoff,unit_proxy,0.0,0.0,0.22327246688148944,0.5421052631578948,0.23462226996061583,0.00017901897601145723,0.9998209810239885,0.0
matrix_transformer,next_field,20,fold_2,2,20,0.5,ok,,28516,15317,0.5371370458689858,0,0.0,0.5527844878239864,0.23733041820831932,,0.0,0.0,0.0,unit_payoff,unit_proxy,0.0,0.0,0.21681791473526146,0.5527844878239864,0.2303975974407521,0.0,1.0,0.0
matrix_transformer,next_field,20,fold_2,2,20,0.55,ok,,28516,13896,0.48730537242249966,0,0.0,0.5492227979274611,0.23634336677814938,,0.0,0.0,0.0,unit_payoff,unit_proxy,0.0,0.0,0.22186240644789867,0.5492227979274611,0.22891479562464018,0.0,1.0,0.0
matrix_transformer,next_field,20,fold_2,2,20,0.6,ok,,28516,38,0.0013325852153177164,0,0.0,0.5789473684210527,0.24444444444444444,,0.0,0.0,0.0,unit_payoff,unit_proxy,0.0,0.0,0.15789473684210525,0.5789473684210527,0.2631578947368421,0.0,1.0,0.0
matrix_transformer,next_field,20,fold_2,2,20,0.65,skipped,too few samples remain after confidence filtering,28516,0,0.0,0,0.0,,,,0.0,0.0,0.0,unit_payoff,unit_proxy,0.0,0.0,,,,,,
matrix_transformer,next_field,20,fold_2,2,20,0.7,skipped,too few samples remain after confidence filtering,28516,0,0.0,0,0.0,,,,0.0,0.0,0.0,unit_payoff,unit_proxy,0.0,0.0,,,,,,
matrix_transformer,next_field,20,fold_2,2,20,0.75,skipped,too few samples remain after confidence filtering,28516,0,0.0,0,0.0,,,,0.0,0.0,0.0,unit_payoff,unit_proxy,0.0,0.0,,,,,,
matrix_transformer,next_field,20,fold_2,2,20,0.8,skipped,too few samples remain after confidence filtering,28516,0,0.0,0,0.0,,,,0.0,0.0,0.0,unit_payoff,unit_proxy,0.0,0.0,,,,,,
matrix_transformer,next_field,20,fold_2,2,20,0.85,skipped,too few samples remain after confidence filtering,28516,0,0.0,0,0.0,,,,0.0,0.0,0.0,unit_payoff,unit_proxy,0.0,0.0,,,,,,
matrix_transformer,next_field,20,fold_2,2,20,0.9,skipped,too few samples remain after confidence filtering,28516,0,0.0,0,0.0,,,,0.0,0.0,0.0,unit_payoff,unit_proxy,0.0,0.0,,,,,,
matrix_transformer,next_field,20,fold_2,2,20,0.95,skipped,too few samples remain after confidence filtering,28516,0,0.0,0,0.0,,,,0.0,0.0,0.0,unit_payoff,unit_proxy,0.0,0.0,,,,,,
matrix_transformer,next_field,20,fold_3,0,20,0.33,ok,,37004,37004,1.0,1044,0.02821316614420063,0.4792725110798833,0.23542898680000315,0.2796934865900383,-460.0,-460.0,0.028213928600383752,unit_payoff,unit_proxy,0.0,0.0,0.2503242892660253,0.4835693438547184,0.2661063668792563,0.017241379310344827,0.9717868338557993,0.0109717868338558
matrix_transformer,next_field,20,fold_3,0,20,0.35,ok,,37004,36951,0.9985677224083883,1026,0.027726732245162686,0.47949987821709833,0.23497035574752537,0.27582846003898637,-460.0,-460.0,0.02772748155554955,unit_payoff,unit_proxy,0.0,0.0,0.2499797028497199,0.48404643987984086,0.2659738572704392,0.01680604043192336,0.9722334984168223,0.010960461151254364
matrix_transformer,next_field,20,fold_3,0,20,0.4,ok,,37004,35253,0.9526807912658091,663,0.017916981947897526,0.48818540266076643,0.22984216617692318,0.23076923076923078,-357.0,-357.0,0.01791746615139313,unit_payoff,unit_proxy,0.0,0.0,0.24667404192550987,0.4938019459336794,0.2595240121408107,0.010126797719343035,0.9811930899497915,0.008680112330865459
matrix_transformer,next_field,20,fold_3,0,20,0.45,ok,,37004,31888,0.8617446762512161,283,0.00764782185709653,0.5022265429001506,0.2279689899255786,0.21201413427561838,-163.0,-163.0,0.00764802853822663,unit_payoff,unit_proxy,0.0,0.0,0.2402157551430005,0.5052370797792273,0.2545471650777722,0.005487957852483693,0.991125188158555,0.0033868539889613646
matrix_transformer,next_field,20,fold_3,0,20,0.5,ok,,37004,28023,0.7572965084855692,133,0.0035942060317803483,0.5093316204546265,0.2266639374287965,0.12781954887218044,-99.0,-99.0,0.003594303164608275,unit_payoff,unit_proxy,0.0,0.0,0.237198015915498,0.5120793633800806,0.25072262070442136,0.00314027762909039,0.9952538985833066,0.0016058237876030404
matrix_transformer,next_field,20,fold_3,0,20,0.55,ok,,37004,26127,0.7060588044535726,72,0.0019457355961517674,0.5078271519883645,0.2256511624755275,0.1527777777777778,-50.0,-50.0,0.0019457881793368105,unit_payoff,unit_proxy,0.0,0.0,0.23913958740000765,0.5095495081716233,0.2513109044283691,0.0022199257473112105,0.9972442301067861,0.000535844145902706
matrix_transformer,next_field,20,fold_3,0,20,0.6,ok,,37004,24884,0.6724678413144525,31,0.0008377472705653443,0.5061083427101752,0.22435769623864402,0.0967741935483871,-25.0,-25.0,0.0008377699105477934,unit_payoff,unit_proxy,0.0,0.0,0.24075711300434013,0.5069924449445427,0.2522504420511172,0.0009644751647645073,0.9987542195788458,0.000281305256389648
matrix_transformer,next_field,20,fold_3,0,20,0.65,ok,,37004,17456,0.47173278564479515,9,0.00024321694951897092,0.5100252062328139,0.22547075985699527,0.2222222222222222,-5.0,-5.0,0.00024322352241710132,unit_payoff,unit_proxy,0.0,0.0,0.2425527039413382,0.5103116406966086,0.24713565536205317,0.0005155820348304307,0.9994844179651695,0.0
matrix_transformer,next_field,20,fold_3,0,20,0.7,ok,,37004,2655,0.07174900010809643,0,0.0,0.7819209039548023,0.29253857535404776,,0.0,0.0,0.0,unit_payoff,unit_proxy,0.0,0.0,0.10847457627118644,0.7819209039548023,0.1096045197740113,0.0,1.0,0.0
matrix_transformer,next_field,20,fold_3,0,20,0.75,ok,,37004,1652,0.044643822289482216,0,0.0,0.7911622276029056,0.29446885208966994,,0.0,0.0,0.0,unit_payoff,unit_proxy,0.0,0.0,0.09443099273607748,0.7911622276029056,0.11440677966101695,0.0,1.0,0.0
matrix_transformer,next_field,20,fold_3,0,20,0.8,ok,,37004,1000,0.02702410550210788,0,0.0,0.811,0.29854592306276456,,0.0,0.0,0.0,unit_payoff,unit_proxy,0.0,0.0,0.086,0.811,0.103,0.0,1.0,0.0
matrix_transformer,next_field,20,fold_3,0,20,0.85,ok,,37004,176,0.0047562425683709865,0,0.0,0.7329545454545454,0.2819672131147541,,0.0,0.0,0.0,unit_payoff,unit_proxy,0.0,0.0,0.13636363636363635,0.7329545454545454,0.13068181818181818,0.0,1.0,0.0
matrix_transformer,next_field,20,fold_3,0,20,0.9,skipped,too few samples remain after confidence filtering,37004,0,0.0,0,0.0,,,,0.0,0.0,0.0,unit_payoff,unit_proxy,0.0,0.0,,,,,,
matrix_transformer,next_field,20,fold_3,0,20,0.95,skipped,too few samples remain after confidence filtering,37004,0,0.0,0,0.0,,,,0.0,0.0,0.0,unit_payoff,unit_proxy,0.0,0.0,,,,,,
matrix_transformer,next_field,20,fold_3,1,20,0.33,ok,,37004,37004,1.0,123,0.0033239649767592694,0.4842719705977732,0.22039978034880373,0.3170731707317073,-45.0,-45.0,0.003324054806367051,unit_payoff,unit_proxy,0.0,0.0,0.2503242892660253,0.4835693438547184,0.2661063668792563,0.0033239649767592694,0.9966760350232408,0.0
matrix_transformer,next_field,20,fold_3,1,20,0.35,ok,,37004,37004,1.0,123,0.0033239649767592694,0.4842719705977732,0.22039978034880373,0.3170731707317073,-45.0,-45.0,0.003324054806367051,unit_payoff,unit_proxy,0.0,0.0,0.2503242892660253,0.4835693438547184,0.2661063668792563,0.0033239649767592694,0.9966760350232408,0.0
matrix_transformer,next_field,20,fold_3,1,20,0.4,ok,,37004,34236,0.9251972759701654,54,0.0014593016971138255,0.4956478560579507,0.22233058159211264,0.3148148148148148,-20.0,-20.0,0.001459341134502608,unit_payoff,unit_proxy,0.0,0.0,0.24187989251080733,0.4954433929197336,0.26267671456945907,0.0015772870662460567,0.998422712933754,0.0
matrix_transformer,next_field,20,fold_3,1,20,0.45,ok,,37004,18442,0.49837855366987355,17,0.00045940979353583397,0.5169179047825615,0.22829891096473146,0.4117647058823529,-3.0,-3.0,0.00045942220901008026,unit_payoff,unit_proxy,0.0,0.0,0.22253551675523262,0.516809456674981,0.26065502656978634,0.0009218089144344431,0.9990781910855655,0.0
matrix_transformer,next_field,20,fold_3,1,20,0.5,ok,,37004,14398,0.38909307101934926,11,0.00029726516052318666,0.4890262536463398,0.21968991414915928,0.36363636363636365,-3.0,-3.0,0.00029727319406534607,unit_payoff,unit_proxy,0.0,0.0,0.24121405750798722,0.48909570773718575,0.26969023475482706,0.0007639949993054591,0.9992360050006945,0.0
matrix_transformer,next_field,20,fold_3,1,20,0.55,ok,,37004,13106,0.35417792671062587,4,0.00010809642200843153,0.49649015717991757,0.22179760898806125,0.75,2.0,2.0,0.00010809934329648947,unit_payoff,unit_proxy,0.0,0.0,0.23783000152601863,0.4962612543873035,0.26590874408667786,0.0003052037234854265,0.9996947962765146,0.0
matrix_transformer,next_field,20,fold_3,1,20,0.6,ok,,37004,177,0.004783266673873095,2,5.404821100421576e-05,0.6214689265536724,0.3099725166862976,1.0,2.0,2.0,5.4049671648244736e-05,unit_payoff,unit_proxy,0.0,0.0,0.12429378531073447,0.6101694915254238,0.2655367231638418,0.011299435028248588,0.9887005649717514,0.0
matrix_transformer,next_field,20,fold_3,1,20,0.65,ok,,37004,63,0.0017025186466327964,1,2.702410550210788e-05,0.7301587301587301,0.37561192701379614,1.0,1.0,1.0,2.7024835824122368e-05,unit_payoff,unit_proxy,0.0,0.0,0.09523809523809523,0.7142857142857143,0.19047619047619047,0.015873015873015872,0.9841269841269841,0.0
matrix_transformer,next_field,20,fold_3,1,20,0.7,ok,,37004,34,0.0009188195870716679,1,2.702410550210788e-05,0.8235294117647058,0.4666666666666666,1.0,1.0,1.0,2.7024835824122368e-05,unit_payoff,unit_proxy,0.0,0.0,0.08823529411764706,0.7941176470588235,0.11764705882352941,0.029411764705882353,0.9705882352941176,0.0
matrix_transformer,next_field,20,fold_3,1,20,0.75,skipped,too few samples remain after confidence filtering,37004,1,2.702410550210788e-05,0,0.0,,,,0.0,0.0,0.0,unit_payoff,unit_proxy,0.0,0.0,0.0,1.0,0.0,0.0,1.0,0.0
matrix_transformer,next_field,20,fold_3,1,20,0.8,skipped,too few samples remain after confidence filtering,37004,0,0.0,0,0.0,,,,0.0,0.0,0.0,unit_payoff,unit_proxy,0.0,0.0,,,,,,
matrix_transformer,next_field,20,fold_3,1,20,0.85,skipped,too few samples remain after confidence filtering,37004,0,0.0,0,0.0,,,,0.0,0.0,0.0,unit_payoff,unit_proxy,0.0,0.0,,,,,,
matrix_transformer,next_field,20,fold_3,1,20,0.9,skipped,too few samples remain after confidence filtering,37004,0,0.0,0,0.0,,,,0.0,0.0,0.0,unit_payoff,unit_proxy,0.0,0.0,,,,,,
matrix_transformer,next_field,20,fold_3,1,20,0.95,skipped,too few samples remain after confidence filtering,37004,0,0.0,0,0.0,,,,0.0,0.0,0.0,unit_payoff,unit_proxy,0.0,0.0,,,,,,
matrix_transformer,next_field,20,fold_3,2,20,0.33,ok,,37004,37004,1.0,12675,0.3425305372392174,0.4202788887687818,0.3403946961338847,0.29128205128205126,-5291.0,-5291.0,0.342539794070751,unit_payoff,unit_proxy,0.0,0.0,0.2503242892660253,0.4835693438547184,0.2661063668792563,0.23446113933628798,0.6574694627607827,0.10806939790292941
matrix_transformer,next_field,20,fold_3,2,20,0.35,ok,,37004,34482,0.9318452059236839,10946,0.29580585882607285,0.42831042282930226,0.3406759513321293,0.2999269139411657,-4380.0,-4380.0,0.29581385293084345,unit_payoff,unit_proxy,0.0,0.0,0.25218954817005973,0.48300562612377473,0.26480482570616554,0.2186068093498057,0.6825590162983586,0.09883417435183574
matrix_transformer,next_field,20,fold_3,2,20,0.4,ok,,37004,20780,0.5615609123338018,2897,0.07828883363960652,0.4833974975938402,0.30986626114115157,0.3496720745598895,-871.0,-871.0,0.0782909493824825,unit_payoff,unit_proxy,0.0,0.0,0.2523580365736285,0.4905197305101059,0.2571222329162656,0.11029836381135708,0.8605871029836382,0.029114533205004813
matrix_transformer,next_field,20,fold_3,2,20,0.45,ok,,37004,16241,0.4388984974597341,1026,0.027726732245162686,0.49036389384890094,0.2641810576869725,0.3304093567251462,-348.0,-348.0,0.02772748155554955,unit_payoff,unit_proxy,0.0,0.0,0.24918416353672804,0.495166553783634,0.25564928267963793,0.05972538636783449,0.9368265500892802,0.0034480635428852905
matrix_transformer,next_field,20,fold_3,2,20,0.5,ok,,37004,14393,0.38895795049183873,537,0.01451194465463193,0.4912110053498228,0.24773248753168853,0.32774674115456237,-185.0,-185.0,0.014512336837553711,unit_payoff,unit_proxy,0.0,0.0,0.25012158688251235,0.4936427430000695,0.2562356701174182,0.03661502119085667,0.9626901966233585,0.0006947821857847565
matrix_transformer,next_field,20,fold_3,2,20,0.55,ok,,37004,12861,0.3475570208626094,314,0.008485569127661874,0.5043931265064925,0.24559551227111917,0.37579617834394907,-78.0,-78.0,0.008485798448774423,unit_payoff,unit_proxy,0.0,0.0,0.24539304875204104,0.5055594432781276,0.24904750796983127,0.024103879947126972,0.9755851022471036,0.0003110178057693803
matrix_transformer,next_field,20,fold_3,2,20,0.6,ok,,37004,8452,0.2284077397038158,131,0.0035401578207761323,0.5550165641268339,0.256833567284707,0.4580152671755725,-11.0,-11.0,0.00354025349296003,unit_payoff,unit_proxy,0.0,0.0,0.227520113582584,0.5544249881684808,0.21805489824893518,0.015499290108849977,0.98450070989115,0.0
matrix_transformer,next_field,20,fold_3,2,20,0.65,ok,,37004,4517,0.1220678845530213,21,0.0005675062155442654,0.6094753154748727,0.2606061662574875,0.5714285714285714,3.0,3.0,0.0005675215523065697,unit_payoff,unit_proxy,0.0,0.0,0.20566747841487712,0.6088111578481293,0.18552136373699357,0.0046491033872038965,0.9953508966127961,0.0
matrix_transformer,next_field,20,fold_3,2,20,0.7,ok,,37004,454,0.012268943897956977,13,0.00035131337152740245,0.5176211453744494,0.2626888530590595,0.6153846153846154,3.0,3.0,0.0003513228657135908,unit_payoff,unit_proxy,0.0,0.0,0.28193832599118945,0.5110132158590308,0.20704845814977973,0.028634361233480177,0.9713656387665198,0.0
matrix_transformer,next_field,20,fold_3,2,20,0.75,ok,,37004,24,0.0006485785320505892,10,0.0002702410550210788,0.5833333333333334,0.44005847953216376,0.7,4.0,4.0,0.0002702483582412237,unit_payoff,unit_proxy,0.0,0.0,0.375,0.4166666666666667,0.20833333333333334,0.4166666666666667,0.5833333333333334,0.0
matrix_transformer,next_field,20,fold_3,2,20,0.8,skipped,too few samples remain after confidence filtering,37004,2,5.404821100421576e-05,0,0.0,,,,0.0,0.0,0.0,unit_payoff,unit_proxy,0.0,0.0,0.0,1.0,0.0,0.0,1.0,0.0
matrix_transformer,next_field,20,fold_3,2,20,0.85,skipped,too few samples remain after confidence filtering,37004,0,0.0,0,0.0,,,,0.0,0.0,0.0,unit_payoff,unit_proxy,0.0,0.0,,,,,,
matrix_transformer,next_field,20,fold_3,2,20,0.9,skipped,too few samples remain after confidence filtering,37004,0,0.0,0,0.0,,,,0.0,0.0,0.0,unit_payoff,unit_proxy,0.0,0.0,,,,,,
matrix_transformer,next_field,20,fold_3,2,20,0.95,skipped,too few samples remain after confidence filtering,37004,0,0.0,0,0.0,,,,0.0,0.0,0.0,unit_payoff,unit_proxy,0.0,0.0,,,,,,
matrix_transformer,next_field,20,fold_4,0,20,0.33,ok,,34766,34766,1.0,3775,0.10858309842950009,0.43441868492205027,0.2551333063155295,0.24927152317880794,-1893.0,-1893.0,0.10858622177477348,unit_payoff,unit_proxy,0.0,0.0,0.26721509520796183,0.4648219524823103,0.2679629523097279,0.029971811540010353,0.8914169015704999,0.07861128688948973
matrix_transformer,next_field,20,fold_4,0,20,0.35,ok,,34766,34588,0.9948800552263706,3646,0.10487257665535293,0.4349774488261825,0.2539741677106451,0.24958859023587493,-1826.0,-1826.0,0.10487559326909247,unit_payoff,unit_proxy,0.0,0.0,0.2671735862148722,0.46446744535677115,0.26835896842835666,0.028275702555799698,0.8945877182837978,0.07713657916040245
matrix_transformer,next_field,20,fold_4,0,20,0.4,ok,,34766,30495,0.8771500891675775,1335,0.03839958580222056,0.4454172815215609,0.23275898373557927,0.2846441947565543,-575.0,-575.0,0.03840069034948943,unit_payoff,unit_proxy,0.0,0.0,0.2691588785046729,0.45489424495818986,0.27594687653713723,0.020954254795868175,0.956222331529759,0.022823413674372846
matrix_transformer,next_field,20,fold_4,0,20,0.45,ok,,34766,24821,0.7139446585744693,325,0.009348213772076166,0.4502638894484509,0.21452561786211807,0.24615384615384617,-165.0,-165.0,0.009348482669351359,unit_payoff,unit_proxy,0.0,0.0,0.2688046412312155,0.45384956287015027,0.27734579589863423,0.011522501107932799,0.9869062487409854,0.0015712501510817454
matrix_transformer,next_field,20,fold_4,0,20,0.5,ok,,34766,17348,0.4989932692860841,138,0.003969395386296957,0.47434862808392897,0.21902910973018705,0.2318840579710145,-74.0,-74.0,0.0039695095642168846,unit_payoff,unit_proxy,0.0,0.0,0.2601452617016371,0.4770578741065252,0.2627968641918377,0.0071477980170624855,0.9920451925293982,0.0008070094535393129
matrix_transformer,next_field,20,fold_4,0,20,0.55,ok,,34766,11365,0.3268998446758327,23,0.0006615658977161595,0.5170259568851738,0.22767374811689237,0.08695652173913043,-19.0,-19.0,0.0006615849273694808,unit_payoff,unit_proxy,0.0,0.0,0.2390673119225693,0.5186977562692477,0.242234931808183,0.0013198416190057193,0.9979762428508578,0.0007039155301363836
matrix_transformer,next_field,20,fold_4,0,20,0.6,ok,,34766,7057,0.2029856756601277,9,0.0002588736121498015,0.5729063341363185,0.24282282282282283,0.0,-9.0,-9.0,0.0002588810585358838,unit_payoff,unit_proxy,0.0,0.0,0.20079353833073543,0.5741816635964291,0.22502479807283549,0.00042510982003684286,0.9987246705398894,0.0008502196400736857
matrix_transformer,next_field,20,fold_4,0,20,0.65,ok,,34766,4055,0.11663694414082725,0,0.0,0.6438964241676942,0.2611261126112611,,0.0,0.0,0.0,unit_payoff,unit_proxy,0.0,0.0,0.15561035758323058,0.6438964241676942,0.2004932182490752,0.0,1.0,0.0
matrix_transformer,next_field,20,fold_4,0,20,0.7,ok,,34766,2570,0.07392279813611,0,0.0,0.6844357976653697,0.2708862708862709,,0.0,0.0,0.0,unit_payoff,unit_proxy,0.0,0.0,0.14357976653696497,0.6844357976653697,0.17198443579766537,0.0,1.0,0.0
matrix_transformer,next_field,20,fold_4,0,20,0.75,ok,,34766,1515,0.04357705804521659,0,0.0,0.7036303630363037,0.2753454733307504,,0.0,0.0,0.0,unit_payoff,unit_proxy,0.0,0.0,0.132013201320132,0.7036303630363037,0.16435643564356436,0.0,1.0,0.0
matrix_transformer,next_field,20,fold_4,0,20,0.8,ok,,34766,797,0.022924696542599092,0,0.0,0.6963613550815558,0.27366863905325445,,0.0,0.0,0.0,unit_payoff,unit_proxy,0.0,0.0,0.12547051442910917,0.6963613550815558,0.178168130489335,0.0,1.0,0.0
matrix_transformer,next_field,20,fold_4,0,20,0.85,ok,,34766,292,0.008399010527526894,0,0.0,0.8013698630136986,0.2965779467680608,,0.0,0.0,0.0,unit_payoff,unit_proxy,0.0,0.0,0.07876712328767123,0.8013698630136986,0.11986301369863013,0.0,1.0,0.0
matrix_transformer,next_field,20,fold_4,0,20,0.9,ok,,34766,6,0.00017258240809986768,0,0.0,0.8333333333333334,0.30303030303030304,,0.0,0.0,0.0,unit_payoff,unit_proxy,0.0,0.0,0.16666666666666666,0.8333333333333334,0.0,0.0,1.0,0.0
matrix_transformer,next_field,20,fold_4,0,20,0.95,skipped,too few samples remain after confidence filtering,34766,0,0.0,0,0.0,,,,0.0,0.0,0.0,unit_payoff,unit_proxy,0.0,0.0,,,,,,
matrix_transformer,next_field,20,fold_4,1,20,0.33,ok,,34766,34766,1.0,20099,0.5781223033998735,0.3761145947189783,0.35691419276562814,0.3061843872829494,-7791.0,-7791.0,0.5781389328347476,unit_payoff,unit_proxy,0.0,0.0,0.26721509520796183,0.4648219524823103,0.2679629523097279,0.18339757234079274,0.4218776966001266,0.39472473105908074
matrix_transformer,next_field,20,fold_4,1,20,0.35,ok,,34766,33919,0.9756371167232354,19541,0.5620721394465857,0.3767504938235207,0.35647164342042914,0.3040786039609027,-7657.0,-7657.0,0.5620883072055228,unit_payoff,unit_proxy,0.0,0.0,0.2649547451280993,0.4694713877177983,0.2655738671541024,0.18028243757186238,0.423892213803473,0.3958253486246646
matrix_transformer,next_field,20,fold_4,1,20,0.4,ok,,34766,26229,0.7544439970085716,15193,0.4370074210435483,0.38945442067940067,0.36016473823766276,0.2919765681563878,-6321.0,-6321.0,0.43701999137063136,unit_payoff,unit_proxy,0.0,0.0,0.25056235464562127,0.5040222654313927,0.245415379922986,0.1598230965724961,0.4207556521407602,0.4194212512867437
matrix_transformer,next_field,20,fold_4,1,20,0.45,ok,,34766,17746,0.510441235690042,10201,0.2934188575044584,0.4078665614786431,0.36896039152331056,0.280168610920498,-4485.0,-4485.0,0.2934272975693945,unit_payoff,unit_proxy,0.0,0.0,0.2268680265975431,0.5464329989856869,0.22669897441676998,0.1577820353882565,0.42516623464442693,0.4170517299673166
matrix_transformer,next_field,20,fold_4,1,20,0.5,ok,,34766,10457,0.30078237358338605,5412,0.15566933210608067,0.45223295400210384,0.3904791470657141,0.2710643015521064,-2478.0,-2478.0,0.1556738098662448,unit_payoff,unit_proxy,0.0,0.0,0.20263938031940326,0.594625609639476,0.20273501004112077,0.16620445634503203,0.48245194606483693,0.351343597590131
matrix_transformer,next_field,20,fold_4,1,20,0.55,ok,,34766,5361,0.15420238163723177,2092,0.0601737329574872,0.5480320835664988,0.4269092580020882,0.27390057361376674,-946.0,-946.0,0.06017546382856321,unit_payoff,unit_proxy,0.0,0.0,0.18242865137101288,0.6614437604924455,0.15612758813654168,0.19100914008580488,0.6097742958403283,0.19921656407386681
matrix_transformer,next_field,20,fold_4,1,20,0.6,ok,,34766,2864,0.08237933613300351,714,0.020537306563884253,0.6630586592178771,0.42304563785991633,0.2703081232492997,-328.0,-328.0,0.020537897310513448,unit_payoff,unit_proxy,0.0,0.0,0.15223463687150837,0.74231843575419,0.10544692737430168,0.20006983240223464,0.7506983240223464,0.049231843575418995
matrix_transformer,next_field,20,fold_4,1,20,0.65,ok,,34766,1929,0.05548524420410746,306,0.008801702813093252,0.7402799377916018,0.3797791441596752,0.24509803921568626,-156.0,-156.0,0.008801955990220049,unit_payoff,unit_proxy,0.0,0.0,0.1166407465007776,0.7988595127008813,0.0844997407983411,0.15707620528771385,0.8413685847589425,0.0015552099533437014
matrix_transformer,next_field,20,fold_4,1,20,0.7,ok,,34766,1446,0.04159236035206811,135,0.003883104182247023,0.8125864453665284,0.39167118593446676,0.2740740740740741,-61.0,-61.0,0.003883215878038257,unit_payoff,unit_proxy,0.0,0.0,0.09197786998616875,0.8443983402489627,0.0636237897648686,0.09336099585062241,0.9066390041493776,0.0
matrix_transformer,next_field,20,fold_4,1,20,0.75,ok,,34766,1011,0.029080135764827705,55,0.0015820054075821204,0.8605341246290801,0.36507270438415645,0.18181818181818182,-35.0,-35.0,0.0015820509132748455,unit_payoff,unit_proxy,0.0,0.0,0.06231454005934718,0.8921859545004945,0.04549950544015826,0.05440158259149357,0.9455984174085065,0.0
matrix_transformer,next_field,20,fold_4,1,20,0.8,ok,,34766,478,0.013749065178622793,26,0.0007478571017660933,0.8828451882845189,0.32805886243386245,0.038461538461538464,-24.0,-24.0,0.0007478786135481087,unit_payoff,unit_proxy,0.0,0.0,0.0397489539748954,0.9288702928870293,0.03138075313807531,0.05439330543933055,0.9456066945606695,0.0
matrix_transformer,next_field,20,fold_4,1,20,0.85,ok,,34766,103,0.002962664672381062,3,8.629120404993384e-05,0.912621359223301,0.31810490693739424,0.0,-3.0,-3.0,8.629368617862792e-05,unit_payoff,unit_proxy,0.0,0.0,0.019417475728155338,0.941747572815534,0.038834951456310676,0.02912621359223301,0.970873786407767,0.0
matrix_transformer,next_field,20,fold_4,1,20,0.9,ok,,34766,3,8.629120404993384e-05,0,0.0,1.0,0.3333333333333333,,0.0,0.0,0.0,unit_payoff,unit_proxy,0.0,0.0,0.0,1.0,0.0,0.0,1.0,0.0
matrix_transformer,next_field,20,fold_4,1,20,0.95,skipped,too few samples remain after confidence filtering,34766,0,0.0,0,0.0,,,,0.0,0.0,0.0,unit_payoff,unit_proxy,0.0,0.0,,,,,,
matrix_transformer,next_field,20,fold_4,2,20,0.33,ok,,34766,34766,1.0,19200,0.5522637059195766,0.37579819363746186,0.35270955647670554,0.3098958333333333,-7300.0,-7300.0,0.5522795915432187,unit_payoff,unit_proxy,0.0,0.0,0.26721509520796183,0.4648219524823103,0.2679629523097279,0.3663349249266525,0.4477362940804234,0.18592878099292412
matrix_transformer,next_field,20,fold_4,2,20,0.35,ok,,34766,33663,0.9682736006443077,18437,0.5303169763562101,0.3779223479784927,0.35354589199455083,0.3106796116504854,-6981.0,-6981.0,0.5303322306917877,unit_payoff,unit_proxy,0.0,0.0,0.26717761340344,0.4675162641475804,0.2653061224489796,0.36559427264355526,0.45230668686688646,0.18209904048955827
matrix_transformer,next_field,20,fold_4,2,20,0.4,ok,,34766,23832,0.6854973249726745,11901,0.34231720646608754,0.39887546156428333,0.3600300452343769,0.2985463406436434,-4795.0,-4795.0,0.342327053070617,unit_payoff,unit_proxy,0.0,0.0,0.2539442766028869,0.503860355824102,0.24219536757301108,0.313821752265861,0.5006294058408862,0.18554884189325277
matrix_transformer,next_field,20,fold_4,2,20,0.45,ok,,34766,12727,0.36607605131450266,5778,0.1661968590001726,0.44786674000157145,0.3831163474574464,0.281239183108342,-2528.0,-2528.0,0.1662016395800374,unit_payoff,unit_proxy,0.0,0.0,0.22039757994814174,0.5656478353107567,0.2139545847411016,0.23493360572012256,0.5460045572405123,0.21906183703936513
matrix_transformer,next_field,20,fold_4,2,20,0.5,ok,,34766,6219,0.17888166599551286,2596,0.07467065523787608,0.5066730985689017,0.4024881005959858,0.26194144838212635,-1236.0,-1236.0,0.0746728031065727,unit_payoff,unit_proxy,0.0,0.0,0.18411320147933752,0.6399742723910596,0.17591252612960284,0.1554912365332047,0.5825695449429169,0.2619392185238784
matrix_transformer,next_field,20,fold_4,2,20,0.55,ok,,34766,3628,0.10435482943105333,1346,0.03871598688373699,0.5664277839029769,0.40546612950556815,0.24294205052005943,-692.0,-692.0,0.038717100532144395,unit_payoff,unit_proxy,0.0,0.0,0.1595920617420066,0.695148842337376,0.14525909592061742,0.08654906284454245,0.6289966923925028,0.2844542447629548
matrix_transformer,next_field,20,fold_4,2,20,0.6,ok,,34766,2498,0.07185180923891157,686,0.01973192199275154,0.6481184947958367,0.4078133130508114,0.2478134110787172,-346.0,-346.0,0.019732489572846252,unit_payoff,unit_proxy,0.0,0.0,0.1297037630104083,0.744195356285028,0.12610088070456366,0.03682946357085669,0.7253803042433947,0.2377902321857486
matrix_transformer,next_field,20,fold_4,2,20,0.65,ok,,34766,1911,0.05496749697980786,339,0.009750906057642525,0.7158555729984302,0.3904271527357372,0.2448377581120944,-173.0,-173.0,0.009751186538184957,unit_payoff,unit_proxy,0.0,0.0,0.1109366823652538,0.7802197802197802,0.10884353741496598,0.007849293563579277,0.8226059654631083,0.1695447409733124
matrix_transformer,next_field,20,fold_4,2,20,0.7,ok,,34766,1606,0.04619455790139792,177,0.0050911810389460965,0.7658779576587795,0.38608286003610265,0.2711864406779661,-81.0,-81.0,0.005091327484539048,unit_payoff,unit_proxy,0.0,0.0,0.10273972602739725,0.798879202988792,0.09838107098381071,0.0,0.8897882938978829,0.11021170610211706
matrix_transformer,next_field,20,fold_4,2,20,0.75,ok,,34766,1384,0.039809008801702815,88,0.002531208652131393,0.7991329479768786,0.3765597534348076,0.2840909090909091,-38.0,-38.0,0.002531281461239753,unit_payoff,unit_proxy,0.0,0.0,0.09465317919075145,0.8179190751445087,0.08742774566473989,0.0,0.9364161849710982,0.06358381502890173
matrix_transformer,next_field,20,fold_4,2,20,0.8,ok,,34766,1166,0.03353851464074095,29,0.0008341483058160272,0.8216123499142367,0.34568886937197685,0.27586206896551724,-13.0,-13.0,0.0008341722997267367,unit_payoff,unit_proxy,0.0,0.0,0.09262435677530018,0.8301886792452831,0.07718696397941681,0.0,0.9751286449399656,0.024871355060034305
matrix_transformer,next_field,20,fold_4,2,20,0.85,ok,,34766,914,0.02629005350054651,5,0.00014381867341655642,0.8512035010940919,0.3065405831363278,0.0,-5.0,-5.0,0.00014382281029771322,unit_payoff,unit_proxy,0.0,0.0,0.08424507658643327,0.8566739606126915,0.05908096280087528,0.0,0.9945295404814004,0.005470459518599562
matrix_transformer,next_field,20,fold_4,2,20,0.9,ok,,34766,392,0.011275383995858023,0,0.0,0.8954081632653061,0.3149394347240915,,0.0,0.0,0.0,unit_payoff,unit_proxy,0.0,0.0,0.06887755102040816,0.8954081632653061,0.03571428571428571,0.0,1.0,0.0
matrix_transformer,next_field,20,fold_4,2,20,0.95,skipped,too few samples remain after confidence filtering,34766,0,0.0,0,0.0,,,,0.0,0.0,0.0,unit_payoff,unit_proxy,0.0,0.0,,,,,,
matrix_transformer,next_field,20,fold_5,0,20,0.33,ok,,39133,39133,1.0,17932,0.4582321825569213,0.43587253724478064,0.3823088237545848,0.31117555208565695,-6772.0,-6772.0,0.4582438924665236,unit_payoff,unit_proxy,0.0,0.0,0.2462371911174712,0.504919121968671,0.24884368691385786,0.15467763779929983,0.5417678174430788,0.30355454475762145
matrix_transformer,next_field,20,fold_5,0,20,0.35,ok,,39133,38886,0.9936881915518871,17773,0.45416911558020084,0.4364038471429306,0.38221943292573196,0.3106397344286277,-6731.0,-6731.0,0.4541807216600225,unit_payoff,unit_proxy,0.0,0.0,0.24564110476778275,0.5064290490150697,0.24792984621714756,0.15362855526410532,0.5429460474206655,0.3034253973152291
matrix_transformer,next_field,20,fold_5,0,20,0.4,ok,,39133,35037,0.895331306058825,15663,0.400250428027496,0.44732711133944114,0.38460376640822735,0.304283981357339,-6131.0,-6131.0,0.40026065624041707,unit_payoff,unit_proxy,0.0,0.0,0.23603619031309758,0.5255586950937581,0.2384051145931444,0.1445900048520136,0.5529583012244199,0.3024516939235665
matrix_transformer,next_field,20,fold_5,0,20,0.45,ok,,39133,28865,0.737612756497074,12942,0.33071831957682774,0.4704313182054391,0.39647255591748537,0.2974810693864936,-5242.0,-5242.0,0.33072677092916286,unit_payoff,unit_proxy,0.0,0.0,0.21642127143599516,0.5596743460938853,0.2239043824701195,0.1376753854148623,0.5516369305387147,0.310687684046423
matrix_transformer,next_field,20,fold_5,0,20,0.5,ok,,39133,21805,0.5572023611785449,9585,0.24493394321927786,0.5072689750057326,0.4143367400902407,0.2977569118414189,-3877.0,-3877.0,0.2449402023919043,unit_payoff,unit_proxy,0.0,0.0,0.19417564778720478,0.5984865856454942,0.20733776656730107,0.11433157532675992,0.5604219215776198,0.32524650309562025
matrix_transformer,next_field,20,fold_5,0,20,0.55,ok,,39133,16224,0.41458615490762274,6866,0.17545294252932309,0.5471523668639053,0.42973399027932163,0.29828138654238273,-2770.0,-2770.0,0.17545742614739854,unit_payoff,unit_proxy,0.0,0.0,0.17104289940828402,0.6366494082840237,0.19230769230769232,0.08623027613412229,0.5767998027613412,0.3369699211045365
matrix_transformer,next_field,20,fold_5,0,20,0.6,ok,,39133,11894,0.30393785296297243,4672,0.11938772902665269,0.590213553051959,0.43373151878657606,0.2893835616438356,-1968.0,-1968.0,0.11939077992435858,unit_payoff,unit_proxy,0.0,0.0,0.1436018160417017,0.6849672103581638,0.1714309736001345,0.05759206322515554,0.6071969060030268,0.33521103077181774
matrix_transformer,next_field,20,fold_5,0,20,0.65,ok,,39133,8664,0.22139881941072753,2940,0.07512840824879258,0.6386195752539243,0.42034672970301745,0.28197278911564627,-1282.0,-1282.0,0.07513032812020852,unit_payoff,unit_proxy,0.0,0.0,0.11992151431209604,0.7285318559556787,0.1515466297322253,0.018467220683287166,0.6606648199445984,0.3208679593721145
matrix_transformer,next_field,20,fold_5,0,20,0.7,ok,,39133,6669,0.17041882809904685,1979,0.05057112922597296,0.6806117858749438,0.4046865595201939,0.2784234461849419,-877.0,-877.0,0.05057242154758254,unit_payoff,unit_proxy,0.0,0.0,0.10016494227020543,0.7638326585695007,0.13600239916029389,0.001349527665317139,0.703253861148598,0.29539661118608485
matrix_transformer,next_field,20,fold_5,0,20,0.75,ok,,39133,5117,0.1307592057853985,1280,0.03270896685661718,0.719953097518077,0.3984672611285472,0.25390625,-630.0,-630.0,0.032709802719002354,unit_payoff,unit_proxy,0.0,0.0,0.08422904045339066,0.80281414891538,0.11295681063122924,0.0,0.7498534297439906,0.2501465702560094
matrix_transformer,next_field,20,fold_5,0,20,0.8,ok,,39133,3551,0.09074182914675594,692,0.017683285206858662,0.7659814136862856,0.3949605306127045,0.2254335260115607,-380.0,-380.0,0.017683737094960645,unit_payoff,unit_proxy,0.0,0.0,0.06758659532526048,0.8422979442410589,0.09011546043368066,0.0,0.8051253168121656,0.1948746831878344
matrix_transformer,next_field,20,fold_5,0,20,0.85,ok,,39133,1879,0.04801574119029975,275,0.007027317098101346,0.8089409260244811,0.3941686533135129,0.2109090909090909,-159.0,-159.0,0.007027496677910661,unit_payoff,unit_proxy,0.0,0.0,0.054284193720063864,0.8722724853645556,0.07344332091538053,0.0,0.8536455561468866,0.14635444385311336
matrix_transformer,next_field,20,fold_5,0,20,0.9,ok,,39133,728,0.01860322489970102,63,0.0016098944624741267,0.8763736263736264,0.35444105327797476,0.07936507936507936,-53.0,-53.0,0.001609935602575897,unit_payoff,unit_proxy,0.0,0.0,0.038461538461538464,0.9368131868131868,0.024725274725274724,0.0,0.9134615384615384,0.08653846153846154
matrix_transformer,next_field,20,fold_5,0,20,0.95,skipped,too few samples remain after confidence filtering,39133,0,0.0,0,0.0,,,,0.0,0.0,0.0,unit_payoff,unit_proxy,0.0,0.0,,,,,,
matrix_transformer,next_field,20,fold_5,1,20,0.33,ok,,39133,39133,1.0,15737,0.4021414151738942,0.44399867119822145,0.3532953052435371,0.31244837008324333,-5903.0,-5903.0,0.4021516917101094,unit_payoff,unit_proxy,0.0,0.0,0.2462371911174712,0.504919121968671,0.24884368691385786,0.056474075588378095,0.5978585848261059,0.34566733958551604
matrix_transformer,next_field,20,fold_5,1,20,0.35,ok,,39133,39028,0.9973168425625432,15674,0.40053152071142,0.4442964025827611,0.3528594543958375,0.31204542554548936,-5892.0,-5892.0,0.40054175610753345,unit_payoff,unit_proxy,0.0,0.0,0.24569539817566874,0.5056626012093881,0.24864200061494313,0.055703597417238904,0.5983908988418571,0.34590550374090395
matrix_transformer,next_field,20,fold_5,1,20,0.4,ok,,39133,37029,0.9462346357294356,14757,0.37709861242429665,0.4497555969645413,0.35240828245522376,0.30826048654875654,-5659.0,-5659.0,0.3771082490033732,unit_payoff,unit_proxy,0.0,0.0,0.24064922088093116,0.5159199546301547,0.2434308244889141,0.051257122795646655,0.6014745199708337,0.3472683572335197
matrix_transformer,next_field,20,fold_5,1,20,0.45,ok,,39133,31450,0.8036695372192267,12933,0.33048833465361716,0.4629888712241653,0.35931529808623464,0.3016314853475605,-5131.0,-5131.0,0.33049678012879485,unit_payoff,unit_proxy,0.0,0.0,0.22915739268680446,0.5398410174880763,0.23100158982511923,0.04947535771065183,0.5887758346581876,0.3617488076311606
matrix_transformer,next_field,20,fold_5,1,20,0.5,ok,,39133,25038,0.6398180563718601,11182,0.2857434901489791,0.4853422797348031,0.3734570021975108,0.3009300661777857,-4452.0,-4452.0,0.2857507921905346,unit_payoff,unit_proxy,0.0,0.0,0.20860292355619459,0.5712916367121975,0.22010543973160795,0.041896317597252174,0.5533988337726655,0.40470484863008227
matrix_transformer,next_field,20,fold_5,1,20,0.55,ok,,39133,19203,0.49071116449032787,9590,0.2450617126210615,0.4983596313076082,0.37819860924142135,0.2957247132429614,-3918.0,-3918.0,0.24506797505877542,unit_payoff,unit_proxy,0.0,0.0,0.1871061813258345,0.6009998437744103,0.21189397489975526,0.029995313232307454,0.5005988647607145,0.46940582200697806
matrix_transformer,next_field,20,fold_5,1,20,0.6,ok,,39133,15286,0.39061661513300794,8300,0.212097206960877,0.5046447729948973,0.37699865376135194,0.29096385542168673,-3470.0,-3470.0,0.21210262700603086,unit_payoff,unit_proxy,0.0,0.0,0.1707444720659427,0.6234462907235379,0.20580923721051944,0.020279994766452963,0.457019494962711,0.5227005102708361
matrix_transformer,next_field,20,fold_5,1,20,0.65,ok,,39133,12383,0.3164337004574145,7056,0.1803081797971022,0.5129613179358798,0.37114112033691277,0.29081632653061223,-2952.0,-2952.0,0.18031278748850046,unit_payoff,unit_proxy,0.0,0.0,0.15408220948073972,0.6433820560445772,0.20253573447468304,0.010336751998707906,0.4301865460712267,0.5594767019300654
matrix_transformer,next_field,20,fold_5,1,20,0.7,ok,,39133,10170,0.25988296322796617,5806,0.14836582935118697,0.5302851524090462,0.36990271044811474,0.29176713744402344,-2418.0,-2418.0,0.14836962077072471,unit_payoff,unit_proxy,0.0,0.0,0.13805309734513274,0.6635201573254671,0.1984267453294002,0.0032448377581120944,0.42910521140609637,0.5676499508357915
matrix_transformer,next_field,20,fold_5,1,20,0.75,ok,,39133,8417,0.21508701096261468,4681,0.11961771394986329,0.5528097897112986,0.37638706603054756,0.2956633198034608,-1913.0,-1913.0,0.11962077072472657,unit_payoff,unit_proxy,0.0,0.0,0.12510395627895926,0.6826660330283949,0.19223001069264584,0.00035642152786028277,0.4438636093620055,0.5557799691101343
matrix_transformer,next_field,20,fold_5,1,20,0.8,ok,,39133,6654,0.17003551989369586,3428,0.08759870186287788,0.5837090471896603,0.38621157347243634,0.294340723453909,-1410.0,-1410.0,0.08760094040682817,unit_payoff,unit_proxy,0.0,0.0,0.10850616170724377,0.7131048993086865,0.17838893898406974,0.0,0.4848211602043883,0.5151788397956116
matrix_transformer,next_field,20,fold_5,1,20,0.85,ok,,39133,4883,0.12477959778192318,2171,0.05547747425446554,0.6387466721277902,0.40653492831258276,0.30446798710271766,-849.0,-849.0,0.055478891955432895,unit_payoff,unit_proxy,0.0,0.0,0.09113250051198034,0.7483104648781487,0.16055703460987097,0.0,0.5553962727831251,0.44460372721687486
matrix_transformer,next_field,20,fold_5,1,20,0.9,ok,,39133,2360,0.06030715764188792,671,0.017146653719367286,0.7580508474576271,0.44662100679912053,0.3412816691505216,-213.0,-213.0,0.017147091894102014,unit_payoff,unit_proxy,0.0,0.0,0.06228813559322034,0.8139830508474576,0.12372881355932204,0.0,0.7156779661016949,0.28432203389830507
matrix_transformer,next_field,20,fold_5,1,20,0.95,ok,,39133,6,0.00015332328214039302,0,0.0,1.0,0.3333333333333333,,0.0,0.0,0.0,unit_payoff,unit_proxy,0.0,0.0,0.0,1.0,0.0,0.0,1.0,0.0
matrix_transformer,next_field,20,fold_5,2,20,0.33,ok,,39133,39133,1.0,18298,0.46758490276748527,0.42414330616104057,0.35642579214071635,0.2924363318395453,-7596.0,-7596.0,0.4675968516814883,unit_payoff,unit_proxy,0.0,0.0,0.2462371911174712,0.504919121968671,0.24884368691385786,0.0826923568343853,0.5324150972325148,0.38489254593309996
matrix_transformer,next_field,20,fold_5,2,20,0.35,ok,,39133,38832,0.9923082820126237,18109,0.46275521938006287,0.4248300370828183,0.3560573902990072,0.29184383455740237,-7539.0,-7539.0,0.4627670448737606,unit_payoff,unit_proxy,0.0,0.0,0.24510712814173877,0.506412237330037,0.24848063452822414,0.08122167284713638,0.5336578079934075,0.3851205191594561
matrix_transformer,next_field,20,fold_5,2,20,0.4,ok,,39133,35323,0.9026397158408505,16185,0.4135895535737102,0.4339382272173938,0.354800577665328,0.28446092060549893,-6977.0,-6977.0,0.4136001226617602,unit_payoff,unit_proxy,0.0,0.0,0.23664467910426634,0.5230586303541602,0.2402966905415735,0.06981286980154573,0.5417999603657674,0.3883871698326869
matrix_transformer,next_field,20,fold_5,2,20,0.45,ok,,39133,30290,0.7740270360054174,13678,0.34952597551938264,0.4533839551006933,0.3583574297529477,0.2784763854364673,-6060.0,-6060.0,0.3495349074925892,unit_payoff,unit_proxy,0.0,0.0,0.22202046880158469,0.5513370749422252,0.22664245625619017,0.05424232419940574,0.5484318256850446,0.39732585011554966
matrix_transformer,next_field,20,fold_5,2,20,0.5,ok,,39133,24509,0.6263000536631488,11180,0.28569238238826566,0.4783956913786772,0.36173018732693135,0.2725402504472272,-5086.0,-5086.0,0.2856996831237862,unit_payoff,unit_proxy,0.0,0.0,0.1999673589293729,0.5893345301725896,0.21069811089803744,0.032845077318536045,0.543841037986046,0.42331388469541803
matrix_transformer,next_field,20,fold_5,2,20,0.55,ok,,39133,20060,0.5126108399560473,9028,0.23070043186057804,0.49760717846460617,0.350604297227362,0.2606335844040762,-4322.0,-4322.0,0.23070632730246346,unit_payoff,unit_proxy,0.0,0.0,0.1812063808574277,0.6205882352941177,0.19820538384845462,0.012761714855433698,0.5499501495513459,0.43728813559322033
matrix_transformer,next_field,20,fold_5,2,20,0.6,ok,,39133,16265,0.4156338640022487,7211,0.1842690312523957,0.5219797110359669,0.35466217876451306,0.2611288309527111,-3445.0,-3445.0,0.18427374016150466,unit_payoff,unit_proxy,0.0,0.0,0.16218874884721796,0.6490624039348294,0.18874884721795265,0.004795573316938211,0.5566553950199815,0.43854903166308024
matrix_transformer,next_field,20,fold_5,2,20,0.65,ok,,39133,13012,0.332507091201799,5517,0.1409807579280914,0.5450353519827851,0.3543270495298278,0.24832336414718145,-2777.0,-2777.0,0.14098436062557498,unit_payoff,unit_proxy,0.0,0.0,0.14809406701506303,0.6802182600676299,0.1716876729173071,0.001537042729787888,0.576006762988011,0.42245619428220105
matrix_transformer,next_field,20,fold_5,2,20,0.7,ok,,39133,9910,0.2532389543352158,3616,0.09240283136994352,0.5917255297679112,0.3645553603971307,0.24557522123893805,-1840.0,-1840.0,0.09240519268118164,unit_payoff,unit_proxy,0.0,0.0,0.12714429868819374,0.7192734611503532,0.15358224016145308,0.0009081735620585267,0.6351160443995963,0.36397578203834513
matrix_transformer,next_field,20,fold_5,2,20,0.75,ok,,39133,7290,0.18628778780057753,1941,0.04960008177241714,0.6611796982167353,0.3725811705915043,0.23596084492529623,-1025.0,-1025.0,0.04960134927936216,unit_payoff,unit_proxy,0.0,0.0,0.10480109739369,0.7661179698216736,0.12908093278463648,0.00013717421124828533,0.7337448559670782,0.2661179698216735
matrix_transformer,next_field,20,fold_5,2,20,0.8,ok,,39133,5490,0.1402908031584596,946,0.024173970817468634,0.7306010928961748,0.3656152936494266,0.19767441860465115,-572.0,-572.0,0.024174588572012674,unit_payoff,unit_proxy,0.0,0.0,0.08360655737704918,0.8147540983606557,0.10163934426229508,0.0,0.8276867030965391,0.17231329690346084
matrix_transformer,next_field,20,fold_5,2,20,0.85,ok,,39133,4113,0.10510310990723941,308,0.007870595149873509,0.8101142718210552,0.35093349246751354,0.1590909090909091,-210.0,-210.0,0.007870796279259941,unit_payoff,unit_proxy,0.0,0.0,0.06710430342815463,0.8550936056406516,0.07780209093119378,0.0,0.925115487478726,0.07488451252127401
matrix_transformer,next_field,20,fold_5,2,20,0.9,ok,,39133,1199,0.030639102547721873,36,0.0009199396928423581,0.890742285237698,0.38404685225465235,0.3055555555555556,-14.0,-14.0,0.0009199632014719411,unit_payoff,unit_proxy,0.0,0.0,0.045037531276063386,0.896580483736447,0.058381984987489574,0.0,0.9699749791492911,0.030025020850708923
matrix_transformer,next_field,20,fold_5,2,20,0.95,skipped,too few samples remain after confidence filtering,39133,0,0.0,0,0.0,,,,0.0,0.0,0.0,unit_payoff,unit_proxy,0.0,0.0,,,,,,
matrix_transformer,next_field,50,fold_1,0,20,0.33,ok,,38378,38378,1.0,19571,0.509953619261035,0.3046276512585335,0.2471480512523816,0.3203208829390425,-7033.0,-7033.0,0.5099669072621622,unit_payoff,unit_proxy,0.0,0.0,0.35864297253634897,0.30587836781489397,0.3354786596487571,2.6056594924175308e-05,0.49004638073896506,0.5099275626661108
matrix_transformer,next_field,50,fold_1,0,20,0.35,ok,,38378,38378,1.0,19571,0.509953619261035,0.3046276512585335,0.2471480512523816,0.3203208829390425,-7033.0,-7033.0,0.5099669072621622,unit_payoff,unit_proxy,0.0,0.0,0.35864297253634897,0.30587836781489397,0.3354786596487571,2.6056594924175308e-05,0.49004638073896506,0.5099275626661108
matrix_transformer,next_field,50,fold_1,0,20,0.4,ok,,38378,18804,0.4899682109541925,0,0.0,0.2882897255902999,0.1491847265221878,,0.0,0.0,0.0,unit_payoff,unit_proxy,0.0,0.0,0.3604552222931291,0.2882897255902999,0.35125505211657093,0.0,1.0,0.0
matrix_transformer,next_field,50,fold_1,0,20,0.45,ok,,38378,18799,0.48983792797957165,0,0.0,0.28820681951167615,0.14915142255440392,,0.0,0.0,0.0,unit_payoff,unit_proxy,0.0,0.0,0.3605510931432523,0.28820681951167615,0.35124208734507156,0.0,1.0,0.0
matrix_transformer,next_field,50,fold_1,0,20,0.5,ok,,38378,18794,0.48970764500495073,0,0.0,0.2881770777907843,0.14913947404653724,,0.0,0.0,0.0,unit_payoff,unit_proxy,0.0,0.0,0.36064701500478874,0.2881770777907843,0.35117590720442693,0.0,1.0,0.0
matrix_transformer,next_field,50,fold_1,0,20,0.55,ok,,38378,18791,0.48962947522017825,0,0.0,0.28816986855409504,0.14913657770800628,,0.0,0.0,0.0,unit_payoff,unit_proxy,0.0,0.0,0.36059815869299133,0.28816986855409504,0.3512319727529136,0.0,1.0,0.0
matrix_transformer,next_field,50,fold_1,0,20,0.6,ok,,38378,18789,0.48957736203032987,0,0.0,0.2882005428708287,0.14914890100809783,,0.0,0.0,0.0,unit_payoff,unit_proxy,0.0,0.0,0.3605300973974134,0.2882005428708287,0.35126935973175794,0.0,1.0,0.0
matrix_transformer,next_field,50,fold_1,0,20,0.65,skipped,too few samples remain after confidence filtering,38378,0,0.0,0,0.0,,,,0.0,0.0,0.0,unit_payoff,unit_proxy,0.0,0.0,,,,,,
matrix_transformer,next_field,50,fold_1,0,20,0.7,skipped,too few samples remain after confidence filtering,38378,0,0.0,0,0.0,,,,0.0,0.0,0.0,unit_payoff,unit_proxy,0.0,0.0,,,,,,
matrix_transformer,next_field,50,fold_1,0,20,0.75,skipped,too few samples remain after confidence filtering,38378,0,0.0,0,0.0,,,,0.0,0.0,0.0,unit_payoff,unit_proxy,0.0,0.0,,,,,,
matrix_transformer,next_field,50,fold_1,0,20,0.8,skipped,too few samples remain after confidence filtering,38378,0,0.0,0,0.0,,,,0.0,0.0,0.0,unit_payoff,unit_proxy,0.0,0.0,,,,,,
matrix_transformer,next_field,50,fold_1,0,20,0.85,skipped,too few samples remain after confidence filtering,38378,0,0.0,0,0.0,,,,0.0,0.0,0.0,unit_payoff,unit_proxy,0.0,0.0,,,,,,
matrix_transformer,next_field,50,fold_1,0,20,0.9,skipped,too few samples remain after confidence filtering,38378,0,0.0,0,0.0,,,,0.0,0.0,0.0,unit_payoff,unit_proxy,0.0,0.0,,,,,,
matrix_transformer,next_field,50,fold_1,0,20,0.95,skipped,too few samples remain after confidence filtering,38378,0,0.0,0,0.0,,,,0.0,0.0,0.0,unit_payoff,unit_proxy,0.0,0.0,,,,,,
matrix_transformer,next_field,50,fold_1,1,20,0.33,ok,,38378,38378,1.0,19582,0.5102402418052009,0.32325811662931886,0.2588627356961875,0.35690940659789605,-5604.0,-5604.0,0.5102535372749303,unit_payoff,unit_proxy,0.0,0.0,0.35864297253634897,0.30587836781489397,0.3354786596487571,0.5091719214133097,0.4897597581947991,0.0010683203918911877
matrix_transformer,next_field,50,fold_1,1,20,0.35,ok,,38378,38378,1.0,19582,0.5102402418052009,0.32325811662931886,0.2588627356961875,0.35690940659789605,-5604.0,-5604.0,0.5102535372749303,unit_payoff,unit_proxy,0.0,0.0,0.35864297253634897,0.30587836781489397,0.3354786596487571,0.5091719214133097,0.4897597581947991,0.0010683203918911877
matrix_transformer,next_field,50,fold_1,1,20,0.4,ok,,38378,18795,0.48973370159987495,1,2.6056594924175308e-05,0.2882149507847832,0.14916084975149038,0.0,-1.0,-1.0,2.6057273888005837e-05,unit_payoff,unit_proxy,0.0,0.0,0.36057462090981646,0.2882149507847832,0.3512104283054004,5.320563979781857e-05,0.9999467943602022,0.0
matrix_transformer,next_field,50,fold_1,1,20,0.45,ok,,38378,18791,0.48962947522017825,0,0.0,0.28816986855409504,0.14913657770800628,,0.0,0.0,0.0,unit_payoff,unit_proxy,0.0,0.0,0.36059815869299133,0.28816986855409504,0.3512319727529136,0.0,1.0,0.0
matrix_transformer,next_field,50,fold_1,1,20,0.5,skipped,too few samples remain after confidence filtering,38378,0,0.0,0,0.0,,,,0.0,0.0,0.0,unit_payoff,unit_proxy,0.0,0.0,,,,,,
matrix_transformer,next_field,50,fold_1,1,20,0.55,skipped,too few samples remain after confidence filtering,38378,0,0.0,0,0.0,,,,0.0,0.0,0.0,unit_payoff,unit_proxy,0.0,0.0,,,,,,
matrix_transformer,next_field,50,fold_1,1,20,0.6,skipped,too few samples remain after confidence filtering,38378,0,0.0,0,0.0,,,,0.0,0.0,0.0,unit_payoff,unit_proxy,0.0,0.0,,,,,,
matrix_transformer,next_field,50,fold_1,1,20,0.65,skipped,too few samples remain after confidence filtering,38378,0,0.0,0,0.0,,,,0.0,0.0,0.0,unit_payoff,unit_proxy,0.0,0.0,,,,,,
matrix_transformer,next_field,50,fold_1,1,20,0.7,skipped,too few samples remain after confidence filtering,38378,0,0.0,0,0.0,,,,0.0,0.0,0.0,unit_payoff,unit_proxy,0.0,0.0,,,,,,
matrix_transformer,next_field,50,fold_1,1,20,0.75,skipped,too few samples remain after confidence filtering,38378,0,0.0,0,0.0,,,,0.0,0.0,0.0,unit_payoff,unit_proxy,0.0,0.0,,,,,,
matrix_transformer,next_field,50,fold_1,1,20,0.8,skipped,too few samples remain after confidence filtering,38378,0,0.0,0,0.0,,,,0.0,0.0,0.0,unit_payoff,unit_proxy,0.0,0.0,,,,,,
matrix_transformer,next_field,50,fold_1,1,20,0.85,skipped,too few samples remain after confidence filtering,38378,0,0.0,0,0.0,,,,0.0,0.0,0.0,unit_payoff,unit_proxy,0.0,0.0,,,,,,
matrix_transformer,next_field,50,fold_1,1,20,0.9,skipped,too few samples remain after confidence filtering,38378,0,0.0,0,0.0,,,,0.0,0.0,0.0,unit_payoff,unit_proxy,0.0,0.0,,,,,,
matrix_transformer,next_field,50,fold_1,1,20,0.95,skipped,too few samples remain after confidence filtering,38378,0,0.0,0,0.0,,,,0.0,0.0,0.0,unit_payoff,unit_proxy,0.0,0.0,,,,,,
matrix_transformer,next_field,50,fold_1,2,20,0.33,ok,,38378,38378,1.0,19566,0.5098233362864141,0.3046537078534577,0.25026829907838916,0.32035163037922926,-7030.0,-7030.0,0.5098366208927222,unit_payoff,unit_proxy,0.0,0.0,0.35864297253634897,0.30587836781489397,0.3354786596487571,0.005602167908697692,0.4901766637135859,0.5042211683777164
matrix_transformer,next_field,50,fold_1,2,20,0.35,ok,,38378,38377,0.9999739434050758,19565,0.5097972796914899,0.30466164629856424,0.2502761439010793,0.32036800408893434,-7029.0,-7029.0,0.5098105636188341,unit_payoff,unit_proxy,0.0,0.0,0.35865231779451234,0.3058602808974125,0.33548740130807514,0.005602313885921255,0.4901894363811658,0.5042082497329129
matrix_transformer,next_field,50,fold_1,2,20,0.4,ok,,38378,25746,0.6708530929178175,6939,0.18080671217885247,0.31938941971568396,0.2509551612195617,0.40366046980832976,-1337.0,-1337.0,0.1808114235088725,unit_payoff,unit_proxy,0.0,0.0,0.3381884564592558,0.29643439757632256,0.36537714596442167,0.0,0.7304824050337917,0.26951759496620836
matrix_transformer,next_field,50,fold_1,2,20,0.45,ok,,38378,18826,0.49054145604252436,33,0.0008598676324977852,0.2886964835865293,0.15112836486641634,0.6060606060606061,7.0,7.0,0.0008598900383041926,unit_payoff,unit_proxy,0.0,0.0,0.3607245299054499,0.28763412302135344,0.35164134707319666,0.0,0.99824710506746,0.001752894932540104
matrix_transformer,next_field,50,fold_1,2,20,0.5,ok,,38378,18790,0.489603418625254,0,0.0,0.2881852048962214,0.14914273910349102,,0.0,0.0,0.0,unit_payoff,unit_proxy,0.0,0.0,0.36056412985630654,0.2881852048962214,0.35125066524747206,0.0,1.0,0.0
matrix_transformer,next_field,50,fold_1,2,20,0.55,ok,,38378,18788,0.4895513054354057,0,0.0,0.288162657015116,0.14913368041208716,,0.0,0.0,0.0,unit_payoff,unit_proxy,0.0,0.0,0.360549286778795,0.288162657015116,0.351288056206089,0.0,1.0,0.0
matrix_transformer,next_field,50,fold_1,2,20,0.6,ok,,38378,440,0.011464901766637135,0,0.0,0.3840909090909091,0.18500273672687464,,0.0,0.0,0.0,unit_payoff,unit_proxy,0.0,0.0,0.2340909090909091,0.3840909090909091,0.38181818181818183,0.0,1.0,0.0
matrix_transformer,next_field,50,fold_1,2,20,0.65,skipped,too few samples remain after confidence filtering,38378,0,0.0,0,0.0,,,,0.0,0.0,0.0,unit_payoff,unit_proxy,0.0,0.0,,,,,,
matrix_transformer,next_field,50,fold_1,2,20,0.7,skipped,too few samples remain after confidence filtering,38378,0,0.0,0,0.0,,,,0.0,0.0,0.0,unit_payoff,unit_proxy,0.0,0.0,,,,,,
matrix_transformer,next_field,50,fold_1,2,20,0.75,skipped,too few samples remain after confidence filtering,38378,0,0.0,0,0.0,,,,0.0,0.0,0.0,unit_payoff,unit_proxy,0.0,0.0,,,,,,
matrix_transformer,next_field,50,fold_1,2,20,0.8,skipped,too few samples remain after confidence filtering,38378,0,0.0,0,0.0,,,,0.0,0.0,0.0,unit_payoff,unit_proxy,0.0,0.0,,,,,,
matrix_transformer,next_field,50,fold_1,2,20,0.85,skipped,too few samples remain after confidence filtering,38378,0,0.0,0,0.0,,,,0.0,0.0,0.0,unit_payoff,unit_proxy,0.0,0.0,,,,,,
matrix_transformer,next_field,50,fold_1,2,20,0.9,skipped,too few samples remain after confidence filtering,38378,0,0.0,0,0.0,,,,0.0,0.0,0.0,unit_payoff,unit_proxy,0.0,0.0,,,,,,
matrix_transformer,next_field,50,fold_1,2,20,0.95,skipped,too few samples remain after confidence filtering,38378,0,0.0,0,0.0,,,,0.0,0.0,0.0,unit_payoff,unit_proxy,0.0,0.0,,,,,,
matrix_transformer,next_field,50,fold_2,0,20,0.33,ok,,28516,28516,1.0,10299,0.3611656613830832,0.415380838827325,0.3799730083408899,0.44606272453636275,-1111.0,-1111.0,0.3611783271962125,unit_payoff,unit_proxy,0.0,0.0,0.31880347874877263,0.35751858605695047,0.3236779351942769,0.12340440454481695,0.6388343386169169,0.23776125683826624
matrix_transformer,next_field,50,fold_2,0,20,0.35,ok,,28516,28346,0.9940384345630523,10209,0.35800953850469913,0.41575530939109573,0.3799432187237976,0.44597903810363404,-1103.0,-1103.0,0.358022093634929,unit_payoff,unit_proxy,0.0,0.0,0.3180342905524589,0.3586043886262612,0.3233613208212799,0.1229097579905454,0.639843364143089,0.2372468778663656
matrix_transformer,next_field,50,fold_2,0,20,0.4,ok,,28516,9430,0.3306915415906859,6481,0.22727591527563473,0.46415694591728524,0.45468164695447005,0.4371239006326184,-815.0,-815.0,0.22728388567420657,unit_payoff,unit_proxy,0.0,0.0,0.30699893955461294,0.3653234358430541,0.32767762460233296,0.2026511134676564,0.31272534464475077,0.48462354188759277
matrix_transformer,next_field,50,fold_2,0,20,0.45,ok,,28516,4046,0.14188525739935476,3913,0.13722120914574273,0.45773603559070686,0.3599491755074749,0.4502938921543573,-389.0,-389.0,0.13722602139224968,unit_payoff,unit_proxy,0.0,0.0,0.291646070192783,0.3017795353435492,0.40657439446366783,0.17152743450321306,0.0328719723183391,0.7956005931784479
matrix_transformer,next_field,50,fold_2,0,20,0.5,ok,,28516,2349,0.0823748071258241,2340,0.0820591948379857,0.46317581949765857,0.2813158691485464,0.461965811965812,-178.0,-178.0,0.08206207259337191,unit_payoff,unit_proxy,0.0,0.0,0.26309067688378035,0.28991060025542786,0.44699872286079184,0.06726266496381439,0.0038314176245210726,0.9289059174116645
matrix_transformer,next_field,50,fold_2,0,20,0.55,ok,,28516,1626,0.057020620002805444,1626,0.057020620002805444,0.4446494464944649,0.20819246155736085,0.4446494464944649,-180.0,-180.0,0.057022619673855864,unit_payoff,unit_proxy,0.0,0.0,0.25953259532595324,0.2964329643296433,0.4440344403444034,0.0024600246002460025,0.0,0.997539975399754
matrix_transformer,next_field,50,fold_2,0,20,0.6,ok,,28516,1234,0.04327395146584374,1234,0.04327395146584374,0.4554294975688817,0.20861172976985895,0.4554294975688817,-110.0,-110.0,0.04327546905137647,unit_payoff,unit_proxy,0.0,0.0,0.24473257698541329,0.29983792544570503,0.4554294975688817,0.0,0.0,1.0
matrix_transformer,next_field,50,fold_2,0,20,0.65,ok,,28516,920,0.03226258942348156,920,0.03226258942348156,0.4771739130434783,0.2153544272749571,0.4771739130434783,-42.0,-42.0,0.03226372084867613,unit_payoff,unit_proxy,0.0,0.0,0.23043478260869565,0.29239130434782606,0.4771739130434783,0.0,0.0,1.0
matrix_transformer,next_field,50,fold_2,0,20,0.7,ok,,28516,627,0.02198765605274232,627,0.02198765605274232,0.48963317384370014,0.21912919343326195,0.48963317384370014,-13.0,-13.0,0.021988427143608626,unit_payoff,unit_proxy,0.0,0.0,0.23604465709728867,0.2743221690590112,0.48963317384370014,0.0,0.0,1.0
matrix_transformer,next_field,50,fold_2,0,20,0.75,ok,,28516,373,0.013080375929302848,373,0.013080375929302848,0.4718498659517426,0.2137219186399514,0.4718498659517426,-21.0,-21.0,0.01308083464843065,unit_payoff,unit_proxy,0.0,0.0,0.26273458445040215,0.26541554959785524,0.4718498659517426,0.0,0.0,1.0
matrix_transformer,next_field,50,fold_2,0,20,0.8,ok,,28516,177,0.006207041660821994,177,0.006207041660821994,0.3898305084745763,0.1869918699186992,0.3898305084745763,-39.0,-39.0,0.006207259337190952,unit_payoff,unit_proxy,0.0,0.0,0.3050847457627119,0.3050847457627119,0.3898305084745763,0.0,0.0,1.0
matrix_transformer,next_field,50,fold_2,0,20,0.85,ok,,28516,30,0.001052040959461355,30,0.001052040959461355,0.43333333333333335,0.20155038759689922,0.43333333333333335,-4.0,-4.0,0.0010520778537611783,unit_payoff,unit_proxy,0.0,0.0,0.26666666666666666,0.3,0.43333333333333335,0.0,0.0,1.0
matrix_transformer,next_field,50,fold_2,0,20,0.9,skipped,too few samples remain after confidence filtering,28516,0,0.0,0,0.0,,,,0.0,0.0,0.0,unit_payoff,unit_proxy,0.0,0.0,,,,,,
matrix_transformer,next_field,50,fold_2,0,20,0.95,skipped,too few samples remain after confidence filtering,28516,0,0.0,0,0.0,,,,0.0,0.0,0.0,unit_payoff,unit_proxy,0.0,0.0,,,,,,
matrix_transformer,next_field,50,fold_2,1,20,0.33,ok,,28516,28516,1.0,21230,0.7444943189788189,0.37613971103941646,0.3443957853972451,0.3525200188412624,-6262.0,-6262.0,0.7445204278449938,unit_payoff,unit_proxy,0.0,0.0,0.31880347874877263,0.35751858605695047,0.3236779351942769,0.14896899985972786,0.2555056810211811,0.595525319119091
matrix_transformer,next_field,50,fold_2,1,20,0.35,ok,,28516,28224,0.9897601346612428,21032,0.737550848646374,0.3766652494331066,0.344080625494628,0.3520825408900723,-6222.0,-6222.0,0.7375767140101701,unit_payoff,unit_proxy,0.0,0.0,0.3167162698412698,0.3595875850340136,0.32369614512471656,0.14756944444444445,0.2548185941043084,0.5976119614512472
matrix_transformer,next_field,50,fold_2,1,20,0.4,ok,,28516,24182,0.8480151493898163,18282,0.6411137606957498,0.38127532875692666,0.34715628739693427,0.3529701345585822,-5376.0,-5376.0,0.641136244082062,unit_payoff,unit_proxy,0.0,0.0,0.3044413199900753,0.3718468282193367,0.32371185179058803,0.1516003639070383,0.24398312794640642,0.6044165081465553
matrix_transformer,next_field,50,fold_2,1,20,0.45,ok,,28516,19384,0.6797587319399635,14559,0.5105554776265956,0.38041683862979775,0.33585427983789856,0.34796345902877945,-4427.0,-4427.0,0.5105733824302998,unit_payoff,unit_proxy,0.0,0.0,0.3081923235658275,0.37520635575732564,0.3166013206768469,0.1109678085018572,0.24891663227404046,0.6401155592241023
matrix_transformer,next_field,50,fold_2,1,20,0.5,ok,,28516,14825,0.5198835741338196,11193,0.3925164819750316,0.38286677908937605,0.3032143052610146,0.3510229607790583,-3335.0,-3335.0,0.39253024723829566,unit_payoff,unit_proxy,0.0,0.0,0.31993254637436763,0.3568971332209106,0.32317032040472177,0.011804384485666104,0.24499156829679594,0.743204047217538
matrix_transformer,next_field,50,fold_2,1,20,0.55,ok,,28516,12992,0.45560387151073084,10234,0.35888623930425023,0.3732296798029557,0.28376883331737246,0.34189955051788157,-3236.0,-3236.0,0.35889882517973,unit_payoff,unit_proxy,0.0,0.0,0.3210437192118227,0.3585283251231527,0.32042795566502463,0.0003078817733990148,0.2122844827586207,0.7874076354679803
matrix_transformer,next_field,50,fold_2,1,20,0.6,ok,,28516,11726,0.4112077430214616,9474,0.3322345349978959,0.3696060037523452,0.277790622775357,0.33987755963690097,-3034.0,-3034.0,0.3322461862177801,unit_payoff,unit_proxy,0.0,0.0,0.3232133719938598,0.3554494286201603,0.3213371993859799,0.0,0.19205185058843596,0.807948149411564
matrix_transformer,next_field,50,fold_2,1,20,0.65,ok,,28516,10502,0.36828447187543834,8667,0.3039346331883855,0.3703104170634165,0.274413785226782,0.34290988808122763,-2723.0,-2723.0,0.3039452919516044,unit_payoff,unit_proxy,0.0,0.0,0.32155779851456867,0.3506951056941535,0.32774709579127786,0.0,0.17472862311940582,0.8252713768805942
matrix_transformer,next_field,50,fold_2,1,20,0.7,ok,,28516,8635,0.30281245616496,7263,0.25469911628559405,0.37313259988419223,0.2701318620943311,0.35260911469089906,-2141.0,-2141.0,0.25470804839558125,unit_payoff,unit_proxy,0.0,0.0,0.32229299363057323,0.33827446438911407,0.3394325419803127,0.0,0.15888824551244934,0.8411117544875507
matrix_transformer,next_field,50,fold_2,1,20,0.75,ok,,28516,5321,0.18659699817646233,4365,0.15307195960162714,0.38338658146964855,0.2787392019192245,0.3619702176403207,-1205.0,-1205.0,0.15307732772225144,unit_payoff,unit_proxy,0.0,0.0,0.3052057883856418,0.3495583536929149,0.34523585792144335,0.0,0.17966547641420785,0.8203345235857922
matrix_transformer,next_field,50,fold_2,1,20,0.8,ok,,28516,1594,0.05589844297938,989,0.03468228363024267,0.4410288582183187,0.33702163298500176,0.40546006066734075,-187.0,-187.0,0.034683499912326846,unit_payoff,unit_proxy,0.0,0.0,0.2590966122961104,0.383939774153074,0.3569636135508156,0.0,0.3795483061480552,0.6204516938519448
matrix_transformer,next_field,50,fold_2,1,20,0.85,ok,,28516,428,0.015009117688315332,87,0.0030509187824379297,0.49065420560747663,0.321501987942923,0.367816091954023,-23.0,-23.0,0.003051025775907417,unit_payoff,unit_proxy,0.0,0.0,0.24299065420560748,0.49065420560747663,0.26635514018691586,0.0,0.7967289719626168,0.20327102803738317
matrix_transformer,next_field,50,fold_2,1,20,0.9,ok,,28516,79,0.002770374526581568,0,0.0,0.5063291139240507,0.22408963585434175,,0.0,0.0,0.0,unit_payoff,unit_proxy,0.0,0.0,0.2911392405063291,0.5063291139240507,0.20253164556962025,0.0,1.0,0.0
matrix_transformer,next_field,50,fold_2,1,20,0.95,skipped,too few samples remain after confidence filtering,28516,0,0.0,0,0.0,,,,0.0,0.0,0.0,unit_payoff,unit_proxy,0.0,0.0,,,,,,
matrix_transformer,next_field,50,fold_2,2,20,0.33,ok,,28516,28516,1.0,17360,0.6087810352083041,0.346261747790714,0.3304389204141291,0.34475806451612906,-5390.0,-5390.0,0.6088023847098019,unit_payoff,unit_proxy,0.0,0.0,0.31880347874877263,0.35751858605695047,0.3236779351942769,0.10632627296956094,0.3912189647916959,0.5024547622387432
matrix_transformer,next_field,50,fold_2,2,20,0.35,ok,,28516,28437,0.9972296254734184,17300,0.6066769532893814,0.3461335583922355,0.32996129253896894,0.3447398843930636,-5372.0,-5372.0,0.6066982290022795,unit_payoff,unit_proxy,0.0,0.0,0.31828251925308576,0.35763266167317226,0.324084819073742,0.10539086401519147,0.3916376551675634,0.5029714808172452
matrix_transformer,next_field,50,fold_2,2,20,0.4,ok,,28516,19410,0.6806705007714967,9176,0.3217842614672465,0.38964451313755794,0.37523974733246096,0.43330427201394944,-1224.0,-1224.0,0.3217955462037524,unit_payoff,unit_proxy,0.0,0.0,0.3112828438948995,0.3270994332818135,0.36161772282328697,0.1338485316846986,0.5272539927872231,0.3388974755280783
matrix_transformer,next_field,50,fold_2,2,20,0.45,ok,,28516,6765,0.23723523635853555,2178,0.07637817365689438,0.41566888396156687,0.36818996783361274,0.5137741046831956,60.0,60.0,0.07638085218306155,unit_payoff,unit_proxy,0.0,0.0,0.3254988913525499,0.31840354767184037,0.35609756097560974,0.2694752402069475,0.6780487804878049,0.0524759793052476
matrix_transformer,next_field,50,fold_2,2,20,0.5,ok,,28516,2279,0.07992004488708093,1148,0.04025810071538785,0.4673102237823607,0.3757436506059757,0.5078397212543554,18.0,18.0,0.040259512537261094,unit_payoff,unit_proxy,0.0,0.0,0.35498025449758663,0.3119789381307591,0.33304080737165426,0.49890302764370337,0.49627029398859146,0.004826678367705134
matrix_transformer,next_field,50,fold_2,2,20,0.55,ok,,28516,1021,0.035804460653668116,779,0.027317996914013185,0.5435847208619001,0.39645944579412745,0.5417201540436457,65.0,65.0,0.027318954935998598,unit_payoff,unit_proxy,0.0,0.0,0.4495592556317336,0.2761998041136141,0.2742409402546523,0.7629774730656219,0.23702252693437806,0.0
matrix_transformer,next_field,50,fold_2,2,20,0.6,ok,,28516,394,0.013816804600925795,386,0.013536260345069434,0.5532994923857868,0.2847453642481413,0.5466321243523317,36.0,36.0,0.013536735051727162,unit_payoff,unit_proxy,0.0,0.0,0.5355329949238579,0.22081218274111675,0.2436548223350254,0.9796954314720813,0.02030456852791878,0.0
matrix_transformer,next_field,50,fold_2,2,20,0.65,ok,,28516,230,0.00806564735587039,230,0.00806564735587039,0.5869565217391305,0.2465753424657534,0.5869565217391305,40.0,40.0,0.008065930212169033,unit_payoff,unit_proxy,0.0,0.0,0.5869565217391305,0.16956521739130434,0.24347826086956523,1.0,0.0,0.0
matrix_transformer,next_field,50,fold_2,2,20,0.7,ok,,28516,111,0.0038925515500070136,111,0.0038925515500070136,0.5945945945945946,0.24858757062146894,0.5945945945945946,21.0,21.0,0.0038926880589163597,unit_payoff,unit_proxy,0.0,0.0,0.5945945945945946,0.11711711711711711,0.2882882882882883,1.0,0.0,0.0
matrix_transformer,next_field,50,fold_2,2,20,0.75,ok,,28516,64,0.002244354046850891,64,0.002244354046850891,0.609375,0.2524271844660194,0.609375,14.0,14.0,0.002244432754690514,unit_payoff,unit_proxy,0.0,0.0,0.609375,0.046875,0.34375,1.0,0.0,0.0
matrix_transformer,next_field,50,fold_2,2,20,0.8,ok,,28516,31,0.0010871089914434003,31,0.0010871089914434003,0.5483870967741935,0.23611111111111113,0.5483870967741935,3.0,3.0,0.0010871471155532175,unit_payoff,unit_proxy,0.0,0.0,0.5483870967741935,0.0,0.45161290322580644,1.0,0.0,0.0
matrix_transformer,next_field,50,fold_2,2,20,0.85,ok,,28516,20,0.0007013606396409033,20,0.0007013606396409033,0.5,0.2222222222222222,0.5,0.0,0.0,0.0007013852358407856,unit_payoff,unit_proxy,0.0,0.0,0.5,0.0,0.5,1.0,0.0,0.0
matrix_transformer,next_field,50,fold_2,2,20,0.9,ok,,28516,19,0.0006662926076588582,19,0.0006662926076588582,0.5263157894736842,0.2298850574712644,0.5263157894736842,1.0,1.0,0.0006663159740487463,unit_payoff,unit_proxy,0.0,0.0,0.5263157894736842,0.0,0.47368421052631576,1.0,0.0,0.0
matrix_transformer,next_field,50,fold_2,2,20,0.95,skipped,too few samples remain after confidence filtering,28516,0,0.0,0,0.0,,,,0.0,0.0,0.0,unit_payoff,unit_proxy,0.0,0.0,,,,,,
matrix_transformer,next_field,50,fold_3,0,20,0.33,ok,,37004,37004,1.0,30706,0.8298021835477246,0.43149389255215653,0.41943241965209555,0.41047352308994983,-5498.0,-5498.0,0.8298246088155015,unit_payoff,unit_proxy,0.0,0.0,0.3396119338449897,0.30372392173819046,0.3566641444168198,0.5587504053615825,0.17019781645227544,0.271051778186142
matrix_transformer,next_field,50,fold_3,0,20,0.35,ok,,37004,36554,0.9878391525240514,30398,0.8214787590530753,0.43245609235651367,0.42002282019820764,0.41114547009671687,-5402.0,-5402.0,0.8215009593816718,unit_payoff,unit_proxy,0.0,0.0,0.33955244296109865,0.3035782677682333,0.3568692892706681,0.5618536959019532,0.16840838211960388,0.2697379219784429
matrix_transformer,next_field,50,fold_3,0,20,0.4,ok,,37004,30315,0.8192357582964004,25317,0.6841692789968652,0.44149760844466435,0.42676534722637305,0.4150965754236284,-4299.0,-4299.0,0.684187768559306,unit_payoff,unit_proxy,0.0,0.0,0.33824839188520534,0.2999505195447798,0.36180108857001486,0.6073231073725879,0.1648688767936665,0.22780801583374566
matrix_transformer,next_field,50,fold_3,0,20,0.45,ok,,37004,17637,0.47662414874067666,13739,0.37128418549346015,0.46152973861767876,0.424268158071807,0.4188077734915205,-2231.0,-2231.0,0.3712942193876172,unit_payoff,unit_proxy,0.0,0.0,0.341384589215853,0.32318421500255146,0.3354311957815955,0.6788569484606225,0.22101264387367467,0.10013040766570279
matrix_transformer,next_field,50,fold_3,0,20,0.5,ok,,37004,7377,0.19935682628904983,4352,0.1176089071451735,0.5521214585875017,0.44926142059555935,0.4827665441176471,-150.0,-150.0,0.11761208550658055,unit_payoff,unit_proxy,0.0,0.0,0.3422800596448421,0.39175816727667073,0.2659617730784872,0.566625999728887,0.41005828927748406,0.023315710993628846
matrix_transformer,next_field,50,fold_3,0,20,0.55,ok,,37004,2462,0.0665333477461896,217,0.00586423089395741,0.685621445978879,0.38941084316772984,0.4976958525345622,-1.0,-1.0,0.005864389373834554,unit_payoff,unit_proxy,0.0,0.0,0.17018683996750608,0.6510966693744923,0.17871649065800163,0.08448415922014622,0.9118602761982129,0.0036555645816409425
matrix_transformer,next_field,50,fold_3,0,20,0.6,ok,,37004,1683,0.04548156956004756,42,0.0011350124310885309,0.7415329768270945,0.32893606801237824,0.42857142857142855,-6.0,-6.0,0.0011350431046131394,unit_payoff,unit_proxy,0.0,0.0,0.14022578728461083,0.7308377896613191,0.1289364230540701,0.0243612596553773,0.9750445632798574,0.0005941770647653001
matrix_transformer,next_field,50,fold_3,0,20,0.65,ok,,37004,1247,0.03369905956112853,0,0.0,0.7931034482758621,0.2948717948717949,,0.0,0.0,0.0,unit_payoff,unit_proxy,0.0,0.0,0.10665597433841219,0.7931034482758621,0.10024057738572574,0.0,1.0,0.0
matrix_transformer,next_field,50,fold_3,0,20,0.7,ok,,37004,915,0.02472705653442871,0,0.0,0.8098360655737705,0.29830917874396135,,0.0,0.0,0.0,unit_payoff,unit_proxy,0.0,0.0,0.1005464480874317,0.8098360655737705,0.08961748633879782,0.0,1.0,0.0
matrix_transformer,next_field,50,fold_3,0,20,0.75,ok,,37004,562,0.015187547292184628,0,0.0,0.798932384341637,0.29607649192218927,,0.0,0.0,0.0,unit_payoff,unit_proxy,0.0,0.0,0.09608540925266904,0.798932384341637,0.10498220640569395,0.0,1.0,0.0
matrix_transformer,next_field,50,fold_3,0,20,0.8,ok,,37004,260,0.007026267430548049,0,0.0,0.7538461538461538,0.28654970760233917,,0.0,0.0,0.0,unit_payoff,unit_proxy,0.0,0.0,0.12692307692307692,0.7538461538461538,0.11923076923076924,0.0,1.0,0.0
matrix_transformer,next_field,50,fold_3,0,20,0.85,ok,,37004,111,0.0029996757107339745,0,0.0,0.7207207207207207,0.2792321116928447,,0.0,0.0,0.0,unit_payoff,unit_proxy,0.0,0.0,0.10810810810810811,0.7207207207207207,0.17117117117117117,0.0,1.0,0.0
matrix_transformer,next_field,50,fold_3,0,20,0.9,ok,,37004,23,0.0006215544265484813,0,0.0,0.8695652173913043,0.31007751937984496,,0.0,0.0,0.0,unit_payoff,unit_proxy,0.0,0.0,0.08695652173913043,0.8695652173913043,0.043478260869565216,0.0,1.0,0.0
matrix_transformer,next_field,50,fold_3,0,20,0.95,skipped,too few samples remain after confidence filtering,37004,0,0.0,0,0.0,,,,0.0,0.0,0.0,unit_payoff,unit_proxy,0.0,0.0,,,,,,
matrix_transformer,next_field,50,fold_3,1,20,0.33,ok,,37004,37004,1.0,30093,0.8132364068749325,0.4300075667495406,0.4106092081498811,0.4280397434619347,-4331.0,-4331.0,0.8132583844553144,unit_payoff,unit_proxy,0.0,0.0,0.3396119338449897,0.30372392173819046,0.3566641444168198,0.24629769754621123,0.18676359312506757,0.5669387093287213
matrix_transformer,next_field,50,fold_3,1,20,0.35,ok,,37004,36607,0.9892714301156632,29788,0.8049940546967895,0.43095582812030486,0.4112770705117234,0.4289982543306029,-4230.0,-4230.0,0.8050158095289571,unit_payoff,unit_proxy,0.0,0.0,0.33985303357281393,0.302455814461715,0.3576911519654711,0.24470729641871772,0.18627584888136148,0.5690168546999208
matrix_transformer,next_field,50,fold_3,1,20,0.4,ok,,37004,30844,0.8335315101070154,25791,0.6969787050048644,0.4457593048891194,0.4185866125878901,0.4432553991702532,-2927.0,-2927.0,0.69699754073994,unit_payoff,unit_proxy,0.0,0.0,0.3419789910517443,0.28676565944754245,0.37125534950071326,0.23508624043574114,0.16382440669173906,0.6010893528725197
matrix_transformer,next_field,50,fold_3,1,20,0.45,ok,,37004,23386,0.6319857312722948,20453,0.5527240298346124,0.4592063627811511,0.41810240089199224,0.454505451523004,-1861.0,-1861.0,0.5527389671107747,unit_payoff,unit_proxy,0.0,0.0,0.3345591379457795,0.27503634653211323,0.39040451552210725,0.2329598905327974,0.12541691610365177,0.6416231933635509
matrix_transformer,next_field,50,fold_3,1,20,0.5,ok,,37004,16728,0.45205923683926064,15399,0.4161442006269592,0.4884624581539933,0.43016808737444584,0.48055068510942267,-599.0,-599.0,0.41615544685566036,unit_payoff,unit_proxy,0.0,0.0,0.33907221425155426,0.2503586800573888,0.4105691056910569,0.25741272118603536,0.07944763271162124,0.6631396461023433
matrix_transformer,next_field,50,fold_3,1,20,0.55,ok,,37004,12041,0.32539725435088096,11613,0.3138309371959788,0.4933145087617308,0.38988048805616543,0.4974597433910273,-59.0,-59.0,0.3138394184255331,unit_payoff,unit_proxy,0.0,0.0,0.3577775932231542,0.2153475624948094,0.42687484428203637,0.29931068848102316,0.03554522049663649,0.6651440910223403
matrix_transformer,next_field,50,fold_3,1,20,0.6,ok,,37004,8225,0.22227326775483733,8034,0.21711166360393472,0.49544072948328266,0.38432057542391457,0.5001244709982574,2.0,2.0,0.21711753101099912,unit_payoff,unit_proxy,0.0,0.0,0.38285714285714284,0.2076595744680851,0.409483282674772,0.3688753799392097,0.023221884498480245,0.60790273556231
matrix_transformer,next_field,50,fold_3,1,20,0.65,ok,,37004,5797,0.15665873959571938,5703,0.15411847367852125,0.49215111264447126,0.379878810471807,0.4951779765035946,-55.0,-55.0,0.15412263870496987,unit_payoff,unit_proxy,0.0,0.0,0.40193203381059167,0.2054510953941694,0.39261687079523894,0.43798516474038296,0.01621528376746593,0.5457995514921511
matrix_transformer,next_field,50,fold_3,1,20,0.7,ok,,37004,4489,0.12131120959896227,4447,0.12017619716787374,0.5074626865671642,0.38586543007477453,0.5086575219248932,77.0,77.0,0.12017944490987217,unit_payoff,unit_proxy,0.0,0.0,0.4154600133660058,0.1964802851414569,0.3880597014925373,0.4392960570282914,0.00935620405435509,0.5513477389173536
matrix_transformer,next_field,50,fold_3,1,20,0.75,ok,,37004,3507,0.09477353799589233,3486,0.09420603178034807,0.5255203877958369,0.39740774760052694,0.5249569707401033,174.0,174.0,0.09420857768289058,unit_payoff,unit_proxy,0.0,0.0,0.4037639007698888,0.1964642144282863,0.3997718848018249,0.388366124893071,0.005988023952095809,0.6056458511548332
matrix_transformer,next_field,50,fold_3,1,20,0.8,ok,,37004,2519,0.06807372175980975,2518,0.06804669765430764,0.5136959110758237,0.3599428109030349,0.5138999205718825,70.0,70.0,0.06804853660514013,unit_payoff,unit_proxy,0.0,0.0,0.3719730051607781,0.18459706232631998,0.44342993251290197,0.2723302897975387,0.0003969829297340214,0.7272727272727273
matrix_transformer,next_field,50,fold_3,1,20,0.85,ok,,37004,1576,0.04258999027132202,1576,0.04258999027132202,0.5329949238578681,0.292037290455012,0.5329949238578681,104.0,104.0,0.042591141258816856,unit_payoff,unit_proxy,0.0,0.0,0.3217005076142132,0.17068527918781726,0.5076142131979695,0.053934010152284266,0.0,0.9460659898477157
matrix_transformer,next_field,50,fold_3,1,20,0.9,ok,,37004,1108,0.029942708896335532,1108,0.029942708896335532,0.5234657039711191,0.22906793048973143,0.5234657039711191,52.0,52.0,0.029943518093127584,unit_payoff,unit_proxy,0.0,0.0,0.30054151624548736,0.1759927797833935,0.5234657039711191,0.0,0.0,1.0
matrix_transformer,next_field,50,fold_3,1,20,0.95,ok,,37004,191,0.005161604150902605,191,0.005161604150902605,0.6230366492146597,0.25591397849462366,0.6230366492146597,47.0,47.0,0.005161743642407372,unit_payoff,unit_proxy,0.0,0.0,0.24083769633507854,0.13612565445026178,0.6230366492146597,0.0,0.0,1.0
matrix_transformer,next_field,50,fold_3,2,20,0.33,ok,,37004,37004,1.0,34618,0.9355204842719705,0.41182034374662196,0.36095690630814214,0.3898838754405223,-7624.0,-7624.0,0.9355457665594682,unit_payoff,unit_proxy,0.0,0.0,0.3396119338449897,0.30372392173819046,0.3566641444168198,0.21222030050805318,0.0644795157280294,0.7233001837639174
matrix_transformer,next_field,50,fold_3,2,20,0.35,ok,,37004,36070,0.9747594854610312,33886,0.9157388390444277,0.4138342112558913,0.3606662426916129,0.3923154104940093,-7298.0,-7298.0,0.9157635867362106,unit_payoff,unit_proxy,0.0,0.0,0.3419184918214583,0.2989742168006654,0.35910729137787634,0.20878846686997504,0.060548932630995284,0.7306626004990296
matrix_transformer,next_field,50,fold_3,2,20,0.4,ok,,37004,25811,0.6975191871149065,24452,0.6607934277375419,0.4346983844097478,0.3671275834055638,0.41415835105512844,-4198.0,-4198.0,0.6608112855714402,unit_payoff,unit_proxy,0.0,0.0,0.36100887218627714,0.2629886482507458,0.376002479562977,0.1624113749951571,0.05265197009027159,0.7849366549145713
matrix_transformer,next_field,50,fold_3,2,20,0.45,ok,,37004,15423,0.41679277915900986,15030,0.40617230569668145,0.44660571873176425,0.3099802530406769,0.43759148369926815,-1876.0,-1876.0,0.4061832824365592,unit_payoff,unit_proxy,0.0,0.0,0.352719963690592,0.22842507942683005,0.41885495688257796,0.08428969720547234,0.025481423847500486,0.8902288789470272
matrix_transformer,next_field,50,fold_3,2,20,0.5,ok,,37004,10779,0.2912928332072208,10639,0.2875094584369257,0.4611745059838575,0.25774886755683696,0.45821975749600524,-889.0,-889.0,0.2875172283328379,unit_payoff,unit_proxy,0.0,0.0,0.3412190370164208,0.2065126635123852,0.452268299471194,0.02634752759996289,0.012988217830967623,0.9606642545690695
matrix_transformer,next_field,50,fold_3,2,20,0.55,ok,,37004,8327,0.22502972651605233,8253,0.22302994270889634,0.4778431608022097,0.2418008597181196,0.4758269720101781,-399.0,-399.0,0.2230359700564819,unit_payoff,unit_proxy,0.0,0.0,0.320163324126336,0.20595652696048997,0.47388014891317404,0.009727392818542091,0.008886753932989072,0.9813858532484688
matrix_transformer,next_field,50,fold_3,2,20,0.6,ok,,37004,6208,0.1677656469570857,6168,0.1666846827370014,0.49838917525773196,0.23749359520105806,0.4972438391699092,-34.0,-34.0,0.16668918736318677,unit_payoff,unit_proxy,0.0,0.0,0.3018685567010309,0.2026417525773196,0.4954896907216495,0.0032216494845360823,0.006443298969072165,0.9903350515463918
matrix_transformer,next_field,50,fold_3,2,20,0.65,ok,,37004,4141,0.11190682088422874,4122,0.11139336287968868,0.5247524752475248,0.24106533015855494,0.5240174672489083,198.0,198.0,0.1113963732670324,unit_payoff,unit_proxy,0.0,0.0,0.27891813571601065,0.19801980198019803,0.5230620623037914,0.0021733880705143687,0.004588263704419222,0.9932383482250664
matrix_transformer,next_field,50,fold_3,2,20,0.7,ok,,37004,1862,0.050318884444924876,1857,0.05018376391741433,0.5461868958109559,0.24047546479731788,0.5460420032310178,171.0,171.0,0.050185120125395236,unit_payoff,unit_proxy,0.0,0.0,0.24973147153598282,0.2046186895810956,0.5456498388829216,0.0,0.0026852846401718583,0.9973147153598282
matrix_transformer,next_field,50,fold_3,2,20,0.75,ok,,37004,84,0.0022700248621770618,82,0.0022159766511728463,0.5952380952380952,0.30412486064659977,0.5853658536585366,14.0,14.0,0.0022160365375780344,unit_payoff,unit_proxy,0.0,0.0,0.17857142857142858,0.25,0.5714285714285714,0.0,0.023809523809523808,0.9761904761904762
matrix_transformer,next_field,50,fold_3,2,20,0.8,skipped,too few samples remain after confidence filtering,37004,1,2.702410550210788e-05,0,0.0,,,,0.0,0.0,0.0,unit_payoff,unit_proxy,0.0,0.0,0.0,1.0,0.0,0.0,1.0,0.0
matrix_transformer,next_field,50,fold_3,2,20,0.85,skipped,too few samples remain after confidence filtering,37004,0,0.0,0,0.0,,,,0.0,0.0,0.0,unit_payoff,unit_proxy,0.0,0.0,,,,,,
matrix_transformer,next_field,50,fold_3,2,20,0.9,skipped,too few samples remain after confidence filtering,37004,0,0.0,0,0.0,,,,0.0,0.0,0.0,unit_payoff,unit_proxy,0.0,0.0,,,,,,
matrix_transformer,next_field,50,fold_3,2,20,0.95,skipped,too few samples remain after confidence filtering,37004,0,0.0,0,0.0,,,,0.0,0.0,0.0,unit_payoff,unit_proxy,0.0,0.0,,,,,,
matrix_transformer,next_field,50,fold_4,0,20,0.33,ok,,34766,34766,1.0,29137,0.8380889374676408,0.45478340907783465,0.4334043436980916,0.4609946116621478,-2273.0,-2273.0,0.838113044728894,unit_payoff,unit_proxy,0.0,0.0,0.36294080423402175,0.27472242996030605,0.3623367658056722,0.45918426048438127,0.1619110625323592,0.3789046769832595
matrix_transformer,next_field,50,fold_4,0,20,0.35,ok,,34766,34524,0.9930391762066386,28976,0.8334579761836277,0.45542231491136603,0.43375355918345077,0.46148536720044175,-2232.0,-2232.0,0.8334819502373076,unit_payoff,unit_proxy,0.0,0.0,0.36348627042057696,0.27424400417101147,0.3622697254084115,0.4603174603174603,0.16069980303556947,0.37898273664697024
matrix_transformer,next_field,50,fold_4,0,20,0.4,ok,,34766,30855,0.8875050336535696,26522,0.7628717712707818,0.4649813644466051,0.43898788680341055,0.4675363848880175,-1722.0,-1722.0,0.76289371494319,unit_payoff,unit_proxy,0.0,0.0,0.3681088964511424,0.2724679954626479,0.3594231080862097,0.46524064171123,0.14043104845243884,0.3943283098363312
matrix_transformer,next_field,50,fold_4,0,20,0.45,ok,,34766,23107,0.6646436173272737,20492,0.5894264511304148,0.48985156013329295,0.46102395048713957,0.4815049775522155,-758.0,-758.0,0.5894434057241479,unit_payoff,unit_proxy,0.0,0.0,0.36750768165490977,0.27472194573073094,0.3577703726143593,0.45955770978491367,0.11316916951573117,0.4272731206993552
matrix_transformer,next_field,50,fold_4,0,20,0.5,ok,,34766,13116,0.3772651441063108,11880,0.34171316803773805,0.5296584324489173,0.49907886478488245,0.5119528619528619,284.0,284.0,0.3417229972673666,unit_payoff,unit_proxy,0.0,0.0,0.36245806648368406,0.26540103690149436,0.3721408966148216,0.44190301921317476,0.09423604757548033,0.4638609332113449
matrix_transformer,next_field,50,fold_4,0,20,0.55,ok,,34766,5876,0.1690157049991371,5586,0.16067422194097683,0.5663716814159292,0.5055971350017292,0.5510204081632653,570.0,570.0,0.16067884366460522,unit_payoff,unit_proxy,0.0,0.0,0.36368277739959154,0.2423417290673928,0.39397549353301564,0.455071477195371,0.04935330156569095,0.49557522123893805
matrix_transformer,next_field,50,fold_4,0,20,0.6,ok,,34766,2038,0.05862049128458839,2005,0.05767128804003912,0.6030421982335623,0.4867017351677821,0.5965087281795511,387.0,387.0,0.057672946929383,unit_payoff,unit_proxy,0.0,0.0,0.36359175662414134,0.19921491658488713,0.43719332679097156,0.45142296368989204,0.01619234543670265,0.5323846908734053
matrix_transformer,next_field,50,fold_4,0,20,0.65,ok,,34766,502,0.014439394811022263,502,0.014439394811022263,0.601593625498008,0.43534957417310355,0.601593625498008,102.0,102.0,0.014439810153890406,unit_payoff,unit_proxy,0.0,0.0,0.3466135458167331,0.16733067729083664,0.4860557768924303,0.5,0.0,0.5
matrix_transformer,next_field,50,fold_4,0,20,0.7,ok,,34766,92,0.002646263590864638,92,0.002646263590864638,0.6086956521739131,0.45722314215464904,0.6086956521739131,20.0,20.0,0.002646339709477923,unit_payoff,unit_proxy,0.0,0.0,0.358695652173913,0.21739130434782608,0.42391304347826086,0.6304347826086957,0.0,0.3695652173913043
matrix_transformer,next_field,50,fold_4,0,20,0.75,ok,,34766,6,0.00017258240809986768,6,0.00017258240809986768,0.5,0.2222222222222222,0.5,0.0,0.0,0.00017258737235725585,unit_payoff,unit_proxy,0.0,0.0,0.5,0.5,0.0,1.0,0.0,0.0
matrix_transformer,next_field,50,fold_4,0,20,0.8,skipped,too few samples remain after confidence filtering,34766,0,0.0,0,0.0,,,,0.0,0.0,0.0,unit_payoff,unit_proxy,0.0,0.0,,,,,,
matrix_transformer,next_field,50,fold_4,0,20,0.85,skipped,too few samples remain after confidence filtering,34766,0,0.0,0,0.0,,,,0.0,0.0,0.0,unit_payoff,unit_proxy,0.0,0.0,,,,,,
matrix_transformer,next_field,50,fold_4,0,20,0.9,skipped,too few samples remain after confidence filtering,34766,0,0.0,0,0.0,,,,0.0,0.0,0.0,unit_payoff,unit_proxy,0.0,0.0,,,,,,
matrix_transformer,next_field,50,fold_4,0,20,0.95,skipped,too few samples remain after confidence filtering,34766,0,0.0,0,0.0,,,,0.0,0.0,0.0,unit_payoff,unit_proxy,0.0,0.0,,,,,,
matrix_transformer,next_field,50,fold_4,1,20,0.33,ok,,34766,34766,1.0,32196,0.92607720186389,0.4760110452741184,0.44106569341015067,0.45754130947943844,-2734.0,-2734.0,0.9261038400690349,unit_payoff,unit_proxy,0.0,0.0,0.36294080423402175,0.27472242996030605,0.3623367658056722,0.5206523615026175,0.07392279813611,0.4054248403612725
matrix_transformer,next_field,50,fold_4,1,20,0.35,ok,,34766,34717,0.9985905770005178,32165,0.9251855260887074,0.476049197799349,0.44092955102372605,0.45757811285558836,-2729.0,-2729.0,0.9252121386451891,unit_payoff,unit_proxy,0.0,0.0,0.3631938243511824,0.2745628942592966,0.362243281389521,0.521012760319152,0.07350865570181755,0.40547858397903047
matrix_transformer,next_field,50,fold_4,1,20,0.4,ok,,34766,32583,0.9372087671863315,30277,0.8708795950066157,0.4830739956418991,0.44706529851238647,0.463553192192093,-2207.0,-2207.0,0.8709046454767726,unit_payoff,unit_proxy,0.0,0.0,0.36758432311327993,0.2708160697296136,0.3615996071571065,0.5280974741429579,0.07077310253813338,0.4011294233189086
matrix_transformer,next_field,50,fold_4,1,20,0.45,ok,,34766,26725,0.768710809411494,24697,0.7103779554737387,0.4914499532273153,0.45852047917303657,0.4677896100740981,-1591.0,-1591.0,0.7103983891845247,unit_payoff,unit_proxy,0.0,0.0,0.3809167446211413,0.276333021515435,0.34275023386342374,0.5385968194574369,0.07588400374181478,0.3855191768007484
matrix_transformer,next_field,50,fold_4,1,20,0.5,ok,,34766,19087,0.5490134039003625,17294,0.4974400276131853,0.5056321056216273,0.48082918582627715,0.47513588527813116,-860.0,-860.0,0.4974543362577305,unit_payoff,unit_proxy,0.0,0.0,0.3819877403468329,0.28794467438570753,0.33006758526745955,0.5401058311940063,0.09393828260072301,0.3659558862052706
matrix_transformer,next_field,50,fold_4,1,20,0.55,ok,,34766,12642,0.3636311338664212,11016,0.3168613012713571,0.5185888308811897,0.5055484869837086,0.47576252723311546,-534.0,-534.0,0.31687041564792173,unit_payoff,unit_proxy,0.0,0.0,0.36655592469545956,0.32004429678848284,0.3133997785160576,0.5206454674893213,0.12861888941623162,0.3507356430944471
matrix_transformer,next_field,50,fold_4,1,20,0.6,ok,,34766,7757,0.2231202899384456,6352,0.18270724270839325,0.5295861802243135,0.5262498108869974,0.4658375314861461,-434.0,-434.0,0.18271249820221488,unit_payoff,unit_proxy,0.0,0.0,0.3442052339822096,0.36147995359030555,0.29431481242748486,0.48266082248291864,0.18112672424906537,0.33621245326801596
matrix_transformer,next_field,50,fold_4,1,20,0.65,ok,,34766,4216,0.12126790542484037,3048,0.08767186331473278,0.5659392789373814,0.5618547762292043,0.4655511811023622,-210.0,-210.0,0.08767438515748598,unit_payoff,unit_proxy,0.0,0.0,0.3071631878557875,0.422438330170778,0.2703984819734345,0.40014231499051234,0.27703984819734345,0.3228178368121442
matrix_transformer,next_field,50,fold_4,1,20,0.7,ok,,34766,2269,0.06526491399643329,1333,0.03834205833285394,0.6134861172322609,0.5773804996157929,0.44786196549137286,-139.0,-139.0,0.03834316122537034,unit_payoff,unit_proxy,0.0,0.0,0.2613486117232261,0.5152049360951961,0.2234464521815778,0.33318642573821067,0.4125165271044513,0.25429704715733803
matrix_transformer,next_field,50,fold_4,1,20,0.75,ok,,34766,1032,0.029684174193177242,477,0.013720301443939481,0.6782945736434108,0.6024897046254306,0.4549266247379455,-43.0,-43.0,0.013720696102401841,unit_payoff,unit_proxy,0.0,0.0,0.18507751937984496,0.6172480620155039,0.19767441860465115,0.25193798449612403,0.5377906976744186,0.21027131782945738
matrix_transformer,next_field,50,fold_4,1,20,0.8,ok,,34766,393,0.011304147730541333,126,0.0036242305700972216,0.7353689567430025,0.5830433905655145,0.3888888888888889,-28.0,-28.0,0.003624334819502373,unit_payoff,unit_proxy,0.0,0.0,0.11195928753180662,0.7582697201017812,0.1297709923664122,0.18575063613231552,0.6793893129770993,0.13486005089058525
matrix_transformer,next_field,50,fold_4,1,20,0.85,ok,,34766,39,0.00112178565264914,16,0.0004602197549329805,0.5897435897435898,0.33782267115600445,0.1875,-10.0,-10.0,0.0004602329929526823,unit_payoff,unit_proxy,0.0,0.0,0.15384615384615385,0.7948717948717948,0.05128205128205128,0.41025641025641024,0.5897435897435898,0.0
matrix_transformer,next_field,50,fold_4,1,20,0.9,skipped,too few samples remain after confidence filtering,34766,0,0.0,0,0.0,,,,0.0,0.0,0.0,unit_payoff,unit_proxy,0.0,0.0,,,,,,
matrix_transformer,next_field,50,fold_4,1,20,0.95,skipped,too few samples remain after confidence filtering,34766,0,0.0,0,0.0,,,,0.0,0.0,0.0,unit_payoff,unit_proxy,0.0,0.0,,,,,,
matrix_transformer,next_field,50,fold_4,2,20,0.33,ok,,34766,34766,1.0,32175,0.9254731634355404,0.4775067594776506,0.4411675810297789,0.46066822066822066,-2531.0,-2531.0,0.9254997842657846,unit_payoff,unit_proxy,0.0,0.0,0.36294080423402175,0.27472242996030605,0.3623367658056722,0.5252833227866306,0.07452683656445953,0.40018984064890983
matrix_transformer,next_field,50,fold_4,2,20,0.35,ok,,34766,34703,0.9981878847149513,32133,0.9242650865788414,0.4777108607325015,0.4411626694788895,0.46086577661594,-2515.0,-2515.0,0.9242916726592838,unit_payoff,unit_proxy,0.0,0.0,0.3630810016425093,0.2745872114802755,0.36233178687721523,0.5254877099962539,0.07405699795406737,0.4004552920496787
matrix_transformer,next_field,50,fold_4,2,20,0.4,ok,,34766,33179,0.954351953057585,31011,0.8919921762641662,0.48066548117785346,0.44053487385560497,0.4633839605301345,-2271.0,-2271.0,0.8920178340284769,unit_payoff,unit_proxy,0.0,0.0,0.36483920552156485,0.27068326351005156,0.3644775309683836,0.5311492208927333,0.06534253594140872,0.4035082431658579
matrix_transformer,next_field,50,fold_4,2,20,0.45,ok,,34766,27480,0.790427429097394,26252,0.7551055629062877,0.4881004366812227,0.43287538418040133,0.473144903245467,-1410.0,-1410.0,0.7551272831871135,unit_payoff,unit_proxy,0.0,0.0,0.37700145560407566,0.2639374090247453,0.35906113537117906,0.5459970887918486,0.04468704512372634,0.40931586608442505
matrix_transformer,next_field,50,fold_4,2,20,0.5,ok,,34766,20141,0.5793303802565725,19552,0.5623885405281022,0.48925078198699173,0.4192616487445286,0.47703559738134205,-898.0,-898.0,0.5624047173881778,unit_payoff,unit_proxy,0.0,0.0,0.3859788491137481,0.26711682637406287,0.34690432451218906,0.5575691375800605,0.029243830991509855,0.41318703142842955
matrix_transformer,next_field,50,fold_4,2,20,0.55,ok,,34766,12918,0.3715699246390151,12602,0.36248058447908876,0.48900758631367086,0.4152122181230918,0.4775432471036343,-566.0,-566.0,0.3624910110743564,unit_payoff,unit_proxy,0.0,0.0,0.38272178355782627,0.2803065490013934,0.33697166744078033,0.5499303297724106,0.02446199102028178,0.42560767920730763
matrix_transformer,next_field,50,fold_4,2,20,0.6,ok,,34766,7614,0.21900707587873208,7487,0.21535408157395156,0.4842395587076438,0.40304143180673907,0.4758915453452651,-361.0,-361.0,0.21536027613979578,unit_payoff,unit_proxy,0.0,0.0,0.36879432624113473,0.28828473863934856,0.34292093511951666,0.5283687943262412,0.01667980036774363,0.45495140530601524
matrix_transformer,next_field,50,fold_4,2,20,0.65,ok,,34766,4582,0.1317954323189323,4533,0.13038600931945005,0.46551724137931033,0.38146178329696373,0.4599602911978822,-363.0,-363.0,0.1303897598159068,unit_payoff,unit_proxy,0.0,0.0,0.34460934089917067,0.29986905281536447,0.35552160628546486,0.5336097773897861,0.01069402007856831,0.45569620253164556
matrix_transformer,next_field,50,fold_4,2,20,0.7,ok,,34766,2633,0.07573491342115861,2620,0.07536098487027555,0.46486897075579187,0.37237483860993,0.46259541984732827,-196.0,-196.0,0.07536315259600172,unit_payoff,unit_proxy,0.0,0.0,0.35206988226357766,0.3076338777060387,0.3402962400303836,0.5628560577288264,0.004937333839726547,0.43220660843144704
matrix_transformer,next_field,50,fold_4,2,20,0.75,ok,,34766,1336,0.03842834953690387,1332,0.03831329459817063,0.49176646706586824,0.3885937573010576,0.49024024024024027,-26.0,-26.0,0.0383143966633108,unit_payoff,unit_proxy,0.0,0.0,0.37050898203592814,0.3031437125748503,0.3263473053892216,0.6437125748502994,0.0029940119760479044,0.3532934131736527
matrix_transformer,next_field,50,fold_4,2,20,0.8,ok,,34766,481,0.013835356382672727,481,0.013835356382672727,0.44282744282744285,0.3519920905380958,0.44282744282744285,-55.0,-55.0,0.013835754350640012,unit_payoff,unit_proxy,0.0,0.0,0.3762993762993763,0.3700623700623701,0.25363825363825365,0.7796257796257796,0.0,0.2203742203742204
matrix_transformer,next_field,50,fold_4,2,20,0.85,ok,,34766,154,0.004429615141229937,154,0.004429615141229937,0.4155844155844156,0.28548644338118023,0.4155844155844156,-26.0,-26.0,0.004429742557169567,unit_payoff,unit_proxy,0.0,0.0,0.4025974025974026,0.5,0.09740259740259741,0.9545454545454546,0.0,0.045454545454545456
matrix_transformer,next_field,50,fold_4,2,20,0.9,ok,,34766,9,0.0002588736121498015,9,0.0002588736121498015,0.3333333333333333,0.16666666666666666,0.3333333333333333,-3.0,-3.0,0.0002588810585358838,unit_payoff,unit_proxy,0.0,0.0,0.3333333333333333,0.6666666666666666,0.0,1.0,0.0,0.0
matrix_transformer,next_field,50,fold_4,2,20,0.95,skipped,too few samples remain after confidence filtering,34766,0,0.0,0,0.0,,,,0.0,0.0,0.0,unit_payoff,unit_proxy,0.0,0.0,,,,,,
matrix_transformer,next_field,50,fold_5,0,20,0.33,ok,,39133,39133,1.0,32738,0.8365829351186977,0.4754810517977155,0.4729537551369393,0.4309670719042092,-4520.0,-4520.0,0.8366043136052336,unit_payoff,unit_proxy,0.0,0.0,0.3267063603608208,0.3380522832392099,0.3352413563999693,0.3763831037743081,0.16341706488130223,0.46019983134438963
matrix_transformer,next_field,50,fold_5,0,20,0.35,ok,,39133,38527,0.9845143485038204,32324,0.8260036286510106,0.4780024398473798,0.4754989207588842,0.4325578517510209,-4360.0,-4360.0,0.8260247367883062,unit_payoff,unit_proxy,0.0,0.0,0.3267578581254704,0.33773717133438885,0.33550497054014067,0.3776053157525891,0.1610039712409479,0.461390713006463
matrix_transformer,next_field,50,fold_5,0,20,0.4,ok,,39133,32574,0.8323920987401937,27683,0.7074080699154166,0.49840363480076133,0.4963511199980595,0.4485424267601055,-2849.0,-2849.0,0.7074261473985485,unit_payoff,unit_proxy,0.0,0.0,0.33007920427334686,0.333057039356542,0.3368637563701111,0.39021919322158777,0.15015042672069748,0.4596303800577147
matrix_transformer,next_field,50,fold_5,0,20,0.45,ok,,39133,23459,0.5994684792885799,19495,0.4981728975544937,0.5160492774628075,0.5173253550152931,0.45365478327776354,-1807.0,-1807.0,0.4981856281304303,unit_payoff,unit_proxy,0.0,0.0,0.3270386631996249,0.3569632124131463,0.3159981243872288,0.39166204868067694,0.16897565966153716,0.4393622916577859
matrix_transformer,next_field,50,fold_5,0,20,0.5,ok,,39133,13574,0.3468683719622825,10162,0.25967853218511233,0.5524532193900104,0.5490232393553148,0.45315882700255855,-952.0,-952.0,0.2596851681488296,unit_payoff,unit_proxy,0.0,0.0,0.31147782525416234,0.4258140562840725,0.2627081184617651,0.4056284072491528,0.25136289966111686,0.34300869308973037
matrix_transformer,next_field,50,fold_5,0,20,0.55,ok,,39133,8156,0.20841744818950758,5183,0.13244576188894283,0.5993133889161354,0.5638220997827509,0.4410573027204322,-611.0,-611.0,0.1324491464785853,unit_payoff,unit_proxy,0.0,0.0,0.27513487003433057,0.5118930848455125,0.21297204512015694,0.3932074546346248,0.3645169200588524,0.2422756253065228
matrix_transformer,next_field,50,fold_5,0,20,0.6,ok,,39133,5033,0.128612679835433,2400,0.061329312856157205,0.6791178223723425,0.5669396856156587,0.45208333333333334,-230.0,-230.0,0.061330880098129405,unit_payoff,unit_proxy,0.0,0.0,0.233061792171667,0.6183190939797337,0.14861911384859924,0.3530697397178621,0.5231472282932644,0.12378303198887343
matrix_transformer,next_field,50,fold_5,0,20,0.65,ok,,39133,3426,0.08754759410216441,1159,0.029616947333452586,0.7513134851138353,0.5526617380931126,0.46074201898188094,-91.0,-91.0,0.02961770418072166,unit_payoff,unit_proxy,0.0,0.0,0.18476357267950963,0.7066549912434326,0.1085814360770578,0.27845884413309985,0.6617046117921774,0.059836544074722706
matrix_transformer,next_field,50,fold_5,0,20,0.7,ok,,39133,2244,0.05734290752050699,510,0.013032478981933406,0.8048128342245989,0.5223427039560157,0.4843137254901961,-16.0,-16.0,0.0130328120208525,unit_payoff,unit_proxy,0.0,0.0,0.1412655971479501,0.7709447415329769,0.08778966131907308,0.21122994652406418,0.7727272727272727,0.016042780748663103
matrix_transformer,next_field,50,fold_5,0,20,0.75,ok,,39133,1201,0.030690210308435335,176,0.004497482942784862,0.858451290591174,0.5079012345679013,0.5056818181818182,2.0,2.0,0.004497597873862823,unit_payoff,unit_proxy,0.0,0.0,0.10407993338884262,0.832639467110741,0.06328059950041633,0.14571190674437967,0.8534554537885096,0.0008326394671107411
matrix_transformer,next_field,50,fold_5,0,20,0.8,ok,,39133,429,0.010962614673038102,7,0.0001788771624971252,0.9627039627039627,0.537433946311562,0.8571428571428571,5.0,5.0,0.0001788817336195441,unit_payoff,unit_proxy,0.0,0.0,0.027972027972027972,0.951048951048951,0.02097902097902098,0.016317016317016316,0.9836829836829837,0.0
matrix_transformer,next_field,50,fold_5,0,20,0.85,ok,,39133,70,0.0017887716249712518,0,0.0,1.0,0.3333333333333333,,0.0,0.0,0.0,unit_payoff,unit_proxy,0.0,0.0,0.0,1.0,0.0,0.0,1.0,0.0
matrix_transformer,next_field,50,fold_5,0,20,0.9,skipped,too few samples remain after confidence filtering,39133,0,0.0,0,0.0,,,,0.0,0.0,0.0,unit_payoff,unit_proxy,0.0,0.0,,,,,,
matrix_transformer,next_field,50,fold_5,0,20,0.95,skipped,too few samples remain after confidence filtering,39133,0,0.0,0,0.0,,,,0.0,0.0,0.0,unit_payoff,unit_proxy,0.0,0.0,,,,,,
matrix_transformer,next_field,50,fold_5,1,20,0.33,ok,,39133,39133,1.0,29144,0.7447422891166023,0.4747144353870135,0.47085185348640873,0.44036508372220695,-3476.0,-3476.0,0.7447613206582848,unit_payoff,unit_proxy,0.0,0.0,0.3267063603608208,0.3380522832392099,0.3352413563999693,0.25375003194235046,0.25525771088339766,0.49099225717425193
matrix_transformer,next_field,50,fold_5,1,20,0.35,ok,,39133,38928,0.9947614545268699,28999,0.7410369764648762,0.47513357994245786,0.4712559352971939,0.44022207662333185,-3467.0,-3467.0,0.7410559133190228,unit_payoff,unit_proxy,0.0,0.0,0.3261662556514591,0.3388049732840115,0.3350287710645294,0.25341656391286477,0.25506062474311547,0.4915228113440197
matrix_transformer,next_field,50,fold_5,1,20,0.4,ok,,39133,34999,0.8943602586052692,26257,0.6709682365267166,0.4888996828480814,0.4852611107123585,0.4476139696081045,-2751.0,-2751.0,0.6709853828069099,unit_payoff,unit_proxy,0.0,0.0,0.32409497414211835,0.3444955570159147,0.3314094688419669,0.25286436755335867,0.24977856510186006,0.4973570673447813
matrix_transformer,next_field,50,fold_5,1,20,0.45,ok,,39133,26011,0.6646819819589604,19146,0.4892545933099941,0.5151666602591212,0.5136609804136612,0.4565444479264598,-1664.0,-1664.0,0.48926709598282736,unit_payoff,unit_proxy,0.0,0.0,0.3129060781976856,0.37215024412748454,0.3149436776748299,0.2670024220522087,0.26392680019991543,0.4690707777478759
matrix_transformer,next_field,50,fold_5,1,20,0.5,ok,,39133,16147,0.4126185061201543,10558,0.26979786880637824,0.5586796308911872,0.5498132630720675,0.4626823261981436,-788.0,-788.0,0.26980476336502096,unit_payoff,unit_proxy,0.0,0.0,0.2913853966681117,0.4424351272682232,0.2661794760636651,0.30624883879358394,0.34613240849693444,0.3476187527094816
matrix_transformer,next_field,50,fold_5,1,20,0.55,ok,,39133,9790,0.25017248869240793,5028,0.12848491043364935,0.6221654749744637,0.5604812554642784,0.4701670644391408,-300.0,-300.0,0.1284881938055811,unit_payoff,unit_proxy,0.0,0.0,0.26435137895812055,0.5363636363636364,0.1992849846782431,0.3267620020429009,0.486414708886619,0.18682328907048007
matrix_transformer,next_field,50,fold_5,1,20,0.6,ok,,39133,6471,0.16535915978841387,2325,0.05941277182940229,0.7005099675475197,0.5249470238664765,0.49290322580645163,-33.0,-33.0,0.05941429009506286,unit_payoff,unit_proxy,0.0,0.0,0.23025807448616906,0.6301962602379848,0.13954566527584608,0.2953175707000464,0.6407046824292999,0.06397774687065369
matrix_transformer,next_field,50,fold_5,1,20,0.65,ok,,39133,4828,0.12337413436230292,1184,0.030255794342370888,0.7607705053852527,0.49673700155732453,0.5059121621621622,14.0,14.0,0.030256567515077173,unit_payoff,unit_proxy,0.0,0.0,0.18289146644573323,0.7098177299088649,0.10729080364540182,0.2195526097763049,0.7547638773819387,0.02568351284175642
matrix_transformer,next_field,50,fold_5,1,20,0.7,ok,,39133,3785,0.09672143715023127,524,0.013390233306927657,0.8214002642007926,0.4919018187671012,0.5400763358778626,42.0,42.0,0.013390575488091588,unit_payoff,unit_proxy,0.0,0.0,0.13051519154557464,0.7799207397622193,0.08956406869220608,0.13368560105680316,0.861558784676354,0.0047556142668428005
matrix_transformer,next_field,50,fold_5,1,20,0.75,ok,,39133,2931,0.07489842332558198,174,0.004446375182071398,0.8669396110542477,0.447373759414542,0.46551724137931033,-12.0,-12.0,0.0044464888071143824,unit_payoff,unit_proxy,0.0,0.0,0.07540088706925964,0.8604571818491982,0.06414193108154213,0.0593654042988741,0.9406345957011258,0.0
matrix_transformer,next_field,50,fold_5,1,20,0.8,ok,,39133,1700,0.04344159660644469,33,0.0008432780517721616,0.8935294117647059,0.3830737056268719,0.3939393939393939,-7.0,-7.0,0.0008432996013492793,unit_payoff,unit_proxy,0.0,0.0,0.05529411764705883,0.8952941176470588,0.04941176470588235,0.019411764705882354,0.9805882352941176,0.0
matrix_transformer,next_field,50,fold_5,1,20,0.85,ok,,39133,588,0.015025681649758515,0,0.0,0.9302721088435374,0.3212922173274596,,0.0,0.0,0.0,unit_payoff,unit_proxy,0.0,0.0,0.04081632653061224,0.9302721088435374,0.02891156462585034,0.0,1.0,0.0
matrix_transformer,next_field,50,fold_5,1,20,0.9,ok,,39133,38,0.0009710474535558224,0,0.0,1.0,0.3333333333333333,,0.0,0.0,0.0,unit_payoff,unit_proxy,0.0,0.0,0.0,1.0,0.0,0.0,1.0,0.0
matrix_transformer,next_field,50,fold_5,1,20,0.95,skipped,too few samples remain after confidence filtering,39133,0,0.0,0,0.0,,,,0.0,0.0,0.0,unit_payoff,unit_proxy,0.0,0.0,,,,,,
matrix_transformer,next_field,50,fold_5,2,20,0.33,ok,,39133,39133,1.0,31348,0.80106304142284,0.4720823857102701,0.47295451317134546,0.42650248819701414,-4608.0,-4608.0,0.8010835122150669,unit_payoff,unit_proxy,0.0,0.0,0.3267063603608208,0.3380522832392099,0.3352413563999693,0.36641709043518256,0.19893695857715993,0.43464595098765746
matrix_transformer,next_field,50,fold_5,2,20,0.35,ok,,39133,38947,0.9952469782536478,31216,0.7976899292157514,0.47251392918581664,0.47341628975380173,0.4266081496668375,-4582.0,-4582.0,0.7977103138096698,unit_payoff,unit_proxy,0.0,0.0,0.3267517395434822,0.3385369861606799,0.3347112742958379,0.36678049657226486,0.1985005263563304,0.4347189770714047
matrix_transformer,next_field,50,fold_5,2,20,0.4,ok,,39133,35734,0.9131423606674673,28898,0.7384560345488462,0.4837969440868641,0.48514290763050316,0.43442452764897227,-3790.0,-3790.0,0.7384749054482265,unit_payoff,unit_proxy,0.0,0.0,0.32722337269827056,0.33830525549896456,0.33447137180276487,0.37507695751944925,0.1913024010746068,0.4336206414059439
matrix_transformer,next_field,50,fold_5,2,20,0.45,ok,,39133,30060,0.768149643523369,24624,0.629238749904173,0.4954424484364604,0.49739159130676075,0.43888076673164395,-3010.0,-3010.0,0.6292548298068077,unit_payoff,unit_proxy,0.0,0.0,0.32811044577511644,0.3466067864271457,0.32528276779773785,0.3865602129075183,0.18083832335329342,0.4326014637391883
matrix_transformer,next_field,50,fold_5,2,20,0.5,ok,,39133,23105,0.5904224056422968,18473,0.47205683182991337,0.5106254057563298,0.5138889029509037,0.43836951226113785,-2277.0,-2277.0,0.4720688950219769,unit_payoff,unit_proxy,0.0,0.0,0.3218783813027483,0.37342566544038086,0.3046959532568708,0.3776671716078771,0.20047608742696385,0.42185674096515907
matrix_transformer,next_field,50,fold_5,2,20,0.55,ok,,39133,16812,0.4296118365573812,12712,0.32484092709477935,0.5362241256245539,0.5372263431633403,0.4435179358086847,-1436.0,-1436.0,0.3248492282530921,unit_payoff,unit_proxy,0.0,0.0,0.29948846062336426,0.4117891981917678,0.28872234118486795,0.3320247442303117,0.24387342374494408,0.4241018320247442
matrix_transformer,next_field,50,fold_5,2,20,0.6,ok,,39133,11276,0.2881455549025119,7602,0.19426059847187796,0.5656261085491309,0.5507618305798307,0.4275190739279137,-1102.0,-1102.0,0.1942655627108249,unit_payoff,unit_proxy,0.0,0.0,0.2538134090102873,0.4847463639588507,0.261440227030862,0.261883646683221,0.3258247605533877,0.4122915927633913
matrix_transformer,next_field,50,fold_5,2,20,0.65,ok,,39133,7666,0.19589604681470882,4293,0.1097028083714512,0.6082702843725541,0.5562338801374592,0.4097367808059632,-775.0,-775.0,0.10970561177552898,unit_payoff,unit_proxy,0.0,0.0,0.20310461779285155,0.5675710931385338,0.22932428906861466,0.18966866684059483,0.43999478215497,0.3703365510044352
matrix_transformer,next_field,50,fold_5,2,20,0.7,ok,,39133,5321,0.13597219737817187,2262,0.05780287736692817,0.6647246758128171,0.5570343744950866,0.3974358974358974,-464.0,-464.0,0.05780435449248697,unit_payoff,unit_proxy,0.0,0.0,0.16049614734072543,0.6532606652884796,0.18624318737079495,0.13888366848336778,0.5748919376057132,0.286224393910919
matrix_transformer,next_field,50,fold_5,2,20,0.75,ok,,39133,3540,0.09046073646283188,824,0.021056397413947308,0.7632768361581921,0.5547652369248778,0.3907766990291262,-180.0,-180.0,0.021056935500357764,unit_payoff,unit_proxy,0.0,0.0,0.10819209039548022,0.769774011299435,0.12203389830508475,0.07655367231638419,0.7672316384180791,0.15621468926553672
matrix_transformer,next_field,50,fold_5,2,20,0.8,ok,,39133,2378,0.0607671274883091,171,0.004369713541001201,0.8393608074011775,0.4232015527798983,0.2982456140350877,-69.0,-69.0,0.0043698252069917206,unit_payoff,unit_proxy,0.0,0.0,0.057190916736753576,0.8574432296047099,0.08536585365853659,0.0159798149705635,0.9280908326324643,0.05592935239697225
matrix_transformer,next_field,50,fold_5,2,20,0.85,ok,,39133,1278,0.03265785909590371,16,0.0004088620857077147,0.8826291079812206,0.3556361150686825,0.4375,-2.0,-2.0,0.0004088725339875294,unit_payoff,unit_proxy,0.0,0.0,0.04538341158059468,0.8818466353677621,0.07276995305164319,0.0,0.9874804381846636,0.012519561815336464
matrix_transformer,next_field,50,fold_5,2,20,0.9,ok,,39133,404,0.010323767664119797,0,0.0,0.9529702970297029,0.3253062948880439,,0.0,0.0,0.0,unit_payoff,unit_proxy,0.0,0.0,0.01485148514851485,0.9529702970297029,0.03217821782178218,0.0,1.0,0.0
matrix_transformer,next_field,50,fold_5,2,20,0.95,skipped,too few samples remain after confidence filtering,39133,0,0.0,0,0.0,,,,0.0,0.0,0.0,unit_payoff,unit_proxy,0.0,0.0,,,,,,
matrix_transformer,supervised,10,fold_1,0,20,0.33,ok,,38378,38378,1.0,17148,0.4468184897597582,0.4079681067278128,0.2760479579596437,0.19757406111499884,-10372.0,-10372.0,0.4468301326315241,unit_payoff,unit_proxy,0.0,0.0,0.2086351555578717,0.5910677992599928,0.2002970451821356,0.4468184897597582,0.5531815102402418,0.0
matrix_transformer,supervised,10,fold_1,0,20,0.35,ok,,38378,38378,1.0,17148,0.4468184897597582,0.4079681067278128,0.2760479579596437,0.19757406111499884,-10372.0,-10372.0,0.4468301326315241,unit_payoff,unit_proxy,0.0,0.0,0.2086351555578717,0.5910677992599928,0.2002970451821356,0.4468184897597582,0.5531815102402418,0.0
matrix_transformer,supervised,10,fold_1,0,20,0.4,ok,,38378,30737,0.8009015581843765,10625,0.27685132106936267,0.4497511142922211,0.29100797943731865,0.21863529411764707,-5979.0,-5979.0,0.276858535060062,unit_payoff,unit_proxy,0.0,0.0,0.22097146761232392,0.5800175684029021,0.19901096398477405,0.3456745941373589,0.6543254058626411,0.0
matrix_transformer,supervised,10,fold_1,0,20,0.45,ok,,38378,19727,0.5140184480692063,129,0.003361300745218615,0.5669387134384346,0.24622279969405123,0.26356589147286824,-61.0,-61.0,0.003361388331552753,unit_payoff,unit_proxy,0.0,0.0,0.223703553505348,0.5685608556800325,0.20773559081461956,0.006539260911441172,0.9934607390885588,0.0
matrix_transformer,supervised,10,fold_1,0,20,0.5,ok,,38378,19585,0.5103184115899734,0,0.0,0.5688537145774828,0.24172796111870512,,0.0,0.0,0.0,unit_payoff,unit_proxy,0.0,0.0,0.22348736277763595,0.5688537145774828,0.20765892264488128,0.0,1.0,0.0
matrix_transformer,supervised,10,fold_1,0,20,0.55,ok,,38378,19280,0.5023711501381,0,0.0,0.5734958506224066,0.24298161760666293,,0.0,0.0,0.0,unit_payoff,unit_proxy,0.0,0.0,0.22193983402489625,0.5734958506224066,0.2045643153526971,0.0,1.0,0.0
matrix_transformer,supervised,10,fold_1,0,20,0.6,ok,,38378,11511,0.299937464172182,0,0.0,0.6492051081574146,0.2624315212810788,,0.0,0.0,0.0,unit_payoff,unit_proxy,0.0,0.0,0.1925983841542872,0.6492051081574146,0.15819650768829815,0.0,1.0,0.0
matrix_transformer,supervised,10,fold_1,0,20,0.65,skipped,too few samples remain after confidence filtering,38378,0,0.0,0,0.0,,,,0.0,0.0,0.0,unit_payoff,unit_proxy,0.0,0.0,,,,,,
matrix_transformer,supervised,10,fold_1,0,20,0.7,skipped,too few samples remain after confidence filtering,38378,0,0.0,0,0.0,,,,0.0,0.0,0.0,unit_payoff,unit_proxy,0.0,0.0,,,,,,
matrix_transformer,supervised,10,fold_1,0,20,0.75,skipped,too few samples remain after confidence filtering,38378,0,0.0,0,0.0,,,,0.0,0.0,0.0,unit_payoff,unit_proxy,0.0,0.0,,,,,,
matrix_transformer,supervised,10,fold_1,0,20,0.8,skipped,too few samples remain after confidence filtering,38378,0,0.0,0,0.0,,,,0.0,0.0,0.0,unit_payoff,unit_proxy,0.0,0.0,,,,,,
matrix_transformer,supervised,10,fold_1,0,20,0.85,skipped,too few samples remain after confidence filtering,38378,0,0.0,0,0.0,,,,0.0,0.0,0.0,unit_payoff,unit_proxy,0.0,0.0,,,,,,
matrix_transformer,supervised,10,fold_1,0,20,0.9,skipped,too few samples remain after confidence filtering,38378,0,0.0,0,0.0,,,,0.0,0.0,0.0,unit_payoff,unit_proxy,0.0,0.0,,,,,,
matrix_transformer,supervised,10,fold_1,0,20,0.95,skipped,too few samples remain after confidence filtering,38378,0,0.0,0,0.0,,,,0.0,0.0,0.0,unit_payoff,unit_proxy,0.0,0.0,,,,,,
matrix_transformer,supervised,10,fold_1,1,20,0.33,ok,,38378,38378,1.0,18782,0.4893949658658607,0.39048413153369116,0.2997821486585026,0.20429134277499733,-11108.0,-11108.0,0.4894077181645256,unit_payoff,unit_proxy,0.0,0.0,0.2086351555578717,0.5910677992599928,0.2002970451821356,0.44212830267340664,0.5106050341341394,0.04726666319245401
matrix_transformer,supervised,10,fold_1,1,20,0.35,ok,,38378,38353,0.9993485851268956,18760,0.4888217207775288,0.3905561494537585,0.29976403305462934,0.20426439232409382,-11096.0,-11096.0,0.4888344581389895,unit_payoff,unit_proxy,0.0,0.0,0.20864078429327562,0.5910619768988085,0.20029723880791594,0.44207754282585454,0.5108596459207885,0.04706281125335697
matrix_transformer,supervised,10,fold_1,1,20,0.4,ok,,38378,37439,0.9755328573661994,17853,0.4651883891813018,0.39576377574187344,0.29896173660545317,0.20584775667954966,-10503.0,-10503.0,0.4652005107225682,unit_payoff,unit_proxy,0.0,0.0,0.21020860599909186,0.5895456609417986,0.20024573305910948,0.43753839579048587,0.5231443147519966,0.039317289457517564
matrix_transformer,supervised,10,fold_1,1,20,0.45,ok,,38378,30521,0.7952733336807546,10940,0.28505914847047786,0.4449723141443596,0.30031822646030887,0.223308957952468,-6054.0,-6054.0,0.2850665763347838,unit_payoff,unit_proxy,0.0,0.0,0.2214213164706268,0.5822876052553979,0.1962910782739753,0.347891615608925,0.6415582713541496,0.010550113036925395
matrix_transformer,supervised,10,fold_1,1,20,0.5,ok,,38378,21788,0.5677210902079316,2211,0.057611131377351604,0.5412153478979255,0.29418013513691477,0.2971506105834464,-897.0,-897.0,0.057612632566380904,unit_payoff,unit_proxy,0.0,0.0,0.23081512759317055,0.5660455296493483,0.2031393427574812,0.09977969524508903,0.898522122269139,0.0016981824857719846
matrix_transformer,supervised,10,fold_1,1,20,0.55,ok,,38378,19726,0.5139923914742821,151,0.003934545833550472,0.5662577309135152,0.24651469471371715,0.24503311258278146,-77.0,-77.0,0.003934648357088882,unit_payoff,unit_proxy,0.0,0.0,0.22386697759302443,0.5682855115076548,0.2078475108993207,0.007401399168609956,0.9923451282571226,0.0002534725742674643
matrix_transformer,supervised,10,fold_1,1,20,0.6,ok,,38378,19517,0.5085465631351295,19,0.0004950753035593309,0.5697596966746938,0.24290680437188517,0.3157894736842105,-7.0,-7.0,0.0004950882038721109,unit_payoff,unit_proxy,0.0,0.0,0.22324127683557923,0.5697596966746938,0.2069990264897269,0.0009735102730952503,0.9990264897269048,0.0
matrix_transformer,supervised,10,fold_1,1,20,0.65,ok,,38378,11319,0.2949345979467403,0,0.0,0.6620726212562947,0.26556104821134324,,0.0,0.0,0.0,unit_payoff,unit_proxy,0.0,0.0,0.18703065641841152,0.6620726212562947,0.15089672232529375,0.0,1.0,0.0
matrix_transformer,supervised,10,fold_1,1,20,0.7,skipped,too few samples remain after confidence filtering,38378,0,0.0,0,0.0,,,,0.0,0.0,0.0,unit_payoff,unit_proxy,0.0,0.0,,,,,,
matrix_transformer,supervised,10,fold_1,1,20,0.75,skipped,too few samples remain after confidence filtering,38378,0,0.0,0,0.0,,,,0.0,0.0,0.0,unit_payoff,unit_proxy,0.0,0.0,,,,,,
matrix_transformer,supervised,10,fold_1,1,20,0.8,skipped,too few samples remain after confidence filtering,38378,0,0.0,0,0.0,,,,0.0,0.0,0.0,unit_payoff,unit_proxy,0.0,0.0,,,,,,
matrix_transformer,supervised,10,fold_1,1,20,0.85,skipped,too few samples remain after confidence filtering,38378,0,0.0,0,0.0,,,,0.0,0.0,0.0,unit_payoff,unit_proxy,0.0,0.0,,,,,,
matrix_transformer,supervised,10,fold_1,1,20,0.9,skipped,too few samples remain after confidence filtering,38378,0,0.0,0,0.0,,,,0.0,0.0,0.0,unit_payoff,unit_proxy,0.0,0.0,,,,,,
matrix_transformer,supervised,10,fold_1,1,20,0.95,skipped,too few samples remain after confidence filtering,38378,0,0.0,0,0.0,,,,0.0,0.0,0.0,unit_payoff,unit_proxy,0.0,0.0,,,,,,
matrix_transformer,supervised,10,fold_1,2,20,0.33,ok,,38378,38378,1.0,1063,0.027698160404398355,0.5858564802751577,0.2702190667849797,0.30103480714957664,-423.0,-423.0,0.027698882142950205,unit_payoff,unit_proxy,0.0,0.0,0.2086351555578717,0.5910677992599928,0.2002970451821356,0.02621293449372036,0.9723018395956017,0.0014852259106779926
matrix_transformer,supervised,10,fold_1,2,20,0.35,ok,,38378,38096,0.9926520402313825,1003,0.026134764708947836,0.5872795044099118,0.26979701302247616,0.3050847457627119,-391.0,-391.0,0.026135445709669854,unit_payoff,unit_proxy,0.0,0.0,0.20847333053338934,0.5922406551868963,0.1992860142797144,0.0250419991600168,0.9736717765644687,0.0012862242755144898
matrix_transformer,supervised,10,fold_1,2,20,0.4,ok,,38378,21160,0.5513575485955495,105,0.0027359424670384074,0.577882797731569,0.24789618517263226,0.23809523809523808,-55.0,-55.0,0.002736013758240613,unit_payoff,unit_proxy,0.0,0.0,0.21649338374291116,0.578875236294896,0.20463137996219283,0.0043005671077504725,0.9950378071833649,0.0006616257088846881
matrix_transformer,supervised,10,fold_1,2,20,0.45,ok,,38378,19602,0.5107613737036844,14,0.00036479232893845434,0.5685134169982655,0.24195086267918978,0.14285714285714285,-10.0,-10.0,0.0003648018344320817,unit_payoff,unit_proxy,0.0,0.0,0.22344658708295073,0.568870523415978,0.20768288950107133,0.0007142128354249566,0.9992857871645751,0.0
matrix_transformer,supervised,10,fold_1,2,20,0.5,ok,,38378,19590,0.5104486945645943,6,0.00015633956954505185,0.5686574783052578,0.24167480203926672,0.0,-6.0,-6.0,0.00015634364332803503,unit_payoff,unit_proxy,0.0,0.0,0.2234303215926493,0.5689637570188872,0.2076059213884635,0.00030627871362940275,0.9996937212863706,0.0
matrix_transformer,supervised,10,fold_1,2,20,0.55,ok,,38378,19579,0.5101620720204284,0,0.0,0.5688237397211298,0.2417198419933151,,0.0,0.0,0.0,unit_payoff,unit_proxy,0.0,0.0,0.22355585065631545,0.5688237397211298,0.2076204096225548,0.0,1.0,0.0
matrix_transformer,supervised,10,fold_1,2,20,0.6,ok,,38378,19512,0.5084162801605087,0,0.0,0.5697519475194752,0.241971116697683,,0.0,0.0,0.0,unit_payoff,unit_proxy,0.0,0.0,0.22309348093480935,0.5697519475194752,0.20715457154571545,0.0,1.0,0.0
matrix_transformer,supervised,10,fold_1,2,20,0.65,ok,,38378,13736,0.35791338787847204,0,0.0,0.6246359930110658,0.25631833661946585,,0.0,0.0,0.0,unit_payoff,unit_proxy,0.0,0.0,0.20195107746068724,0.6246359930110658,0.17341292952824694,0.0,1.0,0.0
matrix_transformer,supervised,10,fold_1,2,20,0.7,skipped,too few samples remain after confidence filtering,38378,0,0.0,0,0.0,,,,0.0,0.0,0.0,unit_payoff,unit_proxy,0.0,0.0,,,,,,
matrix_transformer,supervised,10,fold_1,2,20,0.75,skipped,too few samples remain after confidence filtering,38378,0,0.0,0,0.0,,,,0.0,0.0,0.0,unit_payoff,unit_proxy,0.0,0.0,,,,,,
matrix_transformer,supervised,10,fold_1,2,20,0.8,skipped,too few samples remain after confidence filtering,38378,0,0.0,0,0.0,,,,0.0,0.0,0.0,unit_payoff,unit_proxy,0.0,0.0,,,,,,
matrix_transformer,supervised,10,fold_1,2,20,0.85,skipped,too few samples remain after confidence filtering,38378,0,0.0,0,0.0,,,,0.0,0.0,0.0,unit_payoff,unit_proxy,0.0,0.0,,,,,,
matrix_transformer,supervised,10,fold_1,2,20,0.9,skipped,too few samples remain after confidence filtering,38378,0,0.0,0,0.0,,,,0.0,0.0,0.0,unit_payoff,unit_proxy,0.0,0.0,,,,,,
matrix_transformer,supervised,10,fold_1,2,20,0.95,skipped,too few samples remain after confidence filtering,38378,0,0.0,0,0.0,,,,0.0,0.0,0.0,unit_payoff,unit_proxy,0.0,0.0,,,,,,
matrix_transformer,supervised,10,fold_2,0,20,0.33,ok,,28516,28516,1.0,14617,0.5125894234815542,0.4070697152475803,0.30511031143670175,0.18683724430457685,-9155.0,-9155.0,0.5126073996142381,unit_payoff,unit_proxy,0.0,0.0,0.17463879927058493,0.6434282508065647,0.18193294992285033,0.043484359657736005,0.48741057651844577,0.4691050638238182
matrix_transformer,supervised,10,fold_2,0,20,0.35,ok,,28516,28512,0.9998597278720718,14614,0.5124842193856081,0.40709175084175087,0.3051320220786224,0.18687559874093335,-9152.0,-9152.0,0.512502191828862,unit_payoff,unit_proxy,0.0,0.0,0.17466329966329966,0.6434483726150393,0.18188832772166105,0.043420314253647584,0.4874438832772166,0.4691358024691358
matrix_transformer,supervised,10,fold_2,0,20,0.4,ok,,28516,27790,0.9745406087810352,13894,0.48723523635853555,0.4124145376034545,0.30172305460326454,0.18612350654958976,-8722.0,-8722.0,0.4872523233385937,unit_payoff,unit_proxy,0.0,0.0,0.17297589060813243,0.6454120187117668,0.18161209068010076,0.03188197193234977,0.5000359841669665,0.4680820439006837
matrix_transformer,supervised,10,fold_2,0,20,0.45,ok,,28516,24297,0.8520479730677515,10421,0.3654439612848927,0.443141128534387,0.2884477459171286,0.1821322329910757,-6625.0,-6625.0,0.3654567771348413,unit_payoff,unit_proxy,0.0,0.0,0.16524673828044614,0.6525908548380458,0.182162406881508,0.0034160595958348766,0.5710993126723464,0.4254846277318187
matrix_transformer,supervised,10,fold_2,0,20,0.5,ok,,28516,18402,0.6453219245335952,4579,0.16057651844578483,0.5291272687751332,0.30402707872842993,0.1950207468879668,-2793.0,-2793.0,0.16058214974574786,unit_payoff,unit_proxy,0.0,0.0,0.16802521465058146,0.6460710792305184,0.1859037061189001,0.0002173676774263667,0.7511683512661668,0.2486142810564069
matrix_transformer,supervised,10,fold_2,0,20,0.55,ok,,28516,14208,0.49824659840089774,561,0.019673165941927338,0.6272522522522522,0.284022204022204,0.2281639928698752,-305.0,-305.0,0.019673855865334034,unit_payoff,unit_proxy,0.0,0.0,0.17412725225225226,0.643651463963964,0.18222128378378377,0.0,0.9605152027027027,0.0394847972972973
matrix_transformer,supervised,10,fold_2,0,20,0.6,ok,,28516,13220,0.4635993828026371,23,0.0008065647355870388,0.6522692889561271,0.2643174578120384,0.17391304347826086,-15.0,-15.0,0.0008065930212169034,unit_payoff,unit_proxy,0.0,0.0,0.17299546142208774,0.6533282904689864,0.17367624810892587,0.0,0.9982602118003026,0.0017397881996974282
matrix_transformer,supervised,10,fold_2,0,20,0.65,ok,,28516,11853,0.41566138308318135,0,0.0,0.6725723445541213,0.26807902480033624,,0.0,0.0,0.0,unit_payoff,unit_proxy,0.0,0.0,0.16620264911836666,0.6725723445541213,0.16122500632751202,0.0,1.0,0.0
matrix_transformer,supervised,10,fold_2,0,20,0.7,ok,,28516,9509,0.3334619161172675,0,0.0,0.7040698285834472,0.27544639183740643,,0.0,0.0,0.0,unit_payoff,unit_proxy,0.0,0.0,0.15395940687769483,0.7040698285834472,0.14197076453885793,0.0,1.0,0.0
matrix_transformer,supervised,10,fold_2,0,20,0.75,ok,,28516,5926,0.20781315752559967,0,0.0,0.7716841039487007,0.29037686128837664,,0.0,0.0,0.0,unit_payoff,unit_proxy,0.0,0.0,0.12116098548768141,0.7716841039487007,0.10715491056361795,0.0,1.0,0.0
matrix_transformer,supervised,10,fold_2,0,20,0.8,ok,,28516,708,0.024828166643287977,0,0.0,0.9081920903954802,0.3172958302491981,,0.0,0.0,0.0,unit_payoff,unit_proxy,0.0,0.0,0.04943502824858757,0.9081920903954802,0.0423728813559322,0.0,1.0,0.0
matrix_transformer,supervised,10,fold_2,0,20,0.85,skipped,too few samples remain after confidence filtering,28516,0,0.0,0,0.0,,,,0.0,0.0,0.0,unit_payoff,unit_proxy,0.0,0.0,,,,,,
matrix_transformer,supervised,10,fold_2,0,20,0.9,skipped,too few samples remain after confidence filtering,28516,0,0.0,0,0.0,,,,0.0,0.0,0.0,unit_payoff,unit_proxy,0.0,0.0,,,,,,
matrix_transformer,supervised,10,fold_2,0,20,0.95,skipped,too few samples remain after confidence filtering,28516,0,0.0,0,0.0,,,,0.0,0.0,0.0,unit_payoff,unit_proxy,0.0,0.0,,,,,,
matrix_transformer,supervised,10,fold_2,1,20,0.33,ok,,28516,28516,1.0,14704,0.5156403422639921,0.4056669939682985,0.27994110567049885,0.18253536452665942,-9336.0,-9336.0,0.5156584253901455,unit_payoff,unit_proxy,0.0,0.0,0.17463879927058493,0.6434282508065647,0.18193294992285033,0.006803198204516763,0.48435965773600786,0.5088371440594753
matrix_transformer,supervised,10,fold_2,1,20,0.35,ok,,28516,28514,0.9999298639360359,14702,0.515570206200028,0.40569544785017886,0.27995515021457806,0.1825601958917154,-9334.0,-9334.0,0.5155882868665614,unit_payoff,unit_proxy,0.0,0.0,0.17465104860770148,0.643403240513432,0.18194571087886652,0.006733534404152346,0.48439363119870943,0.5088728343971383
matrix_transformer,supervised,10,fold_2,1,20,0.4,ok,,28516,28425,0.9968088090896339,14657,0.513992144760836,0.40619173262972735,0.28014248201101055,0.1827795592549635,-9299.0,-9299.0,0.5140101700859196,unit_payoff,unit_proxy,0.0,0.0,0.17463500439753737,0.6440809146877748,0.18128408091468778,0.006226912928759895,0.48436235708003517,0.509410729991205
matrix_transformer,supervised,10,fold_2,1,20,0.45,ok,,28516,27073,0.9493968298499088,13889,0.48705989619862533,0.41473054334576887,0.28000801949110515,0.18568651450788393,-8731.0,-8731.0,0.48707697702963354,unit_payoff,unit_proxy,0.0,0.0,0.17135153104569129,0.6478410224208622,0.1808074465334466,0.001181989435969416,0.4869796476193994,0.5118383629446311
matrix_transformer,supervised,10,fold_2,1,20,0.5,ok,,28516,21812,0.7649039135923692,10221,0.3584303548884837,0.4535576746744911,0.2967103124540536,0.1944036787007142,-6247.0,-6247.0,0.35844292477643347,unit_payoff,unit_proxy,0.0,0.0,0.16174582798459564,0.6609664404914726,0.1772877315239318,0.00018338529249954154,0.5314047313405464,0.468411883366954
matrix_transformer,supervised,10,fold_2,1,20,0.55,ok,,28516,13275,0.4655281245616496,3821,0.13399495020339458,0.5792843691148776,0.3391007325076795,0.22402512431300706,-2109.0,-2109.0,0.1339996493073821,unit_payoff,unit_proxy,0.0,0.0,0.14192090395480225,0.6913747645951036,0.16670433145009417,0.0,0.712165725047081,0.287834274952919
matrix_transformer,supervised,10,fold_2,1,20,0.6,ok,,28516,8002,0.28061439192032545,792,0.027773881329779773,0.7090727318170458,0.34757147507869285,0.24873737373737373,-398.0,-398.0,0.027774855339295107,unit_payoff,unit_proxy,0.0,0.0,0.12121969507623094,0.7438140464883779,0.13496625843539115,0.0,0.9010247438140465,0.09897525618595351
matrix_transformer,supervised,10,fold_2,1,20,0.65,ok,,28516,5348,0.18754383503997757,31,0.0010871089914434003,0.7974943904263276,0.3072597259768349,0.3225806451612903,-11.0,-11.0,0.0010871471155532175,unit_payoff,unit_proxy,0.0,0.0,0.09741959611069559,0.7978683620044876,0.10471204188481675,0.0,0.9942034405385191,0.005796559461480928
matrix_transformer,supervised,10,fold_2,1,20,0.7,ok,,28516,3848,0.13494178706690982,0,0.0,0.8414760914760915,0.3046382538338508,,0.0,0.0,0.0,unit_payoff,unit_proxy,0.0,0.0,0.08082120582120582,0.8414760914760915,0.0777027027027027,0.0,1.0,0.0
matrix_transformer,supervised,10,fold_2,1,20,0.75,ok,,28516,2361,0.08279562350960865,0,0.0,0.8809826344769166,0.31224198754034377,,0.0,0.0,0.0,unit_payoff,unit_proxy,0.0,0.0,0.05929690808979246,0.8809826344769166,0.05972045743329098,0.0,1.0,0.0
matrix_transformer,supervised,10,fold_2,1,20,0.8,ok,,28516,957,0.03356010660681723,0,0.0,0.9310344827586207,0.32142857142857145,,0.0,0.0,0.0,unit_payoff,unit_proxy,0.0,0.0,0.03970741901776385,0.9310344827586207,0.029258098223615466,0.0,1.0,0.0
matrix_transformer,supervised,10,fold_2,1,20,0.85,ok,,28516,309,0.010836021882451956,0,0.0,0.9514563106796117,0.3250414593698176,,0.0,0.0,0.0,unit_payoff,unit_proxy,0.0,0.0,0.02912621359223301,0.9514563106796117,0.019417475728155338,0.0,1.0,0.0
matrix_transformer,supervised,10,fold_2,1,20,0.9,skipped,too few samples remain after confidence filtering,28516,1,3.506803198204517e-05,0,0.0,,,,0.0,0.0,0.0,unit_payoff,unit_proxy,0.0,0.0,0.0,1.0,0.0,0.0,1.0,0.0
matrix_transformer,supervised,10,fold_2,1,20,0.95,skipped,too few samples remain after confidence filtering,28516,0,0.0,0,0.0,,,,0.0,0.0,0.0,unit_payoff,unit_proxy,0.0,0.0,,,,,,
matrix_transformer,supervised,10,fold_2,2,20,0.33,ok,,28516,28516,1.0,14620,0.5126946275775004,0.4086477766867723,0.30708054397660334,0.19008207934336524,-9062.0,-9062.0,0.5127126073996142,unit_payoff,unit_proxy,0.0,0.0,0.17463879927058493,0.6434282508065647,0.18193294992285033,0.04057371300322626,0.48730537242249966,0.4721209145742741
matrix_transformer,supervised,10,fold_2,2,20,0.35,ok,,28516,28516,1.0,14620,0.5126946275775004,0.4086477766867723,0.30708054397660334,0.19008207934336524,-9062.0,-9062.0,0.5127126073996142,unit_payoff,unit_proxy,0.0,0.0,0.17463879927058493,0.6434282508065647,0.18193294992285033,0.04057371300322626,0.48730537242249966,0.4721209145742741
matrix_transformer,supervised,10,fold_2,2,20,0.4,ok,,28516,28494,0.999228503296395,14600,0.5119932669378594,0.408717624763108,0.3069151568206376,0.18986301369863012,-9056.0,-9056.0,0.5120112221637735,unit_payoff,unit_proxy,0.0,0.0,0.1745981610163543,0.6436793710956693,0.1817224678879764,0.0403242787955359,0.48761142696708076,0.47206429423738333
matrix_transformer,supervised,10,fold_2,2,20,0.45,ok,,28516,27026,0.9477486323467527,13135,0.4606186000841633,0.41963294605194995,0.2979396164956081,0.18789493719071185,-8199.0,-8199.0,0.4606347536384359,unit_payoff,unit_proxy,0.0,0.0,0.17098349737290017,0.6454895286020869,0.18352697402501295,0.02146081551098942,0.5139865314881965,0.46455265300081405
matrix_transformer,supervised,10,fold_2,2,20,0.5,ok,,28516,21163,0.7421447608360219,7276,0.25515500070136066,0.4910456929546851,0.30685207288678623,0.20904343045629467,-4234.0,-4234.0,0.25516394879887777,unit_payoff,unit_proxy,0.0,0.0,0.16935217124226243,0.6385200585928271,0.19212777016491045,0.002173604876435288,0.6561924112838444,0.34163398383972027
matrix_transformer,supervised,10,fold_2,2,20,0.55,ok,,28516,15816,0.5546359938280264,1936,0.06789170991723945,0.5923115832068792,0.3146554568916852,0.25981404958677684,-930.0,-930.0,0.06789409082938803,unit_payoff,unit_proxy,0.0,0.0,0.17431714719271624,0.6329666160849773,0.19271623672230653,0.0,0.8775923115832068,0.12240768841679311
matrix_transformer,supervised,10,fold_2,2,20,0.6,ok,,28516,13872,0.48646373965493056,219,0.0076798990040678914,0.6386245674740484,0.2761913204249877,0.3059360730593607,-85.0,-85.0,0.0076801683324566015,unit_payoff,unit_proxy,0.0,0.0,0.17726355247981546,0.6422289504036909,0.18050749711649366,0.0,0.9842128027681661,0.01578719723183391
matrix_transformer,supervised,10,fold_2,2,20,0.65,ok,,28516,13124,0.4602328517323608,21,0.0007364286716229486,0.6490399268515696,0.2643852089354354,0.3333333333333333,-7.0,-7.0,0.0007364544976328248,unit_payoff,unit_proxy,0.0,0.0,0.175784821700701,0.6494209082596769,0.17479427003962206,0.0,0.9983998780859494,0.0016001219140505943
matrix_transformer,supervised,10,fold_2,2,20,0.7,ok,,28516,10760,0.377332024126806,0,0.0,0.6762081784386617,0.26894359429289566,,0.0,0.0,0.0,unit_payoff,unit_proxy,0.0,0.0,0.16737918215613382,0.6762081784386617,0.15641263940520447,0.0,1.0,0.0
matrix_transformer,supervised,10,fold_2,2,20,0.75,ok,,28516,4791,0.1680109412259784,0,0.0,0.7931538300981006,0.2948822411050324,,0.0,0.0,0.0,unit_payoff,unit_proxy,0.0,0.0,0.10707576706324358,0.7931538300981006,0.09977040283865582,0.0,1.0,0.0
matrix_transformer,supervised,10,fold_2,2,20,0.8,ok,,28516,32,0.0011221770234254454,0,0.0,1.0,0.3333333333333333,,0.0,0.0,0.0,unit_payoff,unit_proxy,0.0,0.0,0.0,1.0,0.0,0.0,1.0,0.0
matrix_transformer,supervised,10,fold_2,2,20,0.85,skipped,too few samples remain after confidence filtering,28516,0,0.0,0,0.0,,,,0.0,0.0,0.0,unit_payoff,unit_proxy,0.0,0.0,,,,,,
matrix_transformer,supervised,10,fold_2,2,20,0.9,skipped,too few samples remain after confidence filtering,28516,0,0.0,0,0.0,,,,0.0,0.0,0.0,unit_payoff,unit_proxy,0.0,0.0,,,,,,
matrix_transformer,supervised,10,fold_2,2,20,0.95,skipped,too few samples remain after confidence filtering,28516,0,0.0,0,0.0,,,,0.0,0.0,0.0,unit_payoff,unit_proxy,0.0,0.0,,,,,,
matrix_transformer,supervised,10,fold_3,0,20,0.33,ok,,37004,37004,1.0,11885,0.3211814938925522,0.49202788887687815,0.34708591171845377,0.23971392511569206,-6187.0,-6187.0,0.32119017376969433,unit_payoff,unit_proxy,0.0,0.0,0.19387093287212193,0.5982326235001622,0.20789644362771592,0.07847800237812129,0.6788185061074479,0.24270349151443088
matrix_transformer,supervised,10,fold_3,0,20,0.35,ok,,37004,35951,0.9715436169062804,11225,0.303345584261161,0.4952018024533393,0.3459088034003444,0.24160356347438752,-5801.0,-5801.0,0.3033537821257736,unit_payoff,unit_proxy,0.0,0.0,0.19395844343690022,0.59747990320158,0.20856165336151986,0.07220939612250007,0.6877694639926567,0.24002113988484325
matrix_transformer,supervised,10,fold_3,0,20,0.4,ok,,37004,26476,0.7154902172738082,6033,0.16303642849421685,0.5260235685148814,0.3329535782475269,0.24896403116194266,-3029.0,-3029.0,0.16304083452693025,unit_payoff,unit_proxy,0.0,0.0,0.2009744674422118,0.59404743919021,0.2049780933675782,0.034484061036410336,0.7721332527572141,0.19338268620637558
matrix_transformer,supervised,10,fold_3,0,20,0.45,ok,,37004,18057,0.487974273051562,2246,0.0606961409577343,0.5722434512931274,0.3174792424233103,0.280053428317008,-988.0,-988.0,0.06069778126097884,unit_payoff,unit_proxy,0.0,0.0,0.19748573960237026,0.6029794539513762,0.19953480644625354,0.0065348618264385,0.8756161045577893,0.11784903361577227
matrix_transformer,supervised,10,fold_3,0,20,0.5,ok,,37004,13212,0.3570424818938493,727,0.01964652470003243,0.6184529215864366,0.3062357536641572,0.33975240715268223,-233.0,-233.0,0.019647055644136963,unit_payoff,unit_proxy,0.0,0.0,0.1882379654859219,0.6235997577959431,0.18816227671813504,0.00037844383893430214,0.9449742658189525,0.05464729034211323
matrix_transformer,supervised,10,fold_3,0,20,0.55,ok,,37004,9544,0.2579180629121176,291,0.007864014701113394,0.6656538139145013,0.3054353000881644,0.37800687285223367,-71.0,-71.0,0.007864227224819609,unit_payoff,unit_proxy,0.0,0.0,0.16659681475272423,0.6651299245599329,0.16827326068734283,0.0,0.9695096395641241,0.030490360435875944
matrix_transformer,supervised,10,fold_3,0,20,0.6,ok,,37004,6636,0.1793319641119879,118,0.00318884444924873,0.7177516576250753,0.30789540278943306,0.3983050847457627,-24.0,-24.0,0.0031889306272464397,unit_payoff,unit_proxy,0.0,0.0,0.1383363471971067,0.7174502712477396,0.1442133815551537,0.0,0.982218203737191,0.01778179626280892
matrix_transformer,supervised,10,fold_3,0,20,0.65,ok,,37004,4490,0.12133823370446438,37,0.0009998919035779917,0.7721603563474387,0.3051868846190613,0.32432432432432434,-13.0,-13.0,0.0009999189254925277,unit_payoff,unit_proxy,0.0,0.0,0.11247216035634744,0.7732739420935412,0.11425389755011135,0.0,0.9917594654788419,0.00824053452115813
matrix_transformer,supervised,10,fold_3,0,20,0.7,ok,,37004,3084,0.0833423413685007,8,0.00021619284401686305,0.8236057068741893,0.3101608912082727,0.5,0.0,0.0,0.00021619868659297894,unit_payoff,unit_proxy,0.0,0.0,0.08365758754863813,0.8229571984435797,0.0933852140077821,0.0,0.9974059662775616,0.0025940337224383916
matrix_transformer,supervised,10,fold_3,0,20,0.75,ok,,37004,2311,0.06245270781537131,0,0.0,0.8628299437472955,0.3087882307394502,,0.0,0.0,0.0,unit_payoff,unit_proxy,0.0,0.0,0.06577239290350498,0.8628299437472955,0.07139766334919947,0.0,1.0,0.0
matrix_transformer,supervised,10,fold_3,0,20,0.8,ok,,37004,1615,0.04364393038590423,0,0.0,0.891640866873065,0.3142389525368249,,0.0,0.0,0.0,unit_payoff,unit_proxy,0.0,0.0,0.05263157894736842,0.891640866873065,0.05572755417956656,0.0,1.0,0.0
matrix_transformer,supervised,10,fold_3,0,20,0.85,ok,,37004,965,0.026078261809534105,0,0.0,0.938860103626943,0.3228220203099947,,0.0,0.0,0.0,unit_payoff,unit_proxy,0.0,0.0,0.022797927461139896,0.938860103626943,0.0383419689119171,0.0,1.0,0.0
matrix_transformer,supervised,10,fold_3,0,20,0.9,ok,,37004,230,0.006215544265484813,0,0.0,0.9826086956521739,0.3304093567251462,,0.0,0.0,0.0,unit_payoff,unit_proxy,0.0,0.0,0.013043478260869565,0.9826086956521739,0.004347826086956522,0.0,1.0,0.0
matrix_transformer,supervised,10,fold_3,0,20,0.95,skipped,too few samples remain after confidence filtering,37004,0,0.0,0,0.0,,,,0.0,0.0,0.0,unit_payoff,unit_proxy,0.0,0.0,,,,,,
matrix_transformer,supervised,10,fold_3,1,20,0.33,ok,,37004,37004,1.0,20095,0.5430494000648578,0.4051994378986056,0.3517878648668391,0.23155013684996267,-10789.0,-10789.0,0.543064075885739,unit_payoff,unit_proxy,0.0,0.0,0.19387093287212193,0.5982326235001622,0.20789644362771592,0.24456815479407631,0.45695059993514214,0.2984812452707815
matrix_transformer,supervised,10,fold_3,1,20,0.35,ok,,37004,36311,0.9812722948870393,19644,0.5308615284834072,0.4067362507229214,0.352365028897488,0.23141926287925066,-10552.0,-10552.0,0.5308758749290599,unit_payoff,unit_proxy,0.0,0.0,0.1931921456308006,0.599570378122332,0.20723747624686734,0.24342485748120404,0.45900691250585224,0.29756823001294375
matrix_transformer,supervised,10,fold_3,1,20,0.4,ok,,37004,28185,0.7616744135769106,14021,0.3789049832450546,0.42962568742238777,0.3587166844387226,0.2327936666428928,-7493.0,-7493.0,0.37891522309001974,unit_payoff,unit_proxy,0.0,0.0,0.18843356395245697,0.6083022884513039,0.20326414759623915,0.21685293595884336,0.5025368103601207,0.28061025368103604
matrix_transformer,supervised,10,fold_3,1,20,0.45,ok,,37004,19120,0.5167008972003027,7073,0.19114149821640905,0.4939330543933054,0.3670453800904392,0.2385126537537113,-3699.0,-3699.0,0.1911466637840175,unit_payoff,unit_proxy,0.0,0.0,0.1804916317991632,0.6231694560669456,0.1963389121338912,0.14597280334728033,0.6300732217573222,0.22395397489539748
matrix_transformer,supervised,10,fold_3,1,20,0.5,ok,,37004,12909,0.34885417792671064,2586,0.06988433682845098,0.5815322643117206,0.3535515182163307,0.24555297757153904,-1316.0,-1316.0,0.06988622544118045,unit_payoff,unit_proxy,0.0,0.0,0.16445890464017351,0.6477651251065148,0.18777597025331164,0.06042296072507553,0.7996746455960958,0.13990239367882873
matrix_transformer,supervised,10,fold_3,1,20,0.55,ok,,37004,9617,0.2598908226137715,716,0.019349259539509243,0.6642404076115213,0.32442087368980493,0.2569832402234637,-348.0,-348.0,0.019349782450071615,unit_payoff,unit_proxy,0.0,0.0,0.14609545596339815,0.6858687740459602,0.16803576999064157,0.014765519392742019,0.9255485078506811,0.059685972756576895
matrix_transformer,supervised,10,fold_3,1,20,0.6,ok,,37004,7480,0.20214030915576695,131,0.0035401578207761323,0.7244652406417113,0.3047064414053224,0.3435114503816794,-41.0,-41.0,0.00354025349296003,unit_payoff,unit_proxy,0.0,0.0,0.12540106951871657,0.7259358288770054,0.14866310160427806,0.0014705882352941176,0.9824866310160428,0.016042780748663103
matrix_transformer,supervised,10,fold_3,1,20,0.65,ok,,37004,5710,0.15430764241703598,12,0.0003242892660252946,0.7676007005253941,0.2922988711814459,0.25,-6.0,-6.0,0.00032429802988946844,unit_payoff,unit_proxy,0.0,0.0,0.10332749562171628,0.7677758318739054,0.12889667250437828,0.0,0.9978984238178634,0.0021015761821366026
matrix_transformer,supervised,10,fold_3,1,20,0.7,ok,,37004,4317,0.11666306345259972,2,5.404821100421576e-05,0.8061153578874218,0.2990068862795866,0.5,0.0,0.0,5.4049671648244736e-05,unit_payoff,unit_proxy,0.0,0.0,0.08640259439425527,0.8058837155432013,0.10771369006254343,0.0,0.999536715311559,0.000463284688441047
matrix_transformer,supervised,10,fold_3,1,20,0.75,ok,,37004,3141,0.08488271538212085,0,0.0,0.8385864374403056,0.3040692640692641,,0.0,0.0,0.0,unit_payoff,unit_proxy,0.0,0.0,0.07163323782234957,0.8385864374403056,0.08978032473734479,0.0,1.0,0.0
matrix_transformer,supervised,10,fold_3,1,20,0.8,ok,,37004,2238,0.06047994811371744,0,0.0,0.872207327971403,0.31058074781225137,,0.0,0.0,0.0,unit_payoff,unit_proxy,0.0,0.0,0.06032171581769437,0.872207327971403,0.06747095621090259,0.0,1.0,0.0
matrix_transformer,supervised,10,fold_3,1,20,0.85,ok,,37004,1374,0.03713112095989623,0,0.0,0.9141193595342066,0.31837769328263626,,0.0,0.0,0.0,unit_payoff,unit_proxy,0.0,0.0,0.03275109170305677,0.9141193595342066,0.05312954876273653,0.0,1.0,0.0
matrix_transformer,supervised,10,fold_3,1,20,0.9,ok,,37004,487,0.013160739379526538,0,0.0,0.9548254620123203,0.32563025210084034,,0.0,0.0,0.0,unit_payoff,unit_proxy,0.0,0.0,0.014373716632443531,0.9548254620123203,0.030800821355236138,0.0,1.0,0.0
matrix_transformer,supervised,10,fold_3,1,20,0.95,skipped,too few samples remain after confidence filtering,37004,0,0.0,0,0.0,,,,0.0,0.0,0.0,unit_payoff,unit_proxy,0.0,0.0,,,,,,
matrix_transformer,supervised,10,fold_3,2,20,0.33,ok,,37004,37004,1.0,22672,0.6126905199437899,0.36879796778726626,0.32837638605072733,0.22243295695130558,-12586.0,-12586.0,0.6127070778045023,unit_payoff,unit_proxy,0.0,0.0,0.19387093287212193,0.5982326235001622,0.20789644362771592,0.20459950275645877,0.38730948005621013,0.4080910171873311
matrix_transformer,supervised,10,fold_3,2,20,0.35,ok,,37004,36745,0.993000756674954,22502,0.6080964220084315,0.3693835896040278,0.32860156163272997,0.22251355435072437,-12488.0,-12488.0,0.6081128557144015,unit_payoff,unit_proxy,0.0,0.0,0.19327799700639542,0.5991291332154035,0.20759286977820113,0.20372839842155396,0.3876173629065179,0.4086542386719281
matrix_transformer,supervised,10,fold_3,2,20,0.4,ok,,37004,33245,0.8984163874175765,19879,0.5372121932764026,0.375575274477365,0.32822146539298735,0.21786810201720408,-11217.0,-11217.0,0.5372267113477286,unit_payoff,unit_proxy,0.0,0.0,0.1874567604151,0.6089035945254926,0.20363964505940743,0.19404421717551512,0.4020454203639645,0.40391036246052037
matrix_transformer,supervised,10,fold_3,2,20,0.45,ok,,37004,26819,0.7247594854610312,14612,0.39487622959680035,0.40508594653044483,0.3378249252182382,0.2179715302491103,-8242.0,-8242.0,0.394886901062076,unit_payoff,unit_proxy,0.0,0.0,0.18155039337782916,0.6195980461613035,0.1988515604608673,0.16011036951415042,0.4551623848763936,0.384727245609456
matrix_transformer,supervised,10,fold_3,2,20,0.5,ok,,37004,18507,0.5001351205275105,7625,0.20605880445357258,0.48197979143026964,0.35974986444346807,0.23462295081967213,-4047.0,-4047.0,0.20606437315893306,unit_payoff,unit_proxy,0.0,0.0,0.17069217053006971,0.6307343167450153,0.19857351272491489,0.10001621008267142,0.5879937321013671,0.3119900578159615
matrix_transformer,supervised,10,fold_3,2,20,0.55,ok,,37004,12483,0.3373419089828127,2968,0.08020754513025619,0.5757430104942722,0.3521613475718138,0.23551212938005392,-1570.0,-1570.0,0.08020971272599518,unit_payoff,unit_proxy,0.0,0.0,0.15116558519586637,0.6639429624289033,0.1848914523752303,0.03596891772811023,0.7622366418328927,0.20179444043899702
matrix_transformer,supervised,10,fold_3,2,20,0.6,ok,,37004,8844,0.2390011890606421,842,0.022754296832774835,0.6728855721393034,0.3294655816561064,0.23159144893111638,-452.0,-452.0,0.022754911763911034,unit_payoff,unit_proxy,0.0,0.0,0.12630031659882407,0.7113297150610584,0.1623699683401176,0.005201266395296246,0.9047942107643601,0.09000452284034374
matrix_transformer,supervised,10,fold_3,2,20,0.65,ok,,37004,6646,0.17960220516700898,117,0.003161820343746622,0.7433042431537767,0.3043188351148106,0.27350427350427353,-53.0,-53.0,0.003161905791422317,unit_payoff,unit_proxy,0.0,0.0,0.10803490821546795,0.7496238338850436,0.14234125789948843,0.0,0.9823954258200421,0.01760457417995787
matrix_transformer,supervised,10,fold_3,2,20,0.7,ok,,37004,5203,0.1406064209274673,4,0.00010809642200843153,0.779165865846627,0.2939863421292425,0.5,0.0,0.0,0.00010809934329648947,unit_payoff,unit_proxy,0.0,0.0,0.09629060157601384,0.779165865846627,0.12454353257735921,0.0,0.9992312127618681,0.000768787238131847
matrix_transformer,supervised,10,fold_3,2,20,0.75,ok,,37004,3991,0.10785320505891255,0,0.0,0.8133299924830869,0.29901893049606193,,0.0,0.0,0.0,unit_payoff,unit_proxy,0.0,0.0,0.0781758957654723,0.8133299924830869,0.10849411175144075,0.0,1.0,0.0
matrix_transformer,supervised,10,fold_3,2,20,0.8,ok,,37004,2832,0.07653226678196952,0,0.0,0.855225988700565,0.3073214059129552,,0.0,0.0,0.0,unit_payoff,unit_proxy,0.0,0.0,0.06320621468926553,0.855225988700565,0.0815677966101695,0.0,1.0,0.0
matrix_transformer,supervised,10,fold_3,2,20,0.85,ok,,37004,1826,0.04934601664684899,0,0.0,0.8953997809419496,0.31493787922565736,,0.0,0.0,0.0,unit_payoff,unit_proxy,0.0,0.0,0.040525739320920046,0.8953997809419496,0.06407447973713033,0.0,1.0,0.0
matrix_transformer,supervised,10,fold_3,2,20,0.9,ok,,37004,887,0.02397038158036969,0,0.0,0.9537767756482526,0.3254472013848817,,0.0,0.0,0.0,unit_payoff,unit_proxy,0.0,0.0,0.018038331454340473,0.9537767756482526,0.02818489289740699,0.0,1.0,0.0
matrix_transformer,supervised,10,fold_3,2,20,0.95,skipped,too few samples remain after confidence filtering,37004,0,0.0,0,0.0,,,,0.0,0.0,0.0,unit_payoff,unit_proxy,0.0,0.0,,,,,,
matrix_transformer,supervised,10,fold_4,0,20,0.33,ok,,34766,34766,1.0,19191,0.5520048323074268,0.40571247770810565,0.3623271782589143,0.24772028555051848,-9683.0,-9683.0,0.5520207104846828,unit_payoff,unit_proxy,0.0,0.0,0.2078467468216073,0.5832997756428695,0.20885347753552322,0.1693033423459702,0.4479951676925732,0.3827014899614566
matrix_transformer,supervised,10,fold_4,0,20,0.35,ok,,34766,33985,0.9775355232123338,18631,0.5358971408847725,0.4072679123142563,0.3625384701576391,0.24732971928506253,-9415.0,-9415.0,0.535912555731339,unit_payoff,unit_proxy,0.0,0.0,0.20656171840517876,0.5845225834927174,0.20891569810210386,0.16536707370898926,0.4517875533323525,0.3828453729586582
matrix_transformer,supervised,10,fold_4,0,20,0.4,ok,,34766,26473,0.7614623482712995,13118,0.3773226715756774,0.43731348921542706,0.3731948613033518,0.2536209788077451,-6464.0,-6464.0,0.3773335250970804,unit_payoff,unit_proxy,0.0,0.0,0.19378234427529936,0.5977788690363767,0.20843878668832394,0.12231330034374646,0.5044762588297511,0.37321044082650245
matrix_transformer,supervised,10,fold_4,0,20,0.45,ok,,34766,18173,0.5227233503998159,7275,0.20925616982108958,0.49804655257800035,0.383228899204516,0.2536082474226804,-3585.0,-3585.0,0.20926218898317273,unit_payoff,unit_proxy,0.0,0.0,0.16832663841963352,0.6336323116711605,0.19804104990920596,0.06889341330545315,0.5996808452099268,0.33142574148462006
matrix_transformer,supervised,10,fold_4,0,20,0.5,ok,,34766,11678,0.33590289363170917,3385,0.09736524190300869,0.5744990580578866,0.38197977851530407,0.258493353028065,-1635.0,-1635.0,0.09736804257155185,unit_payoff,unit_proxy,0.0,0.0,0.13889364617228978,0.6761431752012331,0.18496317862647713,0.02603185476965234,0.7101387223839699,0.2638294228463778
matrix_transformer,supervised,10,fold_4,0,20,0.55,ok,,34766,7230,0.20796180176034057,1209,0.03477535523212334,0.65850622406639,0.35161292943626976,0.24317617866004962,-621.0,-621.0,0.034776355529987056,unit_payoff,unit_proxy,0.0,0.0,0.11977869986168742,0.7226832641770401,0.15753803596127247,0.0019363762102351315,0.8327800829875519,0.165283540802213
matrix_transformer,supervised,10,fold_4,0,20,0.6,ok,,34766,4787,0.1376919979290111,412,0.011850658689524248,0.7376227282222686,0.35913257437496093,0.279126213592233,-182.0,-182.0,0.011850999568531568,unit_payoff,unit_proxy,0.0,0.0,0.10883643200334238,0.7666597033632755,0.12450386463338207,0.0,0.9139335700856487,0.08606642991435137
matrix_transformer,supervised,10,fold_4,0,20,0.65,ok,,34766,3241,0.09322326410861186,121,0.003480411896680665,0.7985189756248071,0.34326046299060153,0.2396694214876033,-63.0,-63.0,0.00348051200920466,unit_payoff,unit_proxy,0.0,0.0,0.09657513113236656,0.8136377661215675,0.08978710274606604,0.0,0.9626658438753471,0.037334156124652886
matrix_transformer,supervised,10,fold_4,0,20,0.7,ok,,34766,1843,0.05301156302134269,22,0.0006328021630328482,0.8469886055344547,0.33142752079529314,0.2727272727272727,-10.0,-10.0,0.0006328203653099382,unit_payoff,unit_proxy,0.0,0.0,0.07542051003798156,0.8524145415084102,0.07216494845360824,0.0,0.9880629408572978,0.011937059142702116
matrix_transformer,supervised,10,fold_4,0,20,0.75,ok,,34766,856,0.024621756888914458,0,0.0,0.905373831775701,0.316779072143879,,0.0,0.0,0.0,unit_payoff,unit_proxy,0.0,0.0,0.0514018691588785,0.905373831775701,0.04322429906542056,0.0,1.0,0.0
matrix_transformer,supervised,10,fold_4,0,20,0.8,ok,,34766,233,0.006701950181211528,0,0.0,0.9399141630901288,0.3230088495575221,,0.0,0.0,0.0,unit_payoff,unit_proxy,0.0,0.0,0.02575107296137339,0.9399141630901288,0.034334763948497854,0.0,1.0,0.0
matrix_transformer,supervised,10,fold_4,0,20,0.85,ok,,34766,4,0.00011505493873324512,0,0.0,1.0,0.3333333333333333,,0.0,0.0,0.0,unit_payoff,unit_proxy,0.0,0.0,0.0,1.0,0.0,0.0,1.0,0.0
matrix_transformer,supervised,10,fold_4,0,20,0.9,skipped,too few samples remain after confidence filtering,34766,0,0.0,0,0.0,,,,0.0,0.0,0.0,unit_payoff,unit_proxy,0.0,0.0,,,,,,
matrix_transformer,supervised,10,fold_4,0,20,0.95,skipped,too few samples remain after confidence filtering,34766,0,0.0,0,0.0,,,,0.0,0.0,0.0,unit_payoff,unit_proxy,0.0,0.0,,,,,,
matrix_transformer,supervised,10,fold_4,1,20,0.33,ok,,34766,34766,1.0,9535,0.27426221020537306,0.5058102744060289,0.3609170277907691,0.26334556895647615,-4513.0,-4513.0,0.2742700992377391,unit_payoff,unit_proxy,0.0,0.0,0.2078467468216073,0.5832997756428695,0.20885347753552322,0.10237013173790485,0.7257377897946269,0.1718920784674682
matrix_transformer,supervised,10,fold_4,1,20,0.35,ok,,34766,33818,0.972731979520221,8965,0.25786688143588565,0.5105269383168727,0.3606455122367356,0.2645844952593419,-4221.0,-4221.0,0.2578742988637998,unit_payoff,unit_proxy,0.0,0.0,0.2063989591341889,0.5856348690046721,0.20796617186113903,0.09613223727009285,0.7349044887338104,0.16896327399609676
matrix_transformer,supervised,10,fold_4,1,20,0.4,ok,,34766,22918,0.659207271472128,4167,0.11985848242535811,0.5609128196177677,0.3472812608950655,0.2548596112311015,-2043.0,-2043.0,0.1198619301021142,unit_payoff,unit_proxy,0.0,0.0,0.1809931058556593,0.6201239200628327,0.19888297408150798,0.052186054629548825,0.8181778514704598,0.12963609389999128
matrix_transformer,supervised,10,fold_4,1,20,0.45,ok,,34766,11706,0.3367082782028419,834,0.023988954725881608,0.6515462156159234,0.32089154886182214,0.24700239808153476,-422.0,-422.0,0.023989644757658565,unit_payoff,unit_proxy,0.0,0.0,0.15231505211002905,0.6771740987527763,0.1705108491371946,0.018622928412779773,0.9287544848795489,0.05262258670767128
matrix_transformer,supervised,10,fold_4,1,20,0.5,ok,,34766,6543,0.1882011160329057,70,0.0020134614278317898,0.7380406541341892,0.2901791054131996,0.12857142857142856,-52.0,-52.0,0.002013519344167985,unit_payoff,unit_proxy,0.0,0.0,0.1273116307504203,0.7443068928626012,0.12838147638697844,0.005502063273727648,0.9893015436344185,0.00519639309185389
matrix_transformer,supervised,10,fold_4,1,20,0.55,ok,,34766,4255,0.1223896910774895,0,0.0,0.7866039952996474,0.2935192493203543,,0.0,0.0,0.0,unit_payoff,unit_proxy,0.0,0.0,0.11515863689776733,0.7866039952996474,0.0982373678025852,0.0,1.0,0.0
matrix_transformer,supervised,10,fold_4,1,20,0.6,ok,,34766,2892,0.08318472070413623,0,0.0,0.8298755186721992,0.30234315948601664,,0.0,0.0,0.0,unit_payoff,unit_proxy,0.0,0.0,0.10131396957123098,0.8298755186721992,0.06881051175656985,0.0,1.0,0.0
matrix_transformer,supervised,10,fold_4,1,20,0.65,ok,,34766,1954,0.05620433757119024,0,0.0,0.8623336745138178,0.30869286434002013,,0.0,0.0,0.0,unit_payoff,unit_proxy,0.0,0.0,0.09007164790174002,0.8623336745138178,0.04759467758444217,0.0,1.0,0.0
matrix_transformer,supervised,10,fold_4,1,20,0.7,ok,,34766,1107,0.031841454294425586,0,0.0,0.8988256549232159,0.31557247066286076,,0.0,0.0,0.0,unit_payoff,unit_proxy,0.0,0.0,0.06413730803974707,0.8988256549232159,0.037037037037037035,0.0,1.0,0.0
matrix_transformer,supervised,10,fold_4,1,20,0.75,ok,,34766,514,0.014784559627222,0,0.0,0.9513618677042801,0.325024925224327,,0.0,0.0,0.0,unit_payoff,unit_proxy,0.0,0.0,0.033073929961089495,0.9513618677042801,0.01556420233463035,0.0,1.0,0.0
matrix_transformer,supervised,10,fold_4,1,20,0.8,ok,,34766,148,0.00425703273313007,0,0.0,0.9662162162162162,0.32760595647193586,,0.0,0.0,0.0,unit_payoff,unit_proxy,0.0,0.0,0.02702702702702703,0.9662162162162162,0.006756756756756757,0.0,1.0,0.0
matrix_transformer,supervised,10,fold_4,1,20,0.85,ok,,34766,9,0.0002588736121498015,0,0.0,1.0,0.3333333333333333,,0.0,0.0,0.0,unit_payoff,unit_proxy,0.0,0.0,0.0,1.0,0.0,0.0,1.0,0.0
matrix_transformer,supervised,10,fold_4,1,20,0.9,skipped,too few samples remain after confidence filtering,34766,0,0.0,0,0.0,,,,0.0,0.0,0.0,unit_payoff,unit_proxy,0.0,0.0,,,,,,
matrix_transformer,supervised,10,fold_4,1,20,0.95,skipped,too few samples remain after confidence filtering,34766,0,0.0,0,0.0,,,,0.0,0.0,0.0,unit_payoff,unit_proxy,0.0,0.0,,,,,,
matrix_transformer,supervised,10,fold_4,2,20,0.33,ok,,34766,34766,1.0,20632,0.5934533739860783,0.4105160214002186,0.37603976770457687,0.2562524234199302,-10058.0,-10058.0,0.5934704444124839,unit_payoff,unit_proxy,0.0,0.0,0.2078467468216073,0.5832997756428695,0.20885347753552322,0.175199907956049,0.40654662601392166,0.41825346603002933
matrix_transformer,supervised,10,fold_4,2,20,0.35,ok,,34766,34294,0.9864235172294771,20298,0.5838462866018523,0.4119379483291538,0.3769612687759252,0.2566262685978914,-9880.0,-9880.0,0.5838630806845966,unit_payoff,unit_proxy,0.0,0.0,0.20761649268093543,0.5844462588207849,0.20793724849827958,0.17259578935090686,0.4081180381407826,0.4192861725083105
matrix_transformer,supervised,10,fold_4,2,20,0.4,ok,,34766,27678,0.7961226485646896,15884,0.4568831617097164,0.42745140544837057,0.38403944961236863,0.2561067741123143,-7748.0,-7748.0,0.4568963037537753,unit_payoff,unit_proxy,0.0,0.0,0.19773827588698606,0.601416287303996,0.20084543680901798,0.13436664498879977,0.4261146036563335,0.4395187513548667
matrix_transformer,supervised,10,fold_4,2,20,0.45,ok,,34766,18902,0.5436921129839498,10064,0.2894782258528447,0.46164427044757167,0.38532973480044075,0.2504968203497615,-5022.0,-5022.0,0.28948655256723715,unit_payoff,unit_proxy,0.0,0.0,0.17363241984975136,0.6346418368426622,0.1917257433075865,0.07226748492223045,0.4675695693577399,0.46016294572002964
matrix_transformer,supervised,10,fold_4,2,20,0.5,ok,,34766,12105,0.3481850083414831,5671,0.16311913938905828,0.5119372160264354,0.3742832792312492,0.24334332569211778,-2911.0,-2911.0,0.16312383143966633,unit_payoff,unit_proxy,0.0,0.0,0.14432052870714582,0.6772408095828171,0.17843866171003717,0.025691862866584057,0.53151590251962,0.44279223461379597
matrix_transformer,supervised,10,fold_4,2,20,0.55,ok,,34766,7595,0.2184605649197492,2907,0.0836161767243859,0.5780118499012509,0.36972046483624815,0.24527003783969728,-1481.0,-1481.0,0.08361858190709047,unit_payoff,unit_proxy,0.0,0.0,0.12442396313364056,0.712442396313364,0.1631336405529954,0.00934825543120474,0.61724818959842,0.37340355497037525
matrix_transformer,supervised,10,fold_4,2,20,0.6,ok,,34766,4618,0.1328309267675315,1265,0.03638612437438877,0.6641403204850584,0.3883272473563131,0.25612648221343876,-617.0,-617.0,0.03638717100532144,unit_payoff,unit_proxy,0.0,0.0,0.10805543525335644,0.7518406236466003,0.14010394110004332,0.0073624945864010395,0.7260718925941966,0.26656561281940233
matrix_transformer,supervised,10,fold_4,2,20,0.65,ok,,34766,2755,0.07924408905252257,351,0.01009607087384226,0.785480943738657,0.4064189027598412,0.301994301994302,-139.0,-139.0,0.010096361282899468,unit_payoff,unit_proxy,0.0,0.0,0.0823956442831216,0.8137931034482758,0.10381125226860254,0.0003629764065335753,0.872595281306715,0.12704174228675136
matrix_transformer,supervised,10,fold_4,2,20,0.7,ok,,34766,1612,0.04636714030949778,61,0.001754587815681988,0.8821339950372209,0.40337690069053395,0.3442622950819672,-19.0,-19.0,0.0017546382856321013,unit_payoff,unit_proxy,0.0,0.0,0.05583126550868486,0.8852357320099256,0.05893300248138958,0.0,0.9621588089330024,0.03784119106699752
matrix_transformer,supervised,10,fold_4,2,20,0.75,ok,,34766,953,0.02741183915319565,9,0.0002588736121498015,0.9328436516264428,0.3381742463427897,0.1111111111111111,-7.0,-7.0,0.0002588810585358838,unit_payoff,unit_proxy,0.0,0.0,0.02728226652675761,0.9391395592864638,0.033578174186778595,0.0,0.9905561385099685,0.00944386149003148
matrix_transformer,supervised,10,fold_4,2,20,0.8,ok,,34766,546,0.01570499913708796,0,0.0,0.9560439560439561,0.32584269662921345,,0.0,0.0,0.0,unit_payoff,unit_proxy,0.0,0.0,0.01282051282051282,0.9560439560439561,0.031135531135531136,0.0,1.0,0.0
matrix_transformer,supervised,10,fold_4,2,20,0.85,ok,,34766,204,0.0058678018753955015,0,0.0,0.9803921568627451,0.33003300330033003,,0.0,0.0,0.0,unit_payoff,unit_proxy,0.0,0.0,0.0,0.9803921568627451,0.0196078431372549,0.0,1.0,0.0
matrix_transformer,supervised,10,fold_4,2,20,0.9,skipped,too few samples remain after confidence filtering,34766,0,0.0,0,0.0,,,,0.0,0.0,0.0,unit_payoff,unit_proxy,0.0,0.0,,,,,,
matrix_transformer,supervised,10,fold_4,2,20,0.95,skipped,too few samples remain after confidence filtering,34766,0,0.0,0,0.0,,,,0.0,0.0,0.0,unit_payoff,unit_proxy,0.0,0.0,,,,,,
matrix_transformer,supervised,10,fold_5,0,20,0.33,ok,,39133,39133,1.0,23385,0.5975774921421818,0.4831216620243784,0.4463728417241037,0.3075475732307034,-9001.0,-9001.0,0.5975927629561484,unit_payoff,unit_proxy,0.0,0.0,0.19290624281297114,0.6131398052794317,0.19395395190759718,0.2498147343674137,0.4024225078578182,0.3477627577747681
matrix_transformer,supervised,10,fold_5,0,20,0.35,ok,,39133,39010,0.9968568727161219,23299,0.5953798584315029,0.48344014355293513,0.44654659222941123,0.3075239280655822,-8969.0,-8969.0,0.5953950730859654,unit_payoff,unit_proxy,0.0,0.0,0.1927710843373494,0.6134580876698282,0.19377082799282236,0.2495513970776724,0.4027428864393745,0.34770571648295306
matrix_transformer,supervised,10,fold_5,0,20,0.4,ok,,39133,36964,0.9445736335062479,21753,0.5558735593999949,0.4923709555242939,0.4527556414255877,0.31043993931871466,-8247.0,-8247.0,0.5558877644894205,unit_payoff,unit_proxy,0.0,0.0,0.19094253868628935,0.6195216967860621,0.18953576452764853,0.24220863542906612,0.41150849475165024,0.34628286981928363
matrix_transformer,supervised,10,fold_5,0,20,0.45,ok,,39133,31388,0.8020851966371093,17112,0.43727800066440087,0.5249776984834968,0.47259957000506825,0.3209443665264142,-6128.0,-6128.0,0.4372891750996627,unit_payoff,unit_proxy,0.0,0.0,0.1796546450872945,0.6388110105772907,0.18153434433541482,0.21148209506817892,0.45482349942653244,0.33369440550528867
matrix_transformer,supervised,10,fold_5,0,20,0.5,ok,,39133,24220,0.6189149822400531,11378,0.29075205069889865,0.57766308835673,0.49898744253476873,0.3367024081560907,-3716.0,-3716.0,0.29075948073188185,unit_payoff,unit_proxy,0.0,0.0,0.1611478117258464,0.6690338563170933,0.16981833195706028,0.162056151940545,0.5302229562345169,0.30772089182493806
matrix_transformer,supervised,10,fold_5,0,20,0.55,ok,,39133,18327,0.4683259652978305,6928,0.17703728311144049,0.6405849293392263,0.5199667488284848,0.35147228637413397,-2058.0,-2058.0,0.17704180721660023,unit_payoff,unit_proxy,0.0,0.0,0.140175697058984,0.7062257870900857,0.15359851585093032,0.11556719594041578,0.6219785016642113,0.26245430239537293
matrix_transformer,supervised,10,fold_5,0,20,0.6,ok,,39133,13808,0.3528479799657578,3803,0.09718140699665244,0.7099507531865585,0.5322334978563077,0.36865632395477255,-999.0,-999.0,0.09718389042216088,unit_payoff,unit_proxy,0.0,0.0,0.11493337195828505,0.7507966396292005,0.13426998841251447,0.07155272305909617,0.7245799536500579,0.2038673232908459
matrix_transformer,supervised,10,fold_5,0,20,0.65,ok,,39133,10225,0.26128842664758645,1592,0.040681777527917615,0.788557457212714,0.5160638592533666,0.3787688442211055,-386.0,-386.0,0.040682817131759176,unit_payoff,unit_proxy,0.0,0.0,0.08860635696821516,0.8092909535452323,0.10210268948655257,0.034523227383863084,0.8443031784841076,0.12117359413202934
matrix_transformer,supervised,10,fold_5,0,20,0.7,ok,,39133,7728,0.19748038739682622,423,0.010809291390897707,0.8575310559006211,0.43191308879783413,0.37115839243498816,-109.0,-109.0,0.010809567617295308,unit_payoff,unit_proxy,0.0,0.0,0.06172360248447205,0.8656832298136646,0.07259316770186336,0.005175983436853002,0.9452639751552795,0.049560041407867496
matrix_transformer,supervised,10,fold_5,0,20,0.75,ok,,39133,6087,0.15554646973142872,66,0.0016865561035443232,0.900279283719402,0.3343911362213634,0.15151515151515152,-46.0,-46.0,0.0016865992026985587,unit_payoff,unit_proxy,0.0,0.0,0.044521110563495975,0.9068506653523903,0.048628224084113686,0.0,0.9891572203055693,0.010842779694430755
matrix_transformer,supervised,10,fold_5,0,20,0.8,ok,,39133,4569,0.11675567934990928,0,0.0,0.9306193915517619,0.32135434380077843,,0.0,0.0,0.0,unit_payoff,unit_proxy,0.0,0.0,0.03173560954256949,0.9306193915517619,0.037644998905668636,0.0,1.0,0.0
matrix_transformer,supervised,10,fold_5,0,20,0.85,ok,,39133,2611,0.06672118161142769,0,0.0,0.9517426273458445,0.3250915750915751,,0.0,0.0,0.0,unit_payoff,unit_proxy,0.0,0.0,0.02106472615855994,0.9517426273458445,0.02719264649559556,0.0,1.0,0.0
matrix_transformer,supervised,10,fold_5,0,20,0.9,ok,,39133,748,0.019114302506835663,0,0.0,0.982620320855615,0.33041132838840187,,0.0,0.0,0.0,unit_payoff,unit_proxy,0.0,0.0,0.009358288770053475,0.982620320855615,0.008021390374331552,0.0,1.0,0.0
matrix_transformer,supervised,10,fold_5,0,20,0.95,skipped,too few samples remain after confidence filtering,39133,0,0.0,0,0.0,,,,0.0,0.0,0.0,unit_payoff,unit_proxy,0.0,0.0,,,,,,
matrix_transformer,supervised,10,fold_5,1,20,0.33,ok,,39133,39133,1.0,7001,0.17890271637748192,0.5376025349449314,0.31700659527057506,0.208541636909013,-4081.0,-4081.0,0.17890728815291831,unit_payoff,unit_proxy,0.0,0.0,0.19290624281297114,0.6131398052794317,0.19395395190759718,0.03695091099583472,0.8210972836225181,0.1419518053816472
matrix_transformer,supervised,10,fold_5,1,20,0.35,ok,,39133,38871,0.9933048833465362,6859,0.17527406536682597,0.5392966478865993,0.3167645987333408,0.20877678961947807,-3995.0,-3995.0,0.175278544413779,unit_payoff,unit_proxy,0.0,0.0,0.19237992333616322,0.6139023951017468,0.19371768156209,0.03521905790949551,0.8235445447763113,0.1412363973141931
matrix_transformer,supervised,10,fold_5,1,20,0.4,ok,,39133,33324,0.8515575090077429,4873,0.12452405897835586,0.5658084263593807,0.3078587119256646,0.19659347424584445,-2957.0,-2957.0,0.12452724113257692,unit_payoff,unit_proxy,0.0,0.0,0.1788500780218461,0.6334173568599207,0.1877325651182331,0.01653462969631497,0.853769055335494,0.1296963149681911
matrix_transformer,supervised,10,fold_5,1,20,0.45,ok,,39133,24623,0.6292131960238162,2691,0.06876549203996626,0.6157251350363482,0.3068920199389679,0.18357487922705315,-1703.0,-1703.0,0.0687672493100276,unit_payoff,unit_proxy,0.0,0.0,0.16013483328595216,0.6703082483856557,0.16955691832839215,0.008041262234496202,0.8907119359948016,0.1012468017707022
matrix_transformer,supervised,10,fold_5,1,20,0.5,ok,,39133,17892,0.457210027342652,1286,0.03286229013875757,0.6771182651464341,0.30726317342672466,0.16018662519440124,-874.0,-874.0,0.032863129919247676,unit_payoff,unit_proxy,0.0,0.0,0.14090096132349653,0.7178068410462777,0.1412921976302258,0.0030181086519114686,0.928124301363738,0.06885758998435054
matrix_transformer,supervised,10,fold_5,1,20,0.55,ok,,39133,13797,0.3525668872818338,636,0.01625226790688166,0.7292889758643183,0.3044634977632031,0.1179245283018868,-486.0,-486.0,0.016252683226004292,unit_payoff,unit_proxy,0.0,0.0,0.12415742552728853,0.7603826918895412,0.11545988258317025,0.0007247952453431905,0.9539030223961731,0.045372182358483726
matrix_transformer,supervised,10,fold_5,1,20,0.6,ok,,39133,11491,0.2936396391792094,271,0.006925101576674418,0.7726916717431033,0.2998815885151206,0.07380073800738007,-231.0,-231.0,0.006925278544413779,unit_payoff,unit_proxy,0.0,0.0,0.10564789835523453,0.7916630406405013,0.10268906100426421,0.0,0.9764163258202071,0.02358367417979288
matrix_transformer,supervised,10,fold_5,1,20,0.65,ok,,39133,9818,0.2508879973423964,47,0.001201032376766412,0.8083112650234263,0.3029582831713347,0.14893617021276595,-33.0,-33.0,0.0012010630685883677,unit_payoff,unit_proxy,0.0,0.0,0.0973721735587696,0.8114687309024241,0.09115909553880627,0.0,0.9952128743124873,0.004787125687512731
matrix_transformer,supervised,10,fold_5,1,20,0.7,ok,,39133,8622,0.22032555643574478,0,0.0,0.8346091394108096,0.3032831795001475,,0.0,0.0,0.0,unit_payoff,unit_proxy,0.0,0.0,0.08501507770818835,0.8346091394108096,0.08037578288100208,0.0,1.0,0.0
matrix_transformer,supervised,10,fold_5,1,20,0.75,ok,,39133,7420,0.1896097922469527,0,0.0,0.8590296495956873,0.3080566429848726,,0.0,0.0,0.0,unit_payoff,unit_proxy,0.0,0.0,0.0725067385444744,0.8590296495956873,0.06846361185983828,0.0,1.0,0.0
matrix_transformer,supervised,10,fold_5,1,20,0.8,ok,,39133,6296,0.16088723072598574,0,0.0,0.8786531130876747,0.3118025025363544,,0.0,0.0,0.0,unit_payoff,unit_proxy,0.0,0.0,0.06257941550190597,0.8786531130876747,0.05876747141041931,0.0,1.0,0.0
matrix_transformer,supervised,10,fold_5,1,20,0.85,ok,,39133,4969,0.12697723149260215,0,0.0,0.8991748842825518,0.31563703154251,,0.0,0.0,0.0,unit_payoff,unit_proxy,0.0,0.0,0.05353189776615013,0.8991748842825518,0.047293217951298046,0.0,1.0,0.0
matrix_transformer,supervised,10,fold_5,1,20,0.9,ok,,39133,2937,0.07505174660772239,0,0.0,0.9254341164453525,0.32042440318302384,,0.0,0.0,0.0,unit_payoff,unit_proxy,0.0,0.0,0.03847463398025196,0.9254341164453525,0.03609124957439564,0.0,1.0,0.0
matrix_transformer,supervised,10,fold_5,1,20,0.95,skipped,too few samples remain after confidence filtering,39133,0,0.0,0,0.0,,,,0.0,0.0,0.0,unit_payoff,unit_proxy,0.0,0.0,,,,,,
matrix_transformer,supervised,10,fold_5,2,20,0.33,ok,,39133,39133,1.0,15424,0.394143050622237,0.5007793933508803,0.37601506431655335,0.2635503112033195,-7294.0,-7294.0,0.39415312276397835,unit_payoff,unit_proxy,0.0,0.0,0.19290624281297114,0.6131398052794317,0.19395395190759718,0.05333094830450004,0.605856949377763,0.34081210231773695
matrix_transformer,supervised,10,fold_5,2,20,0.35,ok,,39133,38878,0.9934837605090333,15254,0.38979889096159254,0.501723339677967,0.3752125620895193,0.2626851973252917,-7240.0,-7240.0,0.3898088520903608,unit_payoff,unit_proxy,0.0,0.0,0.19193374144760533,0.6145892278409383,0.19347703071145636,0.05190596224085601,0.6076444261536087,0.3404496116055353
matrix_transformer,supervised,10,fold_5,2,20,0.4,ok,,39133,35179,0.898959957069481,13090,0.3345002938696241,0.5155916882230877,0.3700454795676929,0.25630252100840334,-6380.0,-6380.0,0.33450884186854746,unit_payoff,unit_proxy,0.0,0.0,0.18164245714773017,0.6313709883737457,0.1869865544785241,0.036300065379914155,0.627903010318656,0.3357969243014298
matrix_transformer,supervised,10,fold_5,2,20,0.45,ok,,39133,28584,0.7304321161168323,9576,0.24470395829606725,0.5434858662188637,0.3619907095193489,0.24081035923141186,-4964.0,-4964.0,0.24471021159153633,unit_payoff,unit_proxy,0.0,0.0,0.161978729359082,0.6657570668905681,0.17226420375034984,0.020221102714805487,0.6649874055415617,0.3147914917436328
matrix_transformer,supervised,10,fold_5,2,20,0.5,ok,,39133,21639,0.5529604170393274,6016,0.15373214422610074,0.5895374093072693,0.35018436851355056,0.21858377659574468,-3386.0,-3386.0,0.15373607277931106,unit_payoff,unit_proxy,0.0,0.0,0.13923933638338185,0.7101067516983225,0.15065391191829566,0.007809972734414714,0.7219834557974029,0.27020657146818244
matrix_transformer,supervised,10,fold_5,2,20,0.55,ok,,39133,16603,0.42427107556282423,3544,0.09056295198425882,0.6395229777751009,0.3404679057616988,0.18284424379232506,-2248.0,-2248.0,0.09056526627823776,unit_payoff,unit_proxy,0.0,0.0,0.12353189182677829,0.7505270131903873,0.12594109498283443,0.002469433234957538,0.7865446003734264,0.210985966391616
matrix_transformer,supervised,10,fold_5,2,20,0.6,ok,,39133,13295,0.3397388393427542,1955,0.04995783609741139,0.6985332831891689,0.34030255279513016,0.16930946291560103,-1293.0,-1293.0,0.049959112746601246,unit_payoff,unit_proxy,0.0,0.0,0.11019180142910869,0.7804437758555848,0.10936442271530651,0.0004512974802557352,0.8529522376833396,0.14659646483640465
matrix_transformer,supervised,10,fold_5,2,20,0.65,ok,,39133,10988,0.2807860373597731,976,0.024940587228170597,0.7511831088460138,0.3250852449024455,0.11782786885245902,-746.0,-746.0,0.024941224573239294,unit_payoff,unit_proxy,0.0,0.0,0.0956497997815799,0.8120677102293411,0.092282489989079,0.0,0.9111758281761922,0.0888241718238078
matrix_transformer,supervised,10,fold_5,2,20,0.7,ok,,39133,9300,0.23765108731760917,505,0.012904709580149746,0.7964516129032259,0.3166886952624695,0.07524752475247524,-429.0,-429.0,0.012905039353981396,unit_payoff,unit_proxy,0.0,0.0,0.08376344086021506,0.8396774193548387,0.07655913978494623,0.0,0.9456989247311828,0.0543010752688172
matrix_transformer,supervised,10,fold_5,2,20,0.75,ok,,39133,7849,0.20057240691999081,166,0.00424194413921754,0.8449484010702,0.31534104577044747,0.060240963855421686,-146.0,-146.0,0.004242052540120617,unit_payoff,unit_proxy,0.0,0.0,0.07274812077971717,0.8625302586316729,0.06472162058861002,0.0,0.9788508090202573,0.021149190979742643
matrix_transformer,supervised,10,fold_5,2,20,0.8,ok,,39133,6547,0.1673012546955255,4,0.00010221552142692868,0.886971131816099,0.31344290610746767,0.0,-4.0,-4.0,0.00010221813349688235,unit_payoff,unit_proxy,0.0,0.0,0.059111043225905,0.887123873529861,0.053765083244234,0.0,0.9993890331449519,0.0006109668550481136
matrix_transformer,supervised,10,fold_5,2,20,0.85,ok,,39133,5148,0.1315513760764572,0,0.0,0.9131701631701632,0.31820489389785767,,0.0,0.0,0.0,unit_payoff,unit_proxy,0.0,0.0,0.04487179487179487,0.9131701631701632,0.04195804195804196,0.0,1.0,0.0
matrix_transformer,supervised,10,fold_5,2,20,0.9,ok,,39133,3304,0.08443002069864308,0,0.0,0.9458232445520581,0.32405247057603564,,0.0,0.0,0.0,unit_payoff,unit_proxy,0.0,0.0,0.025423728813559324,0.9458232445520581,0.02875302663438257,0.0,1.0,0.0
matrix_transformer,supervised,10,fold_5,2,20,0.95,skipped,too few samples remain after confidence filtering,39133,0,0.0,0,0.0,,,,0.0,0.0,0.0,unit_payoff,unit_proxy,0.0,0.0,,,,,,
matrix_transformer,supervised,20,fold_1,0,20,0.33,ok,,38378,38378,1.0,15080,0.39293345145656366,0.4070561259054667,0.3008972644269983,0.2740053050397878,-6816.0,-6816.0,0.392943690231128,unit_payoff,unit_proxy,0.0,0.0,0.26577726822658815,0.4813434780342905,0.25287925373912135,0.38266715305643856,0.6070665485434363,0.010266298400125072
matrix_transformer,supervised,20,fold_1,0,20,0.35,ok,,38378,38356,0.9994267549116681,15063,0.3924904893428527,0.4072374595891125,0.3010496448769518,0.2743145455752506,-6799.0,-6799.0,0.39250071657503194,unit_payoff,unit_proxy,0.0,0.0,0.2658775680467202,0.48115027635832724,0.25297215559495256,0.3824434247575347,0.6072843883616644,0.010272186880800917
matrix_transformer,supervised,20,fold_1,0,20,0.4,ok,,38378,23478,0.6117567356297879,3768,0.09818124967429256,0.4622199505920436,0.29991200276031044,0.3471337579617834,-1152.0,-1152.0,0.098183808010006,unit_payoff,unit_proxy,0.0,0.0,0.2814549791293977,0.47418860209557884,0.24435641877502343,0.14541272680807565,0.8395093278814209,0.01507794531050345
matrix_transformer,supervised,20,fold_1,0,20,0.45,ok,,38378,16367,0.4264682891239773,239,0.006227526186877899,0.5077289668234863,0.2415072723055115,0.42677824267782427,-35.0,-35.0,0.006227688459233395,unit_payoff,unit_proxy,0.0,0.0,0.2666340807722857,0.5046129406733061,0.22875297855440826,0.00195515366285819,0.9853974460805279,0.012647400256613919
matrix_transformer,supervised,20,fold_1,0,20,0.5,ok,,38378,1153,0.030043253947574133,100,0.002605659492417531,0.7458803122289679,0.4283265595908225,0.52,4.0,4.0,0.0026057273888005837,unit_payoff,unit_proxy,0.0,0.0,0.15871639202081528,0.7155247181266262,0.12575888985255854,0.0,0.9132697311361665,0.08673026886383348
matrix_transformer,supervised,20,fold_1,0,20,0.55,ok,,38378,22,0.0005732450883318568,22,0.0005732450883318568,0.5454545454545454,0.23529411764705885,0.5454545454545454,2.0,2.0,0.0005732600255361284,unit_payoff,unit_proxy,0.0,0.0,0.18181818181818182,0.2727272727272727,0.5454545454545454,0.0,0.0,1.0
matrix_transformer,supervised,20,fold_1,0,20,0.6,skipped,too few samples remain after confidence filtering,38378,1,2.6056594924175308e-05,1,2.6056594924175308e-05,,,1.0,1.0,1.0,2.6057273888005837e-05,unit_payoff,unit_proxy,0.0,0.0,0.0,0.0,1.0,0.0,0.0,1.0
matrix_transformer,supervised,20,fold_1,0,20,0.65,skipped,too few samples remain after confidence filtering,38378,0,0.0,0,0.0,,,,0.0,0.0,0.0,unit_payoff,unit_proxy,0.0,0.0,,,,,,
matrix_transformer,supervised,20,fold_1,0,20,0.7,skipped,too few samples remain after confidence filtering,38378,0,0.0,0,0.0,,,,0.0,0.0,0.0,unit_payoff,unit_proxy,0.0,0.0,,,,,,
matrix_transformer,supervised,20,fold_1,0,20,0.75,skipped,too few samples remain after confidence filtering,38378,0,0.0,0,0.0,,,,0.0,0.0,0.0,unit_payoff,unit_proxy,0.0,0.0,,,,,,
matrix_transformer,supervised,20,fold_1,0,20,0.8,skipped,too few samples remain after confidence filtering,38378,0,0.0,0,0.0,,,,0.0,0.0,0.0,unit_payoff,unit_proxy,0.0,0.0,,,,,,
matrix_transformer,supervised,20,fold_1,0,20,0.85,skipped,too few samples remain after confidence filtering,38378,0,0.0,0,0.0,,,,0.0,0.0,0.0,unit_payoff,unit_proxy,0.0,0.0,,,,,,
matrix_transformer,supervised,20,fold_1,0,20,0.9,skipped,too few samples remain after confidence filtering,38378,0,0.0,0,0.0,,,,0.0,0.0,0.0,unit_payoff,unit_proxy,0.0,0.0,,,,,,
matrix_transformer,supervised,20,fold_1,0,20,0.95,skipped,too few samples remain after confidence filtering,38378,0,0.0,0,0.0,,,,0.0,0.0,0.0,unit_payoff,unit_proxy,0.0,0.0,,,,,,
matrix_transformer,supervised,20,fold_1,1,20,0.33,ok,,38378,38378,1.0,18827,0.4905675126374485,0.38389181301787484,0.3503696282203564,0.2932490572050778,-7785.0,-7785.0,0.4905802954894859,unit_payoff,unit_proxy,0.0,0.0,0.26577726822658815,0.4813434780342905,0.25287925373912135,0.29519516389598205,0.5094324873625514,0.19537234874146647
matrix_transformer,supervised,20,fold_1,1,20,0.35,ok,,38378,38378,1.0,18827,0.4905675126374485,0.38389181301787484,0.3503696282203564,0.2932490572050778,-7785.0,-7785.0,0.4905802954894859,unit_payoff,unit_proxy,0.0,0.0,0.26577726822658815,0.4813434780342905,0.25287925373912135,0.29519516389598205,0.5094324873625514,0.19537234874146647
matrix_transformer,supervised,20,fold_1,1,20,0.4,ok,,38378,37495,0.9769920266819532,18134,0.47251029235499503,0.38823843179090545,0.35365244933944967,0.2983346200507334,-7314.0,-7314.0,0.4725226046850978,unit_payoff,unit_proxy,0.0,0.0,0.2674489931990932,0.47843712494999335,0.25411388185091344,0.29475930124016536,0.5163621816242165,0.1888785171356181
matrix_transformer,supervised,20,fold_1,1,20,0.45,ok,,38378,24626,0.6416697066027411,6863,0.17882641096461516,0.4539105010964022,0.359216209731354,0.3527611831560542,-2021.0,-2021.0,0.17883107069338405,unit_payoff,unit_proxy,0.0,0.0,0.2723544221554455,0.480955088118249,0.24669048972630553,0.17997238690814585,0.7213108097133112,0.09871680337854301
matrix_transformer,supervised,20,fold_1,1,20,0.5,ok,,38378,13062,0.3403512428995779,900,0.023450935431757778,0.5454754248966468,0.3056970524110169,0.4088888888888889,-164.0,-164.0,0.023451546499205254,unit_payoff,unit_proxy,0.0,0.0,0.24085132445261062,0.5437911499004746,0.2153575256469147,0.029168580615525953,0.9310978410656867,0.03973357831878732
matrix_transformer,supervised,20,fold_1,1,20,0.55,ok,,38378,1861,0.04849132315389025,96,0.0025014331127208296,0.7635679742074154,0.37796130166117686,0.34375,-30.0,-30.0,0.0025014982932485604,unit_payoff,unit_proxy,0.0,0.0,0.13917248790972594,0.7624932831810854,0.09833422890918861,0.02095647501343364,0.9484148307361634,0.03062869425040301
matrix_transformer,supervised,20,fold_1,1,20,0.6,ok,,38378,23,0.000599301683256032,23,0.000599301683256032,0.17391304347826086,0.15098039215686276,0.17391304347826086,-15.0,-15.0,0.0005993172994241343,unit_payoff,unit_proxy,0.0,0.0,0.2608695652173913,0.391304347826087,0.34782608695652173,0.6086956521739131,0.0,0.391304347826087
matrix_transformer,supervised,20,fold_1,1,20,0.65,skipped,too few samples remain after confidence filtering,38378,0,0.0,0,0.0,,,,0.0,0.0,0.0,unit_payoff,unit_proxy,0.0,0.0,,,,,,
matrix_transformer,supervised,20,fold_1,1,20,0.7,skipped,too few samples remain after confidence filtering,38378,0,0.0,0,0.0,,,,0.0,0.0,0.0,unit_payoff,unit_proxy,0.0,0.0,,,,,,
matrix_transformer,supervised,20,fold_1,1,20,0.75,skipped,too few samples remain after confidence filtering,38378,0,0.0,0,0.0,,,,0.0,0.0,0.0,unit_payoff,unit_proxy,0.0,0.0,,,,,,
matrix_transformer,supervised,20,fold_1,1,20,0.8,skipped,too few samples remain after confidence filtering,38378,0,0.0,0,0.0,,,,0.0,0.0,0.0,unit_payoff,unit_proxy,0.0,0.0,,,,,,
matrix_transformer,supervised,20,fold_1,1,20,0.85,skipped,too few samples remain after confidence filtering,38378,0,0.0,0,0.0,,,,0.0,0.0,0.0,unit_payoff,unit_proxy,0.0,0.0,,,,,,
matrix_transformer,supervised,20,fold_1,1,20,0.9,skipped,too few samples remain after confidence filtering,38378,0,0.0,0,0.0,,,,0.0,0.0,0.0,unit_payoff,unit_proxy,0.0,0.0,,,,,,
matrix_transformer,supervised,20,fold_1,1,20,0.95,skipped,too few samples remain after confidence filtering,38378,0,0.0,0,0.0,,,,0.0,0.0,0.0,unit_payoff,unit_proxy,0.0,0.0,,,,,,
matrix_transformer,supervised,20,fold_1,2,20,0.33,ok,,38378,38378,1.0,18213,0.4745687633540049,0.3982229402261712,0.362063627236223,0.3062647559435568,-7057.0,-7057.0,0.47458112932225033,unit_payoff,unit_proxy,0.0,0.0,0.26577726822658815,0.4813434780342905,0.25287925373912135,0.18969201104799624,0.5254312366459951,0.2848767523060087
matrix_transformer,supervised,20,fold_1,2,20,0.35,ok,,38378,35853,0.9342070978164574,15930,0.41508155714211264,0.40666053049953976,0.36454158628842076,0.3155681104833647,-5876.0,-5876.0,0.415092373035933,unit_payoff,unit_proxy,0.0,0.0,0.26580760326890357,0.4780074191838898,0.25618497754720665,0.1753270298161939,0.5556857166764287,0.26898725350737734
matrix_transformer,supervised,20,fold_1,2,20,0.4,ok,,38378,22760,0.5930481004742301,3394,0.088436083172651,0.459402460456942,0.3144424753249266,0.37949322333529756,-818.0,-818.0,0.08843838757589181,unit_payoff,unit_proxy,0.0,0.0,0.27807557117750437,0.46230228471001755,0.259622144112478,0.0757469244288225,0.8508787346221441,0.07337434094903339
matrix_transformer,supervised,20,fold_1,2,20,0.45,ok,,38378,19763,0.5149564854864767,532,0.013862108499661263,0.47224611648029147,0.23944009183322076,0.40789473684210525,-98.0,-98.0,0.013862469708419105,unit_payoff,unit_proxy,0.0,0.0,0.27875322572483935,0.46921014016090673,0.2520366341142539,0.015483479228862014,0.9730810099681223,0.011435510803015737
matrix_transformer,supervised,20,fold_1,2,20,0.5,ok,,38378,16661,0.43412892803168485,120,0.003126791390901037,0.4997299081687774,0.22943967495798598,0.375,-30.0,-30.0,0.0031268728665607005,unit_payoff,unit_proxy,0.0,0.0,0.26853130064221836,0.49852950003001023,0.23293919932777143,0.003181081567733029,0.9927975511673969,0.004021367264870056
matrix_transformer,supervised,20,fold_1,2,20,0.55,ok,,38378,93,0.0024232633279483036,64,0.0016676220751472197,0.5376344086021505,0.48278038198394996,0.328125,-22.0,-22.0,0.0016676655288323735,unit_payoff,unit_proxy,0.0,0.0,0.21505376344086022,0.4731182795698925,0.3118279569892473,0.24731182795698925,0.3118279569892473,0.44086021505376344
matrix_transformer,supervised,20,fold_1,2,20,0.6,ok,,38378,25,0.0006514148731043827,25,0.0006514148731043827,0.24,0.18326118326118324,0.24,-13.0,-13.0,0.0006514318472001459,unit_payoff,unit_proxy,0.0,0.0,0.24,0.28,0.48,0.6,0.0,0.4
matrix_transformer,supervised,20,fold_1,2,20,0.65,ok,,38378,10,0.0002605659492417531,10,0.0002605659492417531,0.0,0.0,0.0,-10.0,-10.0,0.00026057273888005836,unit_payoff,unit_proxy,0.0,0.0,0.0,0.6,0.4,1.0,0.0,0.0
matrix_transformer,supervised,20,fold_1,2,20,0.7,skipped,too few samples remain after confidence filtering,38378,0,0.0,0,0.0,,,,0.0,0.0,0.0,unit_payoff,unit_proxy,0.0,0.0,,,,,,
matrix_transformer,supervised,20,fold_1,2,20,0.75,skipped,too few samples remain after confidence filtering,38378,0,0.0,0,0.0,,,,0.0,0.0,0.0,unit_payoff,unit_proxy,0.0,0.0,,,,,,
matrix_transformer,supervised,20,fold_1,2,20,0.8,skipped,too few samples remain after confidence filtering,38378,0,0.0,0,0.0,,,,0.0,0.0,0.0,unit_payoff,unit_proxy,0.0,0.0,,,,,,
matrix_transformer,supervised,20,fold_1,2,20,0.85,skipped,too few samples remain after confidence filtering,38378,0,0.0,0,0.0,,,,0.0,0.0,0.0,unit_payoff,unit_proxy,0.0,0.0,,,,,,
matrix_transformer,supervised,20,fold_1,2,20,0.9,skipped,too few samples remain after confidence filtering,38378,0,0.0,0,0.0,,,,0.0,0.0,0.0,unit_payoff,unit_proxy,0.0,0.0,,,,,,
matrix_transformer,supervised,20,fold_1,2,20,0.95,skipped,too few samples remain after confidence filtering,38378,0,0.0,0,0.0,,,,0.0,0.0,0.0,unit_payoff,unit_proxy,0.0,0.0,,,,,,
matrix_transformer,supervised,20,fold_2,0,20,0.33,ok,,28516,28516,1.0,14929,0.5235306494599523,0.395953149109272,0.31834222242770377,0.25085404246768034,-7439.0,-7439.0,0.5235490092933544,unit_payoff,unit_proxy,0.0,0.0,0.22590826202833497,0.5399775564595315,0.23411418151213353,0.038504699116285596,0.4764693505400477,0.4850259503436667
matrix_transformer,supervised,20,fold_2,0,20,0.35,ok,,28516,28510,0.9997895918081078,14924,0.523355309300042,0.39596632760434936,0.31828521356139944,0.2508040739748057,-7438.0,-7438.0,0.5233736629843941,unit_payoff,unit_proxy,0.0,0.0,0.22588565415643633,0.5399859698351456,0.2341283760084181,0.038407576289021396,0.47653454928095407,0.48505787443002457
matrix_transformer,supervised,20,fold_2,0,20,0.4,ok,,28516,27871,0.9773811193715809,14345,0.5030509187824379,0.3993039359908148,0.315718026136671,0.25095852213314745,-7145.0,-7145.0,0.5030685604068035,unit_payoff,unit_proxy,0.0,0.0,0.22503677657780488,0.5409924294069104,0.2339707940152847,0.031071723296616553,0.4853073086720964,0.483620968031287
matrix_transformer,supervised,20,fold_2,0,20,0.45,ok,,28516,24520,0.8598681441997476,11475,0.4024056669939683,0.4186378466557912,0.30781632218649496,0.25333333333333335,-5661.0,-5661.0,0.40241977906365073,unit_payoff,unit_proxy,0.0,0.0,0.2172920065252855,0.5496329526916802,0.23307504078303426,0.009828711256117456,0.5320146818923328,0.45815660685154974
matrix_transformer,supervised,20,fold_2,0,20,0.5,ok,,28516,19367,0.6791625753962688,7072,0.24800112217702341,0.4646047400216864,0.32147555895496066,0.2717760180995475,-3228.0,-3228.0,0.24800981939330177,unit_payoff,unit_proxy,0.0,0.0,0.21077089895182527,0.556668559921516,0.23256054112665875,0.006041204110084164,0.6348427737904683,0.35911602209944754
matrix_transformer,supervised,20,fold_2,0,20,0.55,ok,,28516,12986,0.45539346331883857,2583,0.09058072660962267,0.5476667180040043,0.339968106829672,0.3221060782036392,-919.0,-919.0,0.09058390320883745,unit_payoff,unit_proxy,0.0,0.0,0.20036962883104883,0.5813183428307408,0.21831202833821037,0.005005390420452795,0.8010934852918528,0.19390112428769443
matrix_transformer,supervised,20,fold_2,0,20,0.6,ok,,28516,8849,0.3103170150091177,561,0.019673165941927338,0.6245903491919991,0.3244722667593778,0.39572192513368987,-117.0,-117.0,0.019673855865334034,unit_payoff,unit_proxy,0.0,0.0,0.18713978980675783,0.6269634987004181,0.18589671149282405,0.0028251779862131315,0.9366030059893773,0.06057181602440954
matrix_transformer,supervised,20,fold_2,0,20,0.65,ok,,28516,5917,0.20749754523776126,34,0.0011923130873895357,0.6912286631739057,0.28452550631287316,0.47058823529411764,-2.0,-2.0,0.0011923549009293355,unit_payoff,unit_proxy,0.0,0.0,0.16528646273449382,0.68987662666892,0.1448369105965861,0.0,0.9942538448538111,0.005746155146188947
matrix_transformer,supervised,20,fold_2,0,20,0.7,ok,,28516,2839,0.09955814279702623,0,0.0,0.7763296935540683,0.2913609623901117,,0.0,0.0,0.0,unit_payoff,unit_proxy,0.0,0.0,0.12081718915110955,0.7763296935540683,0.10285311729482212,0.0,1.0,0.0
matrix_transformer,supervised,20,fold_2,0,20,0.75,ok,,28516,631,0.0221279281806705,0,0.0,0.873217115689382,0.3107727016356458,,0.0,0.0,0.0,unit_payoff,unit_proxy,0.0,0.0,0.07448494453248812,0.873217115689382,0.05229793977812995,0.0,1.0,0.0
matrix_transformer,supervised,20,fold_2,0,20,0.8,ok,,28516,19,0.0006662926076588582,0,0.0,1.0,0.3333333333333333,,0.0,0.0,0.0,unit_payoff,unit_proxy,0.0,0.0,0.0,1.0,0.0,0.0,1.0,0.0
matrix_transformer,supervised,20,fold_2,0,20,0.85,skipped,too few samples remain after confidence filtering,28516,0,0.0,0,0.0,,,,0.0,0.0,0.0,unit_payoff,unit_proxy,0.0,0.0,,,,,,
matrix_transformer,supervised,20,fold_2,0,20,0.9,skipped,too few samples remain after confidence filtering,28516,0,0.0,0,0.0,,,,0.0,0.0,0.0,unit_payoff,unit_proxy,0.0,0.0,,,,,,
matrix_transformer,supervised,20,fold_2,0,20,0.95,skipped,too few samples remain after confidence filtering,28516,0,0.0,0,0.0,,,,0.0,0.0,0.0,unit_payoff,unit_proxy,0.0,0.0,,,,,,
matrix_transformer,supervised,20,fold_2,1,20,0.33,ok,,28516,28516,1.0,14705,0.5156754102959742,0.39132416888764204,0.29098920316599286,0.2416865011900714,-7597.0,-7597.0,0.5156934946519376,unit_payoff,unit_proxy,0.0,0.0,0.22590826202833497,0.5399775564595315,0.23411418151213353,0.007364286716229485,0.4843245897040258,0.5083111235797447
matrix_transformer,supervised,20,fold_2,1,20,0.35,ok,,28516,28516,1.0,14705,0.5156754102959742,0.39132416888764204,0.29098920316599286,0.2416865011900714,-7597.0,-7597.0,0.5156934946519376,unit_payoff,unit_proxy,0.0,0.0,0.22590826202833497,0.5399775564595315,0.23411418151213353,0.007364286716229485,0.4843245897040258,0.5083111235797447
matrix_transformer,supervised,20,fold_2,1,20,0.4,ok,,28516,28448,0.9976153738252209,14679,0.514763641464441,0.39134561304836896,0.2905244755698304,0.24122896655085496,-7597.0,-7597.0,0.5147816938453446,unit_payoff,unit_proxy,0.0,0.0,0.22581552305961755,0.5403894825646794,0.23379499437570303,0.007135826771653544,0.484005905511811,0.5088582677165354
matrix_transformer,supervised,20,fold_2,1,20,0.45,ok,,28516,27461,0.9630032262589423,14277,0.5006662926076588,0.39506937110811696,0.2894557913622132,0.24087693493030748,-7399.0,-7399.0,0.5006838506049448,unit_payoff,unit_proxy,0.0,0.0,0.22373547940715924,0.545464476894505,0.23080004369833582,0.0035686974254397143,0.48009904956119587,0.5163322530133644
matrix_transformer,supervised,20,fold_2,1,20,0.5,ok,,28516,23689,0.830726609622668,12111,0.424708935334549,0.4147072480898307,0.29821406038192033,0.25076376847494014,-6037.0,-6037.0,0.42472382956338767,unit_payoff,unit_proxy,0.0,0.0,0.21393895901051121,0.556418590907172,0.22964245008231668,8.44273713537929e-05,0.4887500527671071,0.5111655198615391
matrix_transformer,supervised,20,fold_2,1,20,0.55,ok,,28516,16734,0.5868284471875438,8017,0.2811404124000561,0.4619935460738616,0.3258484598653781,0.27529000873144566,-3603.0,-3603.0,0.28115027178677887,unit_payoff,unit_proxy,0.0,0.0,0.200848571770049,0.5734432891119876,0.22570813911796342,0.0,0.5209155013744472,0.47908449862555275
matrix_transformer,supervised,20,fold_2,1,20,0.6,ok,,28516,9536,0.3344087529807827,3627,0.12719175199887783,0.54435822147651,0.36239186393985157,0.3054866280672732,-1411.0,-1411.0,0.12719621251972646,unit_payoff,unit_proxy,0.0,0.0,0.17481124161073824,0.6157718120805369,0.20941694630872484,0.0,0.6196518456375839,0.3803481543624161
matrix_transformer,supervised,20,fold_2,1,20,0.65,ok,,28516,3977,0.13946556319259362,1192,0.04180109412259784,0.6404324867990948,0.40612808781086424,0.35822147651006714,-338.0,-338.0,0.04180256005611082,unit_payoff,unit_proxy,0.0,0.0,0.14156399295951722,0.6713603218506412,0.18707568518984158,0.0,0.70027659039477,0.2997234096052301
matrix_transformer,supervised,20,fold_2,1,20,0.7,ok,,28516,1426,0.05000701360639641,169,0.005926497404965633,0.7805049088359046,0.4525705830053656,0.5207100591715976,7.0,7.0,0.005926705242854638,unit_payoff,unit_proxy,0.0,0.0,0.10729312762973352,0.7531556802244039,0.13955119214586256,0.0,0.8814866760168303,0.1185133239831697
matrix_transformer,supervised,20,fold_2,1,20,0.75,ok,,28516,465,0.016306634871651002,0,0.0,0.8838709677419355,0.3127853881278539,,0.0,0.0,0.0,unit_payoff,unit_proxy,0.0,0.0,0.07096774193548387,0.8838709677419355,0.04516129032258064,0.0,1.0,0.0
matrix_transformer,supervised,20,fold_2,1,20,0.8,ok,,28516,86,0.0030158507504558845,0,0.0,0.8837209302325582,0.3127572016460905,,0.0,0.0,0.0,unit_payoff,unit_proxy,0.0,0.0,0.03488372093023256,0.8837209302325582,0.08139534883720931,0.0,1.0,0.0
matrix_transformer,supervised,20,fold_2,1,20,0.85,skipped,too few samples remain after confidence filtering,28516,0,0.0,0,0.0,,,,0.0,0.0,0.0,unit_payoff,unit_proxy,0.0,0.0,,,,,,
matrix_transformer,supervised,20,fold_2,1,20,0.9,skipped,too few samples remain after confidence filtering,28516,0,0.0,0,0.0,,,,0.0,0.0,0.0,unit_payoff,unit_proxy,0.0,0.0,,,,,,
matrix_transformer,supervised,20,fold_2,1,20,0.95,skipped,too few samples remain after confidence filtering,28516,0,0.0,0,0.0,,,,0.0,0.0,0.0,unit_payoff,unit_proxy,0.0,0.0,,,,,,
matrix_transformer,supervised,20,fold_2,2,20,0.33,ok,,28516,28516,1.0,14743,0.517007995511292,0.3899565156403423,0.28653055359771273,0.2395034931832056,-7681.0,-7681.0,0.5170261266000351,unit_payoff,unit_proxy,0.0,0.0,0.22590826202833497,0.5399775564595315,0.23411418151213353,0.004523776125683826,0.4829920044887081,0.5124842193856081
matrix_transformer,supervised,20,fold_2,2,20,0.35,ok,,28516,28516,1.0,14743,0.517007995511292,0.3899565156403423,0.28653055359771273,0.2395034931832056,-7681.0,-7681.0,0.5170261266000351,unit_payoff,unit_proxy,0.0,0.0,0.22590826202833497,0.5399775564595315,0.23411418151213353,0.004523776125683826,0.4829920044887081,0.5124842193856081
matrix_transformer,supervised,20,fold_2,2,20,0.4,ok,,28516,28423,0.9967386730256698,14695,0.5153247299761538,0.3900010554832354,0.2856856830263963,0.23926505614154475,-7663.0,-7663.0,0.5153428020340172,unit_payoff,unit_proxy,0.0,0.0,0.22608450902438165,0.5405481476269218,0.23336734334869647,0.0033423635787918236,0.4829891285226753,0.5136685078985329
matrix_transformer,supervised,20,fold_2,2,20,0.45,ok,,28516,28008,0.982185439753121,14561,0.5106256136905597,0.39153099114538703,0.28584159051091834,0.23975001716915048,-7579.0,-7579.0,0.5106435209538839,unit_payoff,unit_proxy,0.0,0.0,0.22539988574692946,0.5424521565267066,0.2321479577263639,0.001713796058269066,0.4801128249071694,0.5181733790345615
matrix_transformer,supervised,20,fold_2,2,20,0.5,ok,,28516,26459,0.9278650582129331,13880,0.48674428391078695,0.3971049548357837,0.2887190125353841,0.24121037463976946,-7184.0,-7184.0,0.48676135367350515,unit_payoff,unit_proxy,0.0,0.0,0.2221550323141464,0.549491666351714,0.2283533013341396,0.0008692694357307532,0.47541479269813675,0.5237159378661325
matrix_transformer,supervised,20,fold_2,2,20,0.55,ok,,28516,22245,0.7800883714405947,11322,0.3970402581007154,0.4214879748258035,0.3027376678492721,0.2560501678148737,-5524.0,-5524.0,0.3970541820094687,unit_payoff,unit_proxy,0.0,0.0,0.2126770060687795,0.5567992807372443,0.2305237131939762,0.0,0.4910316925151719,0.508968307484828
matrix_transformer,supervised,20,fold_2,2,20,0.6,ok,,28516,13813,0.4843947257679899,5620,0.19708233973909384,0.4980091218417433,0.3415888665722962,0.29644128113879004,-2288.0,-2288.0,0.19708925127126073,unit_payoff,unit_proxy,0.0,0.0,0.19445449938463766,0.5787301817128792,0.22681531890248316,0.0,0.5931369000217187,0.40686309997828135
matrix_transformer,supervised,20,fold_2,2,20,0.65,ok,,28516,5758,0.20192172815261608,1619,0.05677514377893113,0.6184439041333797,0.3940235832484129,0.3656578134651019,-435.0,-435.0,0.05677713484131159,unit_payoff,unit_proxy,0.0,0.0,0.15717262938520318,0.6344216741924279,0.2084056964223689,0.0,0.7188259812434873,0.28117401875651266
matrix_transformer,supervised,20,fold_2,2,20,0.7,ok,,28516,1280,0.04488708093701781,128,0.004488708093701782,0.77734375,0.42005970259947345,0.453125,-12.0,-12.0,0.004488865509381028,unit_payoff,unit_proxy,0.0,0.0,0.09453125,0.76875,0.13671875,0.0,0.9,0.1
matrix_transformer,supervised,20,fold_2,2,20,0.75,ok,,28516,165,0.005786225277037453,0,0.0,0.896969696969697,0.3152289669861555,,0.0,0.0,0.0,unit_payoff,unit_proxy,0.0,0.0,0.04242424242424243,0.896969696969697,0.06060606060606061,0.0,1.0,0.0
matrix_transformer,supervised,20,fold_2,2,20,0.8,skipped,too few samples remain after confidence filtering,28516,0,0.0,0,0.0,,,,0.0,0.0,0.0,unit_payoff,unit_proxy,0.0,0.0,,,,,,
matrix_transformer,supervised,20,fold_2,2,20,0.85,skipped,too few samples remain after confidence filtering,28516,0,0.0,0,0.0,,,,0.0,0.0,0.0,unit_payoff,unit_proxy,0.0,0.0,,,,,,
matrix_transformer,supervised,20,fold_2,2,20,0.9,skipped,too few samples remain after confidence filtering,28516,0,0.0,0,0.0,,,,0.0,0.0,0.0,unit_payoff,unit_proxy,0.0,0.0,,,,,,
matrix_transformer,supervised,20,fold_2,2,20,0.95,skipped,too few samples remain after confidence filtering,28516,0,0.0,0,0.0,,,,0.0,0.0,0.0,unit_payoff,unit_proxy,0.0,0.0,,,,,,
matrix_transformer,supervised,20,fold_3,0,20,0.33,ok,,37004,37004,1.0,25658,0.693384498973084,0.3983353151010702,0.3898009323075937,0.31814638709174525,-9332.0,-9332.0,0.6934032375753317,unit_payoff,unit_proxy,0.0,0.0,0.2503242892660253,0.4835693438547184,0.2661063668792563,0.29126580910171873,0.306615501026916,0.40211868987136523
matrix_transformer,supervised,20,fold_3,0,20,0.35,ok,,37004,35661,0.9637066263106692,24614,0.6651713328288834,0.4016152098931606,0.3922916352835502,0.3202242626147721,-8850.0,-8850.0,0.665189308974948,unit_payoff,unit_proxy,0.0,0.0,0.2498247385098567,0.48408625669498895,0.26608900479515435,0.2855500406606657,0.30977818905807464,0.4046717702812596
matrix_transformer,supervised,20,fold_3,0,20,0.4,ok,,37004,19551,0.5283482866717112,10627,0.2871851691709004,0.47480947266124496,0.4175799369828948,0.35993224804742635,-2977.0,-2977.0,0.2871929303029484,unit_payoff,unit_proxy,0.0,0.0,0.23635619661398394,0.4950130428111094,0.26863076057490665,0.11088946856938264,0.45644724055035546,0.4326632908802619
matrix_transformer,supervised,20,fold_3,0,20,0.45,ok,,37004,10190,0.2753756350664793,3622,0.09788131012863474,0.5657507360157017,0.39968979155765166,0.40254003313086695,-706.0,-706.0,0.09788395535497121,unit_payoff,unit_proxy,0.0,0.0,0.2014720314033366,0.5433758586849853,0.25515210991167814,0.0057899901864573115,0.6445534838076545,0.34965652600588815
matrix_transformer,supervised,20,fold_3,0,20,0.5,ok,,37004,6205,0.1676845746405794,1281,0.03461787914820019,0.6539887187751813,0.41460558476567716,0.45901639344262296,-105.0,-105.0,0.03461881469070075,unit_payoff,unit_proxy,0.0,0.0,0.17195809830781628,0.6109589041095891,0.2170829975825947,0.0,0.7935535858178888,0.2064464141821112
matrix_transformer,supervised,20,fold_3,0,20,0.55,ok,,37004,4317,0.11666306345259972,559,0.015106474975678305,0.7097521426916841,0.4056839561846523,0.4347048300536673,-73.0,-73.0,0.015106883225684403,unit_payoff,unit_proxy,0.0,0.0,0.1480194579569145,0.6810284920083391,0.17095205003474634,0.0,0.8705119295807273,0.12948807041927266
matrix_transformer,supervised,20,fold_3,0,20,0.6,ok,,37004,3015,0.08147767808885525,140,0.0037833747702951032,0.7628524046434494,0.3625570461312089,0.4142857142857143,-24.0,-24.0,0.003783477015377132,unit_payoff,unit_proxy,0.0,0.0,0.11475953565505805,0.7542288557213931,0.1310116086235489,0.0,0.9535655058043118,0.04643449419568822
matrix_transformer,supervised,20,fold_3,0,20,0.65,ok,,37004,2342,0.06329045508593666,10,0.0002702410550210788,0.798462852263023,0.31086095067197517,0.6,2.0,2.0,0.0002702483582412237,unit_payoff,unit_proxy,0.0,0.0,0.09222886421861656,0.7959009393680615,0.11187019641332195,0.0,0.9957301451750641,0.004269854824935952
matrix_transformer,supervised,20,fold_3,0,20,0.7,ok,,37004,1837,0.049643281807372173,0,0.0,0.8415895481763745,0.30466055769041284,,0.0,0.0,0.0,unit_payoff,unit_proxy,0.0,0.0,0.06477953184540011,0.8415895481763745,0.09363091997822537,0.0,1.0,0.0
matrix_transformer,supervised,20,fold_3,0,20,0.75,ok,,37004,1325,0.03580693979029294,0,0.0,0.8649056603773585,0.30918656414407125,,0.0,0.0,0.0,unit_payoff,unit_proxy,0.0,0.0,0.052830188679245285,0.8649056603773585,0.08226415094339623,0.0,1.0,0.0
matrix_transformer,supervised,20,fold_3,0,20,0.8,ok,,37004,938,0.02534861096097719,0,0.0,0.9093816631130064,0.31751349339289037,,0.0,0.0,0.0,unit_payoff,unit_proxy,0.0,0.0,0.03731343283582089,0.9093816631130064,0.053304904051172705,0.0,1.0,0.0
matrix_transformer,supervised,20,fold_3,0,20,0.85,ok,,37004,421,0.011377148416387418,0,0.0,0.9334916864608076,0.32186732186732187,,0.0,0.0,0.0,unit_payoff,unit_proxy,0.0,0.0,0.030878859857482184,0.9334916864608076,0.035629453681710214,0.0,1.0,0.0
matrix_transformer,supervised,20,fold_3,0,20,0.9,ok,,37004,15,0.0004053615825316182,0,0.0,1.0,0.3333333333333333,,0.0,0.0,0.0,unit_payoff,unit_proxy,0.0,0.0,0.0,1.0,0.0,0.0,1.0,0.0
matrix_transformer,supervised,20,fold_3,0,20,0.95,skipped,too few samples remain after confidence filtering,37004,0,0.0,0,0.0,,,,0.0,0.0,0.0,unit_payoff,unit_proxy,0.0,0.0,,,,,,
matrix_transformer,supervised,20,fold_3,1,20,0.33,ok,,37004,37004,1.0,27705,0.7487028429358988,0.4019565452383526,0.39883323239654467,0.32051976177585273,-9945.0,-9945.0,0.7487230765073102,unit_payoff,unit_proxy,0.0,0.0,0.2503242892660253,0.4835693438547184,0.2661063668792563,0.35679926494433034,0.25129715706410116,0.3919035779915685
matrix_transformer,supervised,20,fold_3,1,20,0.35,ok,,37004,36429,0.984461139336288,27317,0.738217490001081,0.4029482006094046,0.39984811299429673,0.32126514624592745,-9765.0,-9765.0,0.7382374402075508,unit_payoff,unit_proxy,0.0,0.0,0.2504323478547311,0.48381783743720663,0.26574981470806225,0.35699580004941117,0.2501303906228554,0.3928738093277334
matrix_transformer,supervised,20,fold_3,1,20,0.4,ok,,37004,27080,0.7318127769970814,19755,0.5338612041941412,0.4269940915805022,0.41867549132040177,0.3304986079473551,-6697.0,-6697.0,0.5338756317055374,unit_payoff,unit_proxy,0.0,0.0,0.24076809453471196,0.49346381093057606,0.26576809453471195,0.3215288035450517,0.27049483013293946,0.40797636632200884
matrix_transformer,supervised,20,fold_3,1,20,0.45,ok,,37004,15694,0.4241163117500811,10102,0.2729975137822938,0.4776347648782974,0.4435713557062115,0.34240744407048107,-3184.0,-3184.0,0.2730048914952842,unit_payoff,unit_proxy,0.0,0.0,0.21887345482349943,0.5235121702561488,0.2576143749203517,0.22683828214604307,0.3563145151013126,0.4168472027526443
matrix_transformer,supervised,20,fold_3,1,20,0.5,ok,,37004,8546,0.23094800562101395,4156,0.11231218246676035,0.5655277322724082,0.4636025991725316,0.3652550529355149,-1120.0,-1120.0,0.11231521768505257,unit_payoff,unit_proxy,0.0,0.0,0.1810203604025275,0.5817926515328808,0.23718698806459163,0.12029019424292066,0.5136906154926282,0.36601919026445123
matrix_transformer,supervised,20,fold_3,1,20,0.55,ok,,37004,4910,0.1326883580153497,1467,0.03964436277159226,0.6643584521384929,0.4577780804307328,0.4021813224267212,-287.0,-287.0,0.03964543415398752,unit_payoff,unit_proxy,0.0,0.0,0.15254582484725052,0.6492871690427698,0.19816700610997964,0.029531568228105907,0.7012219959266802,0.26924643584521385
matrix_transformer,supervised,20,fold_3,1,20,0.6,ok,,37004,3297,0.08909847584044968,543,0.01467408928764458,0.7376402790415529,0.43149171950842696,0.42173112338858193,-85.0,-85.0,0.014674485852498446,unit_payoff,unit_proxy,0.0,0.0,0.1267819229602669,0.7142857142857143,0.1589323627540188,0.0021231422505307855,0.835304822565969,0.16257203518350016
matrix_transformer,supervised,20,fold_3,1,20,0.65,ok,,37004,2368,0.06399308182899147,250,0.00675602637552697,0.7909628378378378,0.43143764372303517,0.44,-30.0,-30.0,0.006756208956030592,unit_payoff,unit_proxy,0.0,0.0,0.10641891891891891,0.7652027027027027,0.12837837837837837,0.0,0.8944256756756757,0.10557432432432433
matrix_transformer,supervised,20,fold_3,1,20,0.7,ok,,37004,1740,0.047021943573667714,95,0.0025672900227002486,0.8235632183908046,0.4006008997683373,0.42105263157894735,-15.0,-15.0,0.002567359403291625,unit_payoff,unit_proxy,0.0,0.0,0.08563218390804597,0.8103448275862069,0.10402298850574712,0.0,0.9454022988505747,0.05459770114942529
matrix_transformer,supervised,20,fold_3,1,20,0.75,ok,,37004,1205,0.03256404713004,3,8.107231650632364e-05,0.8846473029045643,0.32170915504248837,0.3333333333333333,-1.0,-1.0,8.107450747236711e-05,unit_payoff,unit_proxy,0.0,0.0,0.05394190871369295,0.8846473029045643,0.061410788381742736,0.0,0.9975103734439834,0.0024896265560165973
matrix_transformer,supervised,20,fold_3,1,20,0.8,ok,,37004,839,0.022673224516268513,0,0.0,0.9129916567342073,0.3181723779854621,,0.0,0.0,0.0,unit_payoff,unit_proxy,0.0,0.0,0.03933253873659118,0.9129916567342073,0.04767580452920143,0.0,1.0,0.0
matrix_transformer,supervised,20,fold_3,1,20,0.85,ok,,37004,347,0.009377364609231435,0,0.0,0.9654178674351584,0.32746823069403713,,0.0,0.0,0.0,unit_payoff,unit_proxy,0.0,0.0,0.011527377521613832,0.9654178674351584,0.023054755043227664,0.0,1.0,0.0
matrix_transformer,supervised,20,fold_3,1,20,0.9,ok,,37004,15,0.0004053615825316182,0,0.0,1.0,0.3333333333333333,,0.0,0.0,0.0,unit_payoff,unit_proxy,0.0,0.0,0.0,1.0,0.0,0.0,1.0,0.0
matrix_transformer,supervised,20,fold_3,1,20,0.95,skipped,too few samples remain after confidence filtering,37004,0,0.0,0,0.0,,,,0.0,0.0,0.0,unit_payoff,unit_proxy,0.0,0.0,,,,,,
matrix_transformer,supervised,20,fold_3,2,20,0.33,ok,,37004,37004,1.0,26840,0.7253269916765755,0.37952653767160305,0.36662432613955737,0.30923994038748137,-10240.0,-10240.0,0.7253465935194444,unit_payoff,unit_proxy,0.0,0.0,0.2503242892660253,0.4835693438547184,0.2661063668792563,0.22708355853421253,0.2746730083234245,0.49824343314236297
matrix_transformer,supervised,20,fold_3,2,20,0.35,ok,,37004,36637,0.9900821532807265,26583,0.7183817965625338,0.38005295193383737,0.36688644831130524,0.308881616070421,-10161.0,-10161.0,0.718401210712645,unit_payoff,unit_proxy,0.0,0.0,0.24961104893959657,0.4850015012146191,0.26538744984578433,0.2256462046564948,0.27442203237164614,0.49993176297185904
matrix_transformer,supervised,20,fold_3,2,20,0.4,ok,,37004,31465,0.8503134796238244,22785,0.6157442438655281,0.3845542666454791,0.3660924713557254,0.3046302391924512,-8903.0,-8903.0,0.6157608842526282,unit_payoff,unit_proxy,0.0,0.0,0.23708882885746066,0.501541395201017,0.26136977594152233,0.20883521372954075,0.27586206896551724,0.515302717304942
matrix_transformer,supervised,20,fold_3,2,20,0.45,ok,,37004,23238,0.6279861636579829,16381,0.4426818722300292,0.40106721748859625,0.37198365217338497,0.304254929491484,-6413.0,-6413.0,0.4426938356349485,unit_payoff,unit_proxy,0.0,0.0,0.22506239779671228,0.5144590756519494,0.26047852655133835,0.17264824855839572,0.29507702900421723,0.532274722437387
matrix_transformer,supervised,20,fold_3,2,20,0.5,ok,,37004,14061,0.3799859474651389,8652,0.23381256080423737,0.45700874759974397,0.3973287381751816,0.3150716597318539,-3200.0,-3200.0,0.23381887955030672,unit_payoff,unit_proxy,0.0,0.0,0.20738212075954768,0.5437024393713107,0.2489154398691416,0.11336320318611763,0.38468103264348197,0.5019557641704004
matrix_transformer,supervised,20,fold_3,2,20,0.55,ok,,37004,8100,0.21889525456707384,3944,0.10658307210031348,0.5264197530864198,0.41382657157145597,0.3199797160243408,-1420.0,-1420.0,0.10658595249033861,unit_payoff,unit_proxy,0.0,0.0,0.17728395061728394,0.5961728395061728,0.22654320987654322,0.06790123456790123,0.5130864197530864,0.41901234567901235
matrix_transformer,supervised,20,fold_3,2,20,0.6,ok,,37004,4531,0.1224462220300508,1282,0.0346449032537023,0.6367247848157139,0.4087299471701968,0.30265210608424337,-506.0,-506.0,0.03464583952652488,unit_payoff,unit_proxy,0.0,0.0,0.13506952107702494,0.6938865592584419,0.17104391966453322,0.022732288677996027,0.7170602516000882,0.26020745972191567
matrix_transformer,supervised,20,fold_3,2,20,0.65,ok,,37004,2700,0.07296508485569128,164,0.0044319533023456925,0.7822222222222223,0.3836182864746928,0.39634146341463417,-34.0,-34.0,0.004432073075156069,unit_payoff,unit_proxy,0.0,0.0,0.08925925925925926,0.7877777777777778,0.12296296296296297,0.001851851851851852,0.9392592592592592,0.058888888888888886
matrix_transformer,supervised,20,fold_3,2,20,0.7,ok,,37004,2032,0.054912982380283214,2,5.404821100421576e-05,0.8297244094488189,0.30894632920481063,1.0,2.0,2.0,5.4049671648244736e-05,unit_payoff,unit_proxy,0.0,0.0,0.07381889763779527,0.8287401574803149,0.09744094488188976,0.0,0.9990157480314961,0.000984251968503937
matrix_transformer,supervised,20,fold_3,2,20,0.75,ok,,37004,1526,0.041238784996216624,0,0.0,0.8492791612057667,0.30616583982990786,,0.0,0.0,0.0,unit_payoff,unit_proxy,0.0,0.0,0.05963302752293578,0.8492791612057667,0.0910878112712975,0.0,1.0,0.0
matrix_transformer,supervised,20,fold_3,2,20,0.8,ok,,37004,1005,0.02715922602961842,0,0.0,0.900497512437811,0.3158813263525305,,0.0,0.0,0.0,unit_payoff,unit_proxy,0.0,0.0,0.03980099502487562,0.900497512437811,0.05970149253731343,0.0,1.0,0.0
matrix_transformer,supervised,20,fold_3,2,20,0.85,ok,,37004,374,0.010107015457788348,0,0.0,0.9411764705882353,0.32323232323232326,,0.0,0.0,0.0,unit_payoff,unit_proxy,0.0,0.0,0.0213903743315508,0.9411764705882353,0.0374331550802139,0.0,1.0,0.0
matrix_transformer,supervised,20,fold_3,2,20,0.9,skipped,too few samples remain after confidence filtering,37004,0,0.0,0,0.0,,,,0.0,0.0,0.0,unit_payoff,unit_proxy,0.0,0.0,,,,,,
matrix_transformer,supervised,20,fold_3,2,20,0.95,skipped,too few samples remain after confidence filtering,37004,0,0.0,0,0.0,,,,0.0,0.0,0.0,unit_payoff,unit_proxy,0.0,0.0,,,,,,
matrix_transformer,supervised,20,fold_4,0,20,0.33,ok,,34766,34766,1.0,25044,0.7203589714088477,0.40781223033998737,0.406204218698456,0.34191822392589044,-7918.0,-7918.0,0.720379692219186,unit_payoff,unit_proxy,0.0,0.0,0.26721509520796183,0.4648219524823103,0.2679629523097279,0.3064488293159984,0.27964102859115225,0.4139101420928493
matrix_transformer,supervised,20,fold_4,0,20,0.35,ok,,34766,34181,0.9831732152102629,24640,0.70873842259679,0.4094965039056786,0.4078800441637045,0.3431006493506494,-7732.0,-7732.0,0.7087588091471307,unit_payoff,unit_proxy,0.0,0.0,0.2669904332816477,0.46476112460138674,0.2682484421169656,0.30633977940961354,0.2791316813434364,0.41452853924695005
matrix_transformer,supervised,20,fold_4,0,20,0.4,ok,,34766,25608,0.7365817177702353,17917,0.5153598343208883,0.4307638238050609,0.42739856399626586,0.3556398950717196,-5173.0,-5173.0,0.5153746584208255,unit_payoff,unit_proxy,0.0,0.0,0.2621836925960637,0.4726257419556389,0.2651905654482974,0.30506091846298033,0.3003358325523274,0.3946032489846923
matrix_transformer,supervised,20,fold_4,0,20,0.45,ok,,34766,14911,0.4288960478628545,9413,0.27075303457400907,0.46589765944604655,0.4495859564737568,0.3521725273557845,-2783.0,-2783.0,0.2707608226664749,unit_payoff,unit_proxy,0.0,0.0,0.25115686406008986,0.5122392864328348,0.2366038495070753,0.28945074106364427,0.36872107839849777,0.34182818053785796
matrix_transformer,supervised,20,fold_4,0,20,0.5,ok,,34766,7931,0.22812517977334176,4000,0.11505493873324513,0.5343588450384567,0.4792304504166322,0.357,-1144.0,-1144.0,0.11505824823817057,unit_payoff,unit_proxy,0.0,0.0,0.22847055856764595,0.566763333753625,0.20476610767872905,0.2133400580002522,0.4956499810868743,0.2910099609128735
matrix_transformer,supervised,20,fold_4,0,20,0.55,ok,,34766,4496,0.1293217511361675,1472,0.042340217453834206,0.6278914590747331,0.4896918323252033,0.36684782608695654,-392.0,-392.0,0.04234143535164677,unit_payoff,unit_proxy,0.0,0.0,0.18416370106761565,0.6516903914590747,0.16414590747330962,0.09853202846975088,0.6725978647686833,0.22887010676156583
matrix_transformer,supervised,20,fold_4,0,20,0.6,ok,,34766,2981,0.08574469309095092,520,0.014957142035321867,0.7044615900704462,0.4276710009509224,0.3423076923076923,-164.0,-164.0,0.014957572270962175,unit_payoff,unit_proxy,0.0,0.0,0.14290506541429052,0.7329755115732975,0.12411942301241194,0.010734652801073465,0.8255618919825561,0.16370345521637034
matrix_transformer,supervised,20,fold_4,0,20,0.65,ok,,34766,2001,0.05755623310130587,225,0.006471840303745038,0.7456271864067966,0.39842569597199556,0.32,-81.0,-81.0,0.006472026463397095,unit_payoff,unit_proxy,0.0,0.0,0.13043478260869565,0.769615192403798,0.09995002498750624,0.0,0.8875562218890555,0.11244377811094453
matrix_transformer,supervised,20,fold_4,0,20,0.7,ok,,34766,1279,0.03678881665995513,65,0.0018696427544152333,0.8037529319781079,0.39076865977990094,0.3384615384615385,-21.0,-21.0,0.001869696533870272,unit_payoff,unit_proxy,0.0,0.0,0.1164972634870993,0.8107896794370602,0.0727130570758405,0.0,0.9491790461297889,0.0508209538702111
matrix_transformer,supervised,20,fold_4,0,20,0.75,ok,,34766,823,0.023672553644365185,4,0.00011505493873324512,0.8626974483596598,0.34044452749488724,0.5,0.0,0.0,0.00011505824823817057,unit_payoff,unit_proxy,0.0,0.0,0.0911300121506683,0.8626974483596598,0.046172539489671933,0.0,0.9951397326852977,0.004860267314702308
matrix_transformer,supervised,20,fold_4,0,20,0.8,ok,,34766,432,0.012425933383190474,0,0.0,0.8958333333333334,0.315018315018315,,0.0,0.0,0.0,unit_payoff,unit_proxy,0.0,0.0,0.08333333333333333,0.8958333333333334,0.020833333333333332,0.0,1.0,0.0
matrix_transformer,supervised,20,fold_4,0,20,0.85,ok,,34766,234,0.00673071391589484,0,0.0,0.905982905982906,0.31689088191330345,,0.0,0.0,0.0,unit_payoff,unit_proxy,0.0,0.0,0.08974358974358974,0.905982905982906,0.004273504273504274,0.0,1.0,0.0
matrix_transformer,supervised,20,fold_4,0,20,0.9,ok,,34766,46,0.001323131795432319,0,0.0,0.9347826086956522,0.32209737827715357,,0.0,0.0,0.0,unit_payoff,unit_proxy,0.0,0.0,0.06521739130434782,0.9347826086956522,0.0,0.0,1.0,0.0
matrix_transformer,supervised,20,fold_4,0,20,0.95,skipped,too few samples remain after confidence filtering,34766,0,0.0,0,0.0,,,,0.0,0.0,0.0,unit_payoff,unit_proxy,0.0,0.0,,,,,,
matrix_transformer,supervised,20,fold_4,1,20,0.33,ok,,34766,34766,1.0,25548,0.7348558936892366,0.40571247770810565,0.4018510229612479,0.33701268201033346,-8328.0,-8328.0,0.7348770314971954,unit_payoff,unit_proxy,0.0,0.0,0.26721509520796183,0.4648219524823103,0.2679629523097279,0.21857561985848242,0.2651441063107634,0.5162802738307541
matrix_transformer,supervised,20,fold_4,1,20,0.35,ok,,34766,34544,0.9936144509003049,25388,0.7302536961399068,0.40611973135710977,0.4022365194871646,0.33693083346462893,-8280.0,-8280.0,0.7302747015676686,unit_payoff,unit_proxy,0.0,0.0,0.26754284390921723,0.4654064381658175,0.26705071792496526,0.21757758221398796,0.26505326540064844,0.5173691523853636
matrix_transformer,supervised,20,fold_4,1,20,0.4,ok,,34766,31156,0.8961629177932463,22810,0.6561007881263303,0.4127936833996662,0.40804129381982507,0.3386672512056116,-7360.0,-7360.0,0.6561196605781677,unit_payoff,unit_proxy,0.0,0.0,0.267845679804853,0.47233277699319554,0.25982154320195144,0.2038451662601104,0.2678777763512646,0.528277057388625
matrix_transformer,supervised,20,fold_4,1,20,0.45,ok,,34766,23590,0.6785365011793131,16725,0.4810734625783812,0.42424756252649426,0.4130032818714365,0.33506726457399105,-5517.0,-5517.0,0.4810873004458507,unit_payoff,unit_proxy,0.0,0.0,0.25752437473505724,0.49321746502755404,0.24925816023738873,0.1539635438745231,0.2910131411615091,0.5550233149639677
matrix_transformer,supervised,20,fold_4,1,20,0.5,ok,,34766,15942,0.45855145832134847,10796,0.3105332796410286,0.43720988583615605,0.40322323541338356,0.31882178584660986,-3912.0,-3912.0,0.3105422119948224,unit_payoff,unit_proxy,0.0,0.0,0.2267595031990967,0.5349391544348262,0.23830134236607703,0.08882197967632668,0.3227951323547861,0.5883828879688873
matrix_transformer,supervised,20,fold_4,1,20,0.55,ok,,34766,10405,0.2992866593798539,6657,0.1914801817868032,0.4546852474771744,0.37849910676235704,0.29953432477091785,-2669.0,-2669.0,0.19148568963037538,unit_payoff,unit_proxy,0.0,0.0,0.19654012493993273,0.5789524267179241,0.2245074483421432,0.03825084094185488,0.36021143680922635,0.6015377222489188
matrix_transformer,supervised,20,fold_4,1,20,0.6,ok,,34766,6515,0.187395731461773,3817,0.10979117528619917,0.49194167306216424,0.36639831809049866,0.28844642389310976,-1615.0,-1615.0,0.10979433338127427,unit_payoff,unit_proxy,0.0,0.0,0.1686876438986953,0.6251726784343822,0.20613967766692248,0.01212586339217191,0.41412125863392174,0.5737528779739064
matrix_transformer,supervised,20,fold_4,1,20,0.65,ok,,34766,3850,0.11074037853074843,1942,0.055859172754990506,0.554025974025974,0.37439005379965645,0.29505664263645726,-796.0,-796.0,0.055860779519631816,unit_payoff,unit_proxy,0.0,0.0,0.13870129870129871,0.6724675324675324,0.18883116883116882,0.0,0.49558441558441557,0.5044155844155844
matrix_transformer,supervised,20,fold_4,1,20,0.7,ok,,34766,1858,0.05344301904159236,677,0.019473048380601737,0.6722282023681377,0.4225056348802941,0.3308714918759232,-229.0,-229.0,0.01947360851431037,unit_payoff,unit_proxy,0.0,0.0,0.10818083961248655,0.7346609257265877,0.15715823466092574,0.0,0.6356297093649085,0.3643702906350915
matrix_transformer,supervised,20,fold_4,1,20,0.75,ok,,34766,740,0.021285163665650347,53,0.001524477938215498,0.8702702702702703,0.41550771261238967,0.2641509433962264,-25.0,-25.0,0.00152452178915576,unit_payoff,unit_proxy,0.0,0.0,0.05810810810810811,0.8918918918918919,0.05,0.0,0.9283783783783783,0.07162162162162163
matrix_transformer,supervised,20,fold_4,1,20,0.8,ok,,34766,351,0.01009607087384226,0,0.0,0.9458689458689459,0.32406051732552466,,0.0,0.0,0.0,unit_payoff,unit_proxy,0.0,0.0,0.014245014245014245,0.9458689458689459,0.039886039886039885,0.0,1.0,0.0
matrix_transformer,supervised,20,fold_4,1,20,0.85,ok,,34766,36,0.001035494448599206,0,0.0,0.9722222222222222,0.3286384976525822,,0.0,0.0,0.0,unit_payoff,unit_proxy,0.0,0.0,0.0,0.9722222222222222,0.027777777777777776,0.0,1.0,0.0
matrix_transformer,supervised,20,fold_4,1,20,0.9,skipped,too few samples remain after confidence filtering,34766,0,0.0,0,0.0,,,,0.0,0.0,0.0,unit_payoff,unit_proxy,0.0,0.0,,,,,,
matrix_transformer,supervised,20,fold_4,1,20,0.95,skipped,too few samples remain after confidence filtering,34766,0,0.0,0,0.0,,,,0.0,0.0,0.0,unit_payoff,unit_proxy,0.0,0.0,,,,,,
matrix_transformer,supervised,20,fold_4,2,20,0.33,ok,,34766,34766,1.0,27218,0.7828913306103664,0.392624978427199,0.39352909853160084,0.33036960834741713,-9234.0,-9234.0,0.7829138501366316,unit_payoff,unit_proxy,0.0,0.0,0.26721509520796183,0.4648219524823103,0.2679629523097279,0.3405913823850889,0.21710866938963355,0.4422999482252776
matrix_transformer,supervised,20,fold_4,2,20,0.35,ok,,34766,34324,0.9872864292699765,26909,0.7740033365932233,0.3933690712038224,0.3942917359793972,0.33074436062283996,-9109.0,-9109.0,0.7740256004602329,unit_payoff,unit_proxy,0.0,0.0,0.2676261507982753,0.46579652721128073,0.266577321990444,0.3407819601445053,0.21602960027968768,0.443188439575807
matrix_transformer,supervised,20,fold_4,2,20,0.4,ok,,34766,28069,0.8073692688258644,22160,0.637404360582178,0.3999786241048844,0.40129705840401236,0.33077617328519854,-7500.0,-7500.0,0.6374226952394649,unit_payoff,unit_proxy,0.0,0.0,0.2722932772809861,0.4776087498664007,0.2500979728526132,0.3218853539491966,0.21051694039687913,0.4675977056539243
matrix_transformer,supervised,20,fold_4,2,20,0.45,ok,,34766,17724,0.5098084335270091,13512,0.38865558304090203,0.4172308733920108,0.4148643921791046,0.3280047365304914,-4648.0,-4648.0,0.3886667625485402,unit_payoff,unit_proxy,0.0,0.0,0.25558564658090727,0.508406680207628,0.23600767321146468,0.21022342586323628,0.23764387271496276,0.5521327014218009
matrix_transformer,supervised,20,fold_4,2,20,0.5,ok,,34766,10406,0.2993154231145372,7509,0.2159868837369844,0.4177397655198924,0.37109077705731064,0.2904514582500999,-3147.0,-3147.0,0.2159930965051057,unit_payoff,unit_proxy,0.0,0.0,0.20180665000960984,0.5732269844320584,0.22496636555833174,0.07197770517009418,0.2783970786084951,0.6496252162214107
matrix_transformer,supervised,20,fold_4,2,20,0.55,ok,,34766,6468,0.18604383593165735,4502,0.1294943335442674,0.42656153370439087,0.3263238335286276,0.27210128831630387,-2052.0,-2052.0,0.129498058392061,unit_payoff,unit_proxy,0.0,0.0,0.17702535559678417,0.6054421768707483,0.21753246753246752,0.016697588126159554,0.3039579468150897,0.6793444650587508
matrix_transformer,supervised,20,fold_4,2,20,0.6,ok,,34766,4025,0.11577403210032791,2645,0.07608007823735834,0.4722981366459627,0.33939739449545714,0.28166351606805295,-1155.0,-1155.0,0.0760822666474903,unit_payoff,unit_proxy,0.0,0.0,0.15527950310559005,0.6345341614906832,0.21018633540372672,0.0022360248447204968,0.34285714285714286,0.6549068322981366
matrix_transformer,supervised,20,fold_4,2,20,0.65,ok,,34766,2257,0.06491974918023356,1279,0.03678881665995513,0.5578201151971643,0.3838202426564496,0.31196247068021893,-481.0,-481.0,0.03678987487415504,unit_payoff,unit_proxy,0.0,0.0,0.12937527691626052,0.671688081524147,0.19893664155959237,0.0,0.43331856446610545,0.5666814355338945
matrix_transformer,supervised,20,fold_4,2,20,0.7,ok,,34766,1074,0.030892251049876317,437,0.01256975205660703,0.6824953445065177,0.4320261909703111,0.34324942791762014,-137.0,-137.0,0.012570113620020135,unit_payoff,unit_proxy,0.0,0.0,0.08379888268156424,0.7513966480446927,0.164804469273743,0.0,0.5931098696461825,0.4068901303538175
matrix_transformer,supervised,20,fold_4,2,20,0.75,ok,,34766,468,0.01346142783178968,72,0.002070988897198412,0.8568376068376068,0.4822583212119193,0.4027777777777778,-14.0,-14.0,0.0020710484682870704,unit_payoff,unit_proxy,0.0,0.0,0.05555555555555555,0.8568376068376068,0.0876068376068376,0.0,0.8461538461538461,0.15384615384615385
matrix_transformer,supervised,20,fold_4,2,20,0.8,ok,,34766,219,0.006299257895645171,0,0.0,0.9680365296803652,0.32791956689868523,,0.0,0.0,0.0,unit_payoff,unit_proxy,0.0,0.0,0.0182648401826484,0.9680365296803652,0.0136986301369863,0.0,1.0,0.0
matrix_transformer,supervised,20,fold_4,2,20,0.85,ok,,34766,55,0.0015820054075821204,0,0.0,0.9818181818181818,0.3302752293577982,,0.0,0.0,0.0,unit_payoff,unit_proxy,0.0,0.0,0.01818181818181818,0.9818181818181818,0.0,0.0,1.0,0.0
matrix_transformer,supervised,20,fold_4,2,20,0.9,skipped,too few samples remain after confidence filtering,34766,0,0.0,0,0.0,,,,0.0,0.0,0.0,unit_payoff,unit_proxy,0.0,0.0,,,,,,
matrix_transformer,supervised,20,fold_4,2,20,0.95,skipped,too few samples remain after confidence filtering,34766,0,0.0,0,0.0,,,,0.0,0.0,0.0,unit_payoff,unit_proxy,0.0,0.0,,,,,,
matrix_transformer,supervised,20,fold_5,0,20,0.33,ok,,39133,39133,1.0,26085,0.6665729691053587,0.4823294917333197,0.46280176175964205,0.36308223116733757,-7143.0,-7143.0,0.666590003066544,unit_payoff,unit_proxy,0.0,0.0,0.2462371911174712,0.504919121968671,0.24884368691385786,0.1564919633046278,0.3334270308946414,0.5100810058007308
matrix_transformer,supervised,20,fold_5,0,20,0.35,ok,,39133,39009,0.9968313188357653,25999,0.6643753353946796,0.48268348329872596,0.46306277669908047,0.36336012923573985,-7105.0,-7105.0,0.664392313196361,unit_payoff,unit_proxy,0.0,0.0,0.24589197364710708,0.5049603937552872,0.24914763259760567,0.15598964341562205,0.33351277910225846,0.5104975774821195
matrix_transformer,supervised,20,fold_5,0,20,0.4,ok,,39133,36835,0.9412771829402294,24406,0.6236680039864053,0.49067463010723494,0.4696888657862659,0.3675325739572236,-6466.0,-6466.0,0.6236839415312276,unit_payoff,unit_proxy,0.0,0.0,0.24123795303379938,0.5082665942717524,0.25049545269444823,0.15002036106963484,0.33742364598886926,0.5125559929414959
matrix_transformer,supervised,20,fold_5,0,20,0.45,ok,,39133,31053,0.793524646717604,19902,0.5085733268596836,0.5137345828100345,0.4870570138122338,0.3792583659933675,-4806.0,-4806.0,0.5085863232137381,unit_payoff,unit_proxy,0.0,0.0,0.22831932502495733,0.5218175377580266,0.24986313721701606,0.13618651982095129,0.35909573954207324,0.5047177406369755
matrix_transformer,supervised,20,fold_5,0,20,0.5,ok,,39133,23169,0.5920578539851277,13479,0.3444407533283929,0.5543182701022918,0.5113307930187198,0.3930558646783886,-2883.0,-2883.0,0.34444955535111926,unit_payoff,unit_proxy,0.0,0.0,0.20298674953601795,0.5591523155941128,0.23786093486986923,0.11541283611722561,0.4182312572834391,0.46635590659933535
matrix_transformer,supervised,20,fold_5,0,20,0.55,ok,,39133,16343,0.4176270666700739,7832,0.20013799095392634,0.6195924860796671,0.5458967278144436,0.4191777323799796,-1266.0,-1266.0,0.20014310538689564,unit_payoff,unit_proxy,0.0,0.0,0.1724285626873891,0.61072018601236,0.21685125130025087,0.09080340206816374,0.5207734198127639,0.3884231781190724
matrix_transformer,supervised,20,fold_5,0,20,0.6,ok,,39133,10891,0.2783073109651701,3566,0.09112513735210692,0.6972729776879992,0.5607851131411562,0.4310151430173864,-492.0,-492.0,0.09112746601247061,unit_payoff,unit_proxy,0.0,0.0,0.13681021026535672,0.6929574878339914,0.17023230190065192,0.05995776329079056,0.6725736846937839,0.2674685520154256
matrix_transformer,supervised,20,fold_5,0,20,0.65,ok,,39133,7457,0.1905552858201518,1236,0.03158459612092096,0.7625050288319699,0.49528477674516785,0.3559870550161812,-356.0,-356.0,0.031585403250536645,unit_payoff,unit_proxy,0.0,0.0,0.09923561754056591,0.7894595681909615,0.11130481426847258,0.027893254660050958,0.8342496982700818,0.13785704706986723
matrix_transformer,supervised,20,fold_5,0,20,0.7,ok,,39133,5371,0.1372498913960085,223,0.005698515319551274,0.8396946564885496,0.37533731947649446,0.23766816143497757,-117.0,-117.0,0.005698660942451191,unit_payoff,unit_proxy,0.0,0.0,0.07000558555203873,0.8575684230124744,0.07242599143548688,0.004840811766896295,0.9584807298454664,0.03667845838763731
matrix_transformer,supervised,20,fold_5,0,20,0.75,ok,,39133,4017,0.10264993739299312,0,0.0,0.8815036096589495,0.3123401252535944,,0.0,0.0,0.0,unit_payoff,unit_proxy,0.0,0.0,0.05650983320886233,0.8815036096589495,0.0619865571321882,0.0,1.0,0.0
matrix_transformer,supervised,20,fold_5,0,20,0.8,ok,,39133,2901,0.07413180691488003,0,0.0,0.9038262668045501,0.3164946586999819,,0.0,0.0,0.0,unit_payoff,unit_proxy,0.0,0.0,0.04584625991037573,0.9038262668045501,0.050327473285074115,0.0,1.0,0.0
matrix_transformer,supervised,20,fold_5,0,20,0.85,ok,,39133,1835,0.04689137045460353,0,0.0,0.940599455040872,0.3231302068707292,,0.0,0.0,0.0,unit_payoff,unit_proxy,0.0,0.0,0.027247956403269755,0.940599455040872,0.032152588555858314,0.0,1.0,0.0
matrix_transformer,supervised,20,fold_5,0,20,0.9,ok,,39133,982,0.025093910510310992,0,0.0,0.9745417515274949,0.3290355853532749,,0.0,0.0,0.0,unit_payoff,unit_proxy,0.0,0.0,0.014256619144602852,0.9745417515274949,0.01120162932790224,0.0,1.0,0.0
matrix_transformer,supervised,20,fold_5,0,20,0.95,ok,,39133,52,0.0013288017785500728,0,0.0,1.0,0.3333333333333333,,0.0,0.0,0.0,unit_payoff,unit_proxy,0.0,0.0,0.0,1.0,0.0,0.0,1.0,0.0
matrix_transformer,supervised,20,fold_5,1,20,0.33,ok,,39133,39133,1.0,22530,0.5757289244371758,0.4414177292821915,0.39621777070759795,0.31877496671105193,-8166.0,-8166.0,0.5757436369211898,unit_payoff,unit_proxy,0.0,0.0,0.2462371911174712,0.504919121968671,0.24884368691385786,0.09567372805560524,0.42427107556282423,0.4800551963815705
matrix_transformer,supervised,20,fold_5,1,20,0.35,ok,,39133,38774,0.9908261569519331,22295,0.5697237625533437,0.44230670036622477,0.3965002525381511,0.31823278762054275,-8105.0,-8105.0,0.569738321578248,unit_payoff,unit_proxy,0.0,0.0,0.24552535204002682,0.5066281528859545,0.24784649507401868,0.09475421674317842,0.42500128952390775,0.48024449373291384
matrix_transformer,supervised,20,fold_5,1,20,0.4,ok,,39133,31238,0.7982521145835996,16807,0.42948406715559756,0.46568282220372625,0.39811216909774866,0.3111798655322187,-6347.0,-6347.0,0.4294950424205254,unit_payoff,unit_proxy,0.0,0.0,0.22200525001600616,0.5451053204430502,0.23288942954094372,0.06607337217491517,0.4619693962481593,0.47195723157692554
matrix_transformer,supervised,20,fold_5,1,20,0.45,ok,,39133,20547,0.5250555796897759,9091,0.23231032632305215,0.5167177690173748,0.3775293847941971,0.2889671103288967,-3837.0,-3837.0,0.23231626290503934,unit_payoff,unit_proxy,0.0,0.0,0.18046430135786246,0.6119628169562467,0.2075728816858909,0.01864019078210931,0.5575509806784446,0.4238088285394461
matrix_transformer,supervised,20,fold_5,1,20,0.5,ok,,39133,14010,0.3580098637978177,4744,0.12122760841233741,0.5765881513204854,0.36010476966623933,0.2618043844856661,-2260.0,-2260.0,0.12123070632730246,unit_payoff,unit_proxy,0.0,0.0,0.1468950749464668,0.6770877944325482,0.176017130620985,0.0018558172733761599,0.6613847251962883,0.3367594575303355
matrix_transformer,supervised,20,fold_5,1,20,0.55,ok,,39133,10222,0.2612117650065162,2478,0.06332251552398231,0.6477206026217961,0.36406625351318445,0.24092009685230023,-1284.0,-1284.0,0.06332413370131862,unit_payoff,unit_proxy,0.0,0.0,0.1203287027978869,0.7359616513402465,0.14370964586186658,0.0006847974955977304,0.7575816865584034,0.24173351594599882
matrix_transformer,supervised,20,fold_5,1,20,0.6,ok,,39133,7611,0.19449058339508854,1247,0.03186568880484501,0.7150177374852188,0.3624013611381436,0.21010425020048115,-723.0,-723.0,0.03186650311765307,unit_payoff,unit_proxy,0.0,0.0,0.09893575088687426,0.789252397845224,0.11181185126790172,0.0,0.8361581920903954,0.1638418079096045
matrix_transformer,supervised,20,fold_5,1,20,0.65,ok,,39133,5935,0.15166227991720543,690,0.017632177446145196,0.7654591406908172,0.3471695563206631,0.14492753623188406,-490.0,-490.0,0.017632628028212204,unit_payoff,unit_proxy,0.0,0.0,0.08340353833192923,0.8352148272957034,0.08138163437236731,0.0,0.8837405223251895,0.11625947767481044
matrix_transformer,supervised,20,fold_5,1,20,0.7,ok,,39133,4606,0.11770117292310837,254,0.006490685610609971,0.8247937472861485,0.31951089845826686,0.05511811023622047,-226.0,-226.0,0.006490851477052029,unit_payoff,unit_proxy,0.0,0.0,0.07034303082935302,0.870169344333478,0.05948762483716891,0.0,0.9448545375597047,0.055145462440295265
matrix_transformer,supervised,20,fold_5,1,20,0.75,ok,,39133,3528,0.0901540898985511,2,5.110776071346434e-05,0.8829365079365079,0.3126097646645592,0.0,-2.0,-2.0,5.1109066748441174e-05,unit_payoff,unit_proxy,0.0,0.0,0.06179138321995465,0.8835034013605442,0.05470521541950114,0.0,0.9994331065759637,0.0005668934240362812
matrix_transformer,supervised,20,fold_5,1,20,0.8,ok,,39133,2583,0.0660056729614392,0,0.0,0.9001161440185831,0.31581092094539526,,0.0,0.0,0.0,unit_payoff,unit_proxy,0.0,0.0,0.05381339527680991,0.9001161440185831,0.04607046070460705,0.0,1.0,0.0
matrix_transformer,supervised,20,fold_5,1,20,0.85,ok,,39133,1662,0.042470549152888865,0,0.0,0.924187725631769,0.32020012507817386,,0.0,0.0,0.0,unit_payoff,unit_proxy,0.0,0.0,0.0421179302045728,0.924187725631769,0.03369434416365824,0.0,1.0,0.0
matrix_transformer,supervised,20,fold_5,1,20,0.9,ok,,39133,621,0.015868959701530676,0,0.0,0.9710144927536232,0.3284313725490196,,0.0,0.0,0.0,unit_payoff,unit_proxy,0.0,0.0,0.01932367149758454,0.9710144927536232,0.00966183574879227,0.0,1.0,0.0
matrix_transformer,supervised,20,fold_5,1,20,0.95,skipped,too few samples remain after confidence filtering,39133,0,0.0,0,0.0,,,,0.0,0.0,0.0,unit_payoff,unit_proxy,0.0,0.0,,,,,,
matrix_transformer,supervised,20,fold_5,2,20,0.33,ok,,39133,39133,1.0,25879,0.6613088697518719,0.4609664477550916,0.4419294659670907,0.3449515050813401,-8025.0,-8025.0,0.6613257691914546,unit_payoff,unit_proxy,0.0,0.0,0.2462371911174712,0.504919121968671,0.24884368691385786,0.1528377584136151,0.3386911302481282,0.5084711113382567
matrix_transformer,supervised,20,fold_5,2,20,0.35,ok,,39133,39000,0.9966013339125547,25783,0.6588556972376255,0.4613846153846154,0.4423428505426656,0.34503354923786994,-7991.0,-7991.0,0.6588725339875294,unit_payoff,unit_proxy,0.0,0.0,0.24612820512820513,0.5054615384615384,0.2484102564102564,0.15212820512820513,0.3388974358974359,0.5089743589743589
matrix_transformer,supervised,20,fold_5,2,20,0.4,ok,,39133,36995,0.9453658037973066,24402,0.6235657884649785,0.46617110420327074,0.44536194504931714,0.3442340791738382,-7602.0,-7602.0,0.6235817233977308,unit_payoff,unit_proxy,0.0,0.0,0.24208676848222732,0.5131504257332072,0.24476280578456547,0.14385727801054196,0.3403973509933775,0.5157453709960805
matrix_transformer,supervised,20,fold_5,2,20,0.45,ok,,39133,31249,0.7985332072675235,19875,0.5078833720900519,0.4805593779000928,0.4505490949667206,0.3411320754716981,-6315.0,-6315.0,0.5078963508126342,unit_payoff,unit_proxy,0.0,0.0,0.22874331978623316,0.5366251720055042,0.23463150820826267,0.11350763224423181,0.3639796473487152,0.522512720407053
matrix_transformer,supervised,20,fold_5,2,20,0.5,ok,,39133,24534,0.626938900672067,14388,0.3676692305726625,0.5073775169153012,0.45949251984865097,0.33646093967194884,-4706.0,-4706.0,0.3676786261882858,unit_payoff,unit_proxy,0.0,0.0,0.20685579196217493,0.5737344093910491,0.2194097986467759,0.08535094155050134,0.41354854487649795,0.5011005135730008
matrix_transformer,supervised,20,fold_5,2,20,0.55,ok,,39133,18449,0.4714435387013518,9447,0.24140750773004882,0.5496232858149493,0.4755673605519413,0.3331216259129883,-3153.0,-3153.0,0.24141367678626188,unit_payoff,unit_proxy,0.0,0.0,0.1805517914250095,0.6224185592715052,0.1970296493034853,0.06726651851048837,0.4879397257303919,0.4447937557591197
matrix_transformer,supervised,20,fold_5,2,20,0.6,ok,,39133,13153,0.3361101883320982,5232,0.1336979020264227,0.6190222762867786,0.49286972770309373,0.3348623853211009,-1728.0,-1728.0,0.13370131861392212,unit_payoff,unit_proxy,0.0,0.0,0.1517524519121113,0.6809853265414735,0.16726222154641526,0.050330723028966774,0.6022200258496161,0.34744925112141717
matrix_transformer,supervised,20,fold_5,2,20,0.65,ok,,39133,9358,0.23913321237829965,2424,0.06194260598471878,0.6948065826031203,0.4714166111753846,0.30734323432343236,-934.0,-934.0,0.0619441888991107,unit_payoff,unit_proxy,0.0,0.0,0.11882880957469545,0.753472964308613,0.1276982261166916,0.023402436418038044,0.7409702927976063,0.23562727078435564
matrix_transformer,supervised,20,fold_5,2,20,0.7,ok,,39133,6921,0.17685840594894334,920,0.023509569928193596,0.7711313394018205,0.39125094233539964,0.2184782608695652,-518.0,-518.0,0.02351017070428294,unit_payoff,unit_proxy,0.0,0.0,0.08120213841930357,0.8296488946684005,0.08914896691229592,0.003178731397196937,0.8670712324808554,0.1297500361219477
matrix_transformer,supervised,20,fold_5,2,20,0.75,ok,,39133,5228,0.1335956865049958,206,0.005264099353486827,0.8498469778117828,0.3471183980979729,0.16019417475728157,-140.0,-140.0,0.005264233875089441,unit_payoff,unit_proxy,0.0,0.0,0.061208875286916604,0.8749043611323641,0.06388676358071921,0.0,0.9605967865340475,0.03940321346595256
matrix_transformer,supervised,20,fold_5,2,20,0.8,ok,,39133,4001,0.1022410753072854,7,0.0001788771624971252,0.9000249937515621,0.32238551572977775,0.2857142857142857,-3.0,-3.0,0.0001788817336195441,unit_payoff,unit_proxy,0.0,0.0,0.050487378155461136,0.9007748062984254,0.04873781554611347,0.0,0.9982504373906523,0.0017495626093476631
matrix_transformer,supervised,20,fold_5,2,20,0.85,ok,,39133,2612,0.06674673549178443,0,0.0,0.9276416539050536,0.32082092022509107,,0.0,0.0,0.0,unit_payoff,unit_proxy,0.0,0.0,0.03445635528330781,0.9276416539050536,0.03790199081163859,0.0,1.0,0.0
matrix_transformer,supervised,20,fold_5,2,20,0.9,ok,,39133,1116,0.0285181304781131,0,0.0,0.9525089605734767,0.32522563867217374,,0.0,0.0,0.0,unit_payoff,unit_proxy,0.0,0.0,0.024193548387096774,0.9525089605734767,0.023297491039426525,0.0,1.0,0.0
matrix_transformer,supervised,20,fold_5,2,20,0.95,skipped,too few samples remain after confidence filtering,39133,0,0.0,0,0.0,,,,0.0,0.0,0.0,unit_payoff,unit_proxy,0.0,0.0,,,,,,
matrix_transformer,supervised,50,fold_1,0,20,0.33,ok,,38378,38378,1.0,30560,0.7962895408827975,0.3645057063942884,0.3558359411227859,0.36387434554973824,-8320.0,-8320.0,0.7963102900174583,unit_payoff,unit_proxy,0.0,0.0,0.35864297253634897,0.30587836781489397,0.3354786596487571,0.2852415446349471,0.20371045911720256,0.5110479962478504
matrix_transformer,supervised,50,fold_1,0,20,0.35,ok,,38378,36862,0.9604982020949502,29598,0.7712230965657408,0.3675872171884325,0.3581712570466926,0.3662409622271775,-7918.0,-7918.0,0.7712431925371968,unit_payoff,unit_proxy,0.0,0.0,0.36292116542781183,0.30492105691498017,0.33215777765720794,0.2876675166838479,0.19705930226249255,0.5152731810536596
matrix_transformer,supervised,50,fold_1,0,20,0.4,ok,,38378,20129,0.5244931992287248,17904,0.4665172755224347,0.4084157186149337,0.3662123682745304,0.40097184986595175,-3546.0,-3546.0,0.4665294316908565,unit_payoff,unit_proxy,0.0,0.0,0.3761240001987183,0.2819315415569576,0.3419444582443241,0.18714292811366684,0.11053703611704506,0.7023200357692881
matrix_transformer,supervised,50,fold_1,0,20,0.45,ok,,38378,11178,0.2912606180624316,10798,0.28135911199124497,0.41876901055645016,0.28442811152007536,0.40729764771253935,-2002.0,-2002.0,0.281366443442687,unit_payoff,unit_proxy,0.0,0.0,0.35623546251565574,0.253802111290034,0.38996242619431026,0.04723564143853999,0.03399534800500984,0.9187690105564502
matrix_transformer,supervised,50,fold_1,0,20,0.5,ok,,38378,7727,0.2013393089791026,7676,0.20001042263796967,0.43665070531901123,0.22043258776699326,0.43447107868681606,-1006.0,-1006.0,0.2000156343643328,unit_payoff,unit_proxy,0.0,0.0,0.35951857124369097,0.2075837970751909,0.43289763168111817,0.004917820628963375,0.006600232949398214,0.9884819464216384
matrix_transformer,supervised,50,fold_1,0,20,0.55,ok,,38378,5746,0.1497211944343113,5746,0.1497211944343113,0.44831186912634874,0.20677563928975473,0.44831186912634874,-594.0,-594.0,0.14972509576048154,unit_payoff,unit_proxy,0.0,0.0,0.35816219979115904,0.19195962408632092,0.44987817612252,0.0027845457709711106,0.0,0.9972154542290289
matrix_transformer,supervised,50,fold_1,0,20,0.6,ok,,38378,4289,0.1117567356297879,4289,0.1117567356297879,0.46887386337141523,0.2129394324438797,0.46887386337141523,-267.0,-267.0,0.11175964770565704,unit_payoff,unit_proxy,0.0,0.0,0.3599906738167405,0.16950338074143156,0.47050594544182794,0.0025647003963627886,0.0,0.9974352996036372
matrix_transformer,supervised,50,fold_1,0,20,0.65,ok,,38378,3095,0.08064516129032258,3095,0.08064516129032258,0.501453957996769,0.22274847506279152,0.501453957996769,9.0,9.0,0.08064726268337806,unit_payoff,unit_proxy,0.0,0.0,0.3392568659127625,0.15767366720516962,0.5030694668820679,0.002261712439418417,0.0,0.9977382875605816
matrix_transformer,supervised,50,fold_1,0,20,0.7,ok,,38378,2183,0.0568815467194747,2183,0.0568815467194747,0.516262024736601,0.2269889224572004,0.516262024736601,71.0,71.0,0.056883028897516744,unit_payoff,unit_proxy,0.0,0.0,0.3302794319743472,0.15345854328905176,0.516262024736601,0.0,0.0,1.0
matrix_transformer,supervised,50,fold_1,0,20,0.75,ok,,38378,1450,0.037782062640054195,1450,0.037782062640054195,0.5344827586206896,0.23220973782771537,0.5344827586206896,100.0,100.0,0.037783047137608466,unit_payoff,unit_proxy,0.0,0.0,0.31724137931034485,0.1482758620689655,0.5344827586206896,0.0,0.0,1.0
matrix_transformer,supervised,50,fold_1,0,20,0.8,ok,,38378,923,0.02405023711501381,923,0.02405023711501381,0.5460455037919827,0.23545900490539595,0.5460455037919827,85.0,85.0,0.024050863798629387,unit_payoff,unit_proxy,0.0,0.0,0.323943661971831,0.13001083423618634,0.5460455037919827,0.0,0.0,1.0
matrix_transformer,supervised,50,fold_1,0,20,0.85,ok,,38378,414,0.010787430298608578,414,0.010787430298608578,0.5628019323671497,0.24008243173621846,0.5628019323671497,52.0,52.0,0.010787711389634417,unit_payoff,unit_proxy,0.0,0.0,0.321256038647343,0.11594202898550725,0.5628019323671497,0.0,0.0,1.0
matrix_transformer,supervised,50,fold_1,0,20,0.9,ok,,38378,17,0.0004429621137109802,17,0.0004429621137109802,0.6470588235294118,0.2619047619047619,0.6470588235294118,5.0,5.0,0.0004429736560960992,unit_payoff,unit_proxy,0.0,0.0,0.11764705882352941,0.23529411764705882,0.6470588235294118,0.0,0.0,1.0
matrix_transformer,supervised,50,fold_1,0,20,0.95,skipped,too few samples remain after confidence filtering,38378,0,0.0,0,0.0,,,,0.0,0.0,0.0,unit_payoff,unit_proxy,0.0,0.0,,,,,,
matrix_transformer,supervised,50,fold_1,1,20,0.33,ok,,38378,38378,1.0,36378,0.9478868101516493,0.41500338735734016,0.3736193373259223,0.40087415470889,-7212.0,-7212.0,0.9479115094978763,unit_payoff,unit_proxy,0.0,0.0,0.35864297253634897,0.30587836781489397,0.3354786596487571,0.48004064828808174,0.052113189848350616,0.46784616186356764
matrix_transformer,supervised,50,fold_1,1,20,0.35,ok,,38378,38155,0.9941893793319089,36211,0.943535358799312,0.4153846153846154,0.37314179235465117,0.4015630609483306,-7129.0,-7129.0,0.9435599447585794,unit_payoff,unit_proxy,0.0,0.0,0.35809199318568996,0.3050976280959245,0.33681037871838554,0.4814047962259206,0.05095007207443323,0.46764513169964617
matrix_transformer,supervised,50,fold_1,1,20,0.4,ok,,38378,32451,0.8455625618844129,31544,0.821929230288186,0.42682814088934085,0.3658328296342804,0.41694141516611716,-5240.0,-5240.0,0.8219506475232561,unit_payoff,unit_proxy,0.0,0.0,0.359156882684663,0.2874487689131306,0.3533943484022064,0.5326800406767126,0.027949832054482142,0.43937012726880526
matrix_transformer,supervised,50,fold_1,1,20,0.45,ok,,38378,21568,0.5619886393246131,21407,0.5577935275418209,0.44844213649851633,0.35514618044856655,0.4445742046993974,-2373.0,-2373.0,0.5578080621205409,unit_payoff,unit_proxy,0.0,0.0,0.3752781899109792,0.26608864985163205,0.3586331602373887,0.625,0.0074647626112759645,0.367535237388724
matrix_transformer,supervised,50,fold_1,1,20,0.5,ok,,38378,10914,0.2843816770024493,10909,0.28425139402782845,0.49184533626534727,0.3665461177412877,0.4917040975341461,-181.0,-181.0,0.2842588008442557,unit_payoff,unit_proxy,0.0,0.0,0.410207073483599,0.24115814550119113,0.34863478101520984,0.6807769836906725,0.0004581271761040865,0.3187648891332234
matrix_transformer,supervised,50,fold_1,1,20,0.55,ok,,38378,3690,0.09614883527020689,3690,0.09614883527020689,0.5059620596205963,0.36877108426043065,0.5059620596205963,44.0,44.0,0.09615134064674154,unit_payoff,unit_proxy,0.0,0.0,0.43766937669376693,0.22195121951219512,0.3403794037940379,0.6840108401084011,0.0,0.3159891598915989
matrix_transformer,supervised,50,fold_1,1,20,0.6,ok,,38378,983,0.02561363281046433,983,0.02561363281046433,0.4883011190233978,0.35283118641199734,0.4883011190233978,-23.0,-23.0,0.025614300231909738,unit_payoff,unit_proxy,0.0,0.0,0.40996948118006105,0.17395727365208546,0.4160732451678535,0.6378433367243134,0.0,0.3621566632756867
matrix_transformer,supervised,50,fold_1,1,20,0.65,ok,,38378,266,0.006931054249830632,266,0.006931054249830632,0.462406015037594,0.33585653780300984,0.462406015037594,-20.0,-20.0,0.006931234854209553,unit_payoff,unit_proxy,0.0,0.0,0.39473684210526316,0.15789473684210525,0.4473684210526316,0.6353383458646616,0.0,0.36466165413533835
matrix_transformer,supervised,50,fold_1,1,20,0.7,ok,,38378,104,0.002709885872114232,104,0.002709885872114232,0.4519230769230769,0.31775830899735785,0.4519230769230769,-10.0,-10.0,0.002709956484352607,unit_payoff,unit_proxy,0.0,0.0,0.38461538461538464,0.11538461538461539,0.5,0.5192307692307693,0.0,0.4807692307692308
matrix_transformer,supervised,50,fold_1,1,20,0.75,ok,,38378,16,0.00041690551878680493,16,0.00041690551878680493,0.4375,0.2028985507246377,0.4375,-2.0,-2.0,0.0004169163822080934,unit_payoff,unit_proxy,0.0,0.0,0.5,0.0625,0.4375,0.0,0.0,1.0
matrix_transformer,supervised,50,fold_1,1,20,0.8,skipped,too few samples remain after confidence filtering,38378,0,0.0,0,0.0,,,,0.0,0.0,0.0,unit_payoff,unit_proxy,0.0,0.0,,,,,,
matrix_transformer,supervised,50,fold_1,1,20,0.85,skipped,too few samples remain after confidence filtering,38378,0,0.0,0,0.0,,,,0.0,0.0,0.0,unit_payoff,unit_proxy,0.0,0.0,,,,,,
matrix_transformer,supervised,50,fold_1,1,20,0.9,skipped,too few samples remain after confidence filtering,38378,0,0.0,0,0.0,,,,0.0,0.0,0.0,unit_payoff,unit_proxy,0.0,0.0,,,,,,
matrix_transformer,supervised,50,fold_1,1,20,0.95,skipped,too few samples remain after confidence filtering,38378,0,0.0,0,0.0,,,,0.0,0.0,0.0,unit_payoff,unit_proxy,0.0,0.0,,,,,,
matrix_transformer,supervised,50,fold_1,2,20,0.33,ok,,38378,38378,1.0,36494,0.9509093751628537,0.42459221428943666,0.37966301414036163,0.41176631775086314,-6440.0,-6440.0,0.950934153268885,unit_payoff,unit_proxy,0.0,0.0,0.35864297253634897,0.30587836781489397,0.3354786596487571,0.4481994892907395,0.04909062483714628,0.5027098858721142
matrix_transformer,supervised,50,fold_1,2,20,0.35,ok,,38378,37264,0.9709729532544688,35678,0.9296471937047267,0.42660476599398883,0.37768293479639375,0.4143169460171534,-6114.0,-6114.0,0.9296714177762723,unit_payoff,unit_proxy,0.0,0.0,0.3590596822670674,0.30230249033920137,0.3386378273937312,0.45072992700729925,0.042561185057964794,0.5067088879347359
matrix_transformer,supervised,50,fold_1,2,20,0.4,ok,,38378,27584,0.7187451143884517,27392,0.71374224816301,0.4416328306264501,0.3515874588746897,0.4387777453271028,-3354.0,-3354.0,0.7137608463402558,unit_payoff,unit_proxy,0.0,0.0,0.3775014501160093,0.2710629350348028,0.35143561484918795,0.48198230858468677,0.0069605568445475635,0.5110571345707656
matrix_transformer,supervised,50,fold_1,2,20,0.45,ok,,38378,18220,0.47475115951847413,18220,0.47475115951847413,0.4676180021953897,0.35277177369431306,0.4676180021953897,-1180.0,-1180.0,0.4747635302394663,unit_payoff,unit_proxy,0.0,0.0,0.40164654226125135,0.23660812294182218,0.36174533479692644,0.5092206366630077,0.0,0.4907793633369923
matrix_transformer,supervised,50,fold_1,2,20,0.5,ok,,38378,12300,0.3204961175673563,12300,0.3204961175673563,0.48032520325203254,0.35918427277481446,0.48032520325203254,-484.0,-484.0,0.3205044688224718,unit_payoff,unit_proxy,0.0,0.0,0.4114634146341463,0.2238211382113821,0.3647154471544715,0.5215447154471544,0.0,0.47845528455284553
matrix_transformer,supervised,50,fold_1,2,20,0.55,ok,,38378,8070,0.21027672103809475,8070,0.21027672103809475,0.4950433705080545,0.3666311477325457,0.4950433705080545,-80.0,-80.0,0.21028220027620712,unit_payoff,unit_proxy,0.0,0.0,0.42379182156133827,0.20433705080545228,0.3718711276332094,0.512267657992565,0.0,0.4877323420074349
matrix_transformer,supervised,50,fold_1,2,20,0.6,ok,,38378,5171,0.13473865235291052,5171,0.13473865235291052,0.5116998646296654,0.37569616204289247,0.5116998646296654,121.0,121.0,0.13474216327487817,unit_payoff,unit_proxy,0.0,0.0,0.41655385805453493,0.18410365499903306,0.39934248694643204,0.47360278476116807,0.0,0.526397215238832
matrix_transformer,supervised,50,fold_1,2,20,0.65,ok,,38378,3301,0.0860128198447027,3301,0.0860128198447027,0.5074219933353529,0.3656217746128097,0.5074219933353529,49.0,49.0,0.08601506110430726,unit_payoff,unit_proxy,0.0,0.0,0.3744319903059679,0.17782490154498637,0.4477431081490457,0.3892759769766737,0.0,0.6107240230233263
matrix_transformer,supervised,50,fold_1,2,20,0.7,ok,,38378,1990,0.051852623899108864,1990,0.051852623899108864,0.5251256281407035,0.3648315812926617,0.5251256281407035,100.0,100.0,0.051853975037131614,unit_payoff,unit_proxy,0.0,0.0,0.33015075376884423,0.18542713567839195,0.4844221105527638,0.30301507537688444,0.0,0.6969849246231156
matrix_transformer,supervised,50,fold_1,2,20,0.75,ok,,38378,876,0.02282557715357757,876,0.02282557715357757,0.5399543378995434,0.3459749548242164,0.5399543378995434,70.0,70.0,0.02282617192589311,unit_payoff,unit_proxy,0.0,0.0,0.2922374429223744,0.17009132420091325,0.5376712328767124,0.23401826484018265,0.0,0.7659817351598174
matrix_transformer,supervised,50,fold_1,2,20,0.8,ok,,38378,246,0.006409922351347126,246,0.006409922351347126,0.5203252032520326,0.30500089944234576,0.5203252032520326,10.0,10.0,0.006410089376449436,unit_payoff,unit_proxy,0.0,0.0,0.3048780487804878,0.17479674796747968,0.5203252032520326,0.13821138211382114,0.0,0.8617886178861789
matrix_transformer,supervised,50,fold_1,2,20,0.85,ok,,38378,41,0.0010683203918911877,41,0.0010683203918911877,0.5365853658536586,0.24043715846994537,0.5365853658536586,3.0,3.0,0.0010683482294082394,unit_payoff,unit_proxy,0.0,0.0,0.2926829268292683,0.04878048780487805,0.6585365853658537,0.17073170731707318,0.0,0.8292682926829268
matrix_transformer,supervised,50,fold_1,2,20,0.9,skipped,too few samples remain after confidence filtering,38378,0,0.0,0,0.0,,,,0.0,0.0,0.0,unit_payoff,unit_proxy,0.0,0.0,,,,,,
matrix_transformer,supervised,50,fold_1,2,20,0.95,skipped,too few samples remain after confidence filtering,38378,0,0.0,0,0.0,,,,0.0,0.0,0.0,unit_payoff,unit_proxy,0.0,0.0,,,,,,
matrix_transformer,supervised,50,fold_2,0,20,0.33,ok,,28516,28516,1.0,19162,0.6719736288399495,0.43498386870528827,0.4210903134132968,0.4107086942907838,-3422.0,-3422.0,0.6719971944590566,unit_payoff,unit_proxy,0.0,0.0,0.31880347874877263,0.35751858605695047,0.3236779351942769,0.18284471875438352,0.3280263711600505,0.48912891008556597
matrix_transformer,supervised,50,fold_2,0,20,0.35,ok,,28516,28367,0.9947748632346752,19067,0.6686421658016553,0.43525928014946946,0.421323910828958,0.4102375832590339,-3423.0,-3423.0,0.6686656145888129,unit_payoff,unit_proxy,0.0,0.0,0.31860965206049285,0.3583389149363697,0.32305143300313743,0.18257129763457539,0.3278457362428174,0.48958296612260727
matrix_transformer,supervised,50,fold_2,0,20,0.4,ok,,28516,25198,0.8836442698835741,16888,0.5922289241127788,0.44694023335185334,0.4306442489639202,0.4173377546186641,-2792.0,-2792.0,0.5922496931439594,unit_payoff,unit_proxy,0.0,0.0,0.31736645765536947,0.36058417334709103,0.3220493689975395,0.169100722279546,0.32978807841892216,0.5011111993015319
matrix_transformer,supervised,50,fold_2,0,20,0.45,ok,,28516,16510,0.5789732080235657,9739,0.3415275634731379,0.4854633555420957,0.4469350067730094,0.45066228565561145,-961.0,-961.0,0.3415395405926705,unit_payoff,unit_proxy,0.0,0.0,0.30393700787401573,0.3714112658994549,0.3246517262265294,0.09800121138703816,0.4101150817686251,0.49188370684433674
matrix_transformer,supervised,50,fold_2,0,20,0.5,ok,,28516,9322,0.326904194136625,3769,0.13217141254032824,0.5417292426517915,0.4539920179551018,0.5067657203502255,51.0,51.0,0.13217604769419602,unit_payoff,unit_proxy,0.0,0.0,0.26711006221840805,0.42898519630980475,0.30390474147178714,0.04752199098905814,0.595687620682257,0.3567903883286848
matrix_transformer,supervised,50,fold_2,0,20,0.55,ok,,28516,5224,0.18319539907420396,936,0.03282367793519428,0.6079632465543645,0.4311420649548303,0.5576923076923077,108.0,108.0,0.03282482903734876,unit_payoff,unit_proxy,0.0,0.0,0.22396630934150077,0.5465160796324655,0.22951761102603369,0.020673813169984685,0.8208269525267994,0.1584992343032159
matrix_transformer,supervised,50,fold_2,0,20,0.6,ok,,28516,3337,0.11702202272408473,301,0.010555477626595595,0.6778543602037759,0.4102724103227057,0.6378737541528239,83.0,83.0,0.010555847799403823,unit_payoff,unit_proxy,0.0,0.0,0.1756068324842673,0.6376985316152233,0.18669463590050944,0.003596044351213665,0.9097992208570572,0.0866047347917291
matrix_transformer,supervised,50,fold_2,0,20,0.65,ok,,28516,1839,0.06449011081498106,31,0.0010871089914434003,0.7107123436650353,0.32890203545038305,0.7741935483870968,17.0,17.0,0.0010871471155532175,unit_payoff,unit_proxy,0.0,0.0,0.15116911364872213,0.7003806416530723,0.14845024469820556,0.0,0.9831430125067971,0.016856987493202826
matrix_transformer,supervised,50,fold_2,0,20,0.7,ok,,28516,1019,0.03573432458970403,5,0.00017534015991022583,0.8066732090284593,0.3274995366748507,1.0,5.0,5.0,0.0001753463089601964,unit_payoff,unit_proxy,0.0,0.0,0.09421000981354269,0.8017664376840039,0.10402355250245339,0.0,0.9950932286555446,0.004906771344455349
matrix_transformer,supervised,50,fold_2,0,20,0.75,ok,,28516,547,0.01918221349417871,0,0.0,0.8811700182815356,0.3122772918691286,,0.0,0.0,0.0,unit_payoff,unit_proxy,0.0,0.0,0.06398537477148081,0.8811700182815356,0.054844606946983544,0.0,1.0,0.0
matrix_transformer,supervised,50,fold_2,0,20,0.8,ok,,28516,138,0.004839388413522233,0,0.0,0.8260869565217391,0.30158730158730157,,0.0,0.0,0.0,unit_payoff,unit_proxy,0.0,0.0,0.10869565217391304,0.8260869565217391,0.06521739130434782,0.0,1.0,0.0
matrix_transformer,supervised,50,fold_2,0,20,0.85,skipped,too few samples remain after confidence filtering,28516,0,0.0,0,0.0,,,,0.0,0.0,0.0,unit_payoff,unit_proxy,0.0,0.0,,,,,,
matrix_transformer,supervised,50,fold_2,0,20,0.9,skipped,too few samples remain after confidence filtering,28516,0,0.0,0,0.0,,,,0.0,0.0,0.0,unit_payoff,unit_proxy,0.0,0.0,,,,,,
matrix_transformer,supervised,50,fold_2,0,20,0.95,skipped,too few samples remain after confidence filtering,28516,0,0.0,0,0.0,,,,0.0,0.0,0.0,unit_payoff,unit_proxy,0.0,0.0,,,,,,
matrix_transformer,supervised,50,fold_2,1,20,0.33,ok,,28516,28516,1.0,24646,0.8642867162294852,0.429337915556179,0.4169481673201772,0.39357299358922343,-5246.0,-5246.0,0.8643170261266,unit_payoff,unit_proxy,0.0,0.0,0.31880347874877263,0.35751858605695047,0.3236779351942769,0.3151564034226399,0.1357132837705148,0.5491303128068453
matrix_transformer,supervised,50,fold_2,1,20,0.35,ok,,28516,28410,0.9962827886099032,24581,0.8620072941506522,0.4297782470960929,0.41729644755359735,0.3939221349823034,-5215.0,-5215.0,0.8620375241101175,unit_payoff,unit_proxy,0.0,0.0,0.31890179514255546,0.35716297078493486,0.3239352340725097,0.3155931010207673,0.1347764871524111,0.5496304118268216
matrix_transformer,supervised,50,fold_2,1,20,0.4,ok,,28516,26854,0.941716930845841,23347,0.8187333426848086,0.43230058836672375,0.41858127815566376,0.39688182635884695,-4815.0,-4815.0,0.818762055058741,unit_payoff,unit_proxy,0.0,0.0,0.32173977805913456,0.3540627094660013,0.32419751247486406,0.3096000595814404,0.13059506963580844,0.5598048707827512
matrix_transformer,supervised,50,fold_2,1,20,0.45,ok,,28516,22499,0.7889956515640342,19727,0.6917870669098051,0.44157518111916083,0.42483278325019797,0.4050286409489532,-3747.0,-3747.0,0.6918113273715588,unit_payoff,unit_proxy,0.0,0.0,0.32805902484554866,0.3490377350104449,0.3229032401440064,0.2761900528912396,0.1232054757989244,0.600604471309836
matrix_transformer,supervised,50,fold_2,1,20,0.5,ok,,28516,15792,0.5537943610604573,13665,0.4792046570346472,0.4645390070921986,0.4437734924175789,0.4203439443834614,-2177.0,-2177.0,0.4792214623882167,unit_payoff,unit_proxy,0.0,0.0,0.3221884498480243,0.34511144883485306,0.3327001013171226,0.20732016210739615,0.1346884498480243,0.6579913880445796
matrix_transformer,supervised,50,fold_2,1,20,0.55,ok,,28516,9800,0.34366671342404265,8175,0.28668116145321926,0.49173469387755103,0.4652829341704114,0.42935779816513764,-1155.0,-1155.0,0.2866912151499211,unit_payoff,unit_proxy,0.0,0.0,0.3007142857142857,0.3647959183673469,0.33448979591836736,0.15571428571428572,0.16581632653061223,0.678469387755102
matrix_transformer,supervised,50,fold_2,1,20,0.6,ok,,28516,4998,0.17527002384626175,3840,0.13466124281105343,0.5488195278111244,0.497353854610932,0.45729166666666665,-328.0,-328.0,0.13466596528143082,unit_payoff,unit_proxy,0.0,0.0,0.2635054021608643,0.4001600640256102,0.3363345338135254,0.08783513405362145,0.23169267707082833,0.6804721888755502
matrix_transformer,supervised,50,fold_2,1,20,0.65,ok,,28516,2181,0.07648337775284052,1296,0.045448169448730535,0.6313617606602476,0.4915592882315097,0.46296296296296297,-96.0,-96.0,0.0454497632824829,unit_payoff,unit_proxy,0.0,0.0,0.2040348464007336,0.5016047684548373,0.29436038514442914,0.023383768913342505,0.405777166437414,0.5708390646492435
matrix_transformer,supervised,50,fold_2,1,20,0.7,ok,,28516,896,0.03142095665591247,210,0.007364286716229485,0.8024553571428571,0.5043962305500768,0.48095238095238096,-8.0,-8.0,0.007364544976328248,unit_payoff,unit_proxy,0.0,0.0,0.11049107142857142,0.7410714285714286,0.1484375,0.005580357142857143,0.765625,0.22879464285714285
matrix_transformer,supervised,50,fold_2,1,20,0.75,ok,,28516,516,0.018095104502735306,5,0.00017534015991022583,0.9011627906976745,0.4199922760041195,1.0,5.0,5.0,0.0001753463089601964,unit_payoff,unit_proxy,0.0,0.0,0.0562015503875969,0.8914728682170543,0.05232558139534884,0.0,0.9903100775193798,0.009689922480620155
matrix_transformer,supervised,50,fold_2,1,20,0.8,ok,,28516,323,0.01132697433020059,0,0.0,0.9009287925696594,0.31596091205211724,,0.0,0.0,0.0,unit_payoff,unit_proxy,0.0,0.0,0.06811145510835913,0.9009287925696594,0.030959752321981424,0.0,1.0,0.0
matrix_transformer,supervised,50,fold_2,1,20,0.85,ok,,28516,69,0.0024196942067611165,0,0.0,0.9420289855072463,0.32338308457711445,,0.0,0.0,0.0,unit_payoff,unit_proxy,0.0,0.0,0.028985507246376812,0.9420289855072463,0.028985507246376812,0.0,1.0,0.0
matrix_transformer,supervised,50,fold_2,1,20,0.9,skipped,too few samples remain after confidence filtering,28516,0,0.0,0,0.0,,,,0.0,0.0,0.0,unit_payoff,unit_proxy,0.0,0.0,,,,,,
matrix_transformer,supervised,50,fold_2,1,20,0.95,skipped,too few samples remain after confidence filtering,28516,0,0.0,0,0.0,,,,0.0,0.0,0.0,unit_payoff,unit_proxy,0.0,0.0,,,,,,
matrix_transformer,supervised,50,fold_2,2,20,0.33,ok,,28516,28516,1.0,27090,0.9499929863936036,0.36400617197362883,0.33421290241239426,0.3428940568475452,-8512.0,-8512.0,0.9500263019463441,unit_payoff,unit_proxy,0.0,0.0,0.31880347874877263,0.35751858605695047,0.3236779351942769,0.4346682564174498,0.05000701360639641,0.5153247299761538
matrix_transformer,supervised,50,fold_2,2,20,0.35,ok,,28516,28484,0.9988778229765746,27066,0.9491513536260345,0.36392360623507936,0.33410762862887605,0.3427916943767088,-8510.0,-8510.0,0.9491846396633351,unit_payoff,unit_proxy,0.0,0.0,0.31895099002949023,0.35749894677713806,0.3235500631933717,0.43498104198848475,0.0497823339418621,0.5152366240696531
matrix_transformer,supervised,50,fold_2,2,20,0.4,ok,,28516,27948,0.9800813578341984,26621,0.9335460793940245,0.3653213110061543,0.3350994582850178,0.34363848089853877,-8325.0,-8325.0,0.9335788181658776,unit_payoff,unit_proxy,0.0,0.0,0.31977243452125376,0.35752111063403463,0.3227064548447116,0.43534421067697154,0.04748103621010448,0.517174753112924
matrix_transformer,supervised,50,fold_2,2,20,0.45,ok,,28516,25682,0.900617197362884,24602,0.8627437228222752,0.37022038782026323,0.33635218718598586,0.34968701731566537,-7396.0,-7396.0,0.8627739786077503,unit_payoff,unit_proxy,0.0,0.0,0.3233393037925395,0.3544116501830076,0.3222490460244529,0.4249279651117514,0.04205279962619734,0.5330192352620512
matrix_transformer,supervised,50,fold_2,2,20,0.5,ok,,28516,20936,0.7341843175760976,20202,0.7084443821012765,0.38221245701184564,0.34054191444337994,0.3644193644193644,-5478.0,-5478.0,0.7084692267227775,unit_payoff,unit_proxy,0.0,0.0,0.3338746656476882,0.3473920519679022,0.3187332823844096,0.3884696217042415,0.03505922812380589,0.5764711501719526
matrix_transformer,supervised,50,fold_2,2,20,0.55,ok,,28516,13639,0.47829288820311405,13188,0.4624772057792117,0.4127135420485373,0.3609369801371531,0.3964968152866242,-2730.0,-2730.0,0.462493424513414,unit_payoff,unit_proxy,0.0,0.0,0.35039225749688396,0.3135860400322604,0.3360217024708556,0.3528851088789501,0.0330669403915243,0.6140479507295257
matrix_transformer,supervised,50,fold_2,2,20,0.6,ok,,28516,5552,0.19469771356431478,5289,0.1854748211530369,0.4722622478386167,0.4251628682683089,0.4516921913405181,-511.0,-511.0,0.18548132561809574,unit_payoff,unit_proxy,0.0,0.0,0.3559077809798271,0.2948487031700288,0.34924351585014407,0.37445965417867433,0.04737031700288184,0.5781700288184438
matrix_transformer,supervised,50,fold_2,2,20,0.65,ok,,28516,1177,0.041275073642867165,1056,0.0370318417730397,0.5488530161427357,0.5337528934679207,0.5018939393939394,4.0,4.0,0.037033140452393476,unit_payoff,unit_proxy,0.0,0.0,0.39422259983007646,0.32370433305012747,0.2820730671197961,0.5097706032285472,0.102803738317757,0.3874256584536958
matrix_transformer,supervised,50,fold_2,2,20,0.7,ok,,28516,168,0.005891429372983589,135,0.004734184317576098,0.42857142857142855,0.3015651015651016,0.2962962962962963,-55.0,-55.0,0.004734350341925302,unit_payoff,unit_proxy,0.0,0.0,0.23809523809523808,0.6547619047619048,0.10714285714285714,0.8035714285714286,0.19642857142857142,0.0
matrix_transformer,supervised,50,fold_2,2,20,0.75,ok,,28516,12,0.00042081638378454203,0,0.0,1.0,0.3333333333333333,,0.0,0.0,0.0,unit_payoff,unit_proxy,0.0,0.0,0.0,1.0,0.0,0.0,1.0,0.0
matrix_transformer,supervised,50,fold_2,2,20,0.8,ok,,28516,11,0.00038574835180249685,0,0.0,1.0,0.3333333333333333,,0.0,0.0,0.0,unit_payoff,unit_proxy,0.0,0.0,0.0,1.0,0.0,0.0,1.0,0.0
matrix_transformer,supervised,50,fold_2,2,20,0.85,ok,,28516,9,0.0003156122878384065,0,0.0,1.0,0.3333333333333333,,0.0,0.0,0.0,unit_payoff,unit_proxy,0.0,0.0,0.0,1.0,0.0,0.0,1.0,0.0
matrix_transformer,supervised,50,fold_2,2,20,0.9,skipped,too few samples remain after confidence filtering,28516,0,0.0,0,0.0,,,,0.0,0.0,0.0,unit_payoff,unit_proxy,0.0,0.0,,,,,,
matrix_transformer,supervised,50,fold_2,2,20,0.95,skipped,too few samples remain after confidence filtering,28516,0,0.0,0,0.0,,,,0.0,0.0,0.0,unit_payoff,unit_proxy,0.0,0.0,,,,,,
matrix_transformer,supervised,50,fold_3,0,20,0.33,ok,,37004,37004,1.0,28918,0.7814830829099557,0.4310885309696249,0.39766377230550826,0.42105263157894735,-4566.0,-4566.0,0.7815042023619706,unit_payoff,unit_proxy,0.0,0.0,0.3396119338449897,0.30372392173819046,0.3566641444168198,0.1403091557669441,0.2185169170900443,0.6411739271430116
matrix_transformer,supervised,50,fold_3,0,20,0.35,ok,,37004,36520,0.9869203329369798,28632,0.7737541887363528,0.4325848849945235,0.3983875114577919,0.42197541212629225,-4468.0,-4468.0,0.7737750993162716,unit_payoff,unit_proxy,0.0,0.0,0.33888280394304493,0.30383351588170865,0.3572836801752464,0.13811610076670316,0.21599123767798467,0.6458926615553121
matrix_transformer,supervised,50,fold_3,0,20,0.4,ok,,37004,30483,0.8237758080207546,24354,0.6581450653983353,0.44595348226880555,0.3988040406816518,0.42847170895951386,-3484.0,-3484.0,0.6581628516606761,unit_payoff,unit_proxy,0.0,0.0,0.3267066889741823,0.30745005412853066,0.36584325689728703,0.10625594593707968,0.20106288751107174,0.6926811665518485
matrix_transformer,supervised,50,fold_3,0,20,0.45,ok,,37004,22413,0.6056912766187439,18162,0.4908118041292833,0.47151206888859143,0.40145550082350434,0.44482986455236206,-2004.0,-2004.0,0.49082506823771044,unit_payoff,unit_proxy,0.0,0.0,0.30629545353143267,0.3128095301833757,0.3808950162851916,0.06273145049747914,0.18966671128363002,0.7476018382188908
matrix_transformer,supervised,50,fold_3,0,20,0.5,ok,,37004,15054,0.406820884228732,12103,0.32707274889201166,0.5037199415437758,0.406926978858239,0.46558704453441296,-833.0,-833.0,0.32708158797935305,unit_payoff,unit_proxy,0.0,0.0,0.2795934635312874,0.32456489969443336,0.39584163677427925,0.030423807625880164,0.19602763385146804,0.7735485585226518
matrix_transformer,supervised,50,fold_3,0,20,0.55,ok,,37004,8284,0.2238676899794617,6222,0.16814398443411524,0.5533558667310478,0.43125101853076026,0.4940533590485374,-74.0,-74.0,0.16814852849768938,unit_payoff,unit_proxy,0.0,0.0,0.24867213906325447,0.3515210043457267,0.39980685659101883,0.010019314340898117,0.24891356832448092,0.7410671173346209
matrix_transformer,supervised,50,fold_3,0,20,0.6,ok,,37004,3310,0.08944978921197709,1881,0.05083234244946492,0.6528700906344411,0.48348816276429857,0.5172780435938331,65.0,65.0,0.050833716185174176,unit_payoff,unit_proxy,0.0,0.0,0.19909365558912387,0.4664652567975831,0.33444108761329305,0.0,0.43172205438066463,0.5682779456193353
matrix_transformer,supervised,50,fold_3,0,20,0.65,ok,,37004,1720,0.046481461463625556,743,0.020078910388066154,0.7418604651162791,0.5206437758555119,0.5706594885598923,105.0,105.0,0.02007945301732292,unit_payoff,unit_proxy,0.0,0.0,0.1511627906976744,0.5581395348837209,0.29069767441860467,0.0,0.5680232558139535,0.43197674418604654
matrix_transformer,supervised,50,fold_3,0,20,0.7,ok,,37004,896,0.02421359852988866,287,0.007755918279104962,0.7935267857142857,0.5271880902452446,0.5296167247386759,17.0,17.0,0.00775612788152312,unit_payoff,unit_proxy,0.0,0.0,0.13616071428571427,0.6651785714285714,0.19866071428571427,0.0,0.6796875,0.3203125
matrix_transformer,supervised,50,fold_3,0,20,0.75,ok,,37004,277,0.007485677224083883,30,0.0008107231650632364,0.927797833935018,0.5694790225910558,0.7333333333333333,14.0,14.0,0.000810745074723671,unit_payoff,unit_proxy,0.0,0.0,0.04332129963898917,0.8483754512635379,0.10830324909747292,0.0,0.8916967509025271,0.10830324909747292
matrix_transformer,supervised,50,fold_3,0,20,0.8,ok,,37004,88,0.0023781212841854932,0,0.0,0.9772727272727273,0.32950191570881227,,0.0,0.0,0.0,unit_payoff,unit_proxy,0.0,0.0,0.022727272727272728,0.9772727272727273,0.0,0.0,1.0,0.0
matrix_transformer,supervised,50,fold_3,0,20,0.85,skipped,too few samples remain after confidence filtering,37004,1,2.702410550210788e-05,0,0.0,,,,0.0,0.0,0.0,unit_payoff,unit_proxy,0.0,0.0,0.0,1.0,0.0,0.0,1.0,0.0
matrix_transformer,supervised,50,fold_3,0,20,0.9,skipped,too few samples remain after confidence filtering,37004,0,0.0,0,0.0,,,,0.0,0.0,0.0,unit_payoff,unit_proxy,0.0,0.0,,,,,,
matrix_transformer,supervised,50,fold_3,0,20,0.95,skipped,too few samples remain after confidence filtering,37004,0,0.0,0,0.0,,,,0.0,0.0,0.0,unit_payoff,unit_proxy,0.0,0.0,,,,,,
matrix_transformer,supervised,50,fold_3,1,20,0.33,ok,,37004,37004,1.0,30798,0.8322884012539185,0.43392606204734624,0.4165034324997965,0.4205143191116306,-4896.0,-4896.0,0.8323108937113207,unit_payoff,unit_proxy,0.0,0.0,0.3396119338449897,0.30372392173819046,0.3566641444168198,0.2778618527726732,0.1677115987460815,0.5544265484812453
matrix_transformer,supervised,50,fold_3,1,20,0.35,ok,,37004,36848,0.9957842395416712,30701,0.829667063020214,0.4344876248371689,0.4169554892721698,0.4208657698446305,-4859.0,-4859.0,0.8296894846363808,unit_payoff,unit_proxy,0.0,0.0,0.33952996092053844,0.30357142857142855,0.356898610508033,0.27759986973512807,0.16682045158488928,0.5555796786799826
matrix_transformer,supervised,50,fold_3,1,20,0.4,ok,,37004,34827,0.9411685223219112,29408,0.7947248946059885,0.4397163120567376,0.4207068543368286,0.4219260065288357,-4592.0,-4592.0,0.7947463719157906,unit_payoff,unit_proxy,0.0,0.0,0.3381284635483964,0.3060843598357596,0.355787176615844,0.27398282941396046,0.155597668475608,0.5704195021104316
matrix_transformer,supervised,50,fold_3,1,20,0.45,ok,,37004,30583,0.8264782185709653,26273,0.7100043238568804,0.4458359219174051,0.42264117514701055,0.4232482015757622,-4033.0,-4033.0,0.710023511607167,unit_payoff,unit_proxy,0.0,0.0,0.3316548409246967,0.3085047248471373,0.359840434228166,0.2555014223588268,0.14092796651734624,0.6035706111238269
matrix_transformer,supervised,50,fold_3,1,20,0.5,ok,,37004,22074,0.5965301048535293,18638,0.5036752783482866,0.46443780012684605,0.4327802709907426,0.4322352183710699,-2526.0,-2526.0,0.5036888900899927,unit_payoff,unit_proxy,0.0,0.0,0.3143970281779469,0.3211017486635861,0.36450122315846695,0.18206940291745946,0.15565824046389418,0.6622723566186464
matrix_transformer,supervised,50,fold_3,1,20,0.55,ok,,37004,14034,0.379256296616582,11276,0.3047238136417685,0.49650847940715404,0.44613025515937094,0.44936147570060303,-1142.0,-1142.0,0.30473204875280385,unit_payoff,unit_proxy,0.0,0.0,0.28252814593130965,0.3467293715262933,0.37074248254239706,0.10317799629471285,0.19652273051161465,0.7002992731936725
matrix_transformer,supervised,50,fold_3,1,20,0.6,ok,,37004,8185,0.221192303534753,5978,0.16155010269160092,0.5246182040317654,0.4543400377466417,0.4464703914352626,-640.0,-640.0,0.16155446855660352,unit_payoff,unit_proxy,0.0,0.0,0.2565668906536347,0.3957238851557728,0.3477092241905925,0.05277947464874771,0.2696395846059866,0.6775809407452658
matrix_transformer,supervised,50,fold_3,1,20,0.65,ok,,37004,4373,0.11817641336071776,2541,0.06866825208085613,0.5835810656300023,0.4386006321173903,0.4427390791027155,-291.0,-291.0,0.06867010782909494,unit_payoff,unit_proxy,0.0,0.0,0.19208781157100388,0.49805625428767436,0.30985593414132173,0.008232334781614453,0.4189343699977132,0.5728332952206723
matrix_transformer,supervised,50,fold_3,1,20,0.7,ok,,37004,2169,0.058615284834071996,691,0.018673656901956544,0.7063162747810051,0.45610324690325693,0.4370477568740955,-87.0,-87.0,0.018674161554468556,unit_payoff,unit_proxy,0.0,0.0,0.12402028584601199,0.665283540802213,0.210696173351775,0.0,0.6814200092208391,0.3185799907791609
matrix_transformer,supervised,50,fold_3,1,20,0.75,ok,,37004,1154,0.031185817749432493,42,0.0011350124310885309,0.8622183708838822,0.40114503816793895,0.5238095238095238,2.0,2.0,0.0011350431046131394,unit_payoff,unit_proxy,0.0,0.0,0.045060658578856154,0.8526863084922011,0.1022530329289428,0.0,0.9636048526863085,0.036395147313691506
matrix_transformer,supervised,50,fold_3,1,20,0.8,ok,,37004,760,0.02053832018160199,0,0.0,0.9276315789473685,0.32081911262798635,,0.0,0.0,0.0,unit_payoff,unit_proxy,0.0,0.0,0.02763157894736842,0.9276315789473685,0.04473684210526316,0.0,1.0,0.0
matrix_transformer,supervised,50,fold_3,1,20,0.85,ok,,37004,233,0.006296616581991136,0,0.0,0.9613733905579399,0.32676878191101383,,0.0,0.0,0.0,unit_payoff,unit_proxy,0.0,0.0,0.02575107296137339,0.9613733905579399,0.012875536480686695,0.0,1.0,0.0
matrix_transformer,supervised,50,fold_3,1,20,0.9,skipped,too few samples remain after confidence filtering,37004,0,0.0,0,0.0,,,,0.0,0.0,0.0,unit_payoff,unit_proxy,0.0,0.0,,,,,,
matrix_transformer,supervised,50,fold_3,1,20,0.95,skipped,too few samples remain after confidence filtering,37004,0,0.0,0,0.0,,,,0.0,0.0,0.0,unit_payoff,unit_proxy,0.0,0.0,,,,,,
matrix_transformer,supervised,50,fold_3,2,20,0.33,ok,,37004,37004,1.0,30247,0.817398119122257,0.4304940006485785,0.4028420514228152,0.4165371772407181,-5049.0,-5049.0,0.8174202091722292,unit_payoff,unit_proxy,0.0,0.0,0.3396119338449897,0.30372392173819046,0.3566641444168198,0.18043995243757432,0.18260188087774296,0.6369581666846827
matrix_transformer,supervised,50,fold_3,2,20,0.35,ok,,37004,36808,0.9947032753215869,30125,0.8141011782509999,0.4314279504455553,0.4036442827676094,0.4171286307053942,-4993.0,-4993.0,0.8141231792016863,unit_payoff,unit_proxy,0.0,0.0,0.33962725494457724,0.3033036296457292,0.35706911540969355,0.1797163660073897,0.18156379048033036,0.63871984351228
matrix_transformer,supervised,50,fold_3,2,20,0.4,ok,,37004,34391,0.9293860123229921,28350,0.7661333909847584,0.43720740891512316,0.4058442879001942,0.4220811287477954,-4418.0,-4418.0,0.7661540956138692,unit_payoff,unit_proxy,0.0,0.0,0.3405832921403856,0.2988572591666424,0.360559448692972,0.16507225727661307,0.17565642173824547,0.6592713209851414
matrix_transformer,supervised,50,fold_3,2,20,0.45,ok,,37004,29383,0.7940492919684359,24265,0.6557399200086477,0.4477418915699554,0.40670857690099643,0.4282299608489594,-3483.0,-3483.0,0.6557576412723293,unit_payoff,unit_proxy,0.0,0.0,0.33230099036858046,0.3009223020113671,0.36677670762005243,0.1282033829084845,0.1741823503386312,0.6976142667528843
matrix_transformer,supervised,50,fold_3,2,20,0.5,ok,,37004,22366,0.6044211436601449,18120,0.4896767916981948,0.47080389877492623,0.4088791981723587,0.44293598233995585,-2068.0,-2068.0,0.48969002513309734,unit_payoff,unit_proxy,0.0,0.0,0.31382455512831975,0.30877224358401145,0.3774032012876688,0.0699275686309577,0.1898417240454261,0.7402307073236162
matrix_transformer,supervised,50,fold_3,2,20,0.55,ok,,37004,15558,0.4204410334017944,12028,0.3250459409793536,0.4963362900115696,0.4077447927855197,0.45510475557033586,-1080.0,-1080.0,0.32505472529254387,unit_payoff,unit_proxy,0.0,0.0,0.2858336547114025,0.3299267258002314,0.3842396194883661,0.03033808972875691,0.2268929168273557,0.7427689934438874
matrix_transformer,supervised,50,fold_3,2,20,0.6,ok,,37004,9467,0.2558372067884553,6596,0.17825099989190357,0.5412485475863525,0.4401282407923879,0.47756215888417225,-296.0,-296.0,0.17825581709591115,unit_payoff,unit_proxy,0.0,0.0,0.2578430336959966,0.3661138692299567,0.3760430970740467,0.01690081335164255,0.30326396957853596,0.6798352170698215
matrix_transformer,supervised,50,fold_3,2,20,0.65,ok,,37004,5060,0.1367419738406659,2720,0.07350556696573343,0.5946640316205534,0.44565834268804566,0.47095588235294117,-158.0,-158.0,0.07350755344161285,unit_payoff,unit_proxy,0.0,0.0,0.21798418972332015,0.4624505928853755,0.31956521739130433,0.0015810276679841897,0.4624505928853755,0.5359683794466403
matrix_transformer,supervised,50,fold_3,2,20,0.7,ok,,37004,2329,0.06293914171440926,503,0.013593125067560264,0.7093173035637613,0.44427008282901514,0.46520874751491054,-35.0,-35.0,0.01359349241953355,unit_payoff,unit_proxy,0.0,0.0,0.1468441391155002,0.6573636753971661,0.19579218548733363,0.0,0.7840274796049806,0.21597252039501932
matrix_transformer,supervised,50,fold_3,2,20,0.75,ok,,37004,1382,0.03734731380391309,14,0.0003783374770295103,0.8154848046309696,0.3251338688085676,0.42857142857142855,-2.0,-2.0,0.00037834770153771314,unit_payoff,unit_proxy,0.0,0.0,0.0824891461649783,0.8118668596237337,0.10564399421128799,0.0,0.9898697539797395,0.010130246020260492
matrix_transformer,supervised,50,fold_3,2,20,0.8,ok,,37004,1005,0.02715922602961842,0,0.0,0.8686567164179104,0.30990415335463256,,0.0,0.0,0.0,unit_payoff,unit_proxy,0.0,0.0,0.04975124378109453,0.8686567164179104,0.08159203980099503,0.0,1.0,0.0
matrix_transformer,supervised,50,fold_3,2,20,0.85,ok,,37004,566,0.01529564371419306,0,0.0,0.9452296819787986,0.32394792612776263,,0.0,0.0,0.0,unit_payoff,unit_proxy,0.0,0.0,0.03356890459363958,0.9452296819787986,0.02120141342756184,0.0,1.0,0.0
matrix_transformer,supervised,50,fold_3,2,20,0.9,ok,,37004,17,0.00045940979353583397,0,0.0,1.0,0.3333333333333333,,0.0,0.0,0.0,unit_payoff,unit_proxy,0.0,0.0,0.0,1.0,0.0,0.0,1.0,0.0
matrix_transformer,supervised,50,fold_3,2,20,0.95,skipped,too few samples remain after confidence filtering,37004,0,0.0,0,0.0,,,,0.0,0.0,0.0,unit_payoff,unit_proxy,0.0,0.0,,,,,,
matrix_transformer,supervised,50,fold_4,0,20,0.33,ok,,34766,34766,1.0,32186,0.9257895645170569,0.47327849047920384,0.4361753843747121,0.4581495059963959,-2694.0,-2694.0,0.9258161944484395,unit_payoff,unit_proxy,0.0,0.0,0.36294080423402175,0.27472242996030605,0.3623367658056722,0.43076569061726977,0.07421043548294311,0.49502387389978714
matrix_transformer,supervised,50,fold_4,0,20,0.35,ok,,34766,34618,0.99574296726687,32075,0.9225967899672094,0.47356866370096484,0.4362536390448531,0.4583008573655495,-2675.0,-2675.0,0.9226233280598303,unit_payoff,unit_proxy,0.0,0.0,0.36275925818938126,0.27442371020856204,0.36281703160205675,0.4312496389161708,0.07345889421688138,0.4952914668669478
matrix_transformer,supervised,50,fold_4,0,20,0.4,ok,,34766,31618,0.9094517632169361,29516,0.8489903929126158,0.48007464102726294,0.44027689401240444,0.46337579617834396,-2162.0,-2162.0,0.8490148137494606,unit_payoff,unit_proxy,0.0,0.0,0.3635271048137137,0.2743374027452717,0.3621354924410146,0.42833196280599656,0.06648111835030679,0.5051869188436966
matrix_transformer,supervised,50,fold_4,0,20,0.45,ok,,34766,22760,0.6546626013921648,21333,0.6136167519990796,0.4946397188049209,0.45449876138864803,0.4742886607603244,-1097.0,-1097.0,0.6136344024162232,unit_payoff,unit_proxy,0.0,0.0,0.3572934973637961,0.2840509666080844,0.3586555360281195,0.42464850615114236,0.06269771528998243,0.5126537785588752
matrix_transformer,supervised,50,fold_4,0,20,0.5,ok,,34766,12893,0.37085083127193236,12033,0.34611401944428466,0.5098890871015279,0.4740273146006191,0.4831712789827973,-405.0,-405.0,0.3461239752624766,unit_payoff,unit_proxy,0.0,0.0,0.34235631738152483,0.3014814240285426,0.3561622585899325,0.40494842162413713,0.06670286201814939,0.5283487163577135
matrix_transformer,supervised,50,fold_4,0,20,0.55,ok,,34766,6117,0.17594776505781512,5654,0.162630155899442,0.5278731404283146,0.4924125466954267,0.4936328263176512,-72.0,-72.0,0.1626348338846541,unit_payoff,unit_proxy,0.0,0.0,0.312408043158411,0.32761157430112803,0.359980382540461,0.3251593918587543,0.07569069805460193,0.5991499100866438
matrix_transformer,supervised,50,fold_4,0,20,0.6,ok,,34766,2123,0.06106540873266985,1839,0.05289650808260945,0.5463966085727744,0.5144841337344995,0.48450244698205547,-57.0,-57.0,0.05289802962749892,unit_payoff,unit_proxy,0.0,0.0,0.25529910504003767,0.39802166745171924,0.34667922750824304,0.18605746585021196,0.13377296278850684,0.6801695713612812
matrix_transformer,supervised,50,fold_4,0,20,0.65,ok,,34766,647,0.0186101363401024,477,0.013720301443939481,0.5935085007727975,0.43437777355141377,0.47379454926624737,-25.0,-25.0,0.013720696102401841,unit_payoff,unit_proxy,0.0,0.0,0.16383307573415765,0.4760432766615147,0.3601236476043277,0.00927357032457496,0.26275115919629055,0.7279752704791345
matrix_transformer,supervised,50,fold_4,0,20,0.7,ok,,34766,141,0.0040556865903468905,62,0.0017833515503652994,0.6737588652482269,0.4313385756808388,0.3064516129032258,-24.0,-24.0,0.001783402847691644,unit_payoff,unit_proxy,0.0,0.0,0.12056737588652482,0.7375886524822695,0.14184397163120568,0.0,0.5602836879432624,0.4397163120567376
matrix_transformer,supervised,50,fold_4,0,20,0.75,ok,,34766,31,0.0008916757751826497,4,0.00011505493873324512,0.8387096774193549,0.4981684981684982,0.5,0.0,0.0,0.00011505824823817057,unit_payoff,unit_proxy,0.0,0.0,0.0967741935483871,0.8064516129032258,0.0967741935483871,0.0,0.8709677419354839,0.12903225806451613
matrix_transformer,supervised,50,fold_4,0,20,0.8,ok,,34766,14,0.00040269228556635795,0,0.0,0.8571428571428571,0.3076923076923077,,0.0,0.0,0.0,unit_payoff,unit_proxy,0.0,0.0,0.14285714285714285,0.8571428571428571,0.0,0.0,1.0,0.0
matrix_transformer,supervised,50,fold_4,0,20,0.85,skipped,too few samples remain after confidence filtering,34766,0,0.0,0,0.0,,,,0.0,0.0,0.0,unit_payoff,unit_proxy,0.0,0.0,,,,,,
matrix_transformer,supervised,50,fold_4,0,20,0.9,skipped,too few samples remain after confidence filtering,34766,0,0.0,0,0.0,,,,0.0,0.0,0.0,unit_payoff,unit_proxy,0.0,0.0,,,,,,
matrix_transformer,supervised,50,fold_4,0,20,0.95,skipped,too few samples remain after confidence filtering,34766,0,0.0,0,0.0,,,,0.0,0.0,0.0,unit_payoff,unit_proxy,0.0,0.0,,,,,,
matrix_transformer,supervised,50,fold_4,1,20,0.33,ok,,34766,34766,1.0,30533,0.8782431110855433,0.48072829776218146,0.45984317077970766,0.4656928569089182,-2095.0,-2095.0,0.8782683733640155,unit_payoff,unit_proxy,0.0,0.0,0.36294080423402175,0.27472242996030605,0.3623367658056722,0.3759995397802451,0.12175688891445666,0.5022435713052983
matrix_transformer,supervised,50,fold_4,1,20,0.35,ok,,34766,34667,0.9971523902663522,30469,0.8764022320658115,0.48123575734848706,0.4602704993771618,0.4660146378286127,-2071.0,-2071.0,0.8764274413922049,unit_payoff,unit_proxy,0.0,0.0,0.3629099720194998,0.27452620647878384,0.36256382150171634,0.3761213834482361,0.12109498947125509,0.5027836270805088
matrix_transformer,supervised,50,fold_4,1,20,0.4,ok,,34766,33236,0.9559914859345338,29392,0.8454236898118852,0.4857082681429775,0.464090670281027,0.468937125748503,-1826.0,-1826.0,0.8454480080540774,unit_payoff,unit_proxy,0.0,0.0,0.36523649055241303,0.2730172102539415,0.3617462991936454,0.37576724034179804,0.11565772054398844,0.5085750391142135
matrix_transformer,supervised,50,fold_4,1,20,0.45,ok,,34766,28485,0.8193349824541218,25301,0.7277512512224588,0.4964016148850272,0.47518618785295574,0.47583099482233904,-1223.0,-1223.0,0.7277721846684885,unit_payoff,unit_proxy,0.0,0.0,0.3632087063366684,0.27530279094260135,0.3614885027207302,0.36893101632438124,0.11177812883974021,0.5192908548358786
matrix_transformer,supervised,50,fold_4,1,20,0.5,ok,,34766,20164,0.5799919461542886,17500,0.5033653569579474,0.5140845070422535,0.49954350631517913,0.4861714285714286,-484.0,-484.0,0.5033798360419962,unit_payoff,unit_proxy,0.0,0.0,0.3528565760761754,0.2964193612378496,0.350724062685975,0.34507042253521125,0.1321166435231105,0.5228129339416783
matrix_transformer,supervised,50,fold_4,1,20,0.55,ok,,34766,13306,0.3827302536961399,11052,0.31789679571995627,0.5270554637005862,0.5223964584705119,0.48416576185305826,-350.0,-350.0,0.3179059398820653,unit_payoff,unit_proxy,0.0,0.0,0.33909514504734706,0.3307530437396663,0.33015181121298665,0.3227867127611604,0.16939726439200362,0.507816022846836
matrix_transformer,supervised,50,fold_4,1,20,0.6,ok,,34766,8018,0.23062762469078985,6191,0.17807628142438015,0.5357944624594662,0.5349514083710284,0.46729122920368277,-405.0,-405.0,0.1780814037106285,unit_payoff,unit_proxy,0.0,0.0,0.3093040658518334,0.3870042404589673,0.3036916936891993,0.2856073833873784,0.22786230980294336,0.48653030680967824
matrix_transformer,supervised,50,fold_4,1,20,0.65,ok,,34766,4130,0.11879422424207559,2854,0.0820916987861704,0.5687651331719128,0.557792938922088,0.46285914505956555,-212.0,-212.0,0.0820940601179347,unit_payoff,unit_proxy,0.0,0.0,0.27627118644067794,0.463680387409201,0.2600484261501211,0.20290556900726392,0.3089588377723971,0.488135593220339
matrix_transformer,supervised,50,fold_4,1,20,0.7,ok,,34766,1723,0.049559914859345335,861,0.024765575562331013,0.6517701683110854,0.5422172041319194,0.46689895470383275,-57.0,-57.0,0.024766287933266216,unit_payoff,unit_proxy,0.0,0.0,0.1804991294254208,0.579802669762043,0.23969820081253626,0.061520603598374926,0.5002901915264074,0.4381892048752176
matrix_transformer,supervised,50,fold_4,1,20,0.75,ok,,34766,682,0.019616867054018293,172,0.00494736236552954,0.7932551319648093,0.5070607553366174,0.5116279069767442,4.0,4.0,0.004947504674241335,unit_payoff,unit_proxy,0.0,0.0,0.10117302052785923,0.7404692082111437,0.15835777126099707,0.0,0.7478005865102639,0.25219941348973607
matrix_transformer,supervised,50,fold_4,1,20,0.8,ok,,34766,265,0.00762238969107749,23,0.0006615658977161595,0.8830188679245283,0.4442519442519443,0.30434782608695654,-9.0,-9.0,0.0006615849273694808,unit_payoff,unit_proxy,0.0,0.0,0.04905660377358491,0.9018867924528302,0.04905660377358491,0.0,0.9132075471698113,0.08679245283018867
matrix_transformer,supervised,50,fold_4,1,20,0.85,ok,,34766,113,0.0032503020192141746,0,0.0,0.911504424778761,0.31790123456790126,,0.0,0.0,0.0,unit_payoff,unit_proxy,0.0,0.0,0.04424778761061947,0.911504424778761,0.04424778761061947,0.0,1.0,0.0
matrix_transformer,supervised,50,fold_4,1,20,0.9,ok,,34766,17,0.0004889834896162918,0,0.0,0.8235294117647058,0.3010752688172043,,0.0,0.0,0.0,unit_payoff,unit_proxy,0.0,0.0,0.17647058823529413,0.8235294117647058,0.0,0.0,1.0,0.0
matrix_transformer,supervised,50,fold_4,1,20,0.95,skipped,too few samples remain after confidence filtering,34766,0,0.0,0,0.0,,,,0.0,0.0,0.0,unit_payoff,unit_proxy,0.0,0.0,,,,,,
matrix_transformer,supervised,50,fold_4,2,20,0.33,ok,,34766,34766,1.0,32194,0.9260196743945234,0.4678996720934246,0.43208652408221004,0.45219606137789653,-3078.0,-3078.0,0.9260463109449159,unit_payoff,unit_proxy,0.0,0.0,0.36294080423402175,0.27472242996030605,0.3623367658056722,0.46413162284991083,0.07398032560547661,0.46188805154461254
matrix_transformer,supervised,50,fold_4,2,20,0.35,ok,,34766,34658,0.9968935166542023,32116,0.9237761030892251,0.4682324427260661,0.432293720985432,0.45236019429567814,-3060.0,-3060.0,0.9238026751042715,unit_payoff,unit_proxy,0.0,0.0,0.3627445322869179,0.2745109354261642,0.3627445322869179,0.46448150499163254,0.07334525939177101,0.46217323561659646
matrix_transformer,supervised,50,fold_4,2,20,0.4,ok,,34766,32385,0.9315135477190358,30250,0.8701029741701662,0.47478771035973444,0.43703766781285164,0.4570247933884298,-2600.0,-2600.0,0.8701280023011649,unit_payoff,unit_proxy,0.0,0.0,0.3650764242704956,0.27086614173228346,0.36405743399722096,0.4645669291338583,0.06592558283155782,0.4695074880345839
matrix_transformer,supervised,50,fold_4,2,20,0.45,ok,,34766,27019,0.7771673474083876,25383,0.7301098774664903,0.4879159110255746,0.4472682610846849,0.4694086593389276,-1553.0,-1553.0,0.7301308787573709,unit_payoff,unit_proxy,0.0,0.0,0.36503941670676193,0.26533180354565306,0.369628779747585,0.4592323920204301,0.06054998334505348,0.48021762463451645
matrix_transformer,supervised,50,fold_4,2,20,0.5,ok,,34766,19519,0.5614393372835529,18290,0.5260887073577634,0.5118090066089451,0.47133186221364004,0.4915800984144341,-308.0,-308.0,0.526103840069035,unit_payoff,unit_proxy,0.0,0.0,0.35442389466673496,0.26420410881705003,0.38137199651621495,0.4409037348224807,0.0629642912034428,0.49613197397407655
matrix_transformer,supervised,50,fold_4,2,20,0.55,ok,,34766,11937,0.3433527009146868,11121,0.31988149341310473,0.5293624863868643,0.4926880702164425,0.5068788777987591,153.0,153.0,0.31989069466417375,unit_payoff,unit_proxy,0.0,0.0,0.35100946636508334,0.2586914635167965,0.39029907011812015,0.4398927703778169,0.06835888414174415,0.491748345480439
matrix_transformer,supervised,50,fold_4,2,20,0.6,ok,,34766,5312,0.15279295863774953,4799,0.13803716274521083,0.5348268072289156,0.5209304934824045,0.4963534069597833,-35.0,-35.0,0.13804113332374515,unit_payoff,unit_proxy,0.0,0.0,0.33396084337349397,0.28106174698795183,0.3849774096385542,0.4431475903614458,0.09657379518072289,0.4602786144578313
matrix_transformer,supervised,50,fold_4,2,20,0.65,ok,,34766,1129,0.03247425645745844,864,0.02485186676638095,0.5987599645704162,0.5942521939303965,0.4988425925925926,-2.0,-2.0,0.024852581619444845,unit_payoff,unit_proxy,0.0,0.0,0.295837023914969,0.4154118689105403,0.2887511071744907,0.5314437555358724,0.23472099202834368,0.23383525243578387
matrix_transformer,supervised,50,fold_4,2,20,0.7,ok,,34766,115,0.0033078294885807973,15,0.0004314560202496692,0.8347826086956521,0.4091847265221878,0.2,-9.0,-9.0,0.00043146843089313965,unit_payoff,unit_proxy,0.0,0.0,0.034782608695652174,0.9043478260869565,0.06086956521739131,0.13043478260869565,0.8695652173913043,0.0
matrix_transformer,supervised,50,fold_4,2,20,0.75,ok,,34766,11,0.0003164010815164241,0,0.0,1.0,0.3333333333333333,,0.0,0.0,0.0,unit_payoff,unit_proxy,0.0,0.0,0.0,1.0,0.0,0.0,1.0,0.0
matrix_transformer,supervised,50,fold_4,2,20,0.8,skipped,too few samples remain after confidence filtering,34766,0,0.0,0,0.0,,,,0.0,0.0,0.0,unit_payoff,unit_proxy,0.0,0.0,,,,,,
matrix_transformer,supervised,50,fold_4,2,20,0.85,skipped,too few samples remain after confidence filtering,34766,0,0.0,0,0.0,,,,0.0,0.0,0.0,unit_payoff,unit_proxy,0.0,0.0,,,,,,
matrix_transformer,supervised,50,fold_4,2,20,0.9,skipped,too few samples remain after confidence filtering,34766,0,0.0,0,0.0,,,,0.0,0.0,0.0,unit_payoff,unit_proxy,0.0,0.0,,,,,,
matrix_transformer,supervised,50,fold_4,2,20,0.95,skipped,too few samples remain after confidence filtering,34766,0,0.0,0,0.0,,,,0.0,0.0,0.0,unit_payoff,unit_proxy,0.0,0.0,,,,,,
matrix_transformer,supervised,50,fold_5,0,20,0.33,ok,,39133,39133,1.0,32143,0.8213783763064422,0.4985050979991312,0.4922126608888715,0.4506424415891485,-3173.0,-3173.0,0.8213993662475724,unit_payoff,unit_proxy,0.0,0.0,0.3267063603608208,0.3380522832392099,0.3352413563999693,0.26903125239567627,0.17862162369355786,0.5523471239107659
matrix_transformer,supervised,50,fold_5,0,20,0.35,ok,,39133,38981,0.9961158101857767,32049,0.8189763115529093,0.49937148867396935,0.49305892888884456,0.45155855096882896,-3105.0,-3105.0,0.8189972401103955,unit_payoff,unit_proxy,0.0,0.0,0.3271337318180652,0.3372155665580667,0.33565070162386806,0.2692080757292014,0.1778302249814012,0.5529616992893974
matrix_transformer,supervised,50,fold_5,0,20,0.4,ok,,39133,36604,0.9353742365778244,30107,0.7693506759001354,0.5097803518741121,0.5032686674662447,0.46092270900455046,-2353.0,-2353.0,0.7693703362976592,unit_payoff,unit_proxy,0.0,0.0,0.327996940225112,0.33414380941973554,0.33785925035515246,0.2643700142060977,0.177494262922085,0.5581357228718173
matrix_transformer,supervised,50,fold_5,0,20,0.45,ok,,39133,29697,0.7588735849538752,23960,0.6122709733473027,0.5314678250328316,0.5238273471273077,0.47437395659432385,-1228.0,-1228.0,0.6122866196463252,unit_payoff,unit_proxy,0.0,0.0,0.31548641276896655,0.345489443378119,0.33902414385291446,0.23965383708792135,0.19318449675051352,0.5671616661615652
matrix_transformer,supervised,50,fold_5,0,20,0.5,ok,,39133,20645,0.5275598599647356,15570,0.39787391715431986,0.560523129086946,0.5468320672943792,0.48375080282594735,-506.0,-506.0,0.3978840846366145,unit_payoff,unit_proxy,0.0,0.0,0.28379752966820054,0.3892467909905546,0.32695567934124486,0.19210462581738919,0.2458222329861952,0.5620731411964156
matrix_transformer,supervised,50,fold_5,0,20,0.55,ok,,39133,13065,0.3338614468607058,8556,0.21863900033220043,0.6001530807500957,0.5675666420710527,0.48667601683029454,-228.0,-228.0,0.21864458754983135,unit_payoff,unit_proxy,0.0,0.0,0.24163796402602372,0.4577114427860697,0.3006505931879066,0.14313050133945657,0.34512055109070033,0.5117489475698431
matrix_transformer,supervised,50,fold_5,0,20,0.6,ok,,39133,7997,0.20435438121278715,3919,0.10014565711803337,0.6708765787170189,0.5896964546491148,0.49476907374330187,-41.0,-41.0,0.10014821629357049,unit_payoff,unit_proxy,0.0,0.0,0.17431536826309865,0.5783418782043266,0.2473427535325747,0.09528573214955609,0.5099412279604851,0.3947730398899587
matrix_transformer,supervised,50,fold_5,0,20,0.65,ok,,39133,4827,0.12334858048194618,1194,0.03051133314593821,0.7596851046198467,0.5624814491759299,0.466499162479062,-80.0,-80.0,0.03051211284881938,unit_payoff,unit_proxy,0.0,0.0,0.11953594365030039,0.7281955666045162,0.15226848974518334,0.047027139009736894,0.7526413921690491,0.200331468821214
matrix_transformer,supervised,50,fold_5,0,20,0.7,ok,,39133,3358,0.08580993023790663,123,0.003143127283878057,0.853186420488386,0.3877111808937231,0.3089430894308943,-47.0,-47.0,0.003143207605029132,unit_payoff,unit_proxy,0.0,0.0,0.06581298391899941,0.8627159023228111,0.0714711137581894,0.005658129839189994,0.9633710541989279,0.030970815961882073
matrix_transformer,supervised,50,fold_5,0,20,0.75,ok,,39133,2803,0.07162752663992027,0,0.0,0.8876204067070995,0.31348831348831346,,0.0,0.0,0.0,unit_payoff,unit_proxy,0.0,0.0,0.05280057081698181,0.8876204067070995,0.05957902247591866,0.0,1.0,0.0
matrix_transformer,supervised,50,fold_5,0,20,0.8,ok,,39133,2258,0.05770066184550124,0,0.0,0.9052258635961028,0.3167518983418565,,0.0,0.0,0.0,unit_payoff,unit_proxy,0.0,0.0,0.04384410983170948,0.9052258635961028,0.05093002657218778,0.0,1.0,0.0
matrix_transformer,supervised,50,fold_5,0,20,0.85,ok,,39133,1421,0.036312063986916415,0,0.0,0.9296270232230823,0.3211767566253343,,0.0,0.0,0.0,unit_payoff,unit_proxy,0.0,0.0,0.03729767769176636,0.9296270232230823,0.033075299085151305,0.0,1.0,0.0
matrix_transformer,supervised,50,fold_5,0,20,0.9,ok,,39133,491,0.012546955255155496,0,0.0,0.9511201629327902,0.32498260264439804,,0.0,0.0,0.0,unit_payoff,unit_proxy,0.0,0.0,0.034623217922606926,0.9511201629327902,0.014256619144602852,0.0,1.0,0.0
matrix_transformer,supervised,50,fold_5,0,20,0.95,skipped,too few samples remain after confidence filtering,39133,0,0.0,0,0.0,,,,0.0,0.0,0.0,unit_payoff,unit_proxy,0.0,0.0,,,,,,
matrix_transformer,supervised,50,fold_5,1,20,0.33,ok,,39133,39133,1.0,33167,0.8475455497917359,0.482968338742238,0.4682966866687493,0.43296047275906774,-4447.0,-4447.0,0.8475672084227742,unit_payoff,unit_proxy,0.0,0.0,0.3267063603608208,0.3380522832392099,0.3352413563999693,0.22888610635525006,0.15245445020826412,0.6186594434364858
matrix_transformer,supervised,50,fold_5,1,20,0.35,ok,,39133,39018,0.9970613037589758,33081,0.8453479160810569,0.48359731406017736,0.46890313091069835,0.43339076811462773,-4407.0,-4407.0,0.8453695185525912,unit_payoff,unit_proxy,0.0,0.0,0.3264647085960326,0.3379209595571275,0.3356143318468399,0.22879183966374494,0.15216054128863601,0.6190476190476191
matrix_transformer,supervised,50,fold_5,1,20,0.4,ok,,39133,37310,0.9534152761096772,31767,0.8117701172923109,0.4894398284642187,0.47388485133015745,0.43922938898857306,-3861.0,-3861.0,0.8117908616988654,unit_payoff,unit_proxy,0.0,0.0,0.32674886089520233,0.33406593406593404,0.33918520503886357,0.22363977485928704,0.1485660680782632,0.6277941570624498
matrix_transformer,supervised,50,fold_5,1,20,0.45,ok,,39133,33552,0.8573837937290778,28658,0.7323231032632305,0.49827134000953743,0.48122395108750987,0.44636750645544004,-3074.0,-3074.0,0.7323418174384135,unit_payoff,unit_proxy,0.0,0.0,0.32811754887935146,0.3316940867906533,0.3401883643299952,0.2047269909394373,0.14586313781592752,0.6494098712446352
matrix_transformer,supervised,50,fold_5,1,20,0.5,ok,,39133,27297,0.6975442720977181,23059,0.5892469271458871,0.51357292010111,0.49305014533063085,0.45400928054122036,-2121.0,-2121.0,0.5892619850761525,unit_payoff,unit_proxy,0.0,0.0,0.31549254496831153,0.3445799904751438,0.33992746455654466,0.16935927024947797,0.15525515624427594,0.6753855735062461
matrix_transformer,supervised,50,fold_5,1,20,0.55,ok,,39133,19139,0.489075716147497,15477,0.39549740628114377,0.5340404409843774,0.5100683045438311,0.45622536667312785,-1355.0,-1355.0,0.395507513032812,unit_payoff,unit_proxy,0.0,0.0,0.28695334134489786,0.386749568942996,0.3262970897121062,0.1326610585715032,0.19133706045247922,0.6760018809760175
matrix_transformer,supervised,50,fold_5,1,20,0.6,ok,,39133,11140,0.28467022717399637,8015,0.20481435105920834,0.5716337522441651,0.5446799872198532,0.4524017467248908,-763.0,-763.0,0.204819584994378,unit_payoff,unit_proxy,0.0,0.0,0.2417414721723519,0.47342908438061043,0.2848294434470377,0.11929982046678636,0.28052064631956913,0.6001795332136445
matrix_transformer,supervised,50,fold_5,1,20,0.65,ok,,39133,5567,0.14225845194592798,3062,0.0782459816523139,0.64576971438836,0.5961865667771071,0.4470934030045722,-324.0,-324.0,0.07824798119186344,unit_payoff,unit_proxy,0.0,0.0,0.18627627088198312,0.6057122328004311,0.20801149631758578,0.11047242680079038,0.44997305550565836,0.4395545176935513
matrix_transformer,supervised,50,fold_5,1,20,0.7,ok,,39133,2657,0.06789666010783738,804,0.020545319806812665,0.7670304855099737,0.6266982175847624,0.43532338308457713,-104.0,-104.0,0.02054584483287335,unit_payoff,unit_proxy,0.0,0.0,0.12344749717726759,0.7685359427926233,0.10801656003010915,0.06925103500188182,0.6974030861874294,0.23334587881068874
matrix_transformer,supervised,50,fold_5,1,20,0.75,ok,,39133,1452,0.03710423427797511,117,0.002989804001737664,0.8774104683195593,0.44207933344196354,0.23931623931623933,-61.0,-61.0,0.002989880404783809,unit_payoff,unit_proxy,0.0,0.0,0.048898071625344354,0.9111570247933884,0.03994490358126722,0.005509641873278237,0.9194214876033058,0.07506887052341597
matrix_transformer,supervised,50,fold_5,1,20,0.8,ok,,39133,942,0.024071755296041705,7,0.0001788771624971252,0.9447983014861996,0.3690058479532164,0.2857142857142857,-3.0,-3.0,0.0001788817336195441,unit_payoff,unit_proxy,0.0,0.0,0.03184713375796178,0.9437367303609342,0.024416135881104035,0.0,0.9925690021231423,0.0074309978768577496
matrix_transformer,supervised,50,fold_5,1,20,0.85,ok,,39133,554,0.014156849717629622,0,0.0,0.9548736462093863,0.32563865804863035,,0.0,0.0,0.0,unit_payoff,unit_proxy,0.0,0.0,0.02527075812274368,0.9548736462093863,0.019855595667870037,0.0,1.0,0.0
matrix_transformer,supervised,50,fold_5,1,20,0.9,ok,,39133,125,0.003194235044591521,0,0.0,0.96,0.32653061224489793,,0.0,0.0,0.0,unit_payoff,unit_proxy,0.0,0.0,0.024,0.96,0.016,0.0,1.0,0.0
matrix_transformer,supervised,50,fold_5,1,20,0.95,skipped,too few samples remain after confidence filtering,39133,0,0.0,0,0.0,,,,0.0,0.0,0.0,unit_payoff,unit_proxy,0.0,0.0,,,,,,
matrix_transformer,supervised,50,fold_5,2,20,0.33,ok,,39133,39133,1.0,30440,0.7778601180589273,0.4928832443206501,0.48253861929099107,0.44464520367936927,-3370.0,-3370.0,0.7778799959112747,unit_payoff,unit_proxy,0.0,0.0,0.3267063603608208,0.3380522832392099,0.3352413563999693,0.20006132931285617,0.22213988194107276,0.577798788746071
matrix_transformer,supervised,50,fold_5,2,20,0.35,ok,,39133,39014,0.9969590882375489,30363,0.7758924692714588,0.4928487209719588,0.48244987966065284,0.4446530316503639,-3361.0,-3361.0,0.7759122968414597,unit_payoff,unit_proxy,0.0,0.0,0.32683139385861487,0.3377249192597529,0.33544368688163223,0.19962064899779566,0.22174091351822423,0.5786384374839801
matrix_transformer,supervised,50,fold_5,2,20,0.4,ok,,39133,37481,0.9577849896506785,29276,0.748115401323691,0.4990795336303727,0.48826634852055656,0.44927585735756254,-2970.0,-2970.0,0.7481345190636819,unit_payoff,unit_proxy,0.0,0.0,0.326565459832982,0.33635708759104616,0.3370774525759718,0.19449854592993784,0.21891091486353084,0.5865905392065313
matrix_transformer,supervised,50,fold_5,2,20,0.45,ok,,39133,32980,0.842766974165027,25593,0.6540004599698465,0.5109460278956943,0.496363004258708,0.4558668385886766,-2259.0,-2259.0,0.6540171726464274,unit_payoff,unit_proxy,0.0,0.0,0.3194057004244997,0.3444815039417829,0.33611279563371743,0.17073984232868405,0.2239842328684051,0.6052759248029108
matrix_transformer,supervised,50,fold_5,2,20,0.5,ok,,39133,26057,0.6658574604553702,19509,0.4985306518794879,0.5294930345012856,0.5040636094188812,0.46434978727766674,-1391.0,-1391.0,0.4985433915976694,unit_payoff,unit_proxy,0.0,0.0,0.3018382776221361,0.3675403922170626,0.3306213301608013,0.12154123651993706,0.2512952373642399,0.627163526115823
matrix_transformer,supervised,50,fold_5,2,20,0.55,ok,,39133,19029,0.48626478930825645,13210,0.337566759512432,0.5470597509065112,0.5011787188188256,0.4580620741862226,-1108.0,-1108.0,0.3375753858734539,unit_payoff,unit_proxy,0.0,0.0,0.2664879920121919,0.4177833832571338,0.31572862473067426,0.07856429659992643,0.3057964159966367,0.6156392874034369
matrix_transformer,supervised,50,fold_5,2,20,0.6,ok,,39133,12669,0.3237421102394399,7440,0.19012086985408735,0.5911279501144526,0.5009969984923306,0.4606182795698925,-586.0,-586.0,0.19012572830420116,unit_payoff,unit_proxy,0.0,0.0,0.21027705422685294,0.4953824295524509,0.2943405162206962,0.04104507064488121,0.41273975846554584,0.5462151708895729
matrix_transformer,supervised,50,fold_5,2,20,0.65,ok,,39133,7568,0.19339176653974907,2951,0.07540950093271663,0.6619978858350951,0.4720787594726299,0.44052863436123346,-351.0,-351.0,0.07541142798732495,unit_payoff,unit_proxy,0.0,0.0,0.142838266384778,0.632531712473573,0.22463002114164904,0.00872093023255814,0.610068710359408,0.3812103594080338
matrix_transformer,supervised,50,fold_5,2,20,0.7,ok,,39133,4614,0.11790560396596222,558,0.01425906523905655,0.7745990463805809,0.41348561920369975,0.35663082437275984,-160.0,-160.0,0.014259429622815088,unit_payoff,unit_proxy,0.0,0.0,0.0953619419159081,0.7878196792371045,0.11681837884698743,0.0,0.8790637191157347,0.12093628088426528
matrix_transformer,supervised,50,fold_5,2,20,0.75,ok,,39133,3423,0.08747093246109422,15,0.00038330820535098254,0.8536371603856266,0.3164700863388512,0.26666666666666666,-7.0,-7.0,0.0003833180006133088,unit_payoff,unit_proxy,0.0,0.0,0.06660823838737949,0.8556821501606777,0.07770961145194274,0.0,0.9956178790534619,0.0043821209465381246
matrix_transformer,supervised,50,fold_5,2,20,0.8,ok,,39133,2561,0.06544348759359109,0,0.0,0.8840296759078485,0.3128151986183074,,0.0,0.0,0.0,unit_payoff,unit_proxy,0.0,0.0,0.055447090980085906,0.8840296759078485,0.0605232331120656,0.0,1.0,0.0
matrix_transformer,supervised,50,fold_5,2,20,0.85,ok,,39133,1384,0.035366570413717324,0,0.0,0.9270231213872833,0.32070991126109233,,0.0,0.0,0.0,unit_payoff,unit_proxy,0.0,0.0,0.03395953757225433,0.9270231213872833,0.03901734104046243,0.0,1.0,0.0
matrix_transformer,supervised,50,fold_5,2,20,0.9,ok,,39133,330,0.008432780517721616,0,0.0,0.9878787878787879,0.3313008130081301,,0.0,0.0,0.0,unit_payoff,unit_proxy,0.0,0.0,0.006060606060606061,0.9878787878787879,0.006060606060606061,0.0,1.0,0.0
matrix_transformer,supervised,50,fold_5,2,20,0.95,skipped,too few samples remain after confidence filtering,39133,0,0.0,0,0.0,,,,0.0,0.0,0.0,unit_payoff,unit_proxy,0.0,0.0,,,,,,
