model_family,pretraining_objective,horizon,fold,seed,lookback,confidence_threshold,fee_bps,spread_multiplier,gross_proxy,net_proxy,degradation_percentage,active_trade_count,active_trade_fraction,average_cost_per_active_trade,cost_mode,payoff_mode,status,skipped_reason
matrix_transformer,masked_reconstruction,10,fold_1,0,20,0.33,0.0,0.0,-12206.0,-12206.0,0.0,21188,0.5520871332534264,0.0,unit_proxy,unit_payoff,ok,
matrix_transformer,masked_reconstruction,10,fold_1,0,20,0.33,0.0,0.5,-12206.0,-12311.94,0.8679338030476857,21188,0.5520871332534264,0.005,unit_proxy,unit_payoff,ok,
matrix_transformer,masked_reconstruction,10,fold_1,0,20,0.33,0.0,1.0,-12206.0,-12417.88,1.7358676060953564,21188,0.5520871332534264,0.01,unit_proxy,unit_payoff,ok,
matrix_transformer,masked_reconstruction,10,fold_1,0,20,0.33,0.0,2.0,-12206.0,-12629.76,3.4717352121907274,21188,0.5520871332534264,0.02,unit_proxy,unit_payoff,ok,
matrix_transformer,masked_reconstruction,10,fold_1,0,20,0.33,1.0,0.0,-12206.0,-12208.1188,0.017358676060955203,21188,0.5520871332534264,0.00010000000000000003,unit_proxy,unit_payoff,ok,
matrix_transformer,masked_reconstruction,10,fold_1,0,20,0.33,1.0,0.5,-12206.0,-12314.0588,0.8852924791086408,21188,0.5520871332534264,0.005099999999999999,unit_proxy,unit_payoff,ok,
matrix_transformer,masked_reconstruction,10,fold_1,0,20,0.33,1.0,1.0,-12206.0,-12419.9988,1.7532262821563116,21188,0.5520871332534264,0.0101,unit_proxy,unit_payoff,ok,
matrix_transformer,masked_reconstruction,10,fold_1,0,20,0.33,1.0,2.0,-12206.0,-12631.8788,3.489093888251683,21188,0.5520871332534264,0.020100000000000003,unit_proxy,unit_payoff,ok,
matrix_transformer,masked_reconstruction,10,fold_1,0,20,0.33,2.0,0.0,-12206.0,-12210.2376,0.034717352121910405,21188,0.5520871332534264,0.00020000000000000006,unit_proxy,unit_payoff,ok,
matrix_transformer,masked_reconstruction,10,fold_1,0,20,0.33,2.0,0.5,-12206.0,-12316.177599999999,0.9026511551695812,21188,0.5520871332534264,0.005199999999999998,unit_proxy,unit_payoff,ok,
matrix_transformer,masked_reconstruction,10,fold_1,0,20,0.33,2.0,1.0,-12206.0,-12422.1176,1.7705849582172668,21188,0.5520871332534264,0.010199999999999997,unit_proxy,unit_payoff,ok,
matrix_transformer,masked_reconstruction,10,fold_1,0,20,0.33,2.0,2.0,-12206.0,-12633.9976,3.506452564312638,21188,0.5520871332534264,0.0202,unit_proxy,unit_payoff,ok,
matrix_transformer,masked_reconstruction,10,fold_1,0,20,0.33,5.0,0.0,-12206.0,-12216.594,0.08679338030476111,21188,0.5520871332534264,0.0005000000000000003,unit_proxy,unit_payoff,ok,
matrix_transformer,masked_reconstruction,10,fold_1,0,20,0.33,5.0,0.5,-12206.0,-12322.534,0.9547271833524468,21188,0.5520871332534264,0.0055000000000000005,unit_proxy,unit_payoff,ok,
matrix_transformer,masked_reconstruction,10,fold_1,0,20,0.33,5.0,1.0,-12206.0,-12428.474,1.8226609864001324,21188,0.5520871332534264,0.0105,unit_proxy,unit_payoff,ok,
matrix_transformer,masked_reconstruction,10,fold_1,0,20,0.33,5.0,2.0,-12206.0,-12640.354,3.5585285924954886,21188,0.5520871332534264,0.0205,unit_proxy,unit_payoff,ok,
matrix_transformer,masked_reconstruction,10,fold_1,0,20,0.33,10.0,0.0,-12206.0,-12227.188,0.17358676060953712,21188,0.5520871332534264,0.0010000000000000007,unit_proxy,unit_payoff,ok,
matrix_transformer,masked_reconstruction,10,fold_1,0,20,0.33,10.0,0.5,-12206.0,-12333.128,1.0415205636572227,21188,0.5520871332534264,0.006000000000000001,unit_proxy,unit_payoff,ok,
matrix_transformer,masked_reconstruction,10,fold_1,0,20,0.33,10.0,1.0,-12206.0,-12439.068,1.9094543667048935,21188,0.5520871332534264,0.011000000000000001,unit_proxy,unit_payoff,ok,
matrix_transformer,masked_reconstruction,10,fold_1,0,20,0.33,10.0,2.0,-12206.0,-12650.948,3.645321972800265,21188,0.5520871332534264,0.021,unit_proxy,unit_payoff,ok,
matrix_transformer,masked_reconstruction,10,fold_1,1,20,0.33,0.0,0.0,-11334.0,-11334.0,0.0,18788,0.4895513054354057,0.0,unit_proxy,unit_payoff,ok,
matrix_transformer,masked_reconstruction,10,fold_1,1,20,0.33,0.0,0.5,-11334.0,-11427.94,0.8288335980236502,18788,0.4895513054354057,0.005,unit_proxy,unit_payoff,ok,
matrix_transformer,masked_reconstruction,10,fold_1,1,20,0.33,0.0,1.0,-11334.0,-11521.88,1.6576671960472842,18788,0.4895513054354057,0.01,unit_proxy,unit_payoff,ok,
matrix_transformer,masked_reconstruction,10,fold_1,1,20,0.33,0.0,2.0,-11334.0,-11709.76,3.315334392094585,18788,0.4895513054354057,0.02,unit_proxy,unit_payoff,ok,
matrix_transformer,masked_reconstruction,10,fold_1,1,20,0.33,1.0,0.0,-11334.0,-11335.8788,0.016576671960476533,18788,0.4895513054354057,0.00010000000000000002,unit_proxy,unit_payoff,ok,
matrix_transformer,masked_reconstruction,10,fold_1,1,20,0.33,1.0,0.5,-11334.0,-11429.8188,0.8454102699841106,18788,0.4895513054354057,0.005099999999999999,unit_proxy,unit_payoff,ok,
matrix_transformer,masked_reconstruction,10,fold_1,1,20,0.33,1.0,1.0,-11334.0,-11523.7588,1.6742438680077607,18788,0.4895513054354057,0.0101,unit_proxy,unit_payoff,ok,
matrix_transformer,masked_reconstruction,10,fold_1,1,20,0.33,1.0,2.0,-11334.0,-11711.6388,3.331911064055061,18788,0.4895513054354057,0.020100000000000003,unit_proxy,unit_payoff,ok,
matrix_transformer,masked_reconstruction,10,fold_1,1,20,0.33,2.0,0.0,-11334.0,-11337.7576,0.033153343920953066,18788,0.4895513054354057,0.00020000000000000004,unit_proxy,unit_payoff,ok,
matrix_transformer,masked_reconstruction,10,fold_1,1,20,0.33,2.0,0.5,-11334.0,-11431.6976,0.8619869419445872,18788,0.4895513054354057,0.005199999999999998,unit_proxy,unit_payoff,ok,
matrix_transformer,masked_reconstruction,10,fold_1,1,20,0.33,2.0,1.0,-11334.0,-11525.6376,1.6908205399682372,18788,0.4895513054354057,0.010199999999999997,unit_proxy,unit_payoff,ok,
matrix_transformer,masked_reconstruction,10,fold_1,1,20,0.33,2.0,2.0,-11334.0,-11713.5176,3.3484877360155214,18788,0.4895513054354057,0.0202,unit_proxy,unit_payoff,ok,
matrix_transformer,masked_reconstruction,10,fold_1,1,20,0.33,5.0,0.0,-11334.0,-11343.394,0.08288335980236662,18788,0.4895513054354057,0.0005000000000000003,unit_proxy,unit_payoff,ok,
matrix_transformer,masked_reconstruction,10,fold_1,1,20,0.33,5.0,0.5,-11334.0,-11437.334,0.9117169578260168,18788,0.4895513054354057,0.0055000000000000005,unit_proxy,unit_payoff,ok,
matrix_transformer,masked_reconstruction,10,fold_1,1,20,0.33,5.0,1.0,-11334.0,-11531.274,1.7405505558496508,18788,0.4895513054354057,0.0105,unit_proxy,unit_payoff,ok,
matrix_transformer,masked_reconstruction,10,fold_1,1,20,0.33,5.0,2.0,-11334.0,-11719.154,3.3982177518969516,18788,0.4895513054354057,0.0205,unit_proxy,unit_payoff,ok,
matrix_transformer,masked_reconstruction,10,fold_1,1,20,0.33,10.0,0.0,-11334.0,-11352.788,0.16576671960473324,18788,0.4895513054354057,0.0010000000000000007,unit_proxy,unit_payoff,ok,
matrix_transformer,masked_reconstruction,10,fold_1,1,20,0.33,10.0,0.5,-11334.0,-11446.728,0.9946003176283673,18788,0.4895513054354057,0.006000000000000001,unit_proxy,unit_payoff,ok,
matrix_transformer,masked_reconstruction,10,fold_1,1,20,0.33,10.0,1.0,-11334.0,-11540.668,1.8234339156520174,18788,0.4895513054354057,0.011000000000000001,unit_proxy,unit_payoff,ok,
matrix_transformer,masked_reconstruction,10,fold_1,1,20,0.33,10.0,2.0,-11334.0,-11728.548,3.481101111699318,18788,0.4895513054354057,0.021,unit_proxy,unit_payoff,ok,
matrix_transformer,masked_reconstruction,10,fold_1,2,20,0.33,0.0,0.0,-11511.0,-11511.0,0.0,18785,0.48947313565063316,0.0,unit_proxy,unit_payoff,ok,
matrix_transformer,masked_reconstruction,10,fold_1,2,20,0.33,0.0,0.5,-11511.0,-11604.925,0.8159586482494942,18785,0.48947313565063316,0.005000000000000001,unit_proxy,unit_payoff,ok,
matrix_transformer,masked_reconstruction,10,fold_1,2,20,0.33,0.0,1.0,-11511.0,-11698.85,1.6319172964990043,18785,0.48947313565063316,0.010000000000000002,unit_proxy,unit_payoff,ok,
matrix_transformer,masked_reconstruction,10,fold_1,2,20,0.33,0.0,2.0,-11511.0,-11886.7,3.2638345929980086,18785,0.48947313565063316,0.020000000000000004,unit_proxy,unit_payoff,ok,
matrix_transformer,masked_reconstruction,10,fold_1,2,20,0.33,1.0,0.0,-11511.0,-11512.8785,0.016319172964996204,18785,0.48947313565063316,0.00010000000000000003,unit_proxy,unit_payoff,ok,
matrix_transformer,masked_reconstruction,10,fold_1,2,20,0.33,1.0,0.5,-11511.0,-11606.8035,0.8322778212144903,18785,0.48947313565063316,0.005099999999999999,unit_proxy,unit_payoff,ok,
matrix_transformer,masked_reconstruction,10,fold_1,2,20,0.33,1.0,1.0,-11511.0,-11700.7285,1.6482364694639844,18785,0.48947313565063316,0.0101,unit_proxy,unit_payoff,ok,
matrix_transformer,masked_reconstruction,10,fold_1,2,20,0.33,1.0,2.0,-11511.0,-11888.5785,3.2801537659629885,18785,0.48947313565063316,0.020100000000000003,unit_proxy,unit_payoff,ok,
matrix_transformer,masked_reconstruction,10,fold_1,2,20,0.33,2.0,0.0,-11511.0,-11514.757,0.0326383459299766,18785,0.48947313565063316,0.00020000000000000006,unit_proxy,unit_payoff,ok,
matrix_transformer,masked_reconstruction,10,fold_1,2,20,0.33,2.0,0.5,-11511.0,-11608.682,0.8485969941794865,18785,0.48947313565063316,0.005199999999999998,unit_proxy,unit_payoff,ok,
matrix_transformer,masked_reconstruction,10,fold_1,2,20,0.33,2.0,1.0,-11511.0,-11702.607,1.6645556424289807,18785,0.48947313565063316,0.010199999999999997,unit_proxy,unit_payoff,ok,
matrix_transformer,masked_reconstruction,10,fold_1,2,20,0.33,2.0,2.0,-11511.0,-11890.457,3.2964729389279848,18785,0.48947313565063316,0.0202,unit_proxy,unit_payoff,ok,
matrix_transformer,masked_reconstruction,10,fold_1,2,20,0.33,5.0,0.0,-11511.0,-11520.3925,0.0815958648249494,18785,0.48947313565063316,0.0005000000000000002,unit_proxy,unit_payoff,ok,
matrix_transformer,masked_reconstruction,10,fold_1,2,20,0.33,5.0,0.5,-11511.0,-11614.3175,0.8975545130744436,18785,0.48947313565063316,0.005500000000000001,unit_proxy,unit_payoff,ok,
matrix_transformer,masked_reconstruction,10,fold_1,2,20,0.33,5.0,1.0,-11511.0,-11708.2425,1.7135131613239536,18785,0.48947313565063316,0.0105,unit_proxy,unit_payoff,ok,
matrix_transformer,masked_reconstruction,10,fold_1,2,20,0.33,5.0,2.0,-11511.0,-11896.0925,3.345430457822958,18785,0.48947313565063316,0.0205,unit_proxy,unit_payoff,ok,
matrix_transformer,masked_reconstruction,10,fold_1,2,20,0.33,10.0,0.0,-11511.0,-11529.785,0.1631917296498988,18785,0.48947313565063316,0.0010000000000000005,unit_proxy,unit_payoff,ok,
matrix_transformer,masked_reconstruction,10,fold_1,2,20,0.33,10.0,0.5,-11511.0,-11623.71,0.979150377899393,18785,0.48947313565063316,0.006000000000000001,unit_proxy,unit_payoff,ok,
matrix_transformer,masked_reconstruction,10,fold_1,2,20,0.33,10.0,1.0,-11511.0,-11717.635,1.7951090261489027,18785,0.48947313565063316,0.011000000000000003,unit_proxy,unit_payoff,ok,
matrix_transformer,masked_reconstruction,10,fold_1,2,20,0.33,10.0,2.0,-11511.0,-11905.485,3.427026322647907,18785,0.48947313565063316,0.021,unit_proxy,unit_payoff,ok,
matrix_transformer,masked_reconstruction,10,fold_2,0,20,0.33,0.0,0.0,-8682.0,-8682.0,0.0,14476,0.5076448309720858,0.0,unit_proxy,unit_payoff,ok,
matrix_transformer,masked_reconstruction,10,fold_2,0,20,0.33,0.0,0.5,-8682.0,-8754.38,0.833678875835052,14476,0.5076448309720858,0.005000000000000001,unit_proxy,unit_payoff,ok,
matrix_transformer,masked_reconstruction,10,fold_2,0,20,0.33,0.0,1.0,-8682.0,-8826.76,1.6673577516701246,14476,0.5076448309720858,0.010000000000000002,unit_proxy,unit_payoff,ok,
matrix_transformer,masked_reconstruction,10,fold_2,0,20,0.33,0.0,2.0,-8682.0,-8971.52,3.334715503340249,14476,0.5076448309720858,0.020000000000000004,unit_proxy,unit_payoff,ok,
matrix_transformer,masked_reconstruction,10,fold_2,0,20,0.33,1.0,0.0,-8682.0,-8683.4476,0.01667357751669559,14476,0.5076448309720858,0.00010000000000000003,unit_proxy,unit_payoff,ok,
matrix_transformer,masked_reconstruction,10,fold_2,0,20,0.33,1.0,0.5,-8682.0,-8755.8276,0.8503524533517683,14476,0.5076448309720858,0.005099999999999999,unit_proxy,unit_payoff,ok,
matrix_transformer,masked_reconstruction,10,fold_2,0,20,0.33,1.0,1.0,-8682.0,-8828.2076,1.6840313291868203,14476,0.5076448309720858,0.0101,unit_proxy,unit_payoff,ok,
matrix_transformer,masked_reconstruction,10,fold_2,0,20,0.33,1.0,2.0,-8682.0,-8972.9676,3.3513890808569444,14476,0.5076448309720858,0.020100000000000003,unit_proxy,unit_payoff,ok,
matrix_transformer,masked_reconstruction,10,fold_2,0,20,0.33,2.0,0.0,-8682.0,-8684.8952,0.033347155033412124,14476,0.5076448309720858,0.00020000000000000006,unit_proxy,unit_payoff,ok,
matrix_transformer,masked_reconstruction,10,fold_2,0,20,0.33,2.0,0.5,-8682.0,-8757.2752,0.867026030868464,14476,0.5076448309720858,0.005199999999999998,unit_proxy,unit_payoff,ok,
matrix_transformer,masked_reconstruction,10,fold_2,0,20,0.33,2.0,1.0,-8682.0,-8829.6552,1.7007049067035158,14476,0.5076448309720858,0.010199999999999997,unit_proxy,unit_payoff,ok,
matrix_transformer,masked_reconstruction,10,fold_2,0,20,0.33,2.0,2.0,-8682.0,-8974.4152,3.3680626583736406,14476,0.5076448309720858,0.0202,unit_proxy,unit_payoff,ok,
matrix_transformer,masked_reconstruction,10,fold_2,0,20,0.33,5.0,0.0,-8682.0,-8689.238,0.0833678875834989,14476,0.5076448309720858,0.0005000000000000002,unit_proxy,unit_payoff,ok,
matrix_transformer,masked_reconstruction,10,fold_2,0,20,0.33,5.0,0.5,-8682.0,-8761.618,0.9170467634185716,14476,0.5076448309720858,0.0055000000000000005,unit_proxy,unit_payoff,ok,
matrix_transformer,masked_reconstruction,10,fold_2,0,20,0.33,5.0,1.0,-8682.0,-8833.998,1.7507256392536235,14476,0.5076448309720858,0.0105,unit_proxy,unit_payoff,ok,
matrix_transformer,masked_reconstruction,10,fold_2,0,20,0.33,5.0,2.0,-8682.0,-8978.758,3.418083390923748,14476,0.5076448309720858,0.020499999999999997,unit_proxy,unit_payoff,ok,
matrix_transformer,masked_reconstruction,10,fold_2,0,20,0.33,10.0,0.0,-8682.0,-8696.476,0.16673577516701873,14476,0.5076448309720858,0.0010000000000000005,unit_proxy,unit_payoff,ok,
matrix_transformer,masked_reconstruction,10,fold_2,0,20,0.33,10.0,0.5,-8682.0,-8768.856,1.0004146510020706,14476,0.5076448309720858,0.006000000000000001,unit_proxy,unit_payoff,ok,
matrix_transformer,masked_reconstruction,10,fold_2,0,20,0.33,10.0,1.0,-8682.0,-8841.236,1.8340935268371432,14476,0.5076448309720858,0.011000000000000001,unit_proxy,unit_payoff,ok,
matrix_transformer,masked_reconstruction,10,fold_2,0,20,0.33,10.0,2.0,-8682.0,-8985.996,3.501451278507247,14476,0.5076448309720858,0.021,unit_proxy,unit_payoff,ok,
matrix_transformer,masked_reconstruction,10,fold_2,1,20,0.33,0.0,0.0,-8815.0,-8815.0,0.0,14491,0.5081708514518165,0.0,unit_proxy,unit_payoff,ok,
matrix_transformer,masked_reconstruction,10,fold_2,1,20,0.33,0.0,0.5,-8815.0,-8887.455,0.8219512195121943,14491,0.5081708514518165,0.005,unit_proxy,unit_payoff,ok,
matrix_transformer,masked_reconstruction,10,fold_2,1,20,0.33,0.0,1.0,-8815.0,-8959.91,1.6439024390243886,14491,0.5081708514518165,0.01,unit_proxy,unit_payoff,ok,
matrix_transformer,masked_reconstruction,10,fold_2,1,20,0.33,0.0,2.0,-8815.0,-9104.82,3.287804878048777,14491,0.5081708514518165,0.02,unit_proxy,unit_payoff,ok,
matrix_transformer,masked_reconstruction,10,fold_2,1,20,0.33,1.0,0.0,-8815.0,-8816.4491,0.01643902439024182,14491,0.5081708514518165,0.00010000000000000003,unit_proxy,unit_payoff,ok,
matrix_transformer,masked_reconstruction,10,fold_2,1,20,0.33,1.0,0.5,-8815.0,-8888.9041,0.8383902439024361,14491,0.5081708514518165,0.005099999999999999,unit_proxy,unit_payoff,ok,
matrix_transformer,masked_reconstruction,10,fold_2,1,20,0.33,1.0,1.0,-8815.0,-8961.3591,1.6603414634146305,14491,0.5081708514518165,0.0101,unit_proxy,unit_payoff,ok,
matrix_transformer,masked_reconstruction,10,fold_2,1,20,0.33,1.0,2.0,-8815.0,-9106.2691,3.304243902439019,14491,0.5081708514518165,0.020100000000000003,unit_proxy,unit_payoff,ok,
matrix_transformer,masked_reconstruction,10,fold_2,1,20,0.33,2.0,0.0,-8815.0,-8817.8982,0.03287804878048364,14491,0.5081708514518165,0.00020000000000000006,unit_proxy,unit_payoff,ok,
matrix_transformer,masked_reconstruction,10,fold_2,1,20,0.33,2.0,0.5,-8815.0,-8890.3532,0.854829268292678,14491,0.5081708514518165,0.005199999999999998,unit_proxy,unit_payoff,ok,
matrix_transformer,masked_reconstruction,10,fold_2,1,20,0.33,2.0,1.0,-8815.0,-8962.8082,1.6767804878048722,14491,0.5081708514518165,0.010199999999999997,unit_proxy,unit_payoff,ok,
matrix_transformer,masked_reconstruction,10,fold_2,1,20,0.33,2.0,2.0,-8815.0,-9107.7182,3.320682926829261,14491,0.5081708514518165,0.0202,unit_proxy,unit_payoff,ok,
matrix_transformer,masked_reconstruction,10,fold_2,1,20,0.33,5.0,0.0,-8815.0,-8822.2455,0.08219512195122974,14491,0.5081708514518165,0.0005000000000000002,unit_proxy,unit_payoff,ok,
matrix_transformer,masked_reconstruction,10,fold_2,1,20,0.33,5.0,0.5,-8815.0,-8894.7005,0.904146341463424,14491,0.5081708514518165,0.005500000000000001,unit_proxy,unit_payoff,ok,
matrix_transformer,masked_reconstruction,10,fold_2,1,20,0.33,5.0,1.0,-8815.0,-8967.1555,1.7260975609756184,14491,0.5081708514518165,0.0105,unit_proxy,unit_payoff,ok,
matrix_transformer,masked_reconstruction,10,fold_2,1,20,0.33,5.0,2.0,-8815.0,-9112.0655,3.370000000000007,14491,0.5081708514518165,0.020499999999999997,unit_proxy,unit_payoff,ok,
matrix_transformer,masked_reconstruction,10,fold_2,1,20,0.33,10.0,0.0,-8815.0,-8829.491,0.16439024390243884,14491,0.5081708514518165,0.0010000000000000005,unit_proxy,unit_payoff,ok,
matrix_transformer,masked_reconstruction,10,fold_2,1,20,0.33,10.0,0.5,-8815.0,-8901.946,0.9863414634146331,14491,0.5081708514518165,0.006000000000000001,unit_proxy,unit_payoff,ok,
matrix_transformer,masked_reconstruction,10,fold_2,1,20,0.33,10.0,1.0,-8815.0,-8974.401,1.8082926829268275,14491,0.5081708514518165,0.011000000000000003,unit_proxy,unit_payoff,ok,
matrix_transformer,masked_reconstruction,10,fold_2,1,20,0.33,10.0,2.0,-8815.0,-9119.311,3.452195121951216,14491,0.5081708514518165,0.021,unit_proxy,unit_payoff,ok,
matrix_transformer,masked_reconstruction,10,fold_2,2,20,0.33,0.0,0.0,-9077.0,-9077.0,0.0,14603,0.5120984710338056,0.0,unit_proxy,unit_payoff,ok,
matrix_transformer,masked_reconstruction,10,fold_2,2,20,0.33,0.0,0.5,-9077.0,-9150.015,0.8043957254599473,14603,0.5120984710338056,0.005,unit_proxy,unit_payoff,ok,
matrix_transformer,masked_reconstruction,10,fold_2,2,20,0.33,0.0,1.0,-9077.0,-9223.03,1.6087914509199146,14603,0.5120984710338056,0.01,unit_proxy,unit_payoff,ok,
matrix_transformer,masked_reconstruction,10,fold_2,2,20,0.33,0.0,2.0,-9077.0,-9369.06,3.217582901839809,14603,0.5120984710338056,0.02,unit_proxy,unit_payoff,ok,
matrix_transformer,masked_reconstruction,10,fold_2,2,20,0.33,1.0,0.0,-9077.0,-9078.4603,0.01608791450920616,14603,0.5120984710338056,0.00010000000000000005,unit_proxy,unit_payoff,ok,
matrix_transformer,masked_reconstruction,10,fold_2,2,20,0.33,1.0,0.5,-9077.0,-9151.4753,0.8204836399691535,14603,0.5120984710338056,0.005099999999999999,unit_proxy,unit_payoff,ok,
matrix_transformer,masked_reconstruction,10,fold_2,2,20,0.33,1.0,1.0,-9077.0,-9224.4903,1.6248793654291007,14603,0.5120984710338056,0.0101,unit_proxy,unit_payoff,ok,
matrix_transformer,masked_reconstruction,10,fold_2,2,20,0.33,1.0,2.0,-9077.0,-9370.5203,3.233670816349016,14603,0.5120984710338056,0.020100000000000007,unit_proxy,unit_payoff,ok,
matrix_transformer,masked_reconstruction,10,fold_2,2,20,0.33,2.0,0.0,-9077.0,-9079.9206,0.03217582901839228,14603,0.5120984710338056,0.0002000000000000001,unit_proxy,unit_payoff,ok,
matrix_transformer,masked_reconstruction,10,fold_2,2,20,0.33,2.0,0.5,-9077.0,-9152.9356,0.8365715544783596,14603,0.5120984710338056,0.005199999999999998,unit_proxy,unit_payoff,ok,
matrix_transformer,masked_reconstruction,10,fold_2,2,20,0.33,2.0,1.0,-9077.0,-9225.9506,1.640967279938307,14603,0.5120984710338056,0.010199999999999997,unit_proxy,unit_payoff,ok,
matrix_transformer,masked_reconstruction,10,fold_2,2,20,0.33,2.0,2.0,-9077.0,-9371.9806,3.249758730858222,14603,0.5120984710338056,0.0202,unit_proxy,unit_payoff,ok,
matrix_transformer,masked_reconstruction,10,fold_2,2,20,0.33,5.0,0.0,-9077.0,-9084.3015,0.08043957254599073,14603,0.5120984710338056,0.0005000000000000003,unit_proxy,unit_payoff,ok,
matrix_transformer,masked_reconstruction,10,fold_2,2,20,0.33,5.0,0.5,-9077.0,-9157.3165,0.8848352980059581,14603,0.5120984710338056,0.0055000000000000005,unit_proxy,unit_payoff,ok,
matrix_transformer,masked_reconstruction,10,fold_2,2,20,0.33,5.0,1.0,-9077.0,-9230.3315,1.6892310234659054,14603,0.5120984710338056,0.0105,unit_proxy,unit_payoff,ok,
matrix_transformer,masked_reconstruction,10,fold_2,2,20,0.33,5.0,2.0,-9077.0,-9376.3615,3.29802247438582,14603,0.5120984710338056,0.0205,unit_proxy,unit_payoff,ok,
matrix_transformer,masked_reconstruction,10,fold_2,2,20,0.33,10.0,0.0,-9077.0,-9091.603,0.16087914509198145,14603,0.5120984710338056,0.0010000000000000007,unit_proxy,unit_payoff,ok,
matrix_transformer,masked_reconstruction,10,fold_2,2,20,0.33,10.0,0.5,-9077.0,-9164.618,0.9652748705519487,14603,0.5120984710338056,0.006000000000000002,unit_proxy,unit_payoff,ok,
matrix_transformer,masked_reconstruction,10,fold_2,2,20,0.33,10.0,1.0,-9077.0,-9237.633,1.769670596011896,14603,0.5120984710338056,0.011000000000000001,unit_proxy,unit_payoff,ok,
matrix_transformer,masked_reconstruction,10,fold_2,2,20,0.33,10.0,2.0,-9077.0,-9383.663,3.3784620469318107,14603,0.5120984710338056,0.021,unit_proxy,unit_payoff,ok,
matrix_transformer,masked_reconstruction,10,fold_3,0,20,0.33,0.0,0.0,-11965.0,-11965.0,0.0,21487,0.5806669549237921,0.0,unit_proxy,unit_payoff,ok,
matrix_transformer,masked_reconstruction,10,fold_3,0,20,0.33,0.0,0.5,-11965.0,-12072.435,0.8979105725031298,21487,0.5806669549237921,0.005000000000000001,unit_proxy,unit_payoff,ok,
matrix_transformer,masked_reconstruction,10,fold_3,0,20,0.33,0.0,1.0,-11965.0,-12179.87,1.7958211450062749,21487,0.5806669549237921,0.010000000000000002,unit_proxy,unit_payoff,ok,
matrix_transformer,masked_reconstruction,10,fold_3,0,20,0.33,0.0,2.0,-11965.0,-12394.74,3.5916422900125347,21487,0.5806669549237921,0.020000000000000004,unit_proxy,unit_payoff,ok,
matrix_transformer,masked_reconstruction,10,fold_3,0,20,0.33,1.0,0.0,-11965.0,-11967.1487,0.01795821145006047,21487,0.5806669549237921,0.00010000000000000003,unit_proxy,unit_payoff,ok,
matrix_transformer,masked_reconstruction,10,fold_3,0,20,0.33,1.0,0.5,-11965.0,-12074.5837,0.9158687839531903,21487,0.5806669549237921,0.005099999999999999,unit_proxy,unit_payoff,ok,
matrix_transformer,masked_reconstruction,10,fold_3,0,20,0.33,1.0,1.0,-11965.0,-12182.0187,1.8137793564563354,21487,0.5806669549237921,0.010100000000000001,unit_proxy,unit_payoff,ok,
matrix_transformer,masked_reconstruction,10,fold_3,0,20,0.33,1.0,2.0,-11965.0,-12396.8887,3.6096005014625954,21487,0.5806669549237921,0.0201,unit_proxy,unit_payoff,ok,
matrix_transformer,masked_reconstruction,10,fold_3,0,20,0.33,2.0,0.0,-11965.0,-11969.2974,0.03591642290012094,21487,0.5806669549237921,0.00020000000000000006,unit_proxy,unit_payoff,ok,
matrix_transformer,masked_reconstruction,10,fold_3,0,20,0.33,2.0,0.5,-11965.0,-12076.7324,0.933826995403266,21487,0.5806669549237921,0.005199999999999999,unit_proxy,unit_payoff,ok,
matrix_transformer,masked_reconstruction,10,fold_3,0,20,0.33,2.0,1.0,-11965.0,-12184.1674,1.8317375679063959,21487,0.5806669549237921,0.010199999999999997,unit_proxy,unit_payoff,ok,
matrix_transformer,masked_reconstruction,10,fold_3,0,20,0.33,2.0,2.0,-11965.0,-12399.0374,3.6275587129126556,21487,0.5806669549237921,0.020200000000000003,unit_proxy,unit_payoff,ok,
matrix_transformer,masked_reconstruction,10,fold_3,0,20,0.33,5.0,0.0,-11965.0,-11975.7435,0.08979105725031755,21487,0.5806669549237921,0.0005000000000000002,unit_proxy,unit_payoff,ok,
matrix_transformer,masked_reconstruction,10,fold_3,0,20,0.33,5.0,0.5,-11965.0,-12083.1785,0.9877016297534476,21487,0.5806669549237921,0.0055000000000000005,unit_proxy,unit_payoff,ok,
matrix_transformer,masked_reconstruction,10,fold_3,0,20,0.33,5.0,1.0,-11965.0,-12190.6135,1.885612202256577,21487,0.5806669549237921,0.0105,unit_proxy,unit_payoff,ok,
matrix_transformer,masked_reconstruction,10,fold_3,0,20,0.33,5.0,2.0,-11965.0,-12405.4835,3.6814333472628524,21487,0.5806669549237921,0.0205,unit_proxy,unit_payoff,ok,
matrix_transformer,masked_reconstruction,10,fold_3,0,20,0.33,10.0,0.0,-11965.0,-11986.487,0.1795821145006199,21487,0.5806669549237921,0.0010000000000000005,unit_proxy,unit_payoff,ok,
matrix_transformer,masked_reconstruction,10,fold_3,0,20,0.33,10.0,0.5,-11965.0,-12093.922,1.077492687003765,21487,0.5806669549237921,0.006,unit_proxy,unit_payoff,ok,
matrix_transformer,masked_reconstruction,10,fold_3,0,20,0.33,10.0,1.0,-11965.0,-12201.357,1.975403259506895,21487,0.5806669549237921,0.011000000000000001,unit_proxy,unit_payoff,ok,
matrix_transformer,masked_reconstruction,10,fold_3,0,20,0.33,10.0,2.0,-11965.0,-12416.227,3.7712244045131698,21487,0.5806669549237921,0.021,unit_proxy,unit_payoff,ok,
matrix_transformer,masked_reconstruction,10,fold_3,1,20,0.33,0.0,0.0,-12609.0,-12609.0,0.0,22981,0.6210409685439412,0.0,unit_proxy,unit_payoff,ok,
matrix_transformer,masked_reconstruction,10,fold_3,1,20,0.33,0.0,0.5,-12609.0,-12723.905,0.9112935205012345,22981,0.6210409685439412,0.005,unit_proxy,unit_payoff,ok,
matrix_transformer,masked_reconstruction,10,fold_3,1,20,0.33,0.0,1.0,-12609.0,-12838.81,1.8225870410024543,22981,0.6210409685439412,0.01,unit_proxy,unit_payoff,ok,
matrix_transformer,masked_reconstruction,10,fold_3,1,20,0.33,0.0,2.0,-12609.0,-13068.62,3.645174082004923,22981,0.6210409685439412,0.02,unit_proxy,unit_payoff,ok,
matrix_transformer,masked_reconstruction,10,fold_3,1,20,0.33,1.0,0.0,-12609.0,-12611.2981,0.0182258704100244,22981,0.6210409685439412,0.00010000000000000003,unit_proxy,unit_payoff,ok,
matrix_transformer,masked_reconstruction,10,fold_3,1,20,0.33,1.0,0.5,-12609.0,-12726.2031,0.9295193909112589,22981,0.6210409685439412,0.005099999999999999,unit_proxy,unit_payoff,ok,
matrix_transformer,masked_reconstruction,10,fold_3,1,20,0.33,1.0,1.0,-12609.0,-12841.1081,1.840812911412479,22981,0.6210409685439412,0.0101,unit_proxy,unit_payoff,ok,
matrix_transformer,masked_reconstruction,10,fold_3,1,20,0.33,1.0,2.0,-12609.0,-13070.9181,3.6633999524149483,22981,0.6210409685439412,0.020100000000000003,unit_proxy,unit_payoff,ok,
matrix_transformer,masked_reconstruction,10,fold_3,1,20,0.33,2.0,0.0,-12609.0,-12613.5962,0.0364517408200488,22981,0.6210409685439412,0.00020000000000000006,unit_proxy,unit_payoff,ok,
matrix_transformer,masked_reconstruction,10,fold_3,1,20,0.33,2.0,0.5,-12609.0,-12728.5012,0.9477452613212832,22981,0.6210409685439412,0.005199999999999997,unit_proxy,unit_payoff,ok,
matrix_transformer,masked_reconstruction,10,fold_3,1,20,0.33,2.0,1.0,-12609.0,-12843.4062,1.8590387818225034,22981,0.6210409685439412,0.010199999999999997,unit_proxy,unit_payoff,ok,
matrix_transformer,masked_reconstruction,10,fold_3,1,20,0.33,2.0,2.0,-12609.0,-13073.2162,3.681625822824972,22981,0.6210409685439412,0.0202,unit_proxy,unit_payoff,ok,
matrix_transformer,masked_reconstruction,10,fold_3,1,20,0.33,5.0,0.0,-12609.0,-12620.4905,0.091129352050122,22981,0.6210409685439412,0.0005000000000000002,unit_proxy,unit_payoff,ok,
matrix_transformer,masked_reconstruction,10,fold_3,1,20,0.33,5.0,0.5,-12609.0,-12735.3955,1.0024228725513566,22981,0.6210409685439412,0.0055000000000000005,unit_proxy,unit_payoff,ok,
matrix_transformer,masked_reconstruction,10,fold_3,1,20,0.33,5.0,1.0,-12609.0,-12850.3005,1.9137163930525767,22981,0.6210409685439412,0.010499999999999999,unit_proxy,unit_payoff,ok,
matrix_transformer,masked_reconstruction,10,fold_3,1,20,0.33,5.0,2.0,-12609.0,-13080.1105,3.736303434055045,22981,0.6210409685439412,0.0205,unit_proxy,unit_payoff,ok,
matrix_transformer,masked_reconstruction,10,fold_3,1,20,0.33,10.0,0.0,-12609.0,-12631.981,0.182258704100244,22981,0.6210409685439412,0.0010000000000000005,unit_proxy,unit_payoff,ok,
matrix_transformer,masked_reconstruction,10,fold_3,1,20,0.33,10.0,0.5,-12609.0,-12746.886,1.0935522246014784,22981,0.6210409685439412,0.006000000000000002,unit_proxy,unit_payoff,ok,
matrix_transformer,masked_reconstruction,10,fold_3,1,20,0.33,10.0,1.0,-12609.0,-12861.791,2.0048457451026986,22981,0.6210409685439412,0.011000000000000001,unit_proxy,unit_payoff,ok,
matrix_transformer,masked_reconstruction,10,fold_3,1,20,0.33,10.0,2.0,-12609.0,-13091.601,3.827432786105168,22981,0.6210409685439412,0.020999999999999998,unit_proxy,unit_payoff,ok,
matrix_transformer,masked_reconstruction,10,fold_3,2,20,0.33,0.0,0.0,-13056.0,-13056.0,0.0,23266,0.6287428386120419,0.0,unit_proxy,unit_payoff,ok,
matrix_transformer,masked_reconstruction,10,fold_3,2,20,0.33,0.0,0.5,-13056.0,-13172.33,0.8910079656862739,23266,0.6287428386120419,0.005,unit_proxy,unit_payoff,ok,
matrix_transformer,masked_reconstruction,10,fold_3,2,20,0.33,0.0,1.0,-13056.0,-13288.66,1.7820159313725479,23266,0.6287428386120419,0.01,unit_proxy,unit_payoff,ok,
matrix_transformer,masked_reconstruction,10,fold_3,2,20,0.33,0.0,2.0,-13056.0,-13521.32,3.5640318627450958,23266,0.6287428386120419,0.02,unit_proxy,unit_payoff,ok,
matrix_transformer,masked_reconstruction,10,fold_3,2,20,0.33,1.0,0.0,-13056.0,-13058.3266,0.017820159313727987,23266,0.6287428386120419,0.00010000000000000003,unit_proxy,unit_payoff,ok,
matrix_transformer,masked_reconstruction,10,fold_3,2,20,0.33,1.0,0.5,-13056.0,-13174.6566,0.9088281250000019,23266,0.6287428386120419,0.005099999999999999,unit_proxy,unit_payoff,ok,
matrix_transformer,masked_reconstruction,10,fold_3,2,20,0.33,1.0,1.0,-13056.0,-13290.9866,1.799836090686276,23266,0.6287428386120419,0.0101,unit_proxy,unit_payoff,ok,
matrix_transformer,masked_reconstruction,10,fold_3,2,20,0.33,1.0,2.0,-13056.0,-13523.6466,3.5818520220588237,23266,0.6287428386120419,0.0201,unit_proxy,unit_payoff,ok,
matrix_transformer,masked_reconstruction,10,fold_3,2,20,0.33,2.0,0.0,-13056.0,-13060.6532,0.03564031862745597,23266,0.6287428386120419,0.00020000000000000006,unit_proxy,unit_payoff,ok,
matrix_transformer,masked_reconstruction,10,fold_3,2,20,0.33,2.0,0.5,-13056.0,-13176.9832,0.9266482843137299,23266,0.6287428386120419,0.005199999999999998,unit_proxy,unit_payoff,ok,
matrix_transformer,masked_reconstruction,10,fold_3,2,20,0.33,2.0,1.0,-13056.0,-13293.3132,1.8176562500000037,23266,0.6287428386120419,0.010199999999999997,unit_proxy,unit_payoff,ok,
matrix_transformer,masked_reconstruction,10,fold_3,2,20,0.33,2.0,2.0,-13056.0,-13525.9732,3.599672181372552,23266,0.6287428386120419,0.0202,unit_proxy,unit_payoff,ok,
matrix_transformer,masked_reconstruction,10,fold_3,2,20,0.33,5.0,0.0,-13056.0,-13067.633,0.089100796568626,23266,0.6287428386120419,0.0005000000000000002,unit_proxy,unit_payoff,ok,
matrix_transformer,masked_reconstruction,10,fold_3,2,20,0.33,5.0,0.5,-13056.0,-13183.963,0.9801087622549001,23266,0.6287428386120419,0.005500000000000001,unit_proxy,unit_payoff,ok,
matrix_transformer,masked_reconstruction,10,fold_3,2,20,0.33,5.0,1.0,-13056.0,-13300.293,1.8711167279411738,23266,0.6287428386120419,0.010499999999999999,unit_proxy,unit_payoff,ok,
matrix_transformer,masked_reconstruction,10,fold_3,2,20,0.33,5.0,2.0,-13056.0,-13532.953,3.6531326593137217,23266,0.6287428386120419,0.020499999999999997,unit_proxy,unit_payoff,ok,
matrix_transformer,masked_reconstruction,10,fold_3,2,20,0.33,10.0,0.0,-13056.0,-13079.266,0.178201593137252,23266,0.6287428386120419,0.0010000000000000005,unit_proxy,unit_payoff,ok,
matrix_transformer,masked_reconstruction,10,fold_3,2,20,0.33,10.0,0.5,-13056.0,-13195.596,1.069209558823526,23266,0.6287428386120419,0.006000000000000001,unit_proxy,unit_payoff,ok,
matrix_transformer,masked_reconstruction,10,fold_3,2,20,0.33,10.0,1.0,-13056.0,-13311.926,1.9602175245098001,23266,0.6287428386120419,0.011000000000000003,unit_proxy,unit_payoff,ok,
matrix_transformer,masked_reconstruction,10,fold_3,2,20,0.33,10.0,2.0,-13056.0,-13544.586,3.7422334558823476,23266,0.6287428386120419,0.020999999999999998,unit_proxy,unit_payoff,ok,
matrix_transformer,masked_reconstruction,10,fold_4,0,20,0.33,0.0,0.0,-8893.0,-8893.0,0.0,16219,0.4665190128286257,0.0,unit_proxy,unit_payoff,ok,
matrix_transformer,masked_reconstruction,10,fold_4,0,20,0.33,0.0,0.5,-8893.0,-8974.095,0.9118969976385848,16219,0.4665190128286257,0.005,unit_proxy,unit_payoff,ok,
matrix_transformer,masked_reconstruction,10,fold_4,0,20,0.33,0.0,1.0,-8893.0,-9055.19,1.8237939952771902,16219,0.4665190128286257,0.01,unit_proxy,unit_payoff,ok,
matrix_transformer,masked_reconstruction,10,fold_4,0,20,0.33,0.0,2.0,-8893.0,-9217.38,3.6475879905543596,16219,0.4665190128286257,0.02,unit_proxy,unit_payoff,ok,
matrix_transformer,masked_reconstruction,10,fold_4,0,20,0.33,1.0,0.0,-8893.0,-8894.6219,0.018237939952772925,16219,0.4665190128286257,0.00010000000000000003,unit_proxy,unit_payoff,ok,
matrix_transformer,masked_reconstruction,10,fold_4,0,20,0.33,1.0,0.5,-8893.0,-8975.7169,0.9301349375913577,16219,0.4665190128286257,0.0050999999999999995,unit_proxy,unit_payoff,ok,
matrix_transformer,masked_reconstruction,10,fold_4,0,20,0.33,1.0,1.0,-8893.0,-9056.8119,1.8420319352299628,16219,0.4665190128286257,0.0101,unit_proxy,unit_payoff,ok,
matrix_transformer,masked_reconstruction,10,fold_4,0,20,0.33,1.0,2.0,-8893.0,-9219.0019,3.6658259305071326,16219,0.4665190128286257,0.020100000000000003,unit_proxy,unit_payoff,ok,
matrix_transformer,masked_reconstruction,10,fold_4,0,20,0.33,2.0,0.0,-8893.0,-8896.2438,0.03647587990554585,16219,0.4665190128286257,0.00020000000000000006,unit_proxy,unit_payoff,ok,
matrix_transformer,masked_reconstruction,10,fold_4,0,20,0.33,2.0,0.5,-8893.0,-8977.3388,0.9483728775441307,16219,0.4665190128286257,0.005199999999999999,unit_proxy,unit_payoff,ok,
matrix_transformer,masked_reconstruction,10,fold_4,0,20,0.33,2.0,1.0,-8893.0,-9058.4338,1.8602698751827358,16219,0.4665190128286257,0.010199999999999999,unit_proxy,unit_payoff,ok,
matrix_transformer,masked_reconstruction,10,fold_4,0,20,0.33,2.0,2.0,-8893.0,-9220.6238,3.6840638704599056,16219,0.4665190128286257,0.0202,unit_proxy,unit_payoff,ok,
matrix_transformer,masked_reconstruction,10,fold_4,0,20,0.33,5.0,0.0,-8893.0,-8901.1095,0.09118969976386461,16219,0.4665190128286257,0.0005000000000000002,unit_proxy,unit_payoff,ok,
matrix_transformer,masked_reconstruction,10,fold_4,0,20,0.33,5.0,0.5,-8893.0,-8982.2045,1.0030866974024495,16219,0.4665190128286257,0.0055000000000000005,unit_proxy,unit_payoff,ok,
matrix_transformer,masked_reconstruction,10,fold_4,0,20,0.33,5.0,1.0,-8893.0,-9063.2995,1.9149836950410342,16219,0.4665190128286257,0.010499999999999999,unit_proxy,unit_payoff,ok,
matrix_transformer,masked_reconstruction,10,fold_4,0,20,0.33,5.0,2.0,-8893.0,-9225.4895,3.738777690318224,16219,0.4665190128286257,0.020499999999999997,unit_proxy,unit_payoff,ok,
matrix_transformer,masked_reconstruction,10,fold_4,0,20,0.33,10.0,0.0,-8893.0,-8909.219,0.18237939952770876,16219,0.4665190128286257,0.0010000000000000005,unit_proxy,unit_payoff,ok,
matrix_transformer,masked_reconstruction,10,fold_4,0,20,0.33,10.0,0.5,-8893.0,-8990.314,1.094276397166314,16219,0.4665190128286257,0.006,unit_proxy,unit_payoff,ok,
matrix_transformer,masked_reconstruction,10,fold_4,0,20,0.33,10.0,1.0,-8893.0,-9071.409,2.006173394804899,16219,0.4665190128286257,0.011000000000000001,unit_proxy,unit_payoff,ok,
matrix_transformer,masked_reconstruction,10,fold_4,0,20,0.33,10.0,2.0,-8893.0,-9233.599,3.8299673900820888,16219,0.4665190128286257,0.020999999999999998,unit_proxy,unit_payoff,ok,
matrix_transformer,masked_reconstruction,10,fold_4,1,20,0.33,0.0,0.0,-10701.0,-10701.0,0.0,20063,0.5770868089512743,0.0,unit_proxy,unit_payoff,ok,
matrix_transformer,masked_reconstruction,10,fold_4,1,20,0.33,0.0,0.5,-10701.0,-10801.315,0.9374357536678862,20063,0.5770868089512743,0.005,unit_proxy,unit_payoff,ok,
matrix_transformer,masked_reconstruction,10,fold_4,1,20,0.33,0.0,1.0,-10701.0,-10901.63,1.8748715073357556,20063,0.5770868089512743,0.01,unit_proxy,unit_payoff,ok,
matrix_transformer,masked_reconstruction,10,fold_4,1,20,0.33,0.0,2.0,-10701.0,-11102.26,3.7497430146715285,20063,0.5770868089512743,0.02,unit_proxy,unit_payoff,ok,
matrix_transformer,masked_reconstruction,10,fold_4,1,20,0.33,1.0,0.0,-10701.0,-10703.0063,0.01874871507334923,20063,0.5770868089512743,0.00010000000000000002,unit_proxy,unit_payoff,ok,
matrix_transformer,masked_reconstruction,10,fold_4,1,20,0.33,1.0,0.5,-10701.0,-10803.3213,0.9561844687412354,20063,0.5770868089512743,0.005099999999999999,unit_proxy,unit_payoff,ok,
matrix_transformer,masked_reconstruction,10,fold_4,1,20,0.33,1.0,1.0,-10701.0,-10903.6363,1.8936202224091216,20063,0.5770868089512743,0.0101,unit_proxy,unit_payoff,ok,
matrix_transformer,masked_reconstruction,10,fold_4,1,20,0.33,1.0,2.0,-10701.0,-11104.2663,3.768491729744877,20063,0.5770868089512743,0.020100000000000003,unit_proxy,unit_payoff,ok,
matrix_transformer,masked_reconstruction,10,fold_4,1,20,0.33,2.0,0.0,-10701.0,-10705.0126,0.03749743014671545,20063,0.5770868089512743,0.00020000000000000004,unit_proxy,unit_payoff,ok,
matrix_transformer,masked_reconstruction,10,fold_4,1,20,0.33,2.0,0.5,-10701.0,-10805.3276,0.9749331838146018,20063,0.5770868089512743,0.005199999999999998,unit_proxy,unit_payoff,ok,
matrix_transformer,masked_reconstruction,10,fold_4,1,20,0.33,2.0,1.0,-10701.0,-10905.6426,1.9123689374824708,20063,0.5770868089512743,0.010199999999999997,unit_proxy,unit_payoff,ok,
matrix_transformer,masked_reconstruction,10,fold_4,1,20,0.33,2.0,2.0,-10701.0,-11106.2726,3.7872404448182433,20063,0.5770868089512743,0.0202,unit_proxy,unit_payoff,ok,
matrix_transformer,masked_reconstruction,10,fold_4,1,20,0.33,5.0,0.0,-10701.0,-10711.0315,0.09374357536678013,20063,0.5770868089512743,0.0005000000000000002,unit_proxy,unit_payoff,ok,
matrix_transformer,masked_reconstruction,10,fold_4,1,20,0.33,5.0,0.5,-10701.0,-10811.3465,1.0311793290346665,20063,0.5770868089512743,0.005500000000000001,unit_proxy,unit_payoff,ok,
matrix_transformer,masked_reconstruction,10,fold_4,1,20,0.33,5.0,1.0,-10701.0,-10911.6615,1.9686150827025528,20063,0.5770868089512743,0.010500000000000002,unit_proxy,unit_payoff,ok,
matrix_transformer,masked_reconstruction,10,fold_4,1,20,0.33,5.0,2.0,-10701.0,-11112.2915,3.843486590038308,20063,0.5770868089512743,0.0205,unit_proxy,unit_payoff,ok,
matrix_transformer,masked_reconstruction,10,fold_4,1,20,0.33,10.0,0.0,-10701.0,-10721.063,0.18748715073357725,20063,0.5770868089512743,0.0010000000000000005,unit_proxy,unit_payoff,ok,
matrix_transformer,masked_reconstruction,10,fold_4,1,20,0.33,10.0,0.5,-10701.0,-10821.378,1.1249229044014635,20063,0.5770868089512743,0.006000000000000001,unit_proxy,unit_payoff,ok,
matrix_transformer,masked_reconstruction,10,fold_4,1,20,0.33,10.0,1.0,-10701.0,-10921.693,2.062358658069333,20063,0.5770868089512743,0.011000000000000003,unit_proxy,unit_payoff,ok,
matrix_transformer,masked_reconstruction,10,fold_4,1,20,0.33,10.0,2.0,-10701.0,-11122.323,3.9372301654051056,20063,0.5770868089512743,0.021000000000000005,unit_proxy,unit_payoff,ok,
matrix_transformer,masked_reconstruction,10,fold_4,2,20,0.33,0.0,0.0,-11186.0,-11186.0,0.0,19362,0.556923430938273,0.0,unit_proxy,unit_payoff,ok,
matrix_transformer,masked_reconstruction,10,fold_4,2,20,0.33,0.0,0.5,-11186.0,-11282.81,0.8654568210262783,19362,0.556923430938273,0.005,unit_proxy,unit_payoff,ok,
matrix_transformer,masked_reconstruction,10,fold_4,2,20,0.33,0.0,1.0,-11186.0,-11379.62,1.7309136420525728,19362,0.556923430938273,0.01,unit_proxy,unit_payoff,ok,
matrix_transformer,masked_reconstruction,10,fold_4,2,20,0.33,0.0,2.0,-11186.0,-11573.24,3.4618272841051296,19362,0.556923430938273,0.02,unit_proxy,unit_payoff,ok,
matrix_transformer,masked_reconstruction,10,fold_4,2,20,0.33,1.0,0.0,-11186.0,-11187.9362,0.017309136420526543,19362,0.556923430938273,0.00010000000000000003,unit_proxy,unit_payoff,ok,
matrix_transformer,masked_reconstruction,10,fold_4,2,20,0.33,1.0,0.5,-11186.0,-11284.7462,0.8827659574468047,19362,0.556923430938273,0.005099999999999999,unit_proxy,unit_payoff,ok,
matrix_transformer,masked_reconstruction,10,fold_4,2,20,0.33,1.0,1.0,-11186.0,-11381.556199999999,1.7482227784730833,19362,0.556923430938273,0.010099999999999998,unit_proxy,unit_payoff,ok,
matrix_transformer,masked_reconstruction,10,fold_4,2,20,0.33,1.0,2.0,-11186.0,-11575.1762,3.479136420525656,19362,0.556923430938273,0.020100000000000003,unit_proxy,unit_payoff,ok,
matrix_transformer,masked_reconstruction,10,fold_4,2,20,0.33,2.0,0.0,-11186.0,-11189.8724,0.03461827284105309,19362,0.556923430938273,0.00020000000000000006,unit_proxy,unit_payoff,ok,
matrix_transformer,masked_reconstruction,10,fold_4,2,20,0.33,2.0,0.5,-11186.0,-11286.6824,0.9000750938673314,19362,0.556923430938273,0.005199999999999999,unit_proxy,unit_payoff,ok,
matrix_transformer,masked_reconstruction,10,fold_4,2,20,0.33,2.0,1.0,-11186.0,-11383.4924,1.7655319148936095,19362,0.556923430938273,0.010199999999999997,unit_proxy,unit_payoff,ok,
matrix_transformer,masked_reconstruction,10,fold_4,2,20,0.33,2.0,2.0,-11186.0,-11577.1124,3.4964455569461825,19362,0.556923430938273,0.020199999999999996,unit_proxy,unit_payoff,ok,
matrix_transformer,masked_reconstruction,10,fold_4,2,20,0.33,5.0,0.0,-11186.0,-11195.681,0.0865456821026327,19362,0.556923430938273,0.0005000000000000002,unit_proxy,unit_payoff,ok,
matrix_transformer,masked_reconstruction,10,fold_4,2,20,0.33,5.0,0.5,-11186.0,-11292.491,0.952002503128911,19362,0.556923430938273,0.0055000000000000005,unit_proxy,unit_payoff,ok,
matrix_transformer,masked_reconstruction,10,fold_4,2,20,0.33,5.0,1.0,-11186.0,-11389.301,1.8174593241551893,19362,0.556923430938273,0.0105,unit_proxy,unit_payoff,ok,
matrix_transformer,masked_reconstruction,10,fold_4,2,20,0.33,5.0,2.0,-11186.0,-11582.921,3.548372966207762,19362,0.556923430938273,0.0205,unit_proxy,unit_payoff,ok,
matrix_transformer,masked_reconstruction,10,fold_4,2,20,0.33,10.0,0.0,-11186.0,-11205.362,0.17309136420524918,19362,0.556923430938273,0.0010000000000000005,unit_proxy,unit_payoff,ok,
matrix_transformer,masked_reconstruction,10,fold_4,2,20,0.33,10.0,0.5,-11186.0,-11302.172,1.0385481852315437,19362,0.556923430938273,0.006000000000000001,unit_proxy,unit_payoff,ok,
matrix_transformer,masked_reconstruction,10,fold_4,2,20,0.33,10.0,1.0,-11186.0,-11398.982,1.904005006257822,19362,0.556923430938273,0.011000000000000001,unit_proxy,unit_payoff,ok,
matrix_transformer,masked_reconstruction,10,fold_4,2,20,0.33,10.0,2.0,-11186.0,-11592.602,3.634918648310395,19362,0.556923430938273,0.021,unit_proxy,unit_payoff,ok,
matrix_transformer,masked_reconstruction,10,fold_5,0,20,0.33,0.0,0.0,-4700.0,-4700.0,0.0,7626,0.19487389160043952,0.0,unit_proxy,unit_payoff,ok,
matrix_transformer,masked_reconstruction,10,fold_5,0,20,0.33,0.0,0.5,-4700.0,-4738.13,0.8112765957446831,7626,0.19487389160043952,0.005,unit_proxy,unit_payoff,ok,
matrix_transformer,masked_reconstruction,10,fold_5,0,20,0.33,0.0,1.0,-4700.0,-4776.26,1.6225531914893663,7626,0.19487389160043952,0.01,unit_proxy,unit_payoff,ok,
matrix_transformer,masked_reconstruction,10,fold_5,0,20,0.33,0.0,2.0,-4700.0,-4852.52,3.2451063829787326,7626,0.19487389160043952,0.02,unit_proxy,unit_payoff,ok,
matrix_transformer,masked_reconstruction,10,fold_5,0,20,0.33,1.0,0.0,-4700.0,-4700.7626,0.01622553191489405,7626,0.19487389160043952,0.00010000000000000002,unit_proxy,unit_payoff,ok,
matrix_transformer,masked_reconstruction,10,fold_5,0,20,0.33,1.0,0.5,-4700.0,-4738.8926,0.8275021276595773,7626,0.19487389160043952,0.0051,unit_proxy,unit_payoff,ok,
matrix_transformer,masked_reconstruction,10,fold_5,0,20,0.33,1.0,1.0,-4700.0,-4777.0226,1.6387787234042606,7626,0.19487389160043952,0.010100000000000001,unit_proxy,unit_payoff,ok,
matrix_transformer,masked_reconstruction,10,fold_5,0,20,0.33,1.0,2.0,-4700.0,-4853.2826000000005,3.261331914893627,7626,0.19487389160043952,0.020100000000000003,unit_proxy,unit_payoff,ok,
matrix_transformer,masked_reconstruction,10,fold_5,0,20,0.33,2.0,0.0,-4700.0,-4701.5252,0.0324510638297881,7626,0.19487389160043952,0.00020000000000000004,unit_proxy,unit_payoff,ok,
matrix_transformer,masked_reconstruction,10,fold_5,0,20,0.33,2.0,0.5,-4700.0,-4739.6552,0.8437276595744713,7626,0.19487389160043952,0.005199999999999999,unit_proxy,unit_payoff,ok,
matrix_transformer,masked_reconstruction,10,fold_5,0,20,0.33,2.0,1.0,-4700.0,-4777.7852,1.6550042553191546,7626,0.19487389160043952,0.0102,unit_proxy,unit_payoff,ok,
matrix_transformer,masked_reconstruction,10,fold_5,0,20,0.33,2.0,2.0,-4700.0,-4854.0452000000005,3.277557446808521,7626,0.19487389160043952,0.020200000000000003,unit_proxy,unit_payoff,ok,
matrix_transformer,masked_reconstruction,10,fold_5,0,20,0.33,5.0,0.0,-4700.0,-4703.813,0.08112765957447025,7626,0.19487389160043952,0.0005000000000000001,unit_proxy,unit_payoff,ok,
matrix_transformer,masked_reconstruction,10,fold_5,0,20,0.33,5.0,0.5,-4700.0,-4741.943,0.8924042553191535,7626,0.19487389160043952,0.005499999999999999,unit_proxy,unit_payoff,ok,
matrix_transformer,masked_reconstruction,10,fold_5,0,20,0.33,5.0,1.0,-4700.0,-4780.073,1.7036808510638366,7626,0.19487389160043952,0.010499999999999997,unit_proxy,unit_payoff,ok,
matrix_transformer,masked_reconstruction,10,fold_5,0,20,0.33,5.0,2.0,-4700.0,-4856.333,3.3262340425531836,7626,0.19487389160043952,0.0205,unit_proxy,unit_payoff,ok,
matrix_transformer,masked_reconstruction,10,fold_5,0,20,0.33,10.0,0.0,-4700.0,-4707.626,0.1622553191489405,7626,0.19487389160043952,0.0010000000000000002,unit_proxy,unit_payoff,ok,
matrix_transformer,masked_reconstruction,10,fold_5,0,20,0.33,10.0,0.5,-4700.0,-4745.756,0.9735319148936238,7626,0.19487389160043952,0.006,unit_proxy,unit_payoff,ok,
matrix_transformer,masked_reconstruction,10,fold_5,0,20,0.33,10.0,1.0,-4700.0,-4783.886,1.784808510638307,7626,0.19487389160043952,0.010999999999999998,unit_proxy,unit_payoff,ok,
matrix_transformer,masked_reconstruction,10,fold_5,0,20,0.33,10.0,2.0,-4700.0,-4860.146,3.4073617021276537,7626,0.19487389160043952,0.020999999999999994,unit_proxy,unit_payoff,ok,
matrix_transformer,masked_reconstruction,10,fold_5,1,20,0.33,0.0,0.0,-10637.0,-10637.0,0.0,19659,0.5023637339329977,0.0,unit_proxy,unit_payoff,ok,
matrix_transformer,masked_reconstruction,10,fold_5,1,20,0.33,0.0,0.5,-10637.0,-10735.295,0.9240857384600928,19659,0.5023637339329977,0.004999999999999999,unit_proxy,unit_payoff,ok,
matrix_transformer,masked_reconstruction,10,fold_5,1,20,0.33,0.0,1.0,-10637.0,-10833.59,1.8481714769201856,19659,0.5023637339329977,0.009999999999999998,unit_proxy,unit_payoff,ok,
matrix_transformer,masked_reconstruction,10,fold_5,1,20,0.33,0.0,2.0,-10637.0,-11030.18,3.696342953840371,19659,0.5023637339329977,0.019999999999999997,unit_proxy,unit_payoff,ok,
matrix_transformer,masked_reconstruction,10,fold_5,1,20,0.33,1.0,0.0,-10637.0,-10638.9659,0.018481714769194673,19659,0.5023637339329977,0.00010000000000000003,unit_proxy,unit_payoff,ok,
matrix_transformer,masked_reconstruction,10,fold_5,1,20,0.33,1.0,0.5,-10637.0,-10737.2609,0.9425674532292875,19659,0.5023637339329977,0.0050999999999999995,unit_proxy,unit_payoff,ok,
matrix_transformer,masked_reconstruction,10,fold_5,1,20,0.33,1.0,1.0,-10637.0,-10835.5559,1.8666531916893805,19659,0.5023637339329977,0.0101,unit_proxy,unit_payoff,ok,
matrix_transformer,masked_reconstruction,10,fold_5,1,20,0.33,1.0,2.0,-10637.0,-11032.1459,3.714824668609566,19659,0.5023637339329977,0.020100000000000003,unit_proxy,unit_payoff,ok,
matrix_transformer,masked_reconstruction,10,fold_5,1,20,0.33,2.0,0.0,-10637.0,-10640.9318,0.03696342953840644,19659,0.5023637339329977,0.00020000000000000006,unit_proxy,unit_payoff,ok,
matrix_transformer,masked_reconstruction,10,fold_5,1,20,0.33,2.0,0.5,-10637.0,-10739.2268,0.9610491679984993,19659,0.5023637339329977,0.005199999999999998,unit_proxy,unit_payoff,ok,
matrix_transformer,masked_reconstruction,10,fold_5,1,20,0.33,2.0,1.0,-10637.0,-10837.5218,1.885134906458592,19659,0.5023637339329977,0.010199999999999999,unit_proxy,unit_payoff,ok,
matrix_transformer,masked_reconstruction,10,fold_5,1,20,0.33,2.0,2.0,-10637.0,-11034.1118,3.7333063833787774,19659,0.5023637339329977,0.0202,unit_proxy,unit_payoff,ok,
matrix_transformer,masked_reconstruction,10,fold_5,1,20,0.33,5.0,0.0,-10637.0,-10646.8295,0.09240857384600756,19659,0.5023637339329977,0.0005000000000000001,unit_proxy,unit_payoff,ok,
matrix_transformer,masked_reconstruction,10,fold_5,1,20,0.33,5.0,0.5,-10637.0,-10745.1245,1.0164943123061003,19659,0.5023637339329977,0.0055000000000000005,unit_proxy,unit_payoff,ok,
matrix_transformer,masked_reconstruction,10,fold_5,1,20,0.33,5.0,1.0,-10637.0,-10843.4195,1.940580050766193,19659,0.5023637339329977,0.0105,unit_proxy,unit_payoff,ok,
matrix_transformer,masked_reconstruction,10,fold_5,1,20,0.33,5.0,2.0,-10637.0,-11040.0095,3.7887515276863786,19659,0.5023637339329977,0.0205,unit_proxy,unit_payoff,ok,
matrix_transformer,masked_reconstruction,10,fold_5,1,20,0.33,10.0,0.0,-10637.0,-10656.659,0.18481714769201513,19659,0.5023637339329977,0.0010000000000000002,unit_proxy,unit_payoff,ok,
matrix_transformer,masked_reconstruction,10,fold_5,1,20,0.33,10.0,0.5,-10637.0,-10754.954,1.108902886152108,19659,0.5023637339329977,0.006,unit_proxy,unit_payoff,ok,
matrix_transformer,masked_reconstruction,10,fold_5,1,20,0.33,10.0,1.0,-10637.0,-10853.249,2.0329886246122006,19659,0.5023637339329977,0.011000000000000001,unit_proxy,unit_payoff,ok,
matrix_transformer,masked_reconstruction,10,fold_5,1,20,0.33,10.0,2.0,-10637.0,-11049.839,3.881160101532386,19659,0.5023637339329977,0.021,unit_proxy,unit_payoff,ok,
matrix_transformer,masked_reconstruction,10,fold_5,2,20,0.33,0.0,0.0,-7991.0,-7991.0,0.0,15307,0.39115324662049933,0.0,unit_proxy,unit_payoff,ok,
matrix_transformer,masked_reconstruction,10,fold_5,2,20,0.33,0.0,0.5,-7991.0,-8067.535,0.9577649856088081,15307,0.39115324662049933,0.005,unit_proxy,unit_payoff,ok,
matrix_transformer,masked_reconstruction,10,fold_5,2,20,0.33,0.0,1.0,-7991.0,-8144.07,1.9155299712176161,15307,0.39115324662049933,0.01,unit_proxy,unit_payoff,ok,
matrix_transformer,masked_reconstruction,10,fold_5,2,20,0.33,0.0,2.0,-7991.0,-8297.14,3.8310599424352323,15307,0.39115324662049933,0.02,unit_proxy,unit_payoff,ok,
matrix_transformer,masked_reconstruction,10,fold_5,2,20,0.33,1.0,0.0,-7991.0,-7992.5307,0.01915529971217935,15307,0.39115324662049933,0.0001,unit_proxy,unit_payoff,ok,
matrix_transformer,masked_reconstruction,10,fold_5,2,20,0.33,1.0,0.5,-7991.0,-8069.0657,0.9769202853209874,15307,0.39115324662049933,0.0050999999999999995,unit_proxy,unit_payoff,ok,
matrix_transformer,masked_reconstruction,10,fold_5,2,20,0.33,1.0,1.0,-7991.0,-8145.6007,1.9346852709297955,15307,0.39115324662049933,0.010100000000000001,unit_proxy,unit_payoff,ok,
matrix_transformer,masked_reconstruction,10,fold_5,2,20,0.33,1.0,2.0,-7991.0,-8298.6707,3.850215242147423,15307,0.39115324662049933,0.020100000000000003,unit_proxy,unit_payoff,ok,
matrix_transformer,masked_reconstruction,10,fold_5,2,20,0.33,2.0,0.0,-7991.0,-7994.0614,0.038310599424347315,15307,0.39115324662049933,0.0002,unit_proxy,unit_payoff,ok,
matrix_transformer,masked_reconstruction,10,fold_5,2,20,0.33,2.0,0.5,-7991.0,-8070.5964,0.9960755850331668,15307,0.39115324662049933,0.005199999999999999,unit_proxy,unit_payoff,ok,
matrix_transformer,masked_reconstruction,10,fold_5,2,20,0.33,2.0,1.0,-7991.0,-8147.1314,1.9538405706419748,15307,0.39115324662049933,0.010199999999999999,unit_proxy,unit_payoff,ok,
matrix_transformer,masked_reconstruction,10,fold_5,2,20,0.33,2.0,2.0,-7991.0,-8300.2014,3.869370541859591,15307,0.39115324662049933,0.020200000000000003,unit_proxy,unit_payoff,ok,
matrix_transformer,masked_reconstruction,10,fold_5,2,20,0.33,5.0,0.0,-7991.0,-7998.6535,0.09577649856088535,15307,0.39115324662049933,0.0005000000000000002,unit_proxy,unit_payoff,ok,
matrix_transformer,masked_reconstruction,10,fold_5,2,20,0.33,5.0,0.5,-7991.0,-8075.1885,1.0535414841696935,15307,0.39115324662049933,0.0055,unit_proxy,unit_payoff,ok,
matrix_transformer,masked_reconstruction,10,fold_5,2,20,0.33,5.0,1.0,-7991.0,-8151.7235,2.0113064697785012,15307,0.39115324662049933,0.0105,unit_proxy,unit_payoff,ok,
matrix_transformer,masked_reconstruction,10,fold_5,2,20,0.33,5.0,2.0,-7991.0,-8304.7935,3.9268364409961176,15307,0.39115324662049933,0.0205,unit_proxy,unit_payoff,ok,
matrix_transformer,masked_reconstruction,10,fold_5,2,20,0.33,10.0,0.0,-7991.0,-8006.307,0.19155299712175933,15307,0.39115324662049933,0.0010000000000000005,unit_proxy,unit_payoff,ok,
matrix_transformer,masked_reconstruction,10,fold_5,2,20,0.33,10.0,0.5,-7991.0,-8082.842,1.1493179827305675,15307,0.39115324662049933,0.006000000000000001,unit_proxy,unit_payoff,ok,
matrix_transformer,masked_reconstruction,10,fold_5,2,20,0.33,10.0,1.0,-7991.0,-8159.377,2.107082968339387,15307,0.39115324662049933,0.011,unit_proxy,unit_payoff,ok,
matrix_transformer,masked_reconstruction,10,fold_5,2,20,0.33,10.0,2.0,-7991.0,-8312.447,4.0226129395570025,15307,0.39115324662049933,0.021,unit_proxy,unit_payoff,ok,
matrix_transformer,masked_reconstruction,20,fold_1,0,20,0.33,0.0,0.0,-11287.0,-11287.0,0.0,27457,0.7154359268330814,0.0,unit_proxy,unit_payoff,ok,
matrix_transformer,masked_reconstruction,20,fold_1,0,20,0.33,0.0,0.5,-11287.0,-11424.285,1.2163108000354377,27457,0.7154359268330814,0.005,unit_proxy,unit_payoff,ok,
matrix_transformer,masked_reconstruction,20,fold_1,0,20,0.33,0.0,1.0,-11287.0,-11561.57,2.4326216000708754,27457,0.7154359268330814,0.01,unit_proxy,unit_payoff,ok,
matrix_transformer,masked_reconstruction,20,fold_1,0,20,0.33,0.0,2.0,-11287.0,-11836.14,4.865243200141751,27457,0.7154359268330814,0.02,unit_proxy,unit_payoff,ok,
matrix_transformer,masked_reconstruction,20,fold_1,0,20,0.33,1.0,0.0,-11287.0,-11289.7457,0.024326216000704243,27457,0.7154359268330814,0.00010000000000000003,unit_proxy,unit_payoff,ok,
matrix_transformer,masked_reconstruction,20,fold_1,0,20,0.33,1.0,0.5,-11287.0,-11427.0307,1.240637016036142,27457,0.7154359268330814,0.005099999999999999,unit_proxy,unit_payoff,ok,
matrix_transformer,masked_reconstruction,20,fold_1,0,20,0.33,1.0,1.0,-11287.0,-11564.3157,2.4569478160715796,27457,0.7154359268330814,0.0101,unit_proxy,unit_payoff,ok,
matrix_transformer,masked_reconstruction,20,fold_1,0,20,0.33,1.0,2.0,-11287.0,-11838.8857,4.889569416142471,27457,0.7154359268330814,0.020100000000000003,unit_proxy,unit_payoff,ok,
matrix_transformer,masked_reconstruction,20,fold_1,0,20,0.33,2.0,0.0,-11287.0,-11292.4914,0.0486524320014246,27457,0.7154359268330814,0.00020000000000000006,unit_proxy,unit_payoff,ok,
matrix_transformer,masked_reconstruction,20,fold_1,0,20,0.33,2.0,0.5,-11287.0,-11429.7764,1.2649632320368622,27457,0.7154359268330814,0.005199999999999999,unit_proxy,unit_payoff,ok,
matrix_transformer,masked_reconstruction,20,fold_1,0,20,0.33,2.0,1.0,-11287.0,-11567.0614,2.4812740320723,27457,0.7154359268330814,0.010199999999999997,unit_proxy,unit_payoff,ok,
matrix_transformer,masked_reconstruction,20,fold_1,0,20,0.33,2.0,2.0,-11287.0,-11841.6314,4.913895632143175,27457,0.7154359268330814,0.0202,unit_proxy,unit_payoff,ok,
matrix_transformer,masked_reconstruction,20,fold_1,0,20,0.33,5.0,0.0,-11287.0,-11300.7285,0.12163108000353733,27457,0.7154359268330814,0.0005000000000000001,unit_proxy,unit_payoff,ok,
matrix_transformer,masked_reconstruction,20,fold_1,0,20,0.33,5.0,0.5,-11287.0,-11438.0135,1.337941880038975,27457,0.7154359268330814,0.0055,unit_proxy,unit_payoff,ok,
matrix_transformer,masked_reconstruction,20,fold_1,0,20,0.33,5.0,1.0,-11287.0,-11575.2985,2.554252680074429,27457,0.7154359268330814,0.010499999999999999,unit_proxy,unit_payoff,ok,
matrix_transformer,masked_reconstruction,20,fold_1,0,20,0.33,5.0,2.0,-11287.0,-11849.8685,4.9868742801453045,27457,0.7154359268330814,0.0205,unit_proxy,unit_payoff,ok,
matrix_transformer,masked_reconstruction,20,fold_1,0,20,0.33,10.0,0.0,-11287.0,-11314.457,0.24326216000709078,27457,0.7154359268330814,0.0010000000000000002,unit_proxy,unit_payoff,ok,
matrix_transformer,masked_reconstruction,20,fold_1,0,20,0.33,10.0,0.5,-11287.0,-11451.742,1.4595729600425285,27457,0.7154359268330814,0.006000000000000002,unit_proxy,unit_payoff,ok,
matrix_transformer,masked_reconstruction,20,fold_1,0,20,0.33,10.0,1.0,-11287.0,-11589.027,2.675883760077966,27457,0.7154359268330814,0.011,unit_proxy,unit_payoff,ok,
matrix_transformer,masked_reconstruction,20,fold_1,0,20,0.33,10.0,2.0,-11287.0,-11863.597,5.1085053601488415,27457,0.7154359268330814,0.020999999999999998,unit_proxy,unit_payoff,ok,
matrix_transformer,masked_reconstruction,20,fold_1,1,20,0.33,0.0,0.0,-8931.0,-8931.0,0.0,18795,0.48973370159987495,0.0,unit_proxy,unit_payoff,ok,
matrix_transformer,masked_reconstruction,20,fold_1,1,20,0.33,0.0,0.5,-8931.0,-9024.975,1.052233792408469,18795,0.48973370159987495,0.005,unit_proxy,unit_payoff,ok,
matrix_transformer,masked_reconstruction,20,fold_1,1,20,0.33,0.0,1.0,-8931.0,-9118.95,2.104467584816938,18795,0.48973370159987495,0.01,unit_proxy,unit_payoff,ok,
matrix_transformer,masked_reconstruction,20,fold_1,1,20,0.33,0.0,2.0,-8931.0,-9306.9,4.208935169633856,18795,0.48973370159987495,0.02,unit_proxy,unit_payoff,ok,
matrix_transformer,masked_reconstruction,20,fold_1,1,20,0.33,1.0,0.0,-8931.0,-8932.8795,0.021044675848159198,18795,0.48973370159987495,0.00010000000000000003,unit_proxy,unit_payoff,ok,
matrix_transformer,masked_reconstruction,20,fold_1,1,20,0.33,1.0,0.5,-8931.0,-9026.8545,1.073278468256628,18795,0.48973370159987495,0.005099999999999999,unit_proxy,unit_payoff,ok,
matrix_transformer,masked_reconstruction,20,fold_1,1,20,0.33,1.0,1.0,-8931.0,-9120.8295,2.125512260665097,18795,0.48973370159987495,0.0101,unit_proxy,unit_payoff,ok,
matrix_transformer,masked_reconstruction,20,fold_1,1,20,0.33,1.0,2.0,-8931.0,-9308.7795,4.229979845482035,18795,0.48973370159987495,0.020100000000000007,unit_proxy,unit_payoff,ok,
matrix_transformer,masked_reconstruction,20,fold_1,1,20,0.33,2.0,0.0,-8931.0,-8934.759,0.04208935169633876,18795,0.48973370159987495,0.00020000000000000006,unit_proxy,unit_payoff,ok,
matrix_transformer,masked_reconstruction,20,fold_1,1,20,0.33,2.0,0.5,-8931.0,-9028.734,1.0943231441048078,18795,0.48973370159987495,0.005199999999999998,unit_proxy,unit_payoff,ok,
matrix_transformer,masked_reconstruction,20,fold_1,1,20,0.33,2.0,1.0,-8931.0,-9122.709,2.1465569365132766,18795,0.48973370159987495,0.010199999999999997,unit_proxy,unit_payoff,ok,
matrix_transformer,masked_reconstruction,20,fold_1,1,20,0.33,2.0,2.0,-8931.0,-9310.659,4.251024521330194,18795,0.48973370159987495,0.0202,unit_proxy,unit_payoff,ok,
matrix_transformer,masked_reconstruction,20,fold_1,1,20,0.33,5.0,0.0,-8931.0,-8940.3975,0.1052233792408367,18795,0.48973370159987495,0.0005000000000000002,unit_proxy,unit_payoff,ok,
matrix_transformer,masked_reconstruction,20,fold_1,1,20,0.33,5.0,0.5,-8931.0,-9034.3725,1.1574571716493056,18795,0.48973370159987495,0.0055000000000000005,unit_proxy,unit_payoff,ok,
matrix_transformer,masked_reconstruction,20,fold_1,1,20,0.33,5.0,1.0,-8931.0,-9128.3475,2.2096909640577747,18795,0.48973370159987495,0.0105,unit_proxy,unit_payoff,ok,
matrix_transformer,masked_reconstruction,20,fold_1,1,20,0.33,5.0,2.0,-8931.0,-9316.2975,4.314158548874713,18795,0.48973370159987495,0.0205,unit_proxy,unit_payoff,ok,
matrix_transformer,masked_reconstruction,20,fold_1,1,20,0.33,10.0,0.0,-8931.0,-8949.795,0.2104467584816938,18795,0.48973370159987495,0.0010000000000000005,unit_proxy,unit_payoff,ok,
matrix_transformer,masked_reconstruction,20,fold_1,1,20,0.33,10.0,0.5,-8931.0,-9043.77,1.2626805508901626,18795,0.48973370159987495,0.006000000000000001,unit_proxy,unit_payoff,ok,
matrix_transformer,masked_reconstruction,20,fold_1,1,20,0.33,10.0,1.0,-8931.0,-9137.745,2.3149143432986317,18795,0.48973370159987495,0.011000000000000001,unit_proxy,unit_payoff,ok,
matrix_transformer,masked_reconstruction,20,fold_1,1,20,0.33,10.0,2.0,-8931.0,-9325.695,4.419381928115549,18795,0.48973370159987495,0.021,unit_proxy,unit_payoff,ok,
matrix_transformer,masked_reconstruction,20,fold_1,2,20,0.33,0.0,0.0,-9189.0,-9189.0,0.0,18971,0.4943196623065298,0.0,unit_proxy,unit_payoff,ok,
matrix_transformer,masked_reconstruction,20,fold_1,2,20,0.33,0.0,0.5,-9189.0,-9283.855,1.0322668407878939,18971,0.4943196623065298,0.004999999999999999,unit_proxy,unit_payoff,ok,
matrix_transformer,masked_reconstruction,20,fold_1,2,20,0.33,0.0,1.0,-9189.0,-9378.71,2.0645336815757878,18971,0.4943196623065298,0.009999999999999998,unit_proxy,unit_payoff,ok,
matrix_transformer,masked_reconstruction,20,fold_1,2,20,0.33,0.0,2.0,-9189.0,-9568.42,4.129067363151595,18971,0.4943196623065298,0.019999999999999997,unit_proxy,unit_payoff,ok,
matrix_transformer,masked_reconstruction,20,fold_1,2,20,0.33,1.0,0.0,-9189.0,-9190.8971,0.02064533681575946,18971,0.4943196623065298,0.00010000000000000003,unit_proxy,unit_payoff,ok,
matrix_transformer,masked_reconstruction,20,fold_1,2,20,0.33,1.0,0.5,-9189.0,-9285.7521,1.0529121776036532,18971,0.4943196623065298,0.005099999999999999,unit_proxy,unit_payoff,ok,
matrix_transformer,masked_reconstruction,20,fold_1,2,20,0.33,1.0,1.0,-9189.0,-9380.6071,2.085179018391547,18971,0.4943196623065298,0.0101,unit_proxy,unit_payoff,ok,
matrix_transformer,masked_reconstruction,20,fold_1,2,20,0.33,1.0,2.0,-9189.0,-9570.3171,4.149712699967354,18971,0.4943196623065298,0.020100000000000007,unit_proxy,unit_payoff,ok,
matrix_transformer,masked_reconstruction,20,fold_1,2,20,0.33,2.0,0.0,-9189.0,-9192.7942,0.04129067363151892,18971,0.4943196623065298,0.00020000000000000006,unit_proxy,unit_payoff,ok,
matrix_transformer,masked_reconstruction,20,fold_1,2,20,0.33,2.0,0.5,-9189.0,-9287.6492,1.0735575144194127,18971,0.4943196623065298,0.005199999999999998,unit_proxy,unit_payoff,ok,
matrix_transformer,masked_reconstruction,20,fold_1,2,20,0.33,2.0,1.0,-9189.0,-9382.5042,2.1058243552073064,18971,0.4943196623065298,0.010199999999999997,unit_proxy,unit_payoff,ok,
matrix_transformer,masked_reconstruction,20,fold_1,2,20,0.33,2.0,2.0,-9189.0,-9572.2142,4.170358036783114,18971,0.4943196623065298,0.0202,unit_proxy,unit_payoff,ok,
matrix_transformer,masked_reconstruction,20,fold_1,2,20,0.33,5.0,0.0,-9189.0,-9198.4855,0.10322668407879732,18971,0.4943196623065298,0.0005000000000000002,unit_proxy,unit_payoff,ok,
matrix_transformer,masked_reconstruction,20,fold_1,2,20,0.33,5.0,0.5,-9189.0,-9293.3405,1.135493524866691,18971,0.4943196623065298,0.0055000000000000005,unit_proxy,unit_payoff,ok,
matrix_transformer,masked_reconstruction,20,fold_1,2,20,0.33,5.0,1.0,-9189.0,-9388.1955,2.1677603656545847,18971,0.4943196623065298,0.0105,unit_proxy,unit_payoff,ok,
matrix_transformer,masked_reconstruction,20,fold_1,2,20,0.33,5.0,2.0,-9189.0,-9577.9055,4.2322940472303925,18971,0.4943196623065298,0.020500000000000004,unit_proxy,unit_payoff,ok,
matrix_transformer,masked_reconstruction,20,fold_1,2,20,0.33,10.0,0.0,-9189.0,-9207.971,0.2064533681575748,18971,0.4943196623065298,0.0010000000000000005,unit_proxy,unit_payoff,ok,
matrix_transformer,masked_reconstruction,20,fold_1,2,20,0.33,10.0,0.5,-9189.0,-9302.826000000001,1.2387202089454885,18971,0.4943196623065298,0.006000000000000001,unit_proxy,unit_payoff,ok,
matrix_transformer,masked_reconstruction,20,fold_1,2,20,0.33,10.0,1.0,-9189.0,-9397.681,2.270987049733382,18971,0.4943196623065298,0.011000000000000001,unit_proxy,unit_payoff,ok,
matrix_transformer,masked_reconstruction,20,fold_1,2,20,0.33,10.0,2.0,-9189.0,-9587.391,4.3355207313091695,18971,0.4943196623065298,0.021,unit_proxy,unit_payoff,ok,
matrix_transformer,masked_reconstruction,20,fold_2,0,20,0.33,0.0,0.0,-6726.0,-6726.0,0.0,14420,0.5056810211810914,0.0,unit_proxy,unit_payoff,ok,
matrix_transformer,masked_reconstruction,20,fold_2,0,20,0.33,0.0,0.5,-6726.0,-6798.1,1.0719595599167464,14420,0.5056810211810914,0.005000000000000001,unit_proxy,unit_payoff,ok,
matrix_transformer,masked_reconstruction,20,fold_2,0,20,0.33,0.0,1.0,-6726.0,-6870.2,2.1439191198334795,14420,0.5056810211810914,0.010000000000000002,unit_proxy,unit_payoff,ok,
matrix_transformer,masked_reconstruction,20,fold_2,0,20,0.33,0.0,2.0,-6726.0,-7014.4,4.287838239666959,14420,0.5056810211810914,0.020000000000000004,unit_proxy,unit_payoff,ok,
matrix_transformer,masked_reconstruction,20,fold_2,0,20,0.33,1.0,0.0,-6726.0,-6727.442,0.021439191198334928,14420,0.5056810211810914,0.00010000000000000005,unit_proxy,unit_payoff,ok,
matrix_transformer,masked_reconstruction,20,fold_2,0,20,0.33,1.0,0.5,-6726.0,-6799.542,1.0933987511150813,14420,0.5056810211810914,0.0050999999999999995,unit_proxy,unit_payoff,ok,
matrix_transformer,masked_reconstruction,20,fold_2,0,20,0.33,1.0,1.0,-6726.0,-6871.642,2.1653583110318144,14420,0.5056810211810914,0.010100000000000001,unit_proxy,unit_payoff,ok,
matrix_transformer,masked_reconstruction,20,fold_2,0,20,0.33,1.0,2.0,-6726.0,-7015.842,4.3092774308652935,14420,0.5056810211810914,0.020100000000000003,unit_proxy,unit_payoff,ok,
matrix_transformer,masked_reconstruction,20,fold_2,0,20,0.33,2.0,0.0,-6726.0,-6728.884,0.042878382396669856,14420,0.5056810211810914,0.0002000000000000001,unit_proxy,unit_payoff,ok,
matrix_transformer,masked_reconstruction,20,fold_2,0,20,0.33,2.0,0.5,-6726.0,-6800.984,1.1148379423134163,14420,0.5056810211810914,0.005199999999999999,unit_proxy,unit_payoff,ok,
matrix_transformer,masked_reconstruction,20,fold_2,0,20,0.33,2.0,1.0,-6726.0,-6873.084,2.1867975022301493,14420,0.5056810211810914,0.010199999999999999,unit_proxy,unit_payoff,ok,
matrix_transformer,masked_reconstruction,20,fold_2,0,20,0.33,2.0,2.0,-6726.0,-7017.284,4.330716622063629,14420,0.5056810211810914,0.020200000000000003,unit_proxy,unit_payoff,ok,
matrix_transformer,masked_reconstruction,20,fold_2,0,20,0.33,5.0,0.0,-6726.0,-6733.21,0.10719595599167464,14420,0.5056810211810914,0.0005000000000000002,unit_proxy,unit_payoff,ok,
matrix_transformer,masked_reconstruction,20,fold_2,0,20,0.33,5.0,0.5,-6726.0,-6805.31,1.179155515908421,14420,0.5056810211810914,0.005500000000000001,unit_proxy,unit_payoff,ok,
matrix_transformer,masked_reconstruction,20,fold_2,0,20,0.33,5.0,1.0,-6726.0,-6877.41,2.2511150758251537,14420,0.5056810211810914,0.010500000000000002,unit_proxy,unit_payoff,ok,
matrix_transformer,masked_reconstruction,20,fold_2,0,20,0.33,5.0,2.0,-6726.0,-7021.61,4.395034195658633,14420,0.5056810211810914,0.0205,unit_proxy,unit_payoff,ok,
matrix_transformer,masked_reconstruction,20,fold_2,0,20,0.33,10.0,0.0,-6726.0,-6740.42,0.21439191198334928,14420,0.5056810211810914,0.0010000000000000005,unit_proxy,unit_payoff,ok,
matrix_transformer,masked_reconstruction,20,fold_2,0,20,0.33,10.0,0.5,-6726.0,-6812.52,1.2863514719000957,14420,0.5056810211810914,0.006000000000000001,unit_proxy,unit_payoff,ok,
matrix_transformer,masked_reconstruction,20,fold_2,0,20,0.33,10.0,1.0,-6726.0,-6884.62,2.3583110318168283,14420,0.5056810211810914,0.011000000000000003,unit_proxy,unit_payoff,ok,
matrix_transformer,masked_reconstruction,20,fold_2,0,20,0.33,10.0,2.0,-6726.0,-7028.82,4.502230151650307,14420,0.5056810211810914,0.021000000000000005,unit_proxy,unit_payoff,ok,
matrix_transformer,masked_reconstruction,20,fold_2,1,20,0.33,0.0,0.0,-7216.0,-7216.0,0.0,14604,0.5121335390657876,0.0,unit_proxy,unit_payoff,ok,
matrix_transformer,masked_reconstruction,20,fold_2,1,20,0.33,0.0,0.5,-7216.0,-7289.02,1.0119179600886978,14604,0.5121335390657876,0.005,unit_proxy,unit_payoff,ok,
matrix_transformer,masked_reconstruction,20,fold_2,1,20,0.33,0.0,1.0,-7216.0,-7362.04,2.0238359201773832,14604,0.5121335390657876,0.01,unit_proxy,unit_payoff,ok,
matrix_transformer,masked_reconstruction,20,fold_2,1,20,0.33,0.0,2.0,-7216.0,-7508.08,4.0476718403547665,14604,0.5121335390657876,0.02,unit_proxy,unit_payoff,ok,
matrix_transformer,masked_reconstruction,20,fold_2,1,20,0.33,1.0,0.0,-7216.0,-7217.4604,0.020238359201772946,14604,0.5121335390657876,0.00010000000000000002,unit_proxy,unit_payoff,ok,
matrix_transformer,masked_reconstruction,20,fold_2,1,20,0.33,1.0,0.5,-7216.0,-7290.4804,1.0321563192904708,14604,0.5121335390657876,0.005099999999999999,unit_proxy,unit_payoff,ok,
matrix_transformer,masked_reconstruction,20,fold_2,1,20,0.33,1.0,1.0,-7216.0,-7363.5004,2.044074279379156,14604,0.5121335390657876,0.0101,unit_proxy,unit_payoff,ok,
matrix_transformer,masked_reconstruction,20,fold_2,1,20,0.33,1.0,2.0,-7216.0,-7509.5404,4.067910199556539,14604,0.5121335390657876,0.020100000000000003,unit_proxy,unit_payoff,ok,
matrix_transformer,masked_reconstruction,20,fold_2,1,20,0.33,2.0,0.0,-7216.0,-7218.9208,0.04047671840354589,14604,0.5121335390657876,0.00020000000000000004,unit_proxy,unit_payoff,ok,
matrix_transformer,masked_reconstruction,20,fold_2,1,20,0.33,2.0,0.5,-7216.0,-7291.9408,1.0523946784922438,14604,0.5121335390657876,0.005199999999999998,unit_proxy,unit_payoff,ok,
matrix_transformer,masked_reconstruction,20,fold_2,1,20,0.33,2.0,1.0,-7216.0,-7364.9608,2.0643126385809287,14604,0.5121335390657876,0.010199999999999997,unit_proxy,unit_payoff,ok,
matrix_transformer,masked_reconstruction,20,fold_2,1,20,0.33,2.0,2.0,-7216.0,-7511.0008,4.088148558758312,14604,0.5121335390657876,0.0202,unit_proxy,unit_payoff,ok,
matrix_transformer,masked_reconstruction,20,fold_2,1,20,0.33,5.0,0.0,-7216.0,-7223.302,0.10119179600886474,14604,0.5121335390657876,0.0005000000000000002,unit_proxy,unit_payoff,ok,
matrix_transformer,masked_reconstruction,20,fold_2,1,20,0.33,5.0,0.5,-7216.0,-7296.322,1.1131097560975627,14604,0.5121335390657876,0.0055000000000000005,unit_proxy,unit_payoff,ok,
matrix_transformer,masked_reconstruction,20,fold_2,1,20,0.33,5.0,1.0,-7216.0,-7369.342,2.125027716186248,14604,0.5121335390657876,0.010499999999999999,unit_proxy,unit_payoff,ok,
matrix_transformer,masked_reconstruction,20,fold_2,1,20,0.33,5.0,2.0,-7216.0,-7515.382,4.148863636363631,14604,0.5121335390657876,0.0205,unit_proxy,unit_payoff,ok,
matrix_transformer,masked_reconstruction,20,fold_2,1,20,0.33,10.0,0.0,-7216.0,-7230.604,0.20238359201774211,14604,0.5121335390657876,0.0010000000000000005,unit_proxy,unit_payoff,ok,
matrix_transformer,masked_reconstruction,20,fold_2,1,20,0.33,10.0,0.5,-7216.0,-7303.624,1.2143015521064273,14604,0.5121335390657876,0.006000000000000002,unit_proxy,unit_payoff,ok,
matrix_transformer,masked_reconstruction,20,fold_2,1,20,0.33,10.0,1.0,-7216.0,-7376.644,2.2262195121951254,14604,0.5121335390657876,0.011000000000000001,unit_proxy,unit_payoff,ok,
matrix_transformer,masked_reconstruction,20,fold_2,1,20,0.33,10.0,2.0,-7216.0,-7522.684,4.250055432372508,14604,0.5121335390657876,0.020999999999999998,unit_proxy,unit_payoff,ok,
matrix_transformer,masked_reconstruction,20,fold_2,2,20,0.33,0.0,0.0,-7575.0,-7575.0,0.0,14675,0.5146233693365129,0.0,unit_proxy,unit_payoff,ok,
matrix_transformer,masked_reconstruction,20,fold_2,2,20,0.33,0.0,0.5,-7575.0,-7648.375,0.9686468646864687,14675,0.5146233693365129,0.005,unit_proxy,unit_payoff,ok,
matrix_transformer,masked_reconstruction,20,fold_2,2,20,0.33,0.0,1.0,-7575.0,-7721.75,1.9372937293729373,14675,0.5146233693365129,0.01,unit_proxy,unit_payoff,ok,
matrix_transformer,masked_reconstruction,20,fold_2,2,20,0.33,0.0,2.0,-7575.0,-7868.5,3.8745874587458746,14675,0.5146233693365129,0.02,unit_proxy,unit_payoff,ok,
matrix_transformer,masked_reconstruction,20,fold_2,2,20,0.33,1.0,0.0,-7575.0,-7576.4675,0.019372937293726012,14675,0.5146233693365129,0.00010000000000000003,unit_proxy,unit_payoff,ok,
matrix_transformer,masked_reconstruction,20,fold_2,2,20,0.33,1.0,0.5,-7575.0,-7649.8425,0.9880198019801947,14675,0.5146233693365129,0.005099999999999998,unit_proxy,unit_payoff,ok,
matrix_transformer,masked_reconstruction,20,fold_2,2,20,0.33,1.0,1.0,-7575.0,-7723.2175,1.9566666666666632,14675,0.5146233693365129,0.0101,unit_proxy,unit_payoff,ok,
matrix_transformer,masked_reconstruction,20,fold_2,2,20,0.33,1.0,2.0,-7575.0,-7869.9675,3.893960396039601,14675,0.5146233693365129,0.020100000000000003,unit_proxy,unit_payoff,ok,
matrix_transformer,masked_reconstruction,20,fold_2,2,20,0.33,2.0,0.0,-7575.0,-7577.935,0.03874587458746403,14675,0.5146233693365129,0.00020000000000000006,unit_proxy,unit_payoff,ok,
matrix_transformer,masked_reconstruction,20,fold_2,2,20,0.33,2.0,0.5,-7575.0,-7651.31,1.0073927392739328,14675,0.5146233693365129,0.005199999999999998,unit_proxy,unit_payoff,ok,
matrix_transformer,masked_reconstruction,20,fold_2,2,20,0.33,2.0,1.0,-7575.0,-7724.6849999999995,1.9760396039603894,14675,0.5146233693365129,0.010199999999999996,unit_proxy,unit_payoff,ok,
matrix_transformer,masked_reconstruction,20,fold_2,2,20,0.33,2.0,2.0,-7575.0,-7871.435,3.913333333333339,14675,0.5146233693365129,0.0202,unit_proxy,unit_payoff,ok,
matrix_transformer,masked_reconstruction,20,fold_2,2,20,0.33,5.0,0.0,-7575.0,-7582.3375,0.09686468646864206,14675,0.5146233693365129,0.0005000000000000002,unit_proxy,unit_payoff,ok,
matrix_transformer,masked_reconstruction,20,fold_2,2,20,0.33,5.0,0.5,-7575.0,-7655.7125,1.0655115511551108,14675,0.5146233693365129,0.0055000000000000005,unit_proxy,unit_payoff,ok,
matrix_transformer,masked_reconstruction,20,fold_2,2,20,0.33,5.0,1.0,-7575.0,-7729.0875,2.0341584158415795,14675,0.5146233693365129,0.0105,unit_proxy,unit_payoff,ok,
matrix_transformer,masked_reconstruction,20,fold_2,2,20,0.33,5.0,2.0,-7575.0,-7875.8375,3.9714521452145166,14675,0.5146233693365129,0.0205,unit_proxy,unit_payoff,ok,
matrix_transformer,masked_reconstruction,20,fold_2,2,20,0.33,10.0,0.0,-7575.0,-7589.675,0.1937293729372961,14675,0.5146233693365129,0.0010000000000000005,unit_proxy,unit_payoff,ok,
matrix_transformer,masked_reconstruction,20,fold_2,2,20,0.33,10.0,0.5,-7575.0,-7663.05,1.1623762376237647,14675,0.5146233693365129,0.006000000000000001,unit_proxy,unit_payoff,ok,
matrix_transformer,masked_reconstruction,20,fold_2,2,20,0.33,10.0,1.0,-7575.0,-7736.425,2.1310231023102335,14675,0.5146233693365129,0.011000000000000001,unit_proxy,unit_payoff,ok,
matrix_transformer,masked_reconstruction,20,fold_2,2,20,0.33,10.0,2.0,-7575.0,-7883.175,4.068316831683171,14675,0.5146233693365129,0.021,unit_proxy,unit_payoff,ok,
matrix_transformer,masked_reconstruction,20,fold_3,0,20,0.33,0.0,0.0,-11172.0,-11172.0,0.0,26810,0.7245162685115123,0.0,unit_proxy,unit_payoff,ok,
matrix_transformer,masked_reconstruction,20,fold_3,0,20,0.33,0.0,0.5,-11172.0,-11306.05,1.1998746867167853,26810,0.7245162685115123,0.005,unit_proxy,unit_payoff,ok,
matrix_transformer,masked_reconstruction,20,fold_3,0,20,0.33,0.0,1.0,-11172.0,-11440.1,2.399749373433587,26810,0.7245162685115123,0.01,unit_proxy,unit_payoff,ok,
matrix_transformer,masked_reconstruction,20,fold_3,0,20,0.33,0.0,2.0,-11172.0,-11708.2,4.799498746867174,26810,0.7245162685115123,0.02,unit_proxy,unit_payoff,ok,
matrix_transformer,masked_reconstruction,20,fold_3,0,20,0.33,1.0,0.0,-11172.0,-11174.681,0.023997493734340267,26810,0.7245162685115123,0.00010000000000000002,unit_proxy,unit_payoff,ok,
matrix_transformer,masked_reconstruction,20,fold_3,0,20,0.33,1.0,0.5,-11172.0,-11308.731,1.2238721804511257,26810,0.7245162685115123,0.005099999999999999,unit_proxy,unit_payoff,ok,
matrix_transformer,masked_reconstruction,20,fold_3,0,20,0.33,1.0,1.0,-11172.0,-11442.781,2.4237468671679276,26810,0.7245162685115123,0.0101,unit_proxy,unit_payoff,ok,
matrix_transformer,masked_reconstruction,20,fold_3,0,20,0.33,1.0,2.0,-11172.0,-11710.881,4.823496240601498,26810,0.7245162685115123,0.0201,unit_proxy,unit_payoff,ok,
matrix_transformer,masked_reconstruction,20,fold_3,0,20,0.33,2.0,0.0,-11172.0,-11177.362,0.047994987468664256,26810,0.7245162685115123,0.00020000000000000004,unit_proxy,unit_payoff,ok,
matrix_transformer,masked_reconstruction,20,fold_3,0,20,0.33,2.0,0.5,-11172.0,-11311.412,1.247869674185466,26810,0.7245162685115123,0.005199999999999998,unit_proxy,unit_payoff,ok,
matrix_transformer,masked_reconstruction,20,fold_3,0,20,0.33,2.0,1.0,-11172.0,-11445.462,2.4477443609022513,26810,0.7245162685115123,0.010199999999999997,unit_proxy,unit_payoff,ok,
matrix_transformer,masked_reconstruction,20,fold_3,0,20,0.33,2.0,2.0,-11172.0,-11713.562,4.847493734335838,26810,0.7245162685115123,0.0202,unit_proxy,unit_payoff,ok,
matrix_transformer,masked_reconstruction,20,fold_3,0,20,0.33,5.0,0.0,-11172.0,-11185.405,0.11998746867168505,26810,0.7245162685115123,0.0005000000000000002,unit_proxy,unit_payoff,ok,
matrix_transformer,masked_reconstruction,20,fold_3,0,20,0.33,5.0,0.5,-11172.0,-11319.455,1.3198621553884706,26810,0.7245162685115123,0.0055000000000000005,unit_proxy,unit_payoff,ok,
matrix_transformer,masked_reconstruction,20,fold_3,0,20,0.33,5.0,1.0,-11172.0,-11453.505,2.5197368421052557,26810,0.7245162685115123,0.0105,unit_proxy,unit_payoff,ok,
matrix_transformer,masked_reconstruction,20,fold_3,0,20,0.33,5.0,2.0,-11172.0,-11721.605,4.919486215538843,26810,0.7245162685115123,0.0205,unit_proxy,unit_payoff,ok,
matrix_transformer,masked_reconstruction,20,fold_3,0,20,0.33,10.0,0.0,-11172.0,-11198.81,0.23997493734335384,26810,0.7245162685115123,0.0010000000000000005,unit_proxy,unit_payoff,ok,
matrix_transformer,masked_reconstruction,20,fold_3,0,20,0.33,10.0,0.5,-11172.0,-11332.86,1.4398496240601557,26810,0.7245162685115123,0.006,unit_proxy,unit_payoff,ok,
matrix_transformer,masked_reconstruction,20,fold_3,0,20,0.33,10.0,1.0,-11172.0,-11466.91,2.6397243107769413,26810,0.7245162685115123,0.011000000000000001,unit_proxy,unit_payoff,ok,
matrix_transformer,masked_reconstruction,20,fold_3,0,20,0.33,10.0,2.0,-11172.0,-11735.01,5.039473684210528,26810,0.7245162685115123,0.021,unit_proxy,unit_payoff,ok,
matrix_transformer,masked_reconstruction,20,fold_3,1,20,0.33,0.0,0.0,-9981.0,-9981.0,0.0,26513,0.7164901091773862,0.0,unit_proxy,unit_payoff,ok,
matrix_transformer,masked_reconstruction,20,fold_3,1,20,0.33,0.0,0.5,-9981.0,-10113.565,1.3281735297064472,26513,0.7164901091773862,0.005,unit_proxy,unit_payoff,ok,
matrix_transformer,masked_reconstruction,20,fold_3,1,20,0.33,0.0,1.0,-9981.0,-10246.13,2.6563470594128766,26513,0.7164901091773862,0.01,unit_proxy,unit_payoff,ok,
matrix_transformer,masked_reconstruction,20,fold_3,1,20,0.33,0.0,2.0,-9981.0,-10511.26,5.312694118825771,26513,0.7164901091773862,0.02,unit_proxy,unit_payoff,ok,
matrix_transformer,masked_reconstruction,20,fold_3,1,20,0.33,1.0,0.0,-9981.0,-9983.6513,0.02656347059412421,26513,0.7164901091773862,0.00010000000000000003,unit_proxy,unit_payoff,ok,
matrix_transformer,masked_reconstruction,20,fold_3,1,20,0.33,1.0,0.5,-9981.0,-10116.2163,1.3547370003005714,26513,0.7164901091773862,0.005099999999999999,unit_proxy,unit_payoff,ok,
matrix_transformer,masked_reconstruction,20,fold_3,1,20,0.33,1.0,1.0,-9981.0,-10248.7813,2.682910530007019,26513,0.7164901091773862,0.0101,unit_proxy,unit_payoff,ok,
matrix_transformer,masked_reconstruction,20,fold_3,1,20,0.33,1.0,2.0,-9981.0,-10513.9113,5.339257589419896,26513,0.7164901091773862,0.020100000000000003,unit_proxy,unit_payoff,ok,
matrix_transformer,masked_reconstruction,20,fold_3,1,20,0.33,2.0,0.0,-9981.0,-9986.3026,0.05312694118826664,26513,0.7164901091773862,0.00020000000000000006,unit_proxy,unit_payoff,ok,
matrix_transformer,masked_reconstruction,20,fold_3,1,20,0.33,2.0,0.5,-9981.0,-10118.8676,1.3813004708946957,26513,0.7164901091773862,0.005199999999999998,unit_proxy,unit_payoff,ok,
matrix_transformer,masked_reconstruction,20,fold_3,1,20,0.33,2.0,1.0,-9981.0,-10251.4326,2.709474000601143,26513,0.7164901091773862,0.010199999999999997,unit_proxy,unit_payoff,ok,
matrix_transformer,masked_reconstruction,20,fold_3,1,20,0.33,2.0,2.0,-9981.0,-10516.5626,5.365821060014019,26513,0.7164901091773862,0.0202,unit_proxy,unit_payoff,ok,
matrix_transformer,masked_reconstruction,20,fold_3,1,20,0.33,5.0,0.0,-9981.0,-9994.2565,0.13281735297063926,26513,0.7164901091773862,0.0005000000000000001,unit_proxy,unit_payoff,ok,
matrix_transformer,masked_reconstruction,20,fold_3,1,20,0.33,5.0,0.5,-9981.0,-10126.8215,1.4609908826770868,26513,0.7164901091773862,0.0055,unit_proxy,unit_payoff,ok,
matrix_transformer,masked_reconstruction,20,fold_3,1,20,0.33,5.0,1.0,-9981.0,-10259.3865,2.789164412383534,26513,0.7164901091773862,0.0105,unit_proxy,unit_payoff,ok,
matrix_transformer,masked_reconstruction,20,fold_3,1,20,0.33,5.0,2.0,-9981.0,-10524.5165,5.445511471796411,26513,0.7164901091773862,0.0205,unit_proxy,unit_payoff,ok,
matrix_transformer,masked_reconstruction,20,fold_3,1,20,0.33,10.0,0.0,-9981.0,-10007.513,0.26563470594129673,26513,0.7164901091773862,0.0010000000000000002,unit_proxy,unit_payoff,ok,
matrix_transformer,masked_reconstruction,20,fold_3,1,20,0.33,10.0,0.5,-9981.0,-10140.078,1.5938082356477261,26513,0.7164901091773862,0.006000000000000001,unit_proxy,unit_payoff,ok,
matrix_transformer,masked_reconstruction,20,fold_3,1,20,0.33,10.0,1.0,-9981.0,-10272.643,2.9219817653541735,26513,0.7164901091773862,0.011,unit_proxy,unit_payoff,ok,
matrix_transformer,masked_reconstruction,20,fold_3,1,20,0.33,10.0,2.0,-9981.0,-10537.773,5.578328824767049,26513,0.7164901091773862,0.021,unit_proxy,unit_payoff,ok,
matrix_transformer,masked_reconstruction,20,fold_3,2,20,0.33,0.0,0.0,-10508.0,-10508.0,0.0,26300,0.7107339747054372,0.0,unit_proxy,unit_payoff,ok,
matrix_transformer,masked_reconstruction,20,fold_3,2,20,0.33,0.0,0.5,-10508.0,-10639.5,1.25142748382185,26300,0.7107339747054372,0.005,unit_proxy,unit_payoff,ok,
matrix_transformer,masked_reconstruction,20,fold_3,2,20,0.33,0.0,1.0,-10508.0,-10771.0,2.5028549676437,26300,0.7107339747054372,0.01,unit_proxy,unit_payoff,ok,
matrix_transformer,masked_reconstruction,20,fold_3,2,20,0.33,0.0,2.0,-10508.0,-11034.0,5.0057099352874,26300,0.7107339747054372,0.02,unit_proxy,unit_payoff,ok,
matrix_transformer,masked_reconstruction,20,fold_3,2,20,0.33,1.0,0.0,-10508.0,-10510.63,0.025028549676429385,26300,0.7107339747054372,0.00010000000000000003,unit_proxy,unit_payoff,ok,
matrix_transformer,masked_reconstruction,20,fold_3,2,20,0.33,1.0,0.5,-10508.0,-10642.13,1.2764560334982795,26300,0.7107339747054372,0.0050999999999999995,unit_proxy,unit_payoff,ok,
matrix_transformer,masked_reconstruction,20,fold_3,2,20,0.33,1.0,1.0,-10508.0,-10773.63,2.5278835173201295,26300,0.7107339747054372,0.0101,unit_proxy,unit_payoff,ok,
matrix_transformer,masked_reconstruction,20,fold_3,2,20,0.33,1.0,2.0,-10508.0,-11036.630000000001,5.030738484963846,26300,0.7107339747054372,0.020100000000000003,unit_proxy,unit_payoff,ok,
matrix_transformer,masked_reconstruction,20,fold_3,2,20,0.33,2.0,0.0,-10508.0,-10513.26,0.050057099352876076,26300,0.7107339747054372,0.00020000000000000006,unit_proxy,unit_payoff,ok,
matrix_transformer,masked_reconstruction,20,fold_3,2,20,0.33,2.0,0.5,-10508.0,-10644.76,1.301484583174726,26300,0.7107339747054372,0.005199999999999997,unit_proxy,unit_payoff,ok,
matrix_transformer,masked_reconstruction,20,fold_3,2,20,0.33,2.0,1.0,-10508.0,-10776.26,2.5529120669965764,26300,0.7107339747054372,0.010199999999999999,unit_proxy,unit_payoff,ok,
matrix_transformer,masked_reconstruction,20,fold_3,2,20,0.33,2.0,2.0,-10508.0,-11039.26,5.055767034640276,26300,0.7107339747054372,0.0202,unit_proxy,unit_payoff,ok,
matrix_transformer,masked_reconstruction,20,fold_3,2,20,0.33,5.0,0.0,-10508.0,-10521.15,0.12514274838218153,26300,0.7107339747054372,0.0005000000000000001,unit_proxy,unit_payoff,ok,
matrix_transformer,masked_reconstruction,20,fold_3,2,20,0.33,5.0,0.5,-10508.0,-10652.65,1.3765702322040316,26300,0.7107339747054372,0.0055000000000000005,unit_proxy,unit_payoff,ok,
matrix_transformer,masked_reconstruction,20,fold_3,2,20,0.33,5.0,1.0,-10508.0,-10784.15,2.627997716025882,26300,0.7107339747054372,0.0105,unit_proxy,unit_payoff,ok,
matrix_transformer,masked_reconstruction,20,fold_3,2,20,0.33,5.0,2.0,-10508.0,-11047.15,5.130852683669581,26300,0.7107339747054372,0.0205,unit_proxy,unit_payoff,ok,
matrix_transformer,masked_reconstruction,20,fold_3,2,20,0.33,10.0,0.0,-10508.0,-10534.3,0.25028549676436307,26300,0.7107339747054372,0.0010000000000000002,unit_proxy,unit_payoff,ok,
matrix_transformer,masked_reconstruction,20,fold_3,2,20,0.33,10.0,0.5,-10508.0,-10665.8,1.501712980586213,26300,0.7107339747054372,0.006000000000000002,unit_proxy,unit_payoff,ok,
matrix_transformer,masked_reconstruction,20,fold_3,2,20,0.33,10.0,1.0,-10508.0,-10797.3,2.7531404644080633,26300,0.7107339747054372,0.011000000000000001,unit_proxy,unit_payoff,ok,
matrix_transformer,masked_reconstruction,20,fold_3,2,20,0.33,10.0,2.0,-10508.0,-11060.3,5.255995432051764,26300,0.7107339747054372,0.021,unit_proxy,unit_payoff,ok,
matrix_transformer,masked_reconstruction,20,fold_4,0,20,0.33,0.0,0.0,-8082.0,-8082.0,0.0,23526,0.6766956221595812,0.0,unit_proxy,unit_payoff,ok,
matrix_transformer,masked_reconstruction,20,fold_4,0,20,0.33,0.0,0.5,-8082.0,-8199.63,1.4554565701558921,23526,0.6766956221595812,0.005,unit_proxy,unit_payoff,ok,
matrix_transformer,masked_reconstruction,20,fold_4,0,20,0.33,0.0,1.0,-8082.0,-8317.26,2.9109131403118065,23526,0.6766956221595812,0.01,unit_proxy,unit_payoff,ok,
matrix_transformer,masked_reconstruction,20,fold_4,0,20,0.33,0.0,2.0,-8082.0,-8552.52,5.821826280623613,23526,0.6766956221595812,0.02,unit_proxy,unit_payoff,ok,
matrix_transformer,masked_reconstruction,20,fold_4,0,20,0.33,1.0,0.0,-8082.0,-8084.3526,0.029109131403120093,23526,0.6766956221595812,0.00010000000000000003,unit_proxy,unit_payoff,ok,
matrix_transformer,masked_reconstruction,20,fold_4,0,20,0.33,1.0,0.5,-8082.0,-8201.9826,1.4845657015590121,23526,0.6766956221595812,0.005099999999999999,unit_proxy,unit_payoff,ok,
matrix_transformer,masked_reconstruction,20,fold_4,0,20,0.33,1.0,1.0,-8082.0,-8319.6126,2.940022271714927,23526,0.6766956221595812,0.010100000000000001,unit_proxy,unit_payoff,ok,
matrix_transformer,masked_reconstruction,20,fold_4,0,20,0.33,1.0,2.0,-8082.0,-8554.8726,5.850935412026733,23526,0.6766956221595812,0.0201,unit_proxy,unit_payoff,ok,
matrix_transformer,masked_reconstruction,20,fold_4,0,20,0.33,2.0,0.0,-8082.0,-8086.7052,0.058218262806240186,23526,0.6766956221595812,0.00020000000000000006,unit_proxy,unit_payoff,ok,
matrix_transformer,masked_reconstruction,20,fold_4,0,20,0.33,2.0,0.5,-8082.0,-8204.3352,1.5136748329621323,23526,0.6766956221595812,0.005199999999999999,unit_proxy,unit_payoff,ok,
matrix_transformer,masked_reconstruction,20,fold_4,0,20,0.33,2.0,1.0,-8082.0,-8321.9652,2.969131403118047,23526,0.6766956221595812,0.010199999999999997,unit_proxy,unit_payoff,ok,
matrix_transformer,masked_reconstruction,20,fold_4,0,20,0.33,2.0,2.0,-8082.0,-8557.2252,5.880044543429854,23526,0.6766956221595812,0.020200000000000003,unit_proxy,unit_payoff,ok,
matrix_transformer,masked_reconstruction,20,fold_4,0,20,0.33,5.0,0.0,-8082.0,-8093.763,0.1455456570155892,23526,0.6766956221595812,0.0005000000000000002,unit_proxy,unit_payoff,ok,
matrix_transformer,masked_reconstruction,20,fold_4,0,20,0.33,5.0,0.5,-8082.0,-8211.393,1.6010022271714928,23526,0.6766956221595812,0.0055,unit_proxy,unit_payoff,ok,
matrix_transformer,masked_reconstruction,20,fold_4,0,20,0.33,5.0,1.0,-8082.0,-8329.023,3.0564587973273847,23526,0.6766956221595812,0.010499999999999999,unit_proxy,unit_payoff,ok,
matrix_transformer,masked_reconstruction,20,fold_4,0,20,0.33,5.0,2.0,-8082.0,-8564.283,5.967371937639191,23526,0.6766956221595812,0.020500000000000004,unit_proxy,unit_payoff,ok,
matrix_transformer,masked_reconstruction,20,fold_4,0,20,0.33,10.0,0.0,-8082.0,-8105.526,0.2910913140311784,23526,0.6766956221595812,0.0010000000000000005,unit_proxy,unit_payoff,ok,
matrix_transformer,masked_reconstruction,20,fold_4,0,20,0.33,10.0,0.5,-8082.0,-8223.156,1.746547884187093,23526,0.6766956221595812,0.006,unit_proxy,unit_payoff,ok,
matrix_transformer,masked_reconstruction,20,fold_4,0,20,0.33,10.0,1.0,-8082.0,-8340.786,3.2020044543429855,23526,0.6766956221595812,0.011,unit_proxy,unit_payoff,ok,
matrix_transformer,masked_reconstruction,20,fold_4,0,20,0.33,10.0,2.0,-8082.0,-8576.046,6.112917594654792,23526,0.6766956221595812,0.020999999999999998,unit_proxy,unit_payoff,ok,
matrix_transformer,masked_reconstruction,20,fold_4,1,20,0.33,0.0,0.0,-9827.0,-9827.0,0.0,28697,0.8254328942069838,0.0,unit_proxy,unit_payoff,ok,
matrix_transformer,masked_reconstruction,20,fold_4,1,20,0.33,0.0,0.5,-9827.0,-9970.485,1.4601099012923637,28697,0.8254328942069838,0.005,unit_proxy,unit_payoff,ok,
matrix_transformer,masked_reconstruction,20,fold_4,1,20,0.33,0.0,1.0,-9827.0,-10113.97,2.9202198025847093,28697,0.8254328942069838,0.01,unit_proxy,unit_payoff,ok,
matrix_transformer,masked_reconstruction,20,fold_4,1,20,0.33,0.0,2.0,-9827.0,-10400.94,5.840439605169436,28697,0.8254328942069838,0.02,unit_proxy,unit_payoff,ok,
matrix_transformer,masked_reconstruction,20,fold_4,1,20,0.33,1.0,0.0,-9827.0,-9829.8697,0.02920219802583987,28697,0.8254328942069838,0.00010000000000000003,unit_proxy,unit_payoff,ok,
matrix_transformer,masked_reconstruction,20,fold_4,1,20,0.33,1.0,0.5,-9827.0,-9973.3547,1.4893120993182036,28697,0.8254328942069838,0.0050999999999999995,unit_proxy,unit_payoff,ok,
matrix_transformer,masked_reconstruction,20,fold_4,1,20,0.33,1.0,1.0,-9827.0,-10116.8397,2.9494220006105674,28697,0.8254328942069838,0.0101,unit_proxy,unit_payoff,ok,
matrix_transformer,masked_reconstruction,20,fold_4,1,20,0.33,1.0,2.0,-9827.0,-10403.8097,5.869641803195276,28697,0.8254328942069838,0.0201,unit_proxy,unit_payoff,ok,
matrix_transformer,masked_reconstruction,20,fold_4,1,20,0.33,2.0,0.0,-9827.0,-9832.7394,0.05840439605169825,28697,0.8254328942069838,0.00020000000000000006,unit_proxy,unit_payoff,ok,
matrix_transformer,masked_reconstruction,20,fold_4,1,20,0.33,2.0,0.5,-9827.0,-9976.2244,1.5185142973440435,28697,0.8254328942069838,0.005199999999999998,unit_proxy,unit_payoff,ok,
matrix_transformer,masked_reconstruction,20,fold_4,1,20,0.33,2.0,1.0,-9827.0,-10119.7094,2.9786241986364073,28697,0.8254328942069838,0.010199999999999999,unit_proxy,unit_payoff,ok,
matrix_transformer,masked_reconstruction,20,fold_4,1,20,0.33,2.0,2.0,-9827.0,-10406.6794,5.898844001221135,28697,0.8254328942069838,0.0202,unit_proxy,unit_payoff,ok,
matrix_transformer,masked_reconstruction,20,fold_4,1,20,0.33,5.0,0.0,-9827.0,-9841.3485,0.14601099012923638,28697,0.8254328942069838,0.0005000000000000002,unit_proxy,unit_payoff,ok,
matrix_transformer,masked_reconstruction,20,fold_4,1,20,0.33,5.0,0.5,-9827.0,-9984.8335,1.6061208914216003,28697,0.8254328942069838,0.0055,unit_proxy,unit_payoff,ok,
matrix_transformer,masked_reconstruction,20,fold_4,1,20,0.33,5.0,1.0,-9827.0,-10128.3185,3.066230792713945,28697,0.8254328942069838,0.010499999999999999,unit_proxy,unit_payoff,ok,
matrix_transformer,masked_reconstruction,20,fold_4,1,20,0.33,5.0,2.0,-9827.0,-10415.2885,5.986450595298673,28697,0.8254328942069838,0.0205,unit_proxy,unit_payoff,ok,
matrix_transformer,masked_reconstruction,20,fold_4,1,20,0.33,10.0,0.0,-9827.0,-9855.697,0.29202198025847276,28697,0.8254328942069838,0.0010000000000000005,unit_proxy,unit_payoff,ok,
matrix_transformer,masked_reconstruction,20,fold_4,1,20,0.33,10.0,0.5,-9827.0,-9999.182,1.7521318815508362,28697,0.8254328942069838,0.005999999999999999,unit_proxy,unit_payoff,ok,
matrix_transformer,masked_reconstruction,20,fold_4,1,20,0.33,10.0,1.0,-9827.0,-10142.667,3.2122417828431815,28697,0.8254328942069838,0.011,unit_proxy,unit_payoff,ok,
matrix_transformer,masked_reconstruction,20,fold_4,1,20,0.33,10.0,2.0,-9827.0,-10429.637,6.132461585427909,28697,0.8254328942069838,0.020999999999999998,unit_proxy,unit_payoff,ok,
matrix_transformer,masked_reconstruction,20,fold_4,2,20,0.33,0.0,0.0,-9034.0,-9034.0,0.0,26030,0.7487200138065927,0.0,unit_proxy,unit_payoff,ok,
matrix_transformer,masked_reconstruction,20,fold_4,2,20,0.33,0.0,0.5,-9034.0,-9164.15,1.440668585344251,26030,0.7487200138065927,0.005,unit_proxy,unit_payoff,ok,
matrix_transformer,masked_reconstruction,20,fold_4,2,20,0.33,0.0,1.0,-9034.0,-9294.3,2.881337170688502,26030,0.7487200138065927,0.01,unit_proxy,unit_payoff,ok,
matrix_transformer,masked_reconstruction,20,fold_4,2,20,0.33,0.0,2.0,-9034.0,-9554.6,5.762674341377024,26030,0.7487200138065927,0.02,unit_proxy,unit_payoff,ok,
matrix_transformer,masked_reconstruction,20,fold_4,2,20,0.33,1.0,0.0,-9034.0,-9036.603,0.02881337170687576,26030,0.7487200138065927,0.00010000000000000002,unit_proxy,unit_payoff,ok,
matrix_transformer,masked_reconstruction,20,fold_4,2,20,0.33,1.0,0.5,-9034.0,-9166.753,1.4694819570511468,26030,0.7487200138065927,0.0050999999999999995,unit_proxy,unit_payoff,ok,
matrix_transformer,masked_reconstruction,20,fold_4,2,20,0.33,1.0,1.0,-9034.0,-9296.903,2.9101505423953977,26030,0.7487200138065927,0.010099999999999998,unit_proxy,unit_payoff,ok,
matrix_transformer,masked_reconstruction,20,fold_4,2,20,0.33,1.0,2.0,-9034.0,-9557.203,5.7914877130838995,26030,0.7487200138065927,0.020100000000000003,unit_proxy,unit_payoff,ok,
matrix_transformer,masked_reconstruction,20,fold_4,2,20,0.33,2.0,0.0,-9034.0,-9039.206,0.05762674341377166,26030,0.7487200138065927,0.00020000000000000004,unit_proxy,unit_payoff,ok,
matrix_transformer,masked_reconstruction,20,fold_4,2,20,0.33,2.0,0.5,-9034.0,-9169.356,1.4982953287580227,26030,0.7487200138065927,0.005199999999999998,unit_proxy,unit_payoff,ok,
matrix_transformer,masked_reconstruction,20,fold_4,2,20,0.33,2.0,1.0,-9034.0,-9299.506,2.9389639141022736,26030,0.7487200138065927,0.010199999999999999,unit_proxy,unit_payoff,ok,
matrix_transformer,masked_reconstruction,20,fold_4,2,20,0.33,2.0,2.0,-9034.0,-9559.806,5.820301084790795,26030,0.7487200138065927,0.020199999999999996,unit_proxy,unit_payoff,ok,
matrix_transformer,masked_reconstruction,20,fold_4,2,20,0.33,5.0,0.0,-9034.0,-9047.015,0.14406685853441906,26030,0.7487200138065927,0.0005000000000000001,unit_proxy,unit_payoff,ok,
matrix_transformer,masked_reconstruction,20,fold_4,2,20,0.33,5.0,0.5,-9034.0,-9177.165,1.5847354438786905,26030,0.7487200138065927,0.0055000000000000005,unit_proxy,unit_payoff,ok,
matrix_transformer,masked_reconstruction,20,fold_4,2,20,0.33,5.0,1.0,-9034.0,-9307.315,3.0254040292229414,26030,0.7487200138065927,0.0105,unit_proxy,unit_payoff,ok,
matrix_transformer,masked_reconstruction,20,fold_4,2,20,0.33,5.0,2.0,-9034.0,-9567.615,5.906741199911443,26030,0.7487200138065927,0.020499999999999997,unit_proxy,unit_payoff,ok,
matrix_transformer,masked_reconstruction,20,fold_4,2,20,0.33,10.0,0.0,-9034.0,-9060.03,0.28813371706885826,26030,0.7487200138065927,0.0010000000000000002,unit_proxy,unit_payoff,ok,
matrix_transformer,masked_reconstruction,20,fold_4,2,20,0.33,10.0,0.5,-9034.0,-9190.18,1.7288023024131092,26030,0.7487200138065927,0.006,unit_proxy,unit_payoff,ok,
matrix_transformer,masked_reconstruction,20,fold_4,2,20,0.33,10.0,1.0,-9034.0,-9320.33,3.1694708877573605,26030,0.7487200138065927,0.011000000000000001,unit_proxy,unit_payoff,ok,
matrix_transformer,masked_reconstruction,20,fold_4,2,20,0.33,10.0,2.0,-9034.0,-9580.63,6.050808058445862,26030,0.7487200138065927,0.021,unit_proxy,unit_payoff,ok,
matrix_transformer,masked_reconstruction,20,fold_5,0,20,0.33,0.0,0.0,-8447.0,-8447.0,0.0,22505,0.5750900774282575,0.0,unit_proxy,unit_payoff,ok,
matrix_transformer,masked_reconstruction,20,fold_5,0,20,0.33,0.0,0.5,-8447.0,-8559.525,1.3321297502071698,22505,0.5750900774282575,0.004999999999999999,unit_proxy,unit_payoff,ok,
matrix_transformer,masked_reconstruction,20,fold_5,0,20,0.33,0.0,1.0,-8447.0,-8672.05,2.6642595004143397,22505,0.5750900774282575,0.009999999999999998,unit_proxy,unit_payoff,ok,
matrix_transformer,masked_reconstruction,20,fold_5,0,20,0.33,0.0,2.0,-8447.0,-8897.1,5.328519000828701,22505,0.5750900774282575,0.019999999999999997,unit_proxy,unit_payoff,ok,
matrix_transformer,masked_reconstruction,20,fold_5,0,20,0.33,1.0,0.0,-8447.0,-8449.2505,0.026642595004144686,22505,0.5750900774282575,0.00010000000000000005,unit_proxy,unit_payoff,ok,
matrix_transformer,masked_reconstruction,20,fold_5,0,20,0.33,1.0,0.5,-8447.0,-8561.7755,1.3587723452113145,22505,0.5750900774282575,0.005099999999999999,unit_proxy,unit_payoff,ok,
matrix_transformer,masked_reconstruction,20,fold_5,0,20,0.33,1.0,1.0,-8447.0,-8674.3005,2.6909020954184846,22505,0.5750900774282575,0.0101,unit_proxy,unit_payoff,ok,
matrix_transformer,masked_reconstruction,20,fold_5,0,20,0.33,1.0,2.0,-8447.0,-8899.3505,5.355161595832845,22505,0.5750900774282575,0.020100000000000003,unit_proxy,unit_payoff,ok,
matrix_transformer,masked_reconstruction,20,fold_5,0,20,0.33,2.0,0.0,-8447.0,-8451.501,0.05328519000828937,22505,0.5750900774282575,0.0002000000000000001,unit_proxy,unit_payoff,ok,
matrix_transformer,masked_reconstruction,20,fold_5,0,20,0.33,2.0,0.5,-8447.0,-8564.026,1.3854149402154592,22505,0.5750900774282575,0.005199999999999999,unit_proxy,unit_payoff,ok,
matrix_transformer,masked_reconstruction,20,fold_5,0,20,0.33,2.0,1.0,-8447.0,-8676.551,2.717544690422629,22505,0.5750900774282575,0.010199999999999997,unit_proxy,unit_payoff,ok,
matrix_transformer,masked_reconstruction,20,fold_5,0,20,0.33,2.0,2.0,-8447.0,-8901.601,5.3818041908369905,22505,0.5750900774282575,0.0202,unit_proxy,unit_payoff,ok,
matrix_transformer,masked_reconstruction,20,fold_5,0,20,0.33,5.0,0.0,-8447.0,-8458.2525,0.13321297502072343,22505,0.5750900774282575,0.0005000000000000002,unit_proxy,unit_payoff,ok,
matrix_transformer,masked_reconstruction,20,fold_5,0,20,0.33,5.0,0.5,-8447.0,-8570.7775,1.4653427252278932,22505,0.5750900774282575,0.0055000000000000005,unit_proxy,unit_payoff,ok,
matrix_transformer,masked_reconstruction,20,fold_5,0,20,0.33,5.0,1.0,-8447.0,-8683.3025,2.797472475435063,22505,0.5750900774282575,0.010500000000000002,unit_proxy,unit_payoff,ok,
matrix_transformer,masked_reconstruction,20,fold_5,0,20,0.33,5.0,2.0,-8447.0,-8908.3525,5.461731975849425,22505,0.5750900774282575,0.0205,unit_proxy,unit_payoff,ok,
matrix_transformer,masked_reconstruction,20,fold_5,0,20,0.33,10.0,0.0,-8447.0,-8469.505,0.26642595004142533,22505,0.5750900774282575,0.0010000000000000005,unit_proxy,unit_payoff,ok,
matrix_transformer,masked_reconstruction,20,fold_5,0,20,0.33,10.0,0.5,-8447.0,-8582.03,1.5985557002486168,22505,0.5750900774282575,0.006000000000000001,unit_proxy,unit_payoff,ok,
matrix_transformer,masked_reconstruction,20,fold_5,0,20,0.33,10.0,1.0,-8447.0,-8694.555,2.9306854504557864,22505,0.5750900774282575,0.011000000000000001,unit_proxy,unit_payoff,ok,
matrix_transformer,masked_reconstruction,20,fold_5,0,20,0.33,10.0,2.0,-8447.0,-8919.605,5.594944950870126,22505,0.5750900774282575,0.021000000000000005,unit_proxy,unit_payoff,ok,
matrix_transformer,masked_reconstruction,20,fold_5,1,20,0.33,0.0,0.0,-8924.0,-8924.0,0.0,24112,0.6161551631615261,0.0,unit_proxy,unit_payoff,ok,
matrix_transformer,masked_reconstruction,20,fold_5,1,20,0.33,0.0,0.5,-8924.0,-9044.56,1.3509636934110207,24112,0.6161551631615261,0.004999999999999999,unit_proxy,unit_payoff,ok,
matrix_transformer,masked_reconstruction,20,fold_5,1,20,0.33,0.0,1.0,-8924.0,-9165.12,2.701927386822062,24112,0.6161551631615261,0.009999999999999998,unit_proxy,unit_payoff,ok,
matrix_transformer,masked_reconstruction,20,fold_5,1,20,0.33,0.0,2.0,-8924.0,-9406.24,5.403854773644103,24112,0.6161551631615261,0.019999999999999997,unit_proxy,unit_payoff,ok,
matrix_transformer,masked_reconstruction,20,fold_5,1,20,0.33,1.0,0.0,-8924.0,-8926.4112,0.02701927386822571,24112,0.6161551631615261,0.00010000000000000006,unit_proxy,unit_payoff,ok,
matrix_transformer,masked_reconstruction,20,fold_5,1,20,0.33,1.0,0.5,-8924.0,-9046.9712,1.3779829672792465,24112,0.6161551631615261,0.0050999999999999995,unit_proxy,unit_payoff,ok,
matrix_transformer,masked_reconstruction,20,fold_5,1,20,0.33,1.0,1.0,-8924.0,-9167.5312,2.728946660690267,24112,0.6161551631615261,0.0101,unit_proxy,unit_payoff,ok,
matrix_transformer,masked_reconstruction,20,fold_5,1,20,0.33,1.0,2.0,-8924.0,-9408.6512,5.4308740475123285,24112,0.6161551631615261,0.0201,unit_proxy,unit_payoff,ok,
matrix_transformer,masked_reconstruction,20,fold_5,1,20,0.33,2.0,0.0,-8924.0,-8928.8224,0.05403854773643104,24112,0.6161551631615261,0.00020000000000000012,unit_proxy,unit_payoff,ok,
matrix_transformer,masked_reconstruction,20,fold_5,1,20,0.33,2.0,0.5,-8924.0,-9049.3824,1.405002241147472,24112,0.6161551631615261,0.005199999999999998,unit_proxy,unit_payoff,ok,
matrix_transformer,masked_reconstruction,20,fold_5,1,20,0.33,2.0,1.0,-8924.0,-9169.9424,2.755965934558493,24112,0.6161551631615261,0.010199999999999999,unit_proxy,unit_payoff,ok,
matrix_transformer,masked_reconstruction,20,fold_5,1,20,0.33,2.0,2.0,-8924.0,-9411.0624,5.4578933213805545,24112,0.6161551631615261,0.0202,unit_proxy,unit_payoff,ok,
matrix_transformer,masked_reconstruction,20,fold_5,1,20,0.33,5.0,0.0,-8924.0,-8936.056,0.1350963693411082,24112,0.6161551631615261,0.0005000000000000002,unit_proxy,unit_payoff,ok,
matrix_transformer,masked_reconstruction,20,fold_5,1,20,0.33,5.0,0.5,-8924.0,-9056.616,1.486060062752129,24112,0.6161551631615261,0.0055000000000000005,unit_proxy,unit_payoff,ok,
matrix_transformer,masked_reconstruction,20,fold_5,1,20,0.33,5.0,1.0,-8924.0,-9177.176,2.8370237561631497,24112,0.6161551631615261,0.0105,unit_proxy,unit_payoff,ok,
matrix_transformer,masked_reconstruction,20,fold_5,1,20,0.33,5.0,2.0,-8924.0,-9418.296,5.538951142985211,24112,0.6161551631615261,0.0205,unit_proxy,unit_payoff,ok,
matrix_transformer,masked_reconstruction,20,fold_5,1,20,0.33,10.0,0.0,-8924.0,-8948.112,0.270192738682196,24112,0.6161551631615261,0.0010000000000000005,unit_proxy,unit_payoff,ok,
matrix_transformer,masked_reconstruction,20,fold_5,1,20,0.33,10.0,0.5,-8924.0,-9068.672,1.6211564320932372,24112,0.6161551631615261,0.006000000000000001,unit_proxy,unit_payoff,ok,
matrix_transformer,masked_reconstruction,20,fold_5,1,20,0.33,10.0,1.0,-8924.0,-9189.232,2.972120125504258,24112,0.6161551631615261,0.011000000000000001,unit_proxy,unit_payoff,ok,
matrix_transformer,masked_reconstruction,20,fold_5,1,20,0.33,10.0,2.0,-8924.0,-9430.352,5.67404751232632,24112,0.6161551631615261,0.021,unit_proxy,unit_payoff,ok,
matrix_transformer,masked_reconstruction,20,fold_5,2,20,0.33,0.0,0.0,-8430.0,-8430.0,0.0,24864,0.6353716811897887,0.0,unit_proxy,unit_payoff,ok,
matrix_transformer,masked_reconstruction,20,fold_5,2,20,0.33,0.0,0.5,-8430.0,-8554.32,1.4747330960854057,24864,0.6353716811897887,0.005000000000000001,unit_proxy,unit_payoff,ok,
matrix_transformer,masked_reconstruction,20,fold_5,2,20,0.33,0.0,1.0,-8430.0,-8678.64,2.9494661921708114,24864,0.6353716811897887,0.010000000000000002,unit_proxy,unit_payoff,ok,
matrix_transformer,masked_reconstruction,20,fold_5,2,20,0.33,0.0,2.0,-8430.0,-8927.28,5.898932384341645,24864,0.6353716811897887,0.020000000000000004,unit_proxy,unit_payoff,ok,
matrix_transformer,masked_reconstruction,20,fold_5,2,20,0.33,1.0,0.0,-8430.0,-8432.4864,0.029494661921705526,24864,0.6353716811897887,0.00010000000000000002,unit_proxy,unit_payoff,ok,
matrix_transformer,masked_reconstruction,20,fold_5,2,20,0.33,1.0,0.5,-8430.0,-8556.8064,1.5042277580071113,24864,0.6353716811897887,0.005099999999999999,unit_proxy,unit_payoff,ok,
matrix_transformer,masked_reconstruction,20,fold_5,2,20,0.33,1.0,1.0,-8430.0,-8681.1264,2.978960854092517,24864,0.6353716811897887,0.0101,unit_proxy,unit_payoff,ok,
matrix_transformer,masked_reconstruction,20,fold_5,2,20,0.33,1.0,2.0,-8430.0,-8929.7664,5.92842704626335,24864,0.6353716811897887,0.020100000000000003,unit_proxy,unit_payoff,ok,
matrix_transformer,masked_reconstruction,20,fold_5,2,20,0.33,2.0,0.0,-8430.0,-8434.9728,0.05898932384341105,24864,0.6353716811897887,0.00020000000000000004,unit_proxy,unit_payoff,ok,
matrix_transformer,masked_reconstruction,20,fold_5,2,20,0.33,2.0,0.5,-8430.0,-8559.2928,1.5337224199288169,24864,0.6353716811897887,0.005199999999999998,unit_proxy,unit_payoff,ok,
matrix_transformer,masked_reconstruction,20,fold_5,2,20,0.33,2.0,1.0,-8430.0,-8683.6128,3.0084555160142443,24864,0.6353716811897887,0.010199999999999997,unit_proxy,unit_payoff,ok,
matrix_transformer,masked_reconstruction,20,fold_5,2,20,0.33,2.0,2.0,-8430.0,-8932.2528,5.957921708185056,24864,0.6353716811897887,0.0202,unit_proxy,unit_payoff,ok,
matrix_transformer,masked_reconstruction,20,fold_5,2,20,0.33,5.0,0.0,-8430.0,-8442.432,0.1474733096085492,24864,0.6353716811897887,0.0005000000000000002,unit_proxy,unit_payoff,ok,
matrix_transformer,masked_reconstruction,20,fold_5,2,20,0.33,5.0,0.5,-8430.0,-8566.752,1.6222064056939551,24864,0.6353716811897887,0.0055000000000000005,unit_proxy,unit_payoff,ok,
matrix_transformer,masked_reconstruction,20,fold_5,2,20,0.33,5.0,1.0,-8430.0,-8691.072,3.0969395017793606,24864,0.6353716811897887,0.0105,unit_proxy,unit_payoff,ok,
matrix_transformer,masked_reconstruction,20,fold_5,2,20,0.33,5.0,2.0,-8430.0,-8939.712,6.046405693950172,24864,0.6353716811897887,0.0205,unit_proxy,unit_payoff,ok,
matrix_transformer,masked_reconstruction,20,fold_5,2,20,0.33,10.0,0.0,-8430.0,-8454.864,0.2949466192170768,24864,0.6353716811897887,0.0010000000000000005,unit_proxy,unit_payoff,ok,
matrix_transformer,masked_reconstruction,20,fold_5,2,20,0.33,10.0,0.5,-8430.0,-8579.184,1.7696797153024826,24864,0.6353716811897887,0.006000000000000001,unit_proxy,unit_payoff,ok,
matrix_transformer,masked_reconstruction,20,fold_5,2,20,0.33,10.0,1.0,-8430.0,-8703.504,3.2444128113879103,24864,0.6353716811897887,0.011000000000000001,unit_proxy,unit_payoff,ok,
matrix_transformer,masked_reconstruction,20,fold_5,2,20,0.33,10.0,2.0,-8430.0,-8952.144,6.193879003558721,24864,0.6353716811897887,0.021,unit_proxy,unit_payoff,ok,
matrix_transformer,masked_reconstruction,50,fold_1,0,20,0.33,0.0,0.0,-4717.0,-4717.0,0.0,31725,0.8266454739694616,0.0,unit_proxy,unit_payoff,ok,
matrix_transformer,masked_reconstruction,50,fold_1,0,20,0.33,0.0,0.5,-4717.0,-4875.625,3.362836548653805,31725,0.8266454739694616,0.005,unit_proxy,unit_payoff,ok,
matrix_transformer,masked_reconstruction,50,fold_1,0,20,0.33,0.0,1.0,-4717.0,-5034.25,6.72567309730761,31725,0.8266454739694616,0.01,unit_proxy,unit_payoff,ok,
matrix_transformer,masked_reconstruction,50,fold_1,0,20,0.33,0.0,2.0,-4717.0,-5351.5,13.45134619461522,31725,0.8266454739694616,0.02,unit_proxy,unit_payoff,ok,
matrix_transformer,masked_reconstruction,50,fold_1,0,20,0.33,1.0,0.0,-4717.0,-4720.1725,0.06725673097306917,31725,0.8266454739694616,0.0001,unit_proxy,unit_payoff,ok,
matrix_transformer,masked_reconstruction,50,fold_1,0,20,0.33,1.0,0.5,-4717.0,-4878.7975,3.4300932796268744,31725,0.8266454739694616,0.005099999999999999,unit_proxy,unit_payoff,ok,
matrix_transformer,masked_reconstruction,50,fold_1,0,20,0.33,1.0,1.0,-4717.0,-5037.4225,6.7929298282806805,31725,0.8266454739694616,0.0101,unit_proxy,unit_payoff,ok,
matrix_transformer,masked_reconstruction,50,fold_1,0,20,0.33,1.0,2.0,-4717.0,-5354.6725,13.518602925588292,31725,0.8266454739694616,0.0201,unit_proxy,unit_payoff,ok,
matrix_transformer,masked_reconstruction,50,fold_1,0,20,0.33,2.0,0.0,-4717.0,-4723.345,0.13451346194615763,31725,0.8266454739694616,0.0002,unit_proxy,unit_payoff,ok,
matrix_transformer,masked_reconstruction,50,fold_1,0,20,0.33,2.0,0.5,-4717.0,-4881.97,3.497350010599963,31725,0.8266454739694616,0.005199999999999998,unit_proxy,unit_payoff,ok,
matrix_transformer,masked_reconstruction,50,fold_1,0,20,0.33,2.0,1.0,-4717.0,-5040.595,6.860186559253768,31725,0.8266454739694616,0.010199999999999997,unit_proxy,unit_payoff,ok,
matrix_transformer,masked_reconstruction,50,fold_1,0,20,0.33,2.0,2.0,-4717.0,-5357.845,13.58585965656138,31725,0.8266454739694616,0.0202,unit_proxy,unit_payoff,ok,
matrix_transformer,masked_reconstruction,50,fold_1,0,20,0.33,5.0,0.0,-4717.0,-4732.8625,0.33628365486538436,31725,0.8266454739694616,0.0005000000000000002,unit_proxy,unit_payoff,ok,
matrix_transformer,masked_reconstruction,50,fold_1,0,20,0.33,5.0,0.5,-4717.0,-4891.4875,3.6991202035191897,31725,0.8266454739694616,0.0055,unit_proxy,unit_payoff,ok,
matrix_transformer,masked_reconstruction,50,fold_1,0,20,0.33,5.0,1.0,-4717.0,-5050.1125,7.0619567521729945,31725,0.8266454739694616,0.010499999999999999,unit_proxy,unit_payoff,ok,
matrix_transformer,masked_reconstruction,50,fold_1,0,20,0.33,5.0,2.0,-4717.0,-5367.3625,13.787629849480606,31725,0.8266454739694616,0.020499999999999997,unit_proxy,unit_payoff,ok,
matrix_transformer,masked_reconstruction,50,fold_1,0,20,0.33,10.0,0.0,-4717.0,-4748.725,0.6725673097307687,31725,0.8266454739694616,0.0010000000000000005,unit_proxy,unit_payoff,ok,
matrix_transformer,masked_reconstruction,50,fold_1,0,20,0.33,10.0,0.5,-4717.0,-4907.35,4.035403858384575,31725,0.8266454739694616,0.006,unit_proxy,unit_payoff,ok,
matrix_transformer,masked_reconstruction,50,fold_1,0,20,0.33,10.0,1.0,-4717.0,-5065.975,7.398240407038379,31725,0.8266454739694616,0.011,unit_proxy,unit_payoff,ok,
matrix_transformer,masked_reconstruction,50,fold_1,0,20,0.33,10.0,2.0,-4717.0,-5383.225,14.123913504345989,31725,0.8266454739694616,0.020999999999999998,unit_proxy,unit_payoff,ok,
matrix_transformer,masked_reconstruction,50,fold_1,1,20,0.33,0.0,0.0,-9926.0,-9926.0,0.0,38372,0.9998436604304549,0.0,unit_proxy,unit_payoff,ok,
matrix_transformer,masked_reconstruction,50,fold_1,1,20,0.33,0.0,0.5,-9926.0,-10117.86,1.9329034857948881,38372,0.9998436604304549,0.004999999999999999,unit_proxy,unit_payoff,ok,
matrix_transformer,masked_reconstruction,50,fold_1,1,20,0.33,0.0,1.0,-9926.0,-10309.72,3.865806971589757,38372,0.9998436604304549,0.009999999999999998,unit_proxy,unit_payoff,ok,
matrix_transformer,masked_reconstruction,50,fold_1,1,20,0.33,0.0,2.0,-9926.0,-10693.44,7.731613943179534,38372,0.9998436604304549,0.019999999999999997,unit_proxy,unit_payoff,ok,
matrix_transformer,masked_reconstruction,50,fold_1,1,20,0.33,1.0,0.0,-9926.0,-9929.8372,0.038658069715897025,38372,0.9998436604304549,0.00010000000000000003,unit_proxy,unit_payoff,ok,
matrix_transformer,masked_reconstruction,50,fold_1,1,20,0.33,1.0,0.5,-9926.0,-10121.6972,1.971561555510785,38372,0.9998436604304549,0.005099999999999999,unit_proxy,unit_payoff,ok,
matrix_transformer,masked_reconstruction,50,fold_1,1,20,0.33,1.0,1.0,-9926.0,-10313.5572,3.904465041305655,38372,0.9998436604304549,0.0101,unit_proxy,unit_payoff,ok,
matrix_transformer,masked_reconstruction,50,fold_1,1,20,0.33,1.0,2.0,-9926.0,-10697.2772,7.770272012895431,38372,0.9998436604304549,0.020100000000000003,unit_proxy,unit_payoff,ok,
matrix_transformer,masked_reconstruction,50,fold_1,1,20,0.33,2.0,0.0,-9926.0,-9933.6744,0.07731613943179405,38372,0.9998436604304549,0.00020000000000000006,unit_proxy,unit_payoff,ok,
matrix_transformer,masked_reconstruction,50,fold_1,1,20,0.33,2.0,0.5,-9926.0,-10125.5344,2.010219625226682,38372,0.9998436604304549,0.005199999999999998,unit_proxy,unit_payoff,ok,
matrix_transformer,masked_reconstruction,50,fold_1,1,20,0.33,2.0,1.0,-9926.0,-10317.3944,3.9431231110215514,38372,0.9998436604304549,0.010199999999999997,unit_proxy,unit_payoff,ok,
matrix_transformer,masked_reconstruction,50,fold_1,1,20,0.33,2.0,2.0,-9926.0,-10701.1144,7.808930082611328,38372,0.9998436604304549,0.0202,unit_proxy,unit_payoff,ok,
matrix_transformer,masked_reconstruction,50,fold_1,1,20,0.33,5.0,0.0,-9926.0,-9945.186,0.19329034857948513,38372,0.9998436604304549,0.0005000000000000002,unit_proxy,unit_payoff,ok,
matrix_transformer,masked_reconstruction,50,fold_1,1,20,0.33,5.0,0.5,-9926.0,-10137.046,2.1261938343743734,38372,0.9998436604304549,0.0055,unit_proxy,unit_payoff,ok,
matrix_transformer,masked_reconstruction,50,fold_1,1,20,0.33,5.0,1.0,-9926.0,-10328.906,4.059097320169261,38372,0.9998436604304549,0.0105,unit_proxy,unit_payoff,ok,
matrix_transformer,masked_reconstruction,50,fold_1,1,20,0.33,5.0,2.0,-9926.0,-10712.626,7.924904291759019,38372,0.9998436604304549,0.0205,unit_proxy,unit_payoff,ok,
matrix_transformer,masked_reconstruction,50,fold_1,1,20,0.33,10.0,0.0,-9926.0,-9964.372,0.38658069715897025,38372,0.9998436604304549,0.0010000000000000005,unit_proxy,unit_payoff,ok,
matrix_transformer,masked_reconstruction,50,fold_1,1,20,0.33,10.0,0.5,-9926.0,-10156.232,2.319484182953858,38372,0.9998436604304549,0.006000000000000002,unit_proxy,unit_payoff,ok,
matrix_transformer,masked_reconstruction,50,fold_1,1,20,0.33,10.0,1.0,-9926.0,-10348.092,4.252387668748747,38372,0.9998436604304549,0.011,unit_proxy,unit_payoff,ok,
matrix_transformer,masked_reconstruction,50,fold_1,1,20,0.33,10.0,2.0,-9926.0,-10731.812,8.118194640338503,38372,0.9998436604304549,0.021,unit_proxy,unit_payoff,ok,
matrix_transformer,masked_reconstruction,50,fold_1,2,20,0.33,0.0,0.0,-5384.0,-5384.0,0.0,33672,0.877377664286831,0.0,unit_proxy,unit_payoff,ok,
matrix_transformer,masked_reconstruction,50,fold_1,2,20,0.33,0.0,0.5,-5384.0,-5552.36,3.1270430906389244,33672,0.877377664286831,0.005,unit_proxy,unit_payoff,ok,
matrix_transformer,masked_reconstruction,50,fold_1,2,20,0.33,0.0,1.0,-5384.0,-5720.72,6.254086181277866,33672,0.877377664286831,0.01,unit_proxy,unit_payoff,ok,
matrix_transformer,masked_reconstruction,50,fold_1,2,20,0.33,0.0,2.0,-5384.0,-6057.4400000000005,12.508172362555731,33672,0.877377664286831,0.02,unit_proxy,unit_payoff,ok,
matrix_transformer,masked_reconstruction,50,fold_1,2,20,0.33,1.0,0.0,-5384.0,-5387.3672,0.06254086181277274,33672,0.877377664286831,0.00010000000000000005,unit_proxy,unit_payoff,ok,
matrix_transformer,masked_reconstruction,50,fold_1,2,20,0.33,1.0,0.5,-5384.0,-5555.7272,3.189583952451714,33672,0.877377664286831,0.0050999999999999995,unit_proxy,unit_payoff,ok,
matrix_transformer,masked_reconstruction,50,fold_1,2,20,0.33,1.0,1.0,-5384.0,-5724.0872,6.316627043090637,33672,0.877377664286831,0.0101,unit_proxy,unit_payoff,ok,
matrix_transformer,masked_reconstruction,50,fold_1,2,20,0.33,1.0,2.0,-5384.0,-6060.8072,12.570713224368502,33672,0.877377664286831,0.020100000000000003,unit_proxy,unit_payoff,ok,
matrix_transformer,masked_reconstruction,50,fold_1,2,20,0.33,2.0,0.0,-5384.0,-5390.7344,0.12508172362556239,33672,0.877377664286831,0.0002000000000000001,unit_proxy,unit_payoff,ok,
matrix_transformer,masked_reconstruction,50,fold_1,2,20,0.33,2.0,0.5,-5384.0,-5559.0944,3.2521248142644863,33672,0.877377664286831,0.005199999999999999,unit_proxy,unit_payoff,ok,
matrix_transformer,masked_reconstruction,50,fold_1,2,20,0.33,2.0,1.0,-5384.0,-5727.4544,6.37916790490341,33672,0.877377664286831,0.010199999999999999,unit_proxy,unit_payoff,ok,
matrix_transformer,masked_reconstruction,50,fold_1,2,20,0.33,2.0,2.0,-5384.0,-6064.1744,12.633254086181275,33672,0.877377664286831,0.0202,unit_proxy,unit_payoff,ok,
matrix_transformer,masked_reconstruction,50,fold_1,2,20,0.33,5.0,0.0,-5384.0,-5400.836,0.31270430906389746,33672,0.877377664286831,0.0005000000000000001,unit_proxy,unit_payoff,ok,
matrix_transformer,masked_reconstruction,50,fold_1,2,20,0.33,5.0,0.5,-5384.0,-5569.196,3.4397473997028216,33672,0.877377664286831,0.0055,unit_proxy,unit_payoff,ok,
matrix_transformer,masked_reconstruction,50,fold_1,2,20,0.33,5.0,1.0,-5384.0,-5737.556,6.566790490341745,33672,0.877377664286831,0.010499999999999999,unit_proxy,unit_payoff,ok,
matrix_transformer,masked_reconstruction,50,fold_1,2,20,0.33,5.0,2.0,-5384.0,-6074.276,12.82087667161961,33672,0.877377664286831,0.0205,unit_proxy,unit_payoff,ok,
matrix_transformer,masked_reconstruction,50,fold_1,2,20,0.33,10.0,0.0,-5384.0,-5417.672,0.625408618127778,33672,0.877377664286831,0.0010000000000000002,unit_proxy,unit_payoff,ok,
matrix_transformer,masked_reconstruction,50,fold_1,2,20,0.33,10.0,0.5,-5384.0,-5586.032,3.7524517087667193,33672,0.877377664286831,0.006,unit_proxy,unit_payoff,ok,
matrix_transformer,masked_reconstruction,50,fold_1,2,20,0.33,10.0,1.0,-5384.0,-5754.392,6.879494799405643,33672,0.877377664286831,0.011,unit_proxy,unit_payoff,ok,
matrix_transformer,masked_reconstruction,50,fold_1,2,20,0.33,10.0,2.0,-5384.0,-6091.112,13.133580980683506,33672,0.877377664286831,0.020999999999999998,unit_proxy,unit_payoff,ok,
matrix_transformer,masked_reconstruction,50,fold_2,0,20,0.33,0.0,0.0,-4897.0,-4897.0,0.0,21491,0.7536470753261327,0.0,unit_proxy,unit_payoff,ok,
matrix_transformer,masked_reconstruction,50,fold_2,0,20,0.33,0.0,0.5,-4897.0,-5004.455,2.194302634265876,21491,0.7536470753261327,0.005,unit_proxy,unit_payoff,ok,
matrix_transformer,masked_reconstruction,50,fold_2,0,20,0.33,0.0,1.0,-4897.0,-5111.91,4.388605268531752,21491,0.7536470753261327,0.01,unit_proxy,unit_payoff,ok,
matrix_transformer,masked_reconstruction,50,fold_2,0,20,0.33,0.0,2.0,-4897.0,-5326.82,8.777210537063503,21491,0.7536470753261327,0.02,unit_proxy,unit_payoff,ok,
matrix_transformer,masked_reconstruction,50,fold_2,0,20,0.33,1.0,0.0,-4897.0,-4899.1491,0.04388605268531008,21491,0.7536470753261327,0.00010000000000000003,unit_proxy,unit_payoff,ok,
matrix_transformer,masked_reconstruction,50,fold_2,0,20,0.33,1.0,0.5,-4897.0,-5006.6041,2.2381886869511853,21491,0.7536470753261327,0.0050999999999999995,unit_proxy,unit_payoff,ok,
matrix_transformer,masked_reconstruction,50,fold_2,0,20,0.33,1.0,1.0,-4897.0,-5114.0591,4.432491321217079,21491,0.7536470753261327,0.0101,unit_proxy,unit_payoff,ok,
matrix_transformer,masked_reconstruction,50,fold_2,0,20,0.33,1.0,2.0,-4897.0,-5328.9691,8.82109658974883,21491,0.7536470753261327,0.020100000000000003,unit_proxy,unit_payoff,ok,
matrix_transformer,masked_reconstruction,50,fold_2,0,20,0.33,2.0,0.0,-4897.0,-4901.2982,0.08777210537063873,21491,0.7536470753261327,0.00020000000000000006,unit_proxy,unit_payoff,ok,
matrix_transformer,masked_reconstruction,50,fold_2,0,20,0.33,2.0,0.5,-4897.0,-5008.7532,2.2820747396365144,21491,0.7536470753261327,0.005199999999999998,unit_proxy,unit_payoff,ok,
matrix_transformer,masked_reconstruction,50,fold_2,0,20,0.33,2.0,1.0,-4897.0,-5116.2082,4.476377373902389,21491,0.7536470753261327,0.010199999999999999,unit_proxy,unit_payoff,ok,
matrix_transformer,masked_reconstruction,50,fold_2,0,20,0.33,2.0,2.0,-4897.0,-5331.1182,8.864982642434141,21491,0.7536470753261327,0.0202,unit_proxy,unit_payoff,ok,
matrix_transformer,masked_reconstruction,50,fold_2,0,20,0.33,5.0,0.0,-4897.0,-4907.7455,0.21943026342658756,21491,0.7536470753261327,0.0005000000000000001,unit_proxy,unit_payoff,ok,
matrix_transformer,masked_reconstruction,50,fold_2,0,20,0.33,5.0,0.5,-4897.0,-5015.2005,2.413732897692463,21491,0.7536470753261327,0.0055000000000000005,unit_proxy,unit_payoff,ok,
matrix_transformer,masked_reconstruction,50,fold_2,0,20,0.33,5.0,1.0,-4897.0,-5122.6555,4.608035531958339,21491,0.7536470753261327,0.010499999999999999,unit_proxy,unit_payoff,ok,
matrix_transformer,masked_reconstruction,50,fold_2,0,20,0.33,5.0,2.0,-4897.0,-5337.5655,8.99664080049009,21491,0.7536470753261327,0.0205,unit_proxy,unit_payoff,ok,
matrix_transformer,masked_reconstruction,50,fold_2,0,20,0.33,10.0,0.0,-4897.0,-4918.491,0.4388605268531751,21491,0.7536470753261327,0.0010000000000000002,unit_proxy,unit_payoff,ok,
matrix_transformer,masked_reconstruction,50,fold_2,0,20,0.33,10.0,0.5,-4897.0,-5025.946,2.6331631611190507,21491,0.7536470753261327,0.006000000000000001,unit_proxy,unit_payoff,ok,
matrix_transformer,masked_reconstruction,50,fold_2,0,20,0.33,10.0,1.0,-4897.0,-5133.401,4.827465795384926,21491,0.7536470753261327,0.011000000000000001,unit_proxy,unit_payoff,ok,
matrix_transformer,masked_reconstruction,50,fold_2,0,20,0.33,10.0,2.0,-4897.0,-5348.311,9.216071063916678,21491,0.7536470753261327,0.020999999999999998,unit_proxy,unit_payoff,ok,
matrix_transformer,masked_reconstruction,50,fold_2,1,20,0.33,0.0,0.0,-3512.0,-3512.0,0.0,20282,0.7112498246598401,0.0,unit_proxy,unit_payoff,ok,
matrix_transformer,masked_reconstruction,50,fold_2,1,20,0.33,0.0,0.5,-3512.0,-3613.41,2.887528473804096,20282,0.7112498246598401,0.005,unit_proxy,unit_payoff,ok,
matrix_transformer,masked_reconstruction,50,fold_2,1,20,0.33,0.0,1.0,-3512.0,-3714.82,5.775056947608205,20282,0.7112498246598401,0.01,unit_proxy,unit_payoff,ok,
matrix_transformer,masked_reconstruction,50,fold_2,1,20,0.33,0.0,2.0,-3512.0,-3917.64,11.550113895216398,20282,0.7112498246598401,0.02,unit_proxy,unit_payoff,ok,
matrix_transformer,masked_reconstruction,50,fold_2,1,20,0.33,1.0,0.0,-3512.0,-3514.0282,0.057750569476087615,20282,0.7112498246598401,0.00010000000000000005,unit_proxy,unit_payoff,ok,
matrix_transformer,masked_reconstruction,50,fold_2,1,20,0.33,1.0,0.5,-3512.0,-3615.4382,2.9452790432801836,20282,0.7112498246598401,0.0050999999999999995,unit_proxy,unit_payoff,ok,
matrix_transformer,masked_reconstruction,50,fold_2,1,20,0.33,1.0,1.0,-3512.0,-3716.8482,5.83280751708428,20282,0.7112498246598401,0.010100000000000001,unit_proxy,unit_payoff,ok,
matrix_transformer,masked_reconstruction,50,fold_2,1,20,0.33,1.0,2.0,-3512.0,-3919.6682,11.607864464692486,20282,0.7112498246598401,0.020100000000000003,unit_proxy,unit_payoff,ok,
matrix_transformer,masked_reconstruction,50,fold_2,1,20,0.33,2.0,0.0,-3512.0,-3516.0564,0.1155011389521623,20282,0.7112498246598401,0.0002000000000000001,unit_proxy,unit_payoff,ok,
matrix_transformer,masked_reconstruction,50,fold_2,1,20,0.33,2.0,0.5,-3512.0,-3617.4664,3.0030296127562583,20282,0.7112498246598401,0.005199999999999998,unit_proxy,unit_payoff,ok,
matrix_transformer,masked_reconstruction,50,fold_2,1,20,0.33,2.0,1.0,-3512.0,-3718.8764,5.890558086560367,20282,0.7112498246598401,0.010199999999999999,unit_proxy,unit_payoff,ok,
matrix_transformer,masked_reconstruction,50,fold_2,1,20,0.33,2.0,2.0,-3512.0,-3921.6964,11.66561503416856,20282,0.7112498246598401,0.020200000000000003,unit_proxy,unit_payoff,ok,
matrix_transformer,masked_reconstruction,50,fold_2,1,20,0.33,5.0,0.0,-3512.0,-3522.141,0.28875284738041224,20282,0.7112498246598401,0.0005000000000000002,unit_proxy,unit_payoff,ok,
matrix_transformer,masked_reconstruction,50,fold_2,1,20,0.33,5.0,0.5,-3512.0,-3623.551,3.1762813211845082,20282,0.7112498246598401,0.0055,unit_proxy,unit_payoff,ok,
matrix_transformer,masked_reconstruction,50,fold_2,1,20,0.33,5.0,1.0,-3512.0,-3724.961,6.063809794988605,20282,0.7112498246598401,0.010499999999999999,unit_proxy,unit_payoff,ok,
matrix_transformer,masked_reconstruction,50,fold_2,1,20,0.33,5.0,2.0,-3512.0,-3927.781,11.83886674259681,20282,0.7112498246598401,0.0205,unit_proxy,unit_payoff,ok,
matrix_transformer,masked_reconstruction,50,fold_2,1,20,0.33,10.0,0.0,-3512.0,-3532.282,0.5775056947608245,20282,0.7112498246598401,0.0010000000000000005,unit_proxy,unit_payoff,ok,
matrix_transformer,masked_reconstruction,50,fold_2,1,20,0.33,10.0,0.5,-3512.0,-3633.692,3.4650341685649204,20282,0.7112498246598401,0.006000000000000001,unit_proxy,unit_payoff,ok,
matrix_transformer,masked_reconstruction,50,fold_2,1,20,0.33,10.0,1.0,-3512.0,-3735.102,6.3525626423690165,20282,0.7112498246598401,0.011,unit_proxy,unit_payoff,ok,
matrix_transformer,masked_reconstruction,50,fold_2,1,20,0.33,10.0,2.0,-3512.0,-3937.922,12.127619589977222,20282,0.7112498246598401,0.020999999999999998,unit_proxy,unit_payoff,ok,
matrix_transformer,masked_reconstruction,50,fold_2,2,20,0.33,0.0,0.0,-4578.0,-4578.0,0.0,19168,0.6721840370318418,0.0,unit_proxy,unit_payoff,ok,
matrix_transformer,masked_reconstruction,50,fold_2,2,20,0.33,0.0,0.5,-4578.0,-4673.84,2.0934906072520785,19168,0.6721840370318418,0.005,unit_proxy,unit_payoff,ok,
matrix_transformer,masked_reconstruction,50,fold_2,2,20,0.33,0.0,1.0,-4578.0,-4769.68,4.186981214504157,19168,0.6721840370318418,0.01,unit_proxy,unit_payoff,ok,
matrix_transformer,masked_reconstruction,50,fold_2,2,20,0.33,0.0,2.0,-4578.0,-4961.36,8.373962429008293,19168,0.6721840370318418,0.02,unit_proxy,unit_payoff,ok,
matrix_transformer,masked_reconstruction,50,fold_2,2,20,0.33,1.0,0.0,-4578.0,-4579.9168,0.04186981214504077,19168,0.6721840370318418,0.00010000000000000003,unit_proxy,unit_payoff,ok,
matrix_transformer,masked_reconstruction,50,fold_2,2,20,0.33,1.0,0.5,-4578.0,-4675.7568,2.135360419397119,19168,0.6721840370318418,0.0050999999999999995,unit_proxy,unit_payoff,ok,
matrix_transformer,masked_reconstruction,50,fold_2,2,20,0.33,1.0,1.0,-4578.0,-4771.5968,4.228851026649197,19168,0.6721840370318418,0.010099999999999998,unit_proxy,unit_payoff,ok,
matrix_transformer,masked_reconstruction,50,fold_2,2,20,0.33,1.0,2.0,-4578.0,-4963.2768,8.415832241153334,19168,0.6721840370318418,0.020100000000000003,unit_proxy,unit_payoff,ok,
matrix_transformer,masked_reconstruction,50,fold_2,2,20,0.33,2.0,0.0,-4578.0,-4581.8336,0.08373962429008154,19168,0.6721840370318418,0.00020000000000000006,unit_proxy,unit_payoff,ok,
matrix_transformer,masked_reconstruction,50,fold_2,2,20,0.33,2.0,0.5,-4578.0,-4677.6736,2.17723023154216,19168,0.6721840370318418,0.005199999999999999,unit_proxy,unit_payoff,ok,
matrix_transformer,masked_reconstruction,50,fold_2,2,20,0.33,2.0,1.0,-4578.0,-4773.5136,4.270720838794238,19168,0.6721840370318418,0.010199999999999999,unit_proxy,unit_payoff,ok,
matrix_transformer,masked_reconstruction,50,fold_2,2,20,0.33,2.0,2.0,-4578.0,-4965.1936,8.457702053298375,19168,0.6721840370318418,0.020199999999999996,unit_proxy,unit_payoff,ok,
matrix_transformer,masked_reconstruction,50,fold_2,2,20,0.33,5.0,0.0,-4578.0,-4587.584,0.20934906072520384,19168,0.6721840370318418,0.0005000000000000001,unit_proxy,unit_payoff,ok,
matrix_transformer,masked_reconstruction,50,fold_2,2,20,0.33,5.0,0.5,-4578.0,-4683.424,2.302839667977282,19168,0.6721840370318418,0.0055000000000000005,unit_proxy,unit_payoff,ok,
matrix_transformer,masked_reconstruction,50,fold_2,2,20,0.33,5.0,1.0,-4578.0,-4779.264,4.396330275229361,19168,0.6721840370318418,0.0105,unit_proxy,unit_payoff,ok,
matrix_transformer,masked_reconstruction,50,fold_2,2,20,0.33,5.0,2.0,-4578.0,-4970.944,8.583311489733516,19168,0.6721840370318418,0.0205,unit_proxy,unit_payoff,ok,
matrix_transformer,masked_reconstruction,50,fold_2,2,20,0.33,10.0,0.0,-4578.0,-4597.168,0.4186981214504077,19168,0.6721840370318418,0.0010000000000000002,unit_proxy,unit_payoff,ok,
matrix_transformer,masked_reconstruction,50,fold_2,2,20,0.33,10.0,0.5,-4578.0,-4693.008,2.512188728702486,19168,0.6721840370318418,0.006,unit_proxy,unit_payoff,ok,
matrix_transformer,masked_reconstruction,50,fold_2,2,20,0.33,10.0,1.0,-4578.0,-4788.848,4.605679335954564,19168,0.6721840370318418,0.011000000000000001,unit_proxy,unit_payoff,ok,
matrix_transformer,masked_reconstruction,50,fold_2,2,20,0.33,10.0,2.0,-4578.0,-4980.528,8.792660550458722,19168,0.6721840370318418,0.021,unit_proxy,unit_payoff,ok,
matrix_transformer,masked_reconstruction,50,fold_3,0,20,0.33,0.0,0.0,-5687.0,-5687.0,0.0,30515,0.824640579396822,0.0,unit_proxy,unit_payoff,ok,
matrix_transformer,masked_reconstruction,50,fold_3,0,20,0.33,0.0,0.5,-5687.0,-5839.575,2.6828732196237,30515,0.824640579396822,0.004999999999999999,unit_proxy,unit_payoff,ok,
matrix_transformer,masked_reconstruction,50,fold_3,0,20,0.33,0.0,1.0,-5687.0,-5992.15,5.3657464392474,30515,0.824640579396822,0.009999999999999998,unit_proxy,unit_payoff,ok,
matrix_transformer,masked_reconstruction,50,fold_3,0,20,0.33,0.0,2.0,-5687.0,-6297.3,10.731492878494816,30515,0.824640579396822,0.019999999999999997,unit_proxy,unit_payoff,ok,
matrix_transformer,masked_reconstruction,50,fold_3,0,20,0.33,1.0,0.0,-5687.0,-5690.0515,0.053657464392466644,30515,0.824640579396822,0.00010000000000000003,unit_proxy,unit_payoff,ok,
matrix_transformer,masked_reconstruction,50,fold_3,0,20,0.33,1.0,0.5,-5687.0,-5842.6265,2.7365306840161825,30515,0.824640579396822,0.005099999999999998,unit_proxy,unit_payoff,ok,
matrix_transformer,masked_reconstruction,50,fold_3,0,20,0.33,1.0,1.0,-5687.0,-5995.2015,5.419403903639883,30515,0.824640579396822,0.0101,unit_proxy,unit_payoff,ok,
matrix_transformer,masked_reconstruction,50,fold_3,0,20,0.33,1.0,2.0,-5687.0,-6300.3515,10.785150342887283,30515,0.824640579396822,0.020100000000000003,unit_proxy,unit_payoff,ok,
matrix_transformer,masked_reconstruction,50,fold_3,0,20,0.33,2.0,0.0,-5687.0,-5693.103,0.10731492878494928,30515,0.824640579396822,0.00020000000000000006,unit_proxy,unit_payoff,ok,
matrix_transformer,masked_reconstruction,50,fold_3,0,20,0.33,2.0,0.5,-5687.0,-5845.678,2.7901881484086495,30515,0.824640579396822,0.005199999999999999,unit_proxy,unit_payoff,ok,
matrix_transformer,masked_reconstruction,50,fold_3,0,20,0.33,2.0,1.0,-5687.0,-5998.253,5.473061368032349,30515,0.824640579396822,0.010199999999999996,unit_proxy,unit_payoff,ok,
matrix_transformer,masked_reconstruction,50,fold_3,0,20,0.33,2.0,2.0,-5687.0,-6303.403,10.838807807279766,30515,0.824640579396822,0.0202,unit_proxy,unit_payoff,ok,
matrix_transformer,masked_reconstruction,50,fold_3,0,20,0.33,5.0,0.0,-5687.0,-5702.2575,0.2682873219623652,30515,0.824640579396822,0.0005000000000000002,unit_proxy,unit_payoff,ok,
matrix_transformer,masked_reconstruction,50,fold_3,0,20,0.33,5.0,0.5,-5687.0,-5854.8325,2.951160541586081,30515,0.824640579396822,0.0055000000000000005,unit_proxy,unit_payoff,ok,
matrix_transformer,masked_reconstruction,50,fold_3,0,20,0.33,5.0,1.0,-5687.0,-6007.4075,5.634033761209781,30515,0.824640579396822,0.010499999999999999,unit_proxy,unit_payoff,ok,
matrix_transformer,masked_reconstruction,50,fold_3,0,20,0.33,5.0,2.0,-5687.0,-6312.5575,10.999780200457181,30515,0.824640579396822,0.020499999999999997,unit_proxy,unit_payoff,ok,
matrix_transformer,masked_reconstruction,50,fold_3,0,20,0.33,10.0,0.0,-5687.0,-5717.515,0.5365746439247464,30515,0.824640579396822,0.0010000000000000005,unit_proxy,unit_payoff,ok,
matrix_transformer,masked_reconstruction,50,fold_3,0,20,0.33,10.0,0.5,-5687.0,-5870.09,3.2194478635484463,30515,0.824640579396822,0.005999999999999999,unit_proxy,unit_payoff,ok,
matrix_transformer,masked_reconstruction,50,fold_3,0,20,0.33,10.0,1.0,-5687.0,-6022.665,5.902321083172146,30515,0.824640579396822,0.011000000000000001,unit_proxy,unit_payoff,ok,
matrix_transformer,masked_reconstruction,50,fold_3,0,20,0.33,10.0,2.0,-5687.0,-6327.815,11.268067522419546,30515,0.824640579396822,0.020999999999999998,unit_proxy,unit_payoff,ok,
matrix_transformer,masked_reconstruction,50,fold_3,1,20,0.33,0.0,0.0,-5216.0,-5216.0,0.0,30902,0.8350989082261377,0.0,unit_proxy,unit_payoff,ok,
matrix_transformer,masked_reconstruction,50,fold_3,1,20,0.33,0.0,0.5,-5216.0,-5370.51,2.9622315950920286,30902,0.8350989082261377,0.005000000000000001,unit_proxy,unit_payoff,ok,
matrix_transformer,masked_reconstruction,50,fold_3,1,20,0.33,0.0,1.0,-5216.0,-5525.02,5.924463190184057,30902,0.8350989082261377,0.010000000000000002,unit_proxy,unit_payoff,ok,
matrix_transformer,masked_reconstruction,50,fold_3,1,20,0.33,0.0,2.0,-5216.0,-5834.04,11.848926380368098,30902,0.8350989082261377,0.020000000000000004,unit_proxy,unit_payoff,ok,
matrix_transformer,masked_reconstruction,50,fold_3,1,20,0.33,1.0,0.0,-5216.0,-5219.0902,0.0592446319018336,30902,0.8350989082261377,0.00010000000000000003,unit_proxy,unit_payoff,ok,
matrix_transformer,masked_reconstruction,50,fold_3,1,20,0.33,1.0,0.5,-5216.0,-5373.6002,3.021476226993862,30902,0.8350989082261377,0.0050999999999999995,unit_proxy,unit_payoff,ok,
matrix_transformer,masked_reconstruction,50,fold_3,1,20,0.33,1.0,1.0,-5216.0,-5528.1102,5.983707822085891,30902,0.8350989082261377,0.0101,unit_proxy,unit_payoff,ok,
matrix_transformer,masked_reconstruction,50,fold_3,1,20,0.33,1.0,2.0,-5216.0,-5837.1302,11.908171012269932,30902,0.8350989082261377,0.020100000000000003,unit_proxy,unit_payoff,ok,
matrix_transformer,masked_reconstruction,50,fold_3,1,20,0.33,2.0,0.0,-5216.0,-5222.1804,0.11848926380368463,30902,0.8350989082261377,0.00020000000000000006,unit_proxy,unit_payoff,ok,
matrix_transformer,masked_reconstruction,50,fold_3,1,20,0.33,2.0,0.5,-5216.0,-5376.6903999999995,3.080720858895696,30902,0.8350989082261377,0.005199999999999999,unit_proxy,unit_payoff,ok,
matrix_transformer,masked_reconstruction,50,fold_3,1,20,0.33,2.0,1.0,-5216.0,-5531.2004,6.042952453987724,30902,0.8350989082261377,0.010199999999999999,unit_proxy,unit_payoff,ok,
matrix_transformer,masked_reconstruction,50,fold_3,1,20,0.33,2.0,2.0,-5216.0,-5840.2204,11.967415644171782,30902,0.8350989082261377,0.0202,unit_proxy,unit_payoff,ok,
matrix_transformer,masked_reconstruction,50,fold_3,1,20,0.33,5.0,0.0,-5216.0,-5231.451,0.29622315950920286,30902,0.8350989082261377,0.0005000000000000002,unit_proxy,unit_payoff,ok,
matrix_transformer,masked_reconstruction,50,fold_3,1,20,0.33,5.0,0.5,-5216.0,-5385.961,3.2584547546012317,30902,0.8350989082261377,0.0055000000000000005,unit_proxy,unit_payoff,ok,
matrix_transformer,masked_reconstruction,50,fold_3,1,20,0.33,5.0,1.0,-5216.0,-5540.471,6.220686349693243,30902,0.8350989082261377,0.0105,unit_proxy,unit_payoff,ok,
matrix_transformer,masked_reconstruction,50,fold_3,1,20,0.33,5.0,2.0,-5216.0,-5849.491,12.1451495398773,30902,0.8350989082261377,0.020500000000000004,unit_proxy,unit_payoff,ok,
matrix_transformer,masked_reconstruction,50,fold_3,1,20,0.33,10.0,0.0,-5216.0,-5246.902,0.5924463190184057,30902,0.8350989082261377,0.0010000000000000005,unit_proxy,unit_payoff,ok,
matrix_transformer,masked_reconstruction,50,fold_3,1,20,0.33,10.0,0.5,-5216.0,-5401.412,3.5546779141104343,30902,0.8350989082261377,0.006,unit_proxy,unit_payoff,ok,
matrix_transformer,masked_reconstruction,50,fold_3,1,20,0.33,10.0,1.0,-5216.0,-5555.9220000000005,6.516909509202463,30902,0.8350989082261377,0.011000000000000001,unit_proxy,unit_payoff,ok,
matrix_transformer,masked_reconstruction,50,fold_3,1,20,0.33,10.0,2.0,-5216.0,-5864.942,12.441372699386504,30902,0.8350989082261377,0.021,unit_proxy,unit_payoff,ok,
matrix_transformer,masked_reconstruction,50,fold_3,2,20,0.33,0.0,0.0,-4295.0,-4295.0,0.0,29659,0.8015079450870176,0.0,unit_proxy,unit_payoff,ok,
matrix_transformer,masked_reconstruction,50,fold_3,2,20,0.33,0.0,0.5,-4295.0,-4443.295,3.4527357392316667,29659,0.8015079450870176,0.004999999999999999,unit_proxy,unit_payoff,ok,
matrix_transformer,masked_reconstruction,50,fold_3,2,20,0.33,0.0,1.0,-4295.0,-4591.59,6.905471478463333,29659,0.8015079450870176,0.009999999999999998,unit_proxy,unit_payoff,ok,
matrix_transformer,masked_reconstruction,50,fold_3,2,20,0.33,0.0,2.0,-4295.0,-4888.18,13.810942956926667,29659,0.8015079450870176,0.019999999999999997,unit_proxy,unit_payoff,ok,
matrix_transformer,masked_reconstruction,50,fold_3,2,20,0.33,1.0,0.0,-4295.0,-4297.9659,0.06905471478463672,29659,0.8015079450870176,0.00010000000000000003,unit_proxy,unit_payoff,ok,
matrix_transformer,masked_reconstruction,50,fold_3,2,20,0.33,1.0,0.5,-4295.0,-4446.2609,3.5217904540163034,29659,0.8015079450870176,0.0050999999999999995,unit_proxy,unit_payoff,ok,
matrix_transformer,masked_reconstruction,50,fold_3,2,20,0.33,1.0,1.0,-4295.0,-4594.5559,6.97452619324797,29659,0.8015079450870176,0.010099999999999998,unit_proxy,unit_payoff,ok,
matrix_transformer,masked_reconstruction,50,fold_3,2,20,0.33,1.0,2.0,-4295.0,-4891.1458999999995,13.87999767171128,29659,0.8015079450870176,0.0201,unit_proxy,unit_payoff,ok,
matrix_transformer,masked_reconstruction,50,fold_3,2,20,0.33,2.0,0.0,-4295.0,-4300.9318,0.13810942956927344,29659,0.8015079450870176,0.00020000000000000006,unit_proxy,unit_payoff,ok,
matrix_transformer,masked_reconstruction,50,fold_3,2,20,0.33,2.0,0.5,-4295.0,-4449.2268,3.59084516880094,29659,0.8015079450870176,0.005199999999999999,unit_proxy,unit_payoff,ok,
matrix_transformer,masked_reconstruction,50,fold_3,2,20,0.33,2.0,1.0,-4295.0,-4597.5218,7.043580908032607,29659,0.8015079450870176,0.010199999999999999,unit_proxy,unit_payoff,ok,
matrix_transformer,masked_reconstruction,50,fold_3,2,20,0.33,2.0,2.0,-4295.0,-4894.1118,13.94905238649592,29659,0.8015079450870176,0.020199999999999996,unit_proxy,unit_payoff,ok,
matrix_transformer,masked_reconstruction,50,fold_3,2,20,0.33,5.0,0.0,-4295.0,-4309.8295,0.3452735739231624,29659,0.8015079450870176,0.0005000000000000001,unit_proxy,unit_payoff,ok,
matrix_transformer,masked_reconstruction,50,fold_3,2,20,0.33,5.0,0.5,-4295.0,-4458.1245,3.7980093131548287,29659,0.8015079450870176,0.0055000000000000005,unit_proxy,unit_payoff,ok,
matrix_transformer,masked_reconstruction,50,fold_3,2,20,0.33,5.0,1.0,-4295.0,-4606.4195,7.250745052386495,29659,0.8015079450870176,0.010499999999999999,unit_proxy,unit_payoff,ok,
matrix_transformer,masked_reconstruction,50,fold_3,2,20,0.33,5.0,2.0,-4295.0,-4903.0095,14.156216530849827,29659,0.8015079450870176,0.0205,unit_proxy,unit_payoff,ok,
matrix_transformer,masked_reconstruction,50,fold_3,2,20,0.33,10.0,0.0,-4295.0,-4324.659,0.6905471478463248,29659,0.8015079450870176,0.0010000000000000002,unit_proxy,unit_payoff,ok,
matrix_transformer,masked_reconstruction,50,fold_3,2,20,0.33,10.0,0.5,-4295.0,-4472.954,4.143282887077991,29659,0.8015079450870176,0.006,unit_proxy,unit_payoff,ok,
matrix_transformer,masked_reconstruction,50,fold_3,2,20,0.33,10.0,1.0,-4295.0,-4621.249,7.596018626309657,29659,0.8015079450870176,0.011000000000000001,unit_proxy,unit_payoff,ok,
matrix_transformer,masked_reconstruction,50,fold_3,2,20,0.33,10.0,2.0,-4295.0,-4917.839,14.50149010477299,29659,0.8015079450870176,0.020999999999999998,unit_proxy,unit_payoff,ok,
matrix_transformer,masked_reconstruction,50,fold_4,0,20,0.33,0.0,0.0,-3803.0,-3803.0,0.0,27397,0.7880400391186791,0.0,unit_proxy,unit_payoff,ok,
matrix_transformer,masked_reconstruction,50,fold_4,0,20,0.33,0.0,0.5,-3803.0,-3939.985,3.602024717328428,27397,0.7880400391186791,0.004999999999999999,unit_proxy,unit_payoff,ok,
matrix_transformer,masked_reconstruction,50,fold_4,0,20,0.33,0.0,1.0,-3803.0,-4076.97,7.204049434656845,27397,0.7880400391186791,0.009999999999999998,unit_proxy,unit_payoff,ok,
matrix_transformer,masked_reconstruction,50,fold_4,0,20,0.33,0.0,2.0,-3803.0,-4350.94,14.40809886931369,27397,0.7880400391186791,0.019999999999999997,unit_proxy,unit_payoff,ok,
matrix_transformer,masked_reconstruction,50,fold_4,0,20,0.33,1.0,0.0,-3803.0,-3805.7397,0.07204049434657071,27397,0.7880400391186791,0.00010000000000000003,unit_proxy,unit_payoff,ok,
matrix_transformer,masked_reconstruction,50,fold_4,0,20,0.33,1.0,0.5,-3803.0,-3942.7246999999998,3.6740652116749875,27397,0.7880400391186791,0.0050999999999999995,unit_proxy,unit_payoff,ok,
matrix_transformer,masked_reconstruction,50,fold_4,0,20,0.33,1.0,1.0,-3803.0,-4079.7097,7.276089929003415,27397,0.7880400391186791,0.0101,unit_proxy,unit_payoff,ok,
matrix_transformer,masked_reconstruction,50,fold_4,0,20,0.33,1.0,2.0,-3803.0,-4353.6797,14.48013936366026,27397,0.7880400391186791,0.0201,unit_proxy,unit_payoff,ok,
matrix_transformer,masked_reconstruction,50,fold_4,0,20,0.33,2.0,0.0,-3803.0,-3808.4794,0.14408098869314143,27397,0.7880400391186791,0.00020000000000000006,unit_proxy,unit_payoff,ok,
matrix_transformer,masked_reconstruction,50,fold_4,0,20,0.33,2.0,0.5,-3803.0,-3945.4644,3.7461057060215577,27397,0.7880400391186791,0.005199999999999997,unit_proxy,unit_payoff,ok,
matrix_transformer,masked_reconstruction,50,fold_4,0,20,0.33,2.0,1.0,-3803.0,-4082.4494,7.348130423349986,27397,0.7880400391186791,0.010199999999999999,unit_proxy,unit_payoff,ok,
matrix_transformer,masked_reconstruction,50,fold_4,0,20,0.33,2.0,2.0,-3803.0,-4356.4194,14.55217985800683,27397,0.7880400391186791,0.0202,unit_proxy,unit_payoff,ok,
matrix_transformer,masked_reconstruction,50,fold_4,0,20,0.33,5.0,0.0,-3803.0,-3816.6985,0.36020247173284164,27397,0.7880400391186791,0.0005000000000000001,unit_proxy,unit_payoff,ok,
matrix_transformer,masked_reconstruction,50,fold_4,0,20,0.33,5.0,0.5,-3803.0,-3953.6835,3.96222718906127,27397,0.7880400391186791,0.0055000000000000005,unit_proxy,unit_payoff,ok,
matrix_transformer,masked_reconstruction,50,fold_4,0,20,0.33,5.0,1.0,-3803.0,-4090.6684999999998,7.5642519063896865,27397,0.7880400391186791,0.010499999999999997,unit_proxy,unit_payoff,ok,
matrix_transformer,masked_reconstruction,50,fold_4,0,20,0.33,5.0,2.0,-3803.0,-4364.6385,14.768301341046545,27397,0.7880400391186791,0.0205,unit_proxy,unit_payoff,ok,
matrix_transformer,masked_reconstruction,50,fold_4,0,20,0.33,10.0,0.0,-3803.0,-3830.397,0.7204049434656833,27397,0.7880400391186791,0.0010000000000000002,unit_proxy,unit_payoff,ok,
matrix_transformer,masked_reconstruction,50,fold_4,0,20,0.33,10.0,0.5,-3803.0,-3967.382,4.3224296607941115,27397,0.7880400391186791,0.006,unit_proxy,unit_payoff,ok,
matrix_transformer,masked_reconstruction,50,fold_4,0,20,0.33,10.0,1.0,-3803.0,-4104.367,7.92445437812254,27397,0.7880400391186791,0.011000000000000001,unit_proxy,unit_payoff,ok,
matrix_transformer,masked_reconstruction,50,fold_4,0,20,0.33,10.0,2.0,-3803.0,-4378.3369999999995,15.128503812779373,27397,0.7880400391186791,0.020999999999999994,unit_proxy,unit_payoff,ok,
matrix_transformer,masked_reconstruction,50,fold_4,1,20,0.33,0.0,0.0,-3920.0,-3920.0,0.0,30774,0.8851751711442214,0.0,unit_proxy,unit_payoff,ok,
matrix_transformer,masked_reconstruction,50,fold_4,1,20,0.33,0.0,0.5,-3920.0,-4073.87,3.9252551020408135,30774,0.8851751711442214,0.005,unit_proxy,unit_payoff,ok,
matrix_transformer,masked_reconstruction,50,fold_4,1,20,0.33,0.0,1.0,-3920.0,-4227.74,7.850510204081627,30774,0.8851751711442214,0.01,unit_proxy,unit_payoff,ok,
matrix_transformer,masked_reconstruction,50,fold_4,1,20,0.33,0.0,2.0,-3920.0,-4535.48,15.701020408163254,30774,0.8851751711442214,0.02,unit_proxy,unit_payoff,ok,
matrix_transformer,masked_reconstruction,50,fold_4,1,20,0.33,1.0,0.0,-3920.0,-3923.0774,0.07850510204081951,30774,0.8851751711442214,0.00010000000000000006,unit_proxy,unit_payoff,ok,
matrix_transformer,masked_reconstruction,50,fold_4,1,20,0.33,1.0,0.5,-3920.0,-4076.9474,4.003760204081633,30774,0.8851751711442214,0.005099999999999999,unit_proxy,unit_payoff,ok,
matrix_transformer,masked_reconstruction,50,fold_4,1,20,0.33,1.0,1.0,-3920.0,-4230.8174,7.929015306122447,30774,0.8851751711442214,0.010099999999999996,unit_proxy,unit_payoff,ok,
matrix_transformer,masked_reconstruction,50,fold_4,1,20,0.33,1.0,2.0,-3920.0,-4538.5574,15.779525510204074,30774,0.8851751711442214,0.020100000000000003,unit_proxy,unit_payoff,ok,
matrix_transformer,masked_reconstruction,50,fold_4,1,20,0.33,2.0,0.0,-3920.0,-3926.1548,0.1570102040816274,30774,0.8851751711442214,0.00020000000000000012,unit_proxy,unit_payoff,ok,
matrix_transformer,masked_reconstruction,50,fold_4,1,20,0.33,2.0,0.5,-3920.0,-4080.0248,4.082265306122452,30774,0.8851751711442214,0.005199999999999998,unit_proxy,unit_payoff,ok,
matrix_transformer,masked_reconstruction,50,fold_4,1,20,0.33,2.0,1.0,-3920.0,-4233.8948,8.007520408163266,30774,0.8851751711442214,0.010199999999999997,unit_proxy,unit_payoff,ok,
matrix_transformer,masked_reconstruction,50,fold_4,1,20,0.33,2.0,2.0,-3920.0,-4541.6348,15.858030612244894,30774,0.8851751711442214,0.020199999999999992,unit_proxy,unit_payoff,ok,
matrix_transformer,masked_reconstruction,50,fold_4,1,20,0.33,5.0,0.0,-3920.0,-3935.387,0.392525510204086,30774,0.8851751711442214,0.0005000000000000002,unit_proxy,unit_payoff,ok,
matrix_transformer,masked_reconstruction,50,fold_4,1,20,0.33,5.0,0.5,-3920.0,-4089.257,4.317780612244899,30774,0.8851751711442214,0.0055000000000000005,unit_proxy,unit_payoff,ok,
matrix_transformer,masked_reconstruction,50,fold_4,1,20,0.33,5.0,1.0,-3920.0,-4243.127,8.243035714285725,30774,0.8851751711442214,0.0105,unit_proxy,unit_payoff,ok,
matrix_transformer,masked_reconstruction,50,fold_4,1,20,0.33,5.0,2.0,-3920.0,-4550.867,16.09354591836735,30774,0.8851751711442214,0.0205,unit_proxy,unit_payoff,ok,
matrix_transformer,masked_reconstruction,50,fold_4,1,20,0.33,10.0,0.0,-3920.0,-3950.774,0.7850510204081604,30774,0.8851751711442214,0.0010000000000000005,unit_proxy,unit_payoff,ok,
matrix_transformer,masked_reconstruction,50,fold_4,1,20,0.33,10.0,0.5,-3920.0,-4104.644,4.710306122448985,30774,0.8851751711442214,0.006000000000000001,unit_proxy,unit_payoff,ok,
matrix_transformer,masked_reconstruction,50,fold_4,1,20,0.33,10.0,1.0,-3920.0,-4258.514,8.635561224489798,30774,0.8851751711442214,0.011000000000000001,unit_proxy,unit_payoff,ok,
matrix_transformer,masked_reconstruction,50,fold_4,1,20,0.33,10.0,2.0,-3920.0,-4566.254,16.486071428571424,30774,0.8851751711442214,0.021,unit_proxy,unit_payoff,ok,
matrix_transformer,masked_reconstruction,50,fold_4,2,20,0.33,0.0,0.0,-6376.0,-6376.0,0.0,31790,0.9143991255824656,0.0,unit_proxy,unit_payoff,ok,
matrix_transformer,masked_reconstruction,50,fold_4,2,20,0.33,0.0,0.5,-6376.0,-6534.95,2.4929422835633597,31790,0.9143991255824656,0.004999999999999999,unit_proxy,unit_payoff,ok,
matrix_transformer,masked_reconstruction,50,fold_4,2,20,0.33,0.0,1.0,-6376.0,-6693.9,4.985884567126719,31790,0.9143991255824656,0.009999999999999998,unit_proxy,unit_payoff,ok,
matrix_transformer,masked_reconstruction,50,fold_4,2,20,0.33,0.0,2.0,-6376.0,-7011.8,9.971769134253455,31790,0.9143991255824656,0.019999999999999997,unit_proxy,unit_payoff,ok,
matrix_transformer,masked_reconstruction,50,fold_4,2,20,0.33,1.0,0.0,-6376.0,-6379.179,0.04985884567126862,31790,0.9143991255824656,0.00010000000000000003,unit_proxy,unit_payoff,ok,
matrix_transformer,masked_reconstruction,50,fold_4,2,20,0.33,1.0,0.5,-6376.0,-6538.129,2.542801129234628,31790,0.9143991255824656,0.005099999999999999,unit_proxy,unit_payoff,ok,
matrix_transformer,masked_reconstruction,50,fold_4,2,20,0.33,1.0,1.0,-6376.0,-6697.079,5.035743412797988,31790,0.9143991255824656,0.010100000000000001,unit_proxy,unit_payoff,ok,
matrix_transformer,masked_reconstruction,50,fold_4,2,20,0.33,1.0,2.0,-6376.0,-7014.979,10.021627979924721,31790,0.9143991255824656,0.0201,unit_proxy,unit_payoff,ok,
matrix_transformer,masked_reconstruction,50,fold_4,2,20,0.33,2.0,0.0,-6376.0,-6382.358,0.09971769134253725,31790,0.9143991255824656,0.00020000000000000006,unit_proxy,unit_payoff,ok,
matrix_transformer,masked_reconstruction,50,fold_4,2,20,0.33,2.0,0.5,-6376.0,-6541.308,2.5926599749058967,31790,0.9143991255824656,0.005199999999999998,unit_proxy,unit_payoff,ok,
matrix_transformer,masked_reconstruction,50,fold_4,2,20,0.33,2.0,1.0,-6376.0,-6700.258,5.085602258469256,31790,0.9143991255824656,0.010199999999999997,unit_proxy,unit_payoff,ok,
matrix_transformer,masked_reconstruction,50,fold_4,2,20,0.33,2.0,2.0,-6376.0,-7018.158,10.07148682559599,31790,0.9143991255824656,0.020200000000000003,unit_proxy,unit_payoff,ok,
matrix_transformer,masked_reconstruction,50,fold_4,2,20,0.33,5.0,0.0,-6376.0,-6391.895,0.24929422835634313,31790,0.9143991255824656,0.0005000000000000002,unit_proxy,unit_payoff,ok,
matrix_transformer,masked_reconstruction,50,fold_4,2,20,0.33,5.0,0.5,-6376.0,-6550.845,2.7422365119197027,31790,0.9143991255824656,0.0055,unit_proxy,unit_payoff,ok,
matrix_transformer,masked_reconstruction,50,fold_4,2,20,0.33,5.0,1.0,-6376.0,-6709.795,5.235178795483063,31790,0.9143991255824656,0.0105,unit_proxy,unit_payoff,ok,
matrix_transformer,masked_reconstruction,50,fold_4,2,20,0.33,5.0,2.0,-6376.0,-7027.695,10.221063362609781,31790,0.9143991255824656,0.020499999999999997,unit_proxy,unit_payoff,ok,
matrix_transformer,masked_reconstruction,50,fold_4,2,20,0.33,10.0,0.0,-6376.0,-6407.79,0.49858845671267193,31790,0.9143991255824656,0.0010000000000000005,unit_proxy,unit_payoff,ok,
matrix_transformer,masked_reconstruction,50,fold_4,2,20,0.33,10.0,0.5,-6376.0,-6566.74,2.9915307402760316,31790,0.9143991255824656,0.006,unit_proxy,unit_payoff,ok,
matrix_transformer,masked_reconstruction,50,fold_4,2,20,0.33,10.0,1.0,-6376.0,-6725.69,5.484473023839391,31790,0.9143991255824656,0.011,unit_proxy,unit_payoff,ok,
matrix_transformer,masked_reconstruction,50,fold_4,2,20,0.33,10.0,2.0,-6376.0,-7043.59,10.470357590966126,31790,0.9143991255824656,0.021,unit_proxy,unit_payoff,ok,
matrix_transformer,masked_reconstruction,50,fold_5,0,20,0.33,0.0,0.0,-4536.0,-4536.0,0.0,32186,0.8224771931617816,0.0,unit_proxy,unit_payoff,ok,
matrix_transformer,masked_reconstruction,50,fold_5,0,20,0.33,0.0,0.5,-4536.0,-4696.93,3.547839506172846,32186,0.8224771931617816,0.005,unit_proxy,unit_payoff,ok,
matrix_transformer,masked_reconstruction,50,fold_5,0,20,0.33,0.0,1.0,-4536.0,-4857.86,7.0956790123456726,32186,0.8224771931617816,0.01,unit_proxy,unit_payoff,ok,
matrix_transformer,masked_reconstruction,50,fold_5,0,20,0.33,0.0,2.0,-4536.0,-5179.72,14.191358024691365,32186,0.8224771931617816,0.02,unit_proxy,unit_payoff,ok,
matrix_transformer,masked_reconstruction,50,fold_5,0,20,0.33,1.0,0.0,-4536.0,-4539.2186,0.07095679012346014,32186,0.8224771931617816,0.00010000000000000002,unit_proxy,unit_payoff,ok,
matrix_transformer,masked_reconstruction,50,fold_5,0,20,0.33,1.0,0.5,-4536.0,-4700.1486,3.6187962962963063,32186,0.8224771931617816,0.0050999999999999995,unit_proxy,unit_payoff,ok,
matrix_transformer,masked_reconstruction,50,fold_5,0,20,0.33,1.0,1.0,-4536.0,-4861.0786,7.1666358024691315,32186,0.8224771931617816,0.010100000000000001,unit_proxy,unit_payoff,ok,
matrix_transformer,masked_reconstruction,50,fold_5,0,20,0.33,1.0,2.0,-4536.0,-5182.9386,14.262314814814825,32186,0.8224771931617816,0.020100000000000003,unit_proxy,unit_payoff,ok,
matrix_transformer,masked_reconstruction,50,fold_5,0,20,0.33,2.0,0.0,-4536.0,-4542.4372,0.14191358024692027,32186,0.8224771931617816,0.00020000000000000004,unit_proxy,unit_payoff,ok,
matrix_transformer,masked_reconstruction,50,fold_5,0,20,0.33,2.0,0.5,-4536.0,-4703.3672,3.689753086419746,32186,0.8224771931617816,0.005199999999999999,unit_proxy,unit_payoff,ok,
matrix_transformer,masked_reconstruction,50,fold_5,0,20,0.33,2.0,1.0,-4536.0,-4864.2972,7.237592592592593,32186,0.8224771931617816,0.010199999999999999,unit_proxy,unit_payoff,ok,
matrix_transformer,masked_reconstruction,50,fold_5,0,20,0.33,2.0,2.0,-4536.0,-5186.1572,14.333271604938263,32186,0.8224771931617816,0.020200000000000003,unit_proxy,unit_payoff,ok,
matrix_transformer,masked_reconstruction,50,fold_5,0,20,0.33,5.0,0.0,-4536.0,-4552.093,0.3547839506172806,32186,0.8224771931617816,0.0005000000000000002,unit_proxy,unit_payoff,ok,
matrix_transformer,masked_reconstruction,50,fold_5,0,20,0.33,5.0,0.5,-4536.0,-4713.023,3.902623456790127,32186,0.8224771931617816,0.005499999999999999,unit_proxy,unit_payoff,ok,
matrix_transformer,masked_reconstruction,50,fold_5,0,20,0.33,5.0,1.0,-4536.0,-4873.953,7.450462962962972,32186,0.8224771931617816,0.0105,unit_proxy,unit_payoff,ok,
matrix_transformer,masked_reconstruction,50,fold_5,0,20,0.33,5.0,2.0,-4536.0,-5195.813,14.546141975308643,32186,0.8224771931617816,0.0205,unit_proxy,unit_payoff,ok,
matrix_transformer,masked_reconstruction,50,fold_5,0,20,0.33,10.0,0.0,-4536.0,-4568.186,0.7095679012345611,32186,0.8224771931617816,0.0010000000000000005,unit_proxy,unit_payoff,ok,
matrix_transformer,masked_reconstruction,50,fold_5,0,20,0.33,10.0,0.5,-4536.0,-4729.116,4.257407407407407,32186,0.8224771931617816,0.006000000000000001,unit_proxy,unit_payoff,ok,
matrix_transformer,masked_reconstruction,50,fold_5,0,20,0.33,10.0,1.0,-4536.0,-4890.046,7.805246913580254,32186,0.8224771931617816,0.010999999999999998,unit_proxy,unit_payoff,ok,
matrix_transformer,masked_reconstruction,50,fold_5,0,20,0.33,10.0,2.0,-4536.0,-5211.906,14.900925925925925,32186,0.8224771931617816,0.021,unit_proxy,unit_payoff,ok,
matrix_transformer,masked_reconstruction,50,fold_5,1,20,0.33,0.0,0.0,-3121.0,-3121.0,0.0,29019,0.7415480540720109,0.0,unit_proxy,unit_payoff,ok,
matrix_transformer,masked_reconstruction,50,fold_5,1,20,0.33,0.0,0.5,-3121.0,-3266.095,4.6489907081063695,29019,0.7415480540720109,0.005,unit_proxy,unit_payoff,ok,
matrix_transformer,masked_reconstruction,50,fold_5,1,20,0.33,0.0,1.0,-3121.0,-3411.19,9.297981416212755,29019,0.7415480540720109,0.01,unit_proxy,unit_payoff,ok,
matrix_transformer,masked_reconstruction,50,fold_5,1,20,0.33,0.0,2.0,-3121.0,-3701.38,18.59596283242551,29019,0.7415480540720109,0.02,unit_proxy,unit_payoff,ok,
matrix_transformer,masked_reconstruction,50,fold_5,1,20,0.33,1.0,0.0,-3121.0,-3123.9019,0.09297981416212245,29019,0.7415480540720109,0.00010000000000000003,unit_proxy,unit_payoff,ok,
matrix_transformer,masked_reconstruction,50,fold_5,1,20,0.33,1.0,0.5,-3121.0,-3268.9969,4.741970522268506,29019,0.7415480540720109,0.005099999999999999,unit_proxy,unit_payoff,ok,
matrix_transformer,masked_reconstruction,50,fold_5,1,20,0.33,1.0,1.0,-3121.0,-3414.0919,9.390961230374877,29019,0.7415480540720109,0.0101,unit_proxy,unit_payoff,ok,
matrix_transformer,masked_reconstruction,50,fold_5,1,20,0.33,1.0,2.0,-3121.0,-3704.2819,18.68894264658763,29019,0.7415480540720109,0.020100000000000003,unit_proxy,unit_payoff,ok,
matrix_transformer,masked_reconstruction,50,fold_5,1,20,0.33,2.0,0.0,-3121.0,-3126.8038,0.18595962832425947,29019,0.7415480540720109,0.00020000000000000006,unit_proxy,unit_payoff,ok,
matrix_transformer,masked_reconstruction,50,fold_5,1,20,0.33,2.0,0.5,-3121.0,-3271.8988,4.834950336430629,29019,0.7415480540720109,0.005199999999999999,unit_proxy,unit_payoff,ok,
matrix_transformer,masked_reconstruction,50,fold_5,1,20,0.33,2.0,1.0,-3121.0,-3416.9937999999997,9.483941044537,29019,0.7415480540720109,0.010199999999999997,unit_proxy,unit_payoff,ok,
matrix_transformer,masked_reconstruction,50,fold_5,1,20,0.33,2.0,2.0,-3121.0,-3707.1838,18.781922460749755,29019,0.7415480540720109,0.0202,unit_proxy,unit_payoff,ok,
matrix_transformer,masked_reconstruction,50,fold_5,1,20,0.33,5.0,0.0,-3121.0,-3135.5095,0.46489907081064136,29019,0.7415480540720109,0.0005000000000000001,unit_proxy,unit_payoff,ok,
matrix_transformer,masked_reconstruction,50,fold_5,1,20,0.33,5.0,0.5,-3121.0,-3280.6045,5.113889778917011,29019,0.7415480540720109,0.005499999999999999,unit_proxy,unit_payoff,ok,
matrix_transformer,masked_reconstruction,50,fold_5,1,20,0.33,5.0,1.0,-3121.0,-3425.6995,9.762880487023395,29019,0.7415480540720109,0.0105,unit_proxy,unit_payoff,ok,
matrix_transformer,masked_reconstruction,50,fold_5,1,20,0.33,5.0,2.0,-3121.0,-3715.8895,19.060861903236148,29019,0.7415480540720109,0.0205,unit_proxy,unit_payoff,ok,
matrix_transformer,masked_reconstruction,50,fold_5,1,20,0.33,10.0,0.0,-3121.0,-3150.0190000000002,0.9297981416212827,29019,0.7415480540720109,0.0010000000000000002,unit_proxy,unit_payoff,ok,
matrix_transformer,masked_reconstruction,50,fold_5,1,20,0.33,10.0,0.5,-3121.0,-3295.114,5.578788849727653,29019,0.7415480540720109,0.005999999999999999,unit_proxy,unit_payoff,ok,
matrix_transformer,masked_reconstruction,50,fold_5,1,20,0.33,10.0,1.0,-3121.0,-3440.209,10.227779557834022,29019,0.7415480540720109,0.010999999999999998,unit_proxy,unit_payoff,ok,
matrix_transformer,masked_reconstruction,50,fold_5,1,20,0.33,10.0,2.0,-3121.0,-3730.399,19.525760974046776,29019,0.7415480540720109,0.021,unit_proxy,unit_payoff,ok,
matrix_transformer,masked_reconstruction,50,fold_5,2,20,0.33,0.0,0.0,-3866.0,-3866.0,0.0,31736,0.8109779470012521,0.0,unit_proxy,unit_payoff,ok,
matrix_transformer,masked_reconstruction,50,fold_5,2,20,0.33,0.0,0.5,-3866.0,-4024.68,4.104500775995857,31736,0.8109779470012521,0.005,unit_proxy,unit_payoff,ok,
matrix_transformer,masked_reconstruction,50,fold_5,2,20,0.33,0.0,1.0,-3866.0,-4183.36,8.209001551991713,31736,0.8109779470012521,0.01,unit_proxy,unit_payoff,ok,
matrix_transformer,masked_reconstruction,50,fold_5,2,20,0.33,0.0,2.0,-3866.0,-4500.72,16.41800310398345,31736,0.8109779470012521,0.02,unit_proxy,unit_payoff,ok,
matrix_transformer,masked_reconstruction,50,fold_5,2,20,0.33,1.0,0.0,-3866.0,-3869.1736,0.08209001551991926,31736,0.8109779470012521,0.00010000000000000003,unit_proxy,unit_payoff,ok,
matrix_transformer,masked_reconstruction,50,fold_5,2,20,0.33,1.0,0.5,-3866.0,-4027.8536,4.186590791515776,31736,0.8109779470012521,0.005099999999999999,unit_proxy,unit_payoff,ok,
matrix_transformer,masked_reconstruction,50,fold_5,2,20,0.33,1.0,1.0,-3866.0,-4186.5336,8.291091567511634,31736,0.8109779470012521,0.0101,unit_proxy,unit_payoff,ok,
matrix_transformer,masked_reconstruction,50,fold_5,2,20,0.33,1.0,2.0,-3866.0,-4503.8936,16.50009311950337,31736,0.8109779470012521,0.020100000000000003,unit_proxy,unit_payoff,ok,
matrix_transformer,masked_reconstruction,50,fold_5,2,20,0.33,2.0,0.0,-3866.0,-3872.3472,0.16418003103983853,31736,0.8109779470012521,0.00020000000000000006,unit_proxy,unit_payoff,ok,
matrix_transformer,masked_reconstruction,50,fold_5,2,20,0.33,2.0,0.5,-3866.0,-4031.0272,4.268680807035696,31736,0.8109779470012521,0.005199999999999998,unit_proxy,unit_payoff,ok,
matrix_transformer,masked_reconstruction,50,fold_5,2,20,0.33,2.0,1.0,-3866.0,-4189.7072,8.373181583031553,31736,0.8109779470012521,0.010199999999999997,unit_proxy,unit_payoff,ok,
matrix_transformer,masked_reconstruction,50,fold_5,2,20,0.33,2.0,2.0,-3866.0,-4507.0671999999995,16.582183135023268,31736,0.8109779470012521,0.0202,unit_proxy,unit_payoff,ok,
matrix_transformer,masked_reconstruction,50,fold_5,2,20,0.33,5.0,0.0,-3866.0,-3881.868,0.4104500775995845,31736,0.8109779470012521,0.0005000000000000002,unit_proxy,unit_payoff,ok,
matrix_transformer,masked_reconstruction,50,fold_5,2,20,0.33,5.0,0.5,-3866.0,-4040.548,4.514950853595442,31736,0.8109779470012521,0.0055,unit_proxy,unit_payoff,ok,
matrix_transformer,masked_reconstruction,50,fold_5,2,20,0.33,5.0,1.0,-3866.0,-4199.228,8.61945162959131,31736,0.8109779470012521,0.010499999999999999,unit_proxy,unit_payoff,ok,
matrix_transformer,masked_reconstruction,50,fold_5,2,20,0.33,5.0,2.0,-3866.0,-4516.588,16.828453181583026,31736,0.8109779470012521,0.0205,unit_proxy,unit_payoff,ok,
matrix_transformer,masked_reconstruction,50,fold_5,2,20,0.33,10.0,0.0,-3866.0,-3897.736,0.820900155199169,31736,0.8109779470012521,0.0010000000000000005,unit_proxy,unit_payoff,ok,
matrix_transformer,masked_reconstruction,50,fold_5,2,20,0.33,10.0,0.5,-3866.0,-4056.416,4.925400931195037,31736,0.8109779470012521,0.006000000000000001,unit_proxy,unit_payoff,ok,
matrix_transformer,masked_reconstruction,50,fold_5,2,20,0.33,10.0,1.0,-3866.0,-4215.096,9.029901707190884,31736,0.8109779470012521,0.011,unit_proxy,unit_payoff,ok,
matrix_transformer,masked_reconstruction,50,fold_5,2,20,0.33,10.0,2.0,-3866.0,-4532.456,17.23890325918262,31736,0.8109779470012521,0.020999999999999998,unit_proxy,unit_payoff,ok,
matrix_transformer,next_field,10,fold_1,0,20,0.33,0.0,0.0,0.0,0.0,,0,0.0,,unit_proxy,unit_payoff,ok,
matrix_transformer,next_field,10,fold_1,0,20,0.33,0.0,0.5,0.0,0.0,,0,0.0,,unit_proxy,unit_payoff,ok,
matrix_transformer,next_field,10,fold_1,0,20,0.33,0.0,1.0,0.0,0.0,,0,0.0,,unit_proxy,unit_payoff,ok,
matrix_transformer,next_field,10,fold_1,0,20,0.33,0.0,2.0,0.0,0.0,,0,0.0,,unit_proxy,unit_payoff,ok,
matrix_transformer,next_field,10,fold_1,0,20,0.33,1.0,0.0,0.0,0.0,,0,0.0,,unit_proxy,unit_payoff,ok,
matrix_transformer,next_field,10,fold_1,0,20,0.33,1.0,0.5,0.0,0.0,,0,0.0,,unit_proxy,unit_payoff,ok,
matrix_transformer,next_field,10,fold_1,0,20,0.33,1.0,1.0,0.0,0.0,,0,0.0,,unit_proxy,unit_payoff,ok,
matrix_transformer,next_field,10,fold_1,0,20,0.33,1.0,2.0,0.0,0.0,,0,0.0,,unit_proxy,unit_payoff,ok,
matrix_transformer,next_field,10,fold_1,0,20,0.33,2.0,0.0,0.0,0.0,,0,0.0,,unit_proxy,unit_payoff,ok,
matrix_transformer,next_field,10,fold_1,0,20,0.33,2.0,0.5,0.0,0.0,,0,0.0,,unit_proxy,unit_payoff,ok,
matrix_transformer,next_field,10,fold_1,0,20,0.33,2.0,1.0,0.0,0.0,,0,0.0,,unit_proxy,unit_payoff,ok,
matrix_transformer,next_field,10,fold_1,0,20,0.33,2.0,2.0,0.0,0.0,,0,0.0,,unit_proxy,unit_payoff,ok,
matrix_transformer,next_field,10,fold_1,0,20,0.33,5.0,0.0,0.0,0.0,,0,0.0,,unit_proxy,unit_payoff,ok,
matrix_transformer,next_field,10,fold_1,0,20,0.33,5.0,0.5,0.0,0.0,,0,0.0,,unit_proxy,unit_payoff,ok,
matrix_transformer,next_field,10,fold_1,0,20,0.33,5.0,1.0,0.0,0.0,,0,0.0,,unit_proxy,unit_payoff,ok,
matrix_transformer,next_field,10,fold_1,0,20,0.33,5.0,2.0,0.0,0.0,,0,0.0,,unit_proxy,unit_payoff,ok,
matrix_transformer,next_field,10,fold_1,0,20,0.33,10.0,0.0,0.0,0.0,,0,0.0,,unit_proxy,unit_payoff,ok,
matrix_transformer,next_field,10,fold_1,0,20,0.33,10.0,0.5,0.0,0.0,,0,0.0,,unit_proxy,unit_payoff,ok,
matrix_transformer,next_field,10,fold_1,0,20,0.33,10.0,1.0,0.0,0.0,,0,0.0,,unit_proxy,unit_payoff,ok,
matrix_transformer,next_field,10,fold_1,0,20,0.33,10.0,2.0,0.0,0.0,,0,0.0,,unit_proxy,unit_payoff,ok,
matrix_transformer,next_field,10,fold_1,1,20,0.33,0.0,0.0,0.0,0.0,,0,0.0,,unit_proxy,unit_payoff,ok,
matrix_transformer,next_field,10,fold_1,1,20,0.33,0.0,0.5,0.0,0.0,,0,0.0,,unit_proxy,unit_payoff,ok,
matrix_transformer,next_field,10,fold_1,1,20,0.33,0.0,1.0,0.0,0.0,,0,0.0,,unit_proxy,unit_payoff,ok,
matrix_transformer,next_field,10,fold_1,1,20,0.33,0.0,2.0,0.0,0.0,,0,0.0,,unit_proxy,unit_payoff,ok,
matrix_transformer,next_field,10,fold_1,1,20,0.33,1.0,0.0,0.0,0.0,,0,0.0,,unit_proxy,unit_payoff,ok,
matrix_transformer,next_field,10,fold_1,1,20,0.33,1.0,0.5,0.0,0.0,,0,0.0,,unit_proxy,unit_payoff,ok,
matrix_transformer,next_field,10,fold_1,1,20,0.33,1.0,1.0,0.0,0.0,,0,0.0,,unit_proxy,unit_payoff,ok,
matrix_transformer,next_field,10,fold_1,1,20,0.33,1.0,2.0,0.0,0.0,,0,0.0,,unit_proxy,unit_payoff,ok,
matrix_transformer,next_field,10,fold_1,1,20,0.33,2.0,0.0,0.0,0.0,,0,0.0,,unit_proxy,unit_payoff,ok,
matrix_transformer,next_field,10,fold_1,1,20,0.33,2.0,0.5,0.0,0.0,,0,0.0,,unit_proxy,unit_payoff,ok,
matrix_transformer,next_field,10,fold_1,1,20,0.33,2.0,1.0,0.0,0.0,,0,0.0,,unit_proxy,unit_payoff,ok,
matrix_transformer,next_field,10,fold_1,1,20,0.33,2.0,2.0,0.0,0.0,,0,0.0,,unit_proxy,unit_payoff,ok,
matrix_transformer,next_field,10,fold_1,1,20,0.33,5.0,0.0,0.0,0.0,,0,0.0,,unit_proxy,unit_payoff,ok,
matrix_transformer,next_field,10,fold_1,1,20,0.33,5.0,0.5,0.0,0.0,,0,0.0,,unit_proxy,unit_payoff,ok,
matrix_transformer,next_field,10,fold_1,1,20,0.33,5.0,1.0,0.0,0.0,,0,0.0,,unit_proxy,unit_payoff,ok,
matrix_transformer,next_field,10,fold_1,1,20,0.33,5.0,2.0,0.0,0.0,,0,0.0,,unit_proxy,unit_payoff,ok,
matrix_transformer,next_field,10,fold_1,1,20,0.33,10.0,0.0,0.0,0.0,,0,0.0,,unit_proxy,unit_payoff,ok,
matrix_transformer,next_field,10,fold_1,1,20,0.33,10.0,0.5,0.0,0.0,,0,0.0,,unit_proxy,unit_payoff,ok,
matrix_transformer,next_field,10,fold_1,1,20,0.33,10.0,1.0,0.0,0.0,,0,0.0,,unit_proxy,unit_payoff,ok,
matrix_transformer,next_field,10,fold_1,1,20,0.33,10.0,2.0,0.0,0.0,,0,0.0,,unit_proxy,unit_payoff,ok,
matrix_transformer,next_field,10,fold_1,2,20,0.33,0.0,0.0,0.0,0.0,,0,0.0,,unit_proxy,unit_payoff,ok,
matrix_transformer,next_field,10,fold_1,2,20,0.33,0.0,0.5,0.0,0.0,,0,0.0,,unit_proxy,unit_payoff,ok,
matrix_transformer,next_field,10,fold_1,2,20,0.33,0.0,1.0,0.0,0.0,,0,0.0,,unit_proxy,unit_payoff,ok,
matrix_transformer,next_field,10,fold_1,2,20,0.33,0.0,2.0,0.0,0.0,,0,0.0,,unit_proxy,unit_payoff,ok,
matrix_transformer,next_field,10,fold_1,2,20,0.33,1.0,0.0,0.0,0.0,,0,0.0,,unit_proxy,unit_payoff,ok,
matrix_transformer,next_field,10,fold_1,2,20,0.33,1.0,0.5,0.0,0.0,,0,0.0,,unit_proxy,unit_payoff,ok,
matrix_transformer,next_field,10,fold_1,2,20,0.33,1.0,1.0,0.0,0.0,,0,0.0,,unit_proxy,unit_payoff,ok,
matrix_transformer,next_field,10,fold_1,2,20,0.33,1.0,2.0,0.0,0.0,,0,0.0,,unit_proxy,unit_payoff,ok,
matrix_transformer,next_field,10,fold_1,2,20,0.33,2.0,0.0,0.0,0.0,,0,0.0,,unit_proxy,unit_payoff,ok,
matrix_transformer,next_field,10,fold_1,2,20,0.33,2.0,0.5,0.0,0.0,,0,0.0,,unit_proxy,unit_payoff,ok,
matrix_transformer,next_field,10,fold_1,2,20,0.33,2.0,1.0,0.0,0.0,,0,0.0,,unit_proxy,unit_payoff,ok,
matrix_transformer,next_field,10,fold_1,2,20,0.33,2.0,2.0,0.0,0.0,,0,0.0,,unit_proxy,unit_payoff,ok,
matrix_transformer,next_field,10,fold_1,2,20,0.33,5.0,0.0,0.0,0.0,,0,0.0,,unit_proxy,unit_payoff,ok,
matrix_transformer,next_field,10,fold_1,2,20,0.33,5.0,0.5,0.0,0.0,,0,0.0,,unit_proxy,unit_payoff,ok,
matrix_transformer,next_field,10,fold_1,2,20,0.33,5.0,1.0,0.0,0.0,,0,0.0,,unit_proxy,unit_payoff,ok,
matrix_transformer,next_field,10,fold_1,2,20,0.33,5.0,2.0,0.0,0.0,,0,0.0,,unit_proxy,unit_payoff,ok,
matrix_transformer,next_field,10,fold_1,2,20,0.33,10.0,0.0,0.0,0.0,,0,0.0,,unit_proxy,unit_payoff,ok,
matrix_transformer,next_field,10,fold_1,2,20,0.33,10.0,0.5,0.0,0.0,,0,0.0,,unit_proxy,unit_payoff,ok,
matrix_transformer,next_field,10,fold_1,2,20,0.33,10.0,1.0,0.0,0.0,,0,0.0,,unit_proxy,unit_payoff,ok,
matrix_transformer,next_field,10,fold_1,2,20,0.33,10.0,2.0,0.0,0.0,,0,0.0,,unit_proxy,unit_payoff,ok,
matrix_transformer,next_field,10,fold_2,0,20,0.33,0.0,0.0,-786.0,-786.0,0.0,1454,0.050988918501893674,0.0,unit_proxy,unit_payoff,ok,
matrix_transformer,next_field,10,fold_2,0,20,0.33,0.0,0.5,-786.0,-793.27,0.9249363867684456,1454,0.050988918501893674,0.005,unit_proxy,unit_payoff,ok,
matrix_transformer,next_field,10,fold_2,0,20,0.33,0.0,1.0,-786.0,-800.54,1.8498727735368912,1454,0.050988918501893674,0.01,unit_proxy,unit_payoff,ok,
matrix_transformer,next_field,10,fold_2,0,20,0.33,0.0,2.0,-786.0,-815.08,3.699745547073797,1454,0.050988918501893674,0.02,unit_proxy,unit_payoff,ok,
matrix_transformer,next_field,10,fold_2,0,20,0.33,1.0,0.0,-786.0,-786.1454,0.01849872773536833,1454,0.050988918501893674,0.00010000000000000002,unit_proxy,unit_payoff,ok,
matrix_transformer,next_field,10,fold_2,0,20,0.33,1.0,0.5,-786.0,-793.4154,0.9434351145038138,1454,0.050988918501893674,0.0051,unit_proxy,unit_payoff,ok,
matrix_transformer,next_field,10,fold_2,0,20,0.33,1.0,1.0,-786.0,-800.6854,1.8683715012722595,1454,0.050988918501893674,0.010100000000000001,unit_proxy,unit_payoff,ok,
matrix_transformer,next_field,10,fold_2,0,20,0.33,1.0,2.0,-786.0,-815.2254,3.7182442748091646,1454,0.050988918501893674,0.020100000000000007,unit_proxy,unit_payoff,ok,
matrix_transformer,next_field,10,fold_2,0,20,0.33,2.0,0.0,-786.0,-786.2908,0.03699745547073666,1454,0.050988918501893674,0.00020000000000000004,unit_proxy,unit_payoff,ok,
matrix_transformer,next_field,10,fold_2,0,20,0.33,2.0,0.5,-786.0,-793.5608,0.9619338422391821,1454,0.050988918501893674,0.0052,unit_proxy,unit_payoff,ok,
matrix_transformer,next_field,10,fold_2,0,20,0.33,2.0,1.0,-786.0,-800.8308,1.8868702290076276,1454,0.050988918501893674,0.0102,unit_proxy,unit_payoff,ok,
matrix_transformer,next_field,10,fold_2,0,20,0.33,2.0,2.0,-786.0,-815.3708,3.736743002544533,1454,0.050988918501893674,0.020200000000000003,unit_proxy,unit_payoff,ok,
matrix_transformer,next_field,10,fold_2,0,20,0.33,5.0,0.0,-786.0,-786.727,0.09249363867684166,1454,0.050988918501893674,0.0005,unit_proxy,unit_payoff,ok,
matrix_transformer,next_field,10,fold_2,0,20,0.33,5.0,0.5,-786.0,-793.997,1.0174300254452873,1454,0.050988918501893674,0.0055,unit_proxy,unit_payoff,ok,
matrix_transformer,next_field,10,fold_2,0,20,0.33,5.0,1.0,-786.0,-801.267,1.942366412213747,1454,0.050988918501893674,0.010499999999999999,unit_proxy,unit_payoff,ok,
matrix_transformer,next_field,10,fold_2,0,20,0.33,5.0,2.0,-786.0,-815.807,3.7922391857506383,1454,0.050988918501893674,0.0205,unit_proxy,unit_payoff,ok,
matrix_transformer,next_field,10,fold_2,0,20,0.33,10.0,0.0,-786.0,-787.454,0.1849872773536833,1454,0.050988918501893674,0.001,unit_proxy,unit_payoff,ok,
matrix_transformer,next_field,10,fold_2,0,20,0.33,10.0,0.5,-786.0,-794.724,1.1099236641221433,1454,0.050988918501893674,0.006,unit_proxy,unit_payoff,ok,
matrix_transformer,next_field,10,fold_2,0,20,0.33,10.0,1.0,-786.0,-801.994,2.0348600508905887,1454,0.050988918501893674,0.011,unit_proxy,unit_payoff,ok,
matrix_transformer,next_field,10,fold_2,0,20,0.33,10.0,2.0,-786.0,-816.534,3.88473282442748,1454,0.050988918501893674,0.020999999999999998,unit_proxy,unit_payoff,ok,
matrix_transformer,next_field,10,fold_2,1,20,0.33,0.0,0.0,-2.0,-2.0,0.0,2,7.013606396409034e-05,0.0,unit_proxy,unit_payoff,ok,
matrix_transformer,next_field,10,fold_2,1,20,0.33,0.0,0.5,-2.0,-2.01,0.49999999999998934,2,7.013606396409034e-05,0.005,unit_proxy,unit_payoff,ok,
matrix_transformer,next_field,10,fold_2,1,20,0.33,0.0,1.0,-2.0,-2.02,1.0000000000000009,2,7.013606396409034e-05,0.01,unit_proxy,unit_payoff,ok,
matrix_transformer,next_field,10,fold_2,1,20,0.33,0.0,2.0,-2.0,-2.04,2.0000000000000018,2,7.013606396409034e-05,0.02,unit_proxy,unit_payoff,ok,
matrix_transformer,next_field,10,fold_2,1,20,0.33,1.0,0.0,-2.0,-2.0002,0.009999999999998899,2,7.013606396409034e-05,0.0001,unit_proxy,unit_payoff,ok,
matrix_transformer,next_field,10,fold_2,1,20,0.33,1.0,0.5,-2.0,-2.0102,0.5100000000000104,2,7.013606396409034e-05,0.0051,unit_proxy,unit_payoff,ok,
matrix_transformer,next_field,10,fold_2,1,20,0.33,1.0,1.0,-2.0,-2.0202,1.0099999999999998,2,7.013606396409034e-05,0.0101,unit_proxy,unit_payoff,ok,
matrix_transformer,next_field,10,fold_2,1,20,0.33,1.0,2.0,-2.0,-2.0402,2.0100000000000007,2,7.013606396409034e-05,0.0201,unit_proxy,unit_payoff,ok,
matrix_transformer,next_field,10,fold_2,1,20,0.33,2.0,0.0,-2.0,-2.0004,0.019999999999997797,2,7.013606396409034e-05,0.0002,unit_proxy,unit_payoff,ok,
matrix_transformer,next_field,10,fold_2,1,20,0.33,2.0,0.5,-2.0,-2.0104,0.5200000000000093,2,7.013606396409034e-05,0.0052,unit_proxy,unit_payoff,ok,
matrix_transformer,next_field,10,fold_2,1,20,0.33,2.0,1.0,-2.0,-2.0204,1.0199999999999987,2,7.013606396409034e-05,0.0102,unit_proxy,unit_payoff,ok,
matrix_transformer,next_field,10,fold_2,1,20,0.33,2.0,2.0,-2.0,-2.0404,2.0199999999999996,2,7.013606396409034e-05,0.0202,unit_proxy,unit_payoff,ok,
matrix_transformer,next_field,10,fold_2,1,20,0.33,5.0,0.0,-2.0,-2.001,0.04999999999999449,2,7.013606396409034e-05,0.0005,unit_proxy,unit_payoff,ok,
matrix_transformer,next_field,10,fold_2,1,20,0.33,5.0,0.5,-2.0,-2.011,0.550000000000006,2,7.013606396409034e-05,0.0055,unit_proxy,unit_payoff,ok,
matrix_transformer,next_field,10,fold_2,1,20,0.33,5.0,1.0,-2.0,-2.021,1.0499999999999954,2,7.013606396409034e-05,0.0105,unit_proxy,unit_payoff,ok,
matrix_transformer,next_field,10,fold_2,1,20,0.33,5.0,2.0,-2.0,-2.041,2.0499999999999963,2,7.013606396409034e-05,0.0205,unit_proxy,unit_payoff,ok,
matrix_transformer,next_field,10,fold_2,1,20,0.33,10.0,0.0,-2.0,-2.002,0.09999999999998899,2,7.013606396409034e-05,0.001,unit_proxy,unit_payoff,ok,
matrix_transformer,next_field,10,fold_2,1,20,0.33,10.0,0.5,-2.0,-2.012,0.6000000000000005,2,7.013606396409034e-05,0.006,unit_proxy,unit_payoff,ok,
matrix_transformer,next_field,10,fold_2,1,20,0.33,10.0,1.0,-2.0,-2.022,1.0999999999999899,2,7.013606396409034e-05,0.011,unit_proxy,unit_payoff,ok,
matrix_transformer,next_field,10,fold_2,1,20,0.33,10.0,2.0,-2.0,-2.042,2.0999999999999908,2,7.013606396409034e-05,0.021,unit_proxy,unit_payoff,ok,
matrix_transformer,next_field,10,fold_2,2,20,0.33,0.0,0.0,0.0,0.0,,0,0.0,,unit_proxy,unit_payoff,ok,
matrix_transformer,next_field,10,fold_2,2,20,0.33,0.0,0.5,0.0,0.0,,0,0.0,,unit_proxy,unit_payoff,ok,
matrix_transformer,next_field,10,fold_2,2,20,0.33,0.0,1.0,0.0,0.0,,0,0.0,,unit_proxy,unit_payoff,ok,
matrix_transformer,next_field,10,fold_2,2,20,0.33,0.0,2.0,0.0,0.0,,0,0.0,,unit_proxy,unit_payoff,ok,
matrix_transformer,next_field,10,fold_2,2,20,0.33,1.0,0.0,0.0,0.0,,0,0.0,,unit_proxy,unit_payoff,ok,
matrix_transformer,next_field,10,fold_2,2,20,0.33,1.0,0.5,0.0,0.0,,0,0.0,,unit_proxy,unit_payoff,ok,
matrix_transformer,next_field,10,fold_2,2,20,0.33,1.0,1.0,0.0,0.0,,0,0.0,,unit_proxy,unit_payoff,ok,
matrix_transformer,next_field,10,fold_2,2,20,0.33,1.0,2.0,0.0,0.0,,0,0.0,,unit_proxy,unit_payoff,ok,
matrix_transformer,next_field,10,fold_2,2,20,0.33,2.0,0.0,0.0,0.0,,0,0.0,,unit_proxy,unit_payoff,ok,
matrix_transformer,next_field,10,fold_2,2,20,0.33,2.0,0.5,0.0,0.0,,0,0.0,,unit_proxy,unit_payoff,ok,
matrix_transformer,next_field,10,fold_2,2,20,0.33,2.0,1.0,0.0,0.0,,0,0.0,,unit_proxy,unit_payoff,ok,
matrix_transformer,next_field,10,fold_2,2,20,0.33,2.0,2.0,0.0,0.0,,0,0.0,,unit_proxy,unit_payoff,ok,
matrix_transformer,next_field,10,fold_2,2,20,0.33,5.0,0.0,0.0,0.0,,0,0.0,,unit_proxy,unit_payoff,ok,
matrix_transformer,next_field,10,fold_2,2,20,0.33,5.0,0.5,0.0,0.0,,0,0.0,,unit_proxy,unit_payoff,ok,
matrix_transformer,next_field,10,fold_2,2,20,0.33,5.0,1.0,0.0,0.0,,0,0.0,,unit_proxy,unit_payoff,ok,
matrix_transformer,next_field,10,fold_2,2,20,0.33,5.0,2.0,0.0,0.0,,0,0.0,,unit_proxy,unit_payoff,ok,
matrix_transformer,next_field,10,fold_2,2,20,0.33,10.0,0.0,0.0,0.0,,0,0.0,,unit_proxy,unit_payoff,ok,
matrix_transformer,next_field,10,fold_2,2,20,0.33,10.0,0.5,0.0,0.0,,0,0.0,,unit_proxy,unit_payoff,ok,
matrix_transformer,next_field,10,fold_2,2,20,0.33,10.0,1.0,0.0,0.0,,0,0.0,,unit_proxy,unit_payoff,ok,
matrix_transformer,next_field,10,fold_2,2,20,0.33,10.0,2.0,0.0,0.0,,0,0.0,,unit_proxy,unit_payoff,ok,
matrix_transformer,next_field,10,fold_3,0,20,0.33,0.0,0.0,-7.0,-7.0,0.0,7,0.00018916873851475516,0.0,unit_proxy,unit_payoff,ok,
matrix_transformer,next_field,10,fold_3,0,20,0.33,0.0,0.5,-7.0,-7.035,0.500000000000002,7,0.00018916873851475516,0.005,unit_proxy,unit_payoff,ok,
matrix_transformer,next_field,10,fold_3,0,20,0.33,0.0,1.0,-7.0,-7.07,1.000000000000004,7,0.00018916873851475516,0.01,unit_proxy,unit_payoff,ok,
matrix_transformer,next_field,10,fold_3,0,20,0.33,0.0,2.0,-7.0,-7.14,1.9999999999999956,7,0.00018916873851475516,0.02,unit_proxy,unit_payoff,ok,
matrix_transformer,next_field,10,fold_3,0,20,0.33,1.0,0.0,-7.0,-7.0007,0.010000000000002071,7,0.00018916873851475516,0.00010000000000000002,unit_proxy,unit_payoff,ok,
matrix_transformer,next_field,10,fold_3,0,20,0.33,1.0,0.5,-7.0,-7.0357,0.5100000000000041,7,0.00018916873851475516,0.0051,unit_proxy,unit_payoff,ok,
matrix_transformer,next_field,10,fold_3,0,20,0.33,1.0,1.0,-7.0,-7.0707,1.0100000000000062,7,0.00018916873851475516,0.0101,unit_proxy,unit_payoff,ok,
matrix_transformer,next_field,10,fold_3,0,20,0.33,1.0,2.0,-7.0,-7.1407,2.0099999999999976,7,0.00018916873851475516,0.0201,unit_proxy,unit_payoff,ok,
matrix_transformer,next_field,10,fold_3,0,20,0.33,2.0,0.0,-7.0,-7.0014,0.020000000000004143,7,0.00018916873851475516,0.00020000000000000004,unit_proxy,unit_payoff,ok,
matrix_transformer,next_field,10,fold_3,0,20,0.33,2.0,0.5,-7.0,-7.0364,0.5200000000000061,7,0.00018916873851475516,0.005200000000000001,unit_proxy,unit_payoff,ok,
matrix_transformer,next_field,10,fold_3,0,20,0.33,2.0,1.0,-7.0,-7.0714,1.0199999999999956,7,0.00018916873851475516,0.0102,unit_proxy,unit_payoff,ok,
matrix_transformer,next_field,10,fold_3,0,20,0.33,2.0,2.0,-7.0,-7.1414,2.0199999999999996,7,0.00018916873851475516,0.0202,unit_proxy,unit_payoff,ok,
matrix_transformer,next_field,10,fold_3,0,20,0.33,5.0,0.0,-7.0,-7.0035,0.04999999999999767,7,0.00018916873851475516,0.0005,unit_proxy,unit_payoff,ok,
matrix_transformer,next_field,10,fold_3,0,20,0.33,5.0,0.5,-7.0,-7.0385,0.5499999999999997,7,0.00018916873851475516,0.0055,unit_proxy,unit_payoff,ok,
matrix_transformer,next_field,10,fold_3,0,20,0.33,5.0,1.0,-7.0,-7.0735,1.0500000000000018,7,0.00018916873851475516,0.0105,unit_proxy,unit_payoff,ok,
matrix_transformer,next_field,10,fold_3,0,20,0.33,5.0,2.0,-7.0,-7.1435,2.0500000000000056,7,0.00018916873851475516,0.0205,unit_proxy,unit_payoff,ok,
matrix_transformer,next_field,10,fold_3,0,20,0.33,10.0,0.0,-7.0,-7.007,0.09999999999999534,7,0.00018916873851475516,0.001,unit_proxy,unit_payoff,ok,
matrix_transformer,next_field,10,fold_3,0,20,0.33,10.0,0.5,-7.0,-7.042,0.5999999999999973,7,0.00018916873851475516,0.006,unit_proxy,unit_payoff,ok,
matrix_transformer,next_field,10,fold_3,0,20,0.33,10.0,1.0,-7.0,-7.077,1.0999999999999994,7,0.00018916873851475516,0.011,unit_proxy,unit_payoff,ok,
matrix_transformer,next_field,10,fold_3,0,20,0.33,10.0,2.0,-7.0,-7.147,2.1000000000000036,7,0.00018916873851475516,0.021,unit_proxy,unit_payoff,ok,
matrix_transformer,next_field,10,fold_3,1,20,0.33,0.0,0.0,-304.0,-304.0,0.0,420,0.01135012431088531,0.0,unit_proxy,unit_payoff,ok,
matrix_transformer,next_field,10,fold_3,1,20,0.33,0.0,0.5,-304.0,-306.1,0.690789473684218,420,0.01135012431088531,0.005000000000000001,unit_proxy,unit_payoff,ok,
matrix_transformer,next_field,10,fold_3,1,20,0.33,0.0,1.0,-304.0,-308.2,1.3815789473684175,420,0.01135012431088531,0.010000000000000002,unit_proxy,unit_payoff,ok,
matrix_transformer,next_field,10,fold_3,1,20,0.33,0.0,2.0,-304.0,-312.4,2.763157894736835,420,0.01135012431088531,0.020000000000000004,unit_proxy,unit_payoff,ok,
matrix_transformer,next_field,10,fold_3,1,20,0.33,1.0,0.0,-304.0,-304.042,0.013815789473675384,420,0.01135012431088531,0.00010000000000000002,unit_proxy,unit_payoff,ok,
matrix_transformer,next_field,10,fold_3,1,20,0.33,1.0,0.5,-304.0,-306.142,0.7046052631578934,420,0.01135012431088531,0.0050999999999999995,unit_proxy,unit_payoff,ok,
matrix_transformer,next_field,10,fold_3,1,20,0.33,1.0,1.0,-304.0,-308.242,1.3953947368421113,420,0.01135012431088531,0.010100000000000001,unit_proxy,unit_payoff,ok,
matrix_transformer,next_field,10,fold_3,1,20,0.33,1.0,2.0,-304.0,-312.442,2.7769736842105286,420,0.01135012431088531,0.0201,unit_proxy,unit_payoff,ok,
matrix_transformer,next_field,10,fold_3,1,20,0.33,2.0,0.0,-304.0,-304.084,0.027631578947369465,420,0.01135012431088531,0.00020000000000000004,unit_proxy,unit_payoff,ok,
matrix_transformer,next_field,10,fold_3,1,20,0.33,2.0,0.5,-304.0,-306.184,0.7184210526315874,420,0.01135012431088531,0.0052,unit_proxy,unit_payoff,ok,
matrix_transformer,next_field,10,fold_3,1,20,0.33,2.0,1.0,-304.0,-308.284,1.4092105263157868,420,0.01135012431088531,0.010199999999999999,unit_proxy,unit_payoff,ok,
matrix_transformer,next_field,10,fold_3,1,20,0.33,2.0,2.0,-304.0,-312.484,2.790789473684204,420,0.01135012431088531,0.020200000000000003,unit_proxy,unit_payoff,ok,
matrix_transformer,next_field,10,fold_3,1,20,0.33,5.0,0.0,-304.0,-304.21,0.06907894736841433,420,0.01135012431088531,0.0005,unit_proxy,unit_payoff,ok,
matrix_transformer,next_field,10,fold_3,1,20,0.33,5.0,0.5,-304.0,-306.31,0.7598684210526323,420,0.01135012431088531,0.0055000000000000005,unit_proxy,unit_payoff,ok,
matrix_transformer,next_field,10,fold_3,1,20,0.33,5.0,1.0,-304.0,-308.41,1.4506578947368505,420,0.01135012431088531,0.0105,unit_proxy,unit_payoff,ok,
matrix_transformer,next_field,10,fold_3,1,20,0.33,5.0,2.0,-304.0,-312.61,2.8322368421052677,420,0.01135012431088531,0.020499999999999997,unit_proxy,unit_payoff,ok,
matrix_transformer,next_field,10,fold_3,1,20,0.33,10.0,0.0,-304.0,-304.42,0.13815789473684734,420,0.01135012431088531,0.001,unit_proxy,unit_payoff,ok,
matrix_transformer,next_field,10,fold_3,1,20,0.33,10.0,0.5,-304.0,-306.52,0.8289473684210467,420,0.01135012431088531,0.006,unit_proxy,unit_payoff,ok,
matrix_transformer,next_field,10,fold_3,1,20,0.33,10.0,1.0,-304.0,-308.62,1.5197368421052646,420,0.01135012431088531,0.011000000000000001,unit_proxy,unit_payoff,ok,
matrix_transformer,next_field,10,fold_3,1,20,0.33,10.0,2.0,-304.0,-312.82,2.901315789473682,420,0.01135012431088531,0.021,unit_proxy,unit_payoff,ok,
matrix_transformer,next_field,10,fold_3,2,20,0.33,0.0,0.0,-193.0,-193.0,0.0,407,0.010998810939357907,0.0,unit_proxy,unit_payoff,ok,
matrix_transformer,next_field,10,fold_3,2,20,0.33,0.0,0.5,-193.0,-195.035,1.0544041450777186,407,0.010998810939357907,0.005,unit_proxy,unit_payoff,ok,
matrix_transformer,next_field,10,fold_3,2,20,0.33,0.0,1.0,-193.0,-197.07,2.1088082901554372,407,0.010998810939357907,0.01,unit_proxy,unit_payoff,ok,
matrix_transformer,next_field,10,fold_3,2,20,0.33,0.0,2.0,-193.0,-201.14,4.2176165803108745,407,0.010998810939357907,0.02,unit_proxy,unit_payoff,ok,
matrix_transformer,next_field,10,fold_3,2,20,0.33,1.0,0.0,-193.0,-193.0407,0.021088082901547595,407,0.010998810939357907,0.0001,unit_proxy,unit_payoff,ok,
matrix_transformer,next_field,10,fold_3,2,20,0.33,1.0,0.5,-193.0,-195.0757,1.0754922279792807,407,0.010998810939357907,0.0050999999999999995,unit_proxy,unit_payoff,ok,
matrix_transformer,next_field,10,fold_3,2,20,0.33,1.0,1.0,-193.0,-197.1107,2.129896373056999,407,0.010998810939357907,0.010100000000000001,unit_proxy,unit_payoff,ok,
matrix_transformer,next_field,10,fold_3,2,20,0.33,1.0,2.0,-193.0,-201.1807,4.238704663212435,407,0.010998810939357907,0.0201,unit_proxy,unit_payoff,ok,
matrix_transformer,next_field,10,fold_3,2,20,0.33,2.0,0.0,-193.0,-193.0814,0.042176165803109913,407,0.010998810939357907,0.0002,unit_proxy,unit_payoff,ok,
matrix_transformer,next_field,10,fold_3,2,20,0.33,2.0,0.5,-193.0,-195.1164,1.0965803108808283,407,0.010998810939357907,0.005199999999999999,unit_proxy,unit_payoff,ok,
matrix_transformer,next_field,10,fold_3,2,20,0.33,2.0,1.0,-193.0,-197.1514,2.1509844559585467,407,0.010998810939357907,0.010199999999999999,unit_proxy,unit_payoff,ok,
matrix_transformer,next_field,10,fold_3,2,20,0.33,2.0,2.0,-193.0,-201.2214,4.259792746113984,407,0.010998810939357907,0.020200000000000003,unit_proxy,unit_payoff,ok,
matrix_transformer,next_field,10,fold_3,2,20,0.33,5.0,0.0,-193.0,-193.2035,0.10544041450776742,407,0.010998810939357907,0.0005,unit_proxy,unit_payoff,ok,
matrix_transformer,next_field,10,fold_3,2,20,0.33,5.0,0.5,-193.0,-195.2385,1.1598445595854858,407,0.010998810939357907,0.0055000000000000005,unit_proxy,unit_payoff,ok,
matrix_transformer,next_field,10,fold_3,2,20,0.33,5.0,1.0,-193.0,-197.2735,2.214248704663219,407,0.010998810939357907,0.0105,unit_proxy,unit_payoff,ok,
matrix_transformer,next_field,10,fold_3,2,20,0.33,5.0,2.0,-193.0,-201.3435,4.323056994818656,407,0.010998810939357907,0.020499999999999997,unit_proxy,unit_payoff,ok,
matrix_transformer,next_field,10,fold_3,2,20,0.33,10.0,0.0,-193.0,-193.407,0.21088082901554958,407,0.010998810939357907,0.001,unit_proxy,unit_payoff,ok,
matrix_transformer,next_field,10,fold_3,2,20,0.33,10.0,0.5,-193.0,-195.442,1.2652849740932681,407,0.010998810939357907,0.005999999999999999,unit_proxy,unit_payoff,ok,
matrix_transformer,next_field,10,fold_3,2,20,0.33,10.0,1.0,-193.0,-197.477,2.3196891191709863,407,0.010998810939357907,0.011000000000000001,unit_proxy,unit_payoff,ok,
matrix_transformer,next_field,10,fold_3,2,20,0.33,10.0,2.0,-193.0,-201.547,4.4284974093264236,407,0.010998810939357907,0.021,unit_proxy,unit_payoff,ok,
matrix_transformer,next_field,10,fold_4,0,20,0.33,0.0,0.0,-5955.0,-5955.0,0.0,9801,0.28191336363113384,0.0,unit_proxy,unit_payoff,ok,
matrix_transformer,next_field,10,fold_4,0,20,0.33,0.0,0.5,-5955.0,-6004.005,0.8229219143576845,9801,0.28191336363113384,0.004999999999999999,unit_proxy,unit_payoff,ok,
matrix_transformer,next_field,10,fold_4,0,20,0.33,0.0,1.0,-5955.0,-6053.01,1.645843828715369,9801,0.28191336363113384,0.009999999999999998,unit_proxy,unit_payoff,ok,
matrix_transformer,next_field,10,fold_4,0,20,0.33,0.0,2.0,-5955.0,-6151.02,3.291687657430738,9801,0.28191336363113384,0.019999999999999997,unit_proxy,unit_payoff,ok,
matrix_transformer,next_field,10,fold_4,0,20,0.33,1.0,0.0,-5955.0,-5955.9801,0.01645843828714972,9801,0.28191336363113384,0.00010000000000000002,unit_proxy,unit_payoff,ok,
matrix_transformer,next_field,10,fold_4,0,20,0.33,1.0,0.5,-5955.0,-6004.9851,0.8393803526448341,9801,0.28191336363113384,0.0051,unit_proxy,unit_payoff,ok,
matrix_transformer,next_field,10,fold_4,0,20,0.33,1.0,1.0,-5955.0,-6053.9901,1.6623022670025185,9801,0.28191336363113384,0.010100000000000001,unit_proxy,unit_payoff,ok,
matrix_transformer,next_field,10,fold_4,0,20,0.33,1.0,2.0,-5955.0,-6152.0001,3.3081460957178876,9801,0.28191336363113384,0.020100000000000003,unit_proxy,unit_payoff,ok,
matrix_transformer,next_field,10,fold_4,0,20,0.33,2.0,0.0,-5955.0,-5956.9602,0.032916876574314705,9801,0.28191336363113384,0.00020000000000000004,unit_proxy,unit_payoff,ok,
matrix_transformer,next_field,10,fold_4,0,20,0.33,2.0,0.5,-5955.0,-6005.9652,0.8558387909319839,9801,0.28191336363113384,0.005199999999999999,unit_proxy,unit_payoff,ok,
matrix_transformer,next_field,10,fold_4,0,20,0.33,2.0,1.0,-5955.0,-6054.9702,1.6787607052896683,9801,0.28191336363113384,0.0102,unit_proxy,unit_payoff,ok,
matrix_transformer,next_field,10,fold_4,0,20,0.33,2.0,2.0,-5955.0,-6152.9802,3.324604534005037,9801,0.28191336363113384,0.020200000000000003,unit_proxy,unit_payoff,ok,
matrix_transformer,next_field,10,fold_4,0,20,0.33,5.0,0.0,-5955.0,-5959.9005,0.08229219143576387,9801,0.28191336363113384,0.0005000000000000001,unit_proxy,unit_payoff,ok,
matrix_transformer,next_field,10,fold_4,0,20,0.33,5.0,0.5,-5955.0,-6008.9055,0.9052141057934483,9801,0.28191336363113384,0.005499999999999999,unit_proxy,unit_payoff,ok,
matrix_transformer,next_field,10,fold_4,0,20,0.33,5.0,1.0,-5955.0,-6057.9105,1.7281360201511327,9801,0.28191336363113384,0.010499999999999999,unit_proxy,unit_payoff,ok,
matrix_transformer,next_field,10,fold_4,0,20,0.33,5.0,2.0,-5955.0,-6155.9205,3.373979848866502,9801,0.28191336363113384,0.020499999999999997,unit_proxy,unit_payoff,ok,
matrix_transformer,next_field,10,fold_4,0,20,0.33,10.0,0.0,-5955.0,-5964.801,0.164584382871543,9801,0.28191336363113384,0.0010000000000000002,unit_proxy,unit_payoff,ok,
matrix_transformer,next_field,10,fold_4,0,20,0.33,10.0,0.5,-5955.0,-6013.806,0.9875062972292122,9801,0.28191336363113384,0.006,unit_proxy,unit_payoff,ok,
matrix_transformer,next_field,10,fold_4,0,20,0.33,10.0,1.0,-5955.0,-6062.811,1.8104282115868966,9801,0.28191336363113384,0.010999999999999998,unit_proxy,unit_payoff,ok,
matrix_transformer,next_field,10,fold_4,0,20,0.33,10.0,2.0,-5955.0,-6160.821,3.4562720403022653,9801,0.28191336363113384,0.020999999999999998,unit_proxy,unit_payoff,ok,
matrix_transformer,next_field,10,fold_4,1,20,0.33,0.0,0.0,-7203.0,-7203.0,0.0,12859,0.3698728642926998,0.0,unit_proxy,unit_payoff,ok,
matrix_transformer,next_field,10,fold_4,1,20,0.33,0.0,0.5,-7203.0,-7267.295,0.8926141885325568,12859,0.3698728642926998,0.004999999999999999,unit_proxy,unit_payoff,ok,
matrix_transformer,next_field,10,fold_4,1,20,0.33,0.0,1.0,-7203.0,-7331.59,1.7852283770651136,12859,0.3698728642926998,0.009999999999999998,unit_proxy,unit_payoff,ok,
matrix_transformer,next_field,10,fold_4,1,20,0.33,0.0,2.0,-7203.0,-7460.18,3.5704567541302272,12859,0.3698728642926998,0.019999999999999997,unit_proxy,unit_payoff,ok,
matrix_transformer,next_field,10,fold_4,1,20,0.33,1.0,0.0,-7203.0,-7204.2859,0.017852283770649117,12859,0.3698728642926998,0.00010000000000000002,unit_proxy,unit_payoff,ok,
matrix_transformer,next_field,10,fold_4,1,20,0.33,1.0,0.5,-7203.0,-7268.5809,0.910466472303206,12859,0.3698728642926998,0.0051,unit_proxy,unit_payoff,ok,
matrix_transformer,next_field,10,fold_4,1,20,0.33,1.0,1.0,-7203.0,-7332.8759,1.8030806608357628,12859,0.3698728642926998,0.0101,unit_proxy,unit_payoff,ok,
matrix_transformer,next_field,10,fold_4,1,20,0.33,1.0,2.0,-7203.0,-7461.4659,3.588309037900877,12859,0.3698728642926998,0.020100000000000003,unit_proxy,unit_payoff,ok,
matrix_transformer,next_field,10,fold_4,1,20,0.33,2.0,0.0,-7203.0,-7205.5718,0.035704567541298235,12859,0.3698728642926998,0.00020000000000000004,unit_proxy,unit_payoff,ok,
matrix_transformer,next_field,10,fold_4,1,20,0.33,2.0,0.5,-7203.0,-7269.8668,0.9283187560738551,12859,0.3698728642926998,0.005199999999999999,unit_proxy,unit_payoff,ok,
matrix_transformer,next_field,10,fold_4,1,20,0.33,2.0,1.0,-7203.0,-7334.1618,1.820932944606412,12859,0.3698728642926998,0.0102,unit_proxy,unit_payoff,ok,
matrix_transformer,next_field,10,fold_4,1,20,0.33,2.0,2.0,-7203.0,-7462.7518,3.6061613216715256,12859,0.3698728642926998,0.0202,unit_proxy,unit_payoff,ok,
matrix_transformer,next_field,10,fold_4,1,20,0.33,5.0,0.0,-7203.0,-7209.4295,0.08926141885325821,12859,0.3698728642926998,0.0005000000000000001,unit_proxy,unit_payoff,ok,
matrix_transformer,next_field,10,fold_4,1,20,0.33,5.0,0.5,-7203.0,-7273.7245,0.9818756073858151,12859,0.3698728642926998,0.0055,unit_proxy,unit_payoff,ok,
matrix_transformer,next_field,10,fold_4,1,20,0.33,5.0,1.0,-7203.0,-7338.0195,1.874489795918372,12859,0.3698728642926998,0.010499999999999999,unit_proxy,unit_payoff,ok,
matrix_transformer,next_field,10,fold_4,1,20,0.33,5.0,2.0,-7203.0,-7466.6095,3.6597181729834736,12859,0.3698728642926998,0.020499999999999997,unit_proxy,unit_payoff,ok,
matrix_transformer,next_field,10,fold_4,1,20,0.33,10.0,0.0,-7203.0,-7215.859,0.17852283770651642,12859,0.3698728642926998,0.0010000000000000002,unit_proxy,unit_payoff,ok,
matrix_transformer,next_field,10,fold_4,1,20,0.33,10.0,0.5,-7203.0,-7280.154,1.0711370262390734,12859,0.3698728642926998,0.006000000000000001,unit_proxy,unit_payoff,ok,
matrix_transformer,next_field,10,fold_4,1,20,0.33,10.0,1.0,-7203.0,-7344.449,1.9637512147716176,12859,0.3698728642926998,0.011,unit_proxy,unit_payoff,ok,
matrix_transformer,next_field,10,fold_4,1,20,0.33,10.0,2.0,-7203.0,-7473.039,3.748979591836731,12859,0.3698728642926998,0.020999999999999998,unit_proxy,unit_payoff,ok,
matrix_transformer,next_field,10,fold_4,2,20,0.33,0.0,0.0,-9806.0,-9806.0,0.0,16366,0.47074728182707243,0.0,unit_proxy,unit_payoff,ok,
matrix_transformer,next_field,10,fold_4,2,20,0.33,0.0,0.5,-9806.0,-9887.83,0.834489088313277,16366,0.47074728182707243,0.005,unit_proxy,unit_payoff,ok,
matrix_transformer,next_field,10,fold_4,2,20,0.33,0.0,1.0,-9806.0,-9969.66,1.668978176626554,16366,0.47074728182707243,0.01,unit_proxy,unit_payoff,ok,
matrix_transformer,next_field,10,fold_4,2,20,0.33,0.0,2.0,-9806.0,-10133.32,3.337956353253108,16366,0.47074728182707243,0.02,unit_proxy,unit_payoff,ok,
matrix_transformer,next_field,10,fold_4,2,20,0.33,1.0,0.0,-9806.0,-9807.6366,0.01668978176626368,16366,0.47074728182707243,0.00010000000000000002,unit_proxy,unit_payoff,ok,
matrix_transformer,next_field,10,fold_4,2,20,0.33,1.0,0.5,-9806.0,-9889.4666,0.8511788700795405,16366,0.47074728182707243,0.005099999999999999,unit_proxy,unit_payoff,ok,
matrix_transformer,next_field,10,fold_4,2,20,0.33,1.0,1.0,-9806.0,-9971.2966,1.6856679583928174,16366,0.47074728182707243,0.0101,unit_proxy,unit_payoff,ok,
matrix_transformer,next_field,10,fold_4,2,20,0.33,1.0,2.0,-9806.0,-10134.9566,3.3546461350193715,16366,0.47074728182707243,0.020100000000000003,unit_proxy,unit_payoff,ok,
matrix_transformer,next_field,10,fold_4,2,20,0.33,2.0,0.0,-9806.0,-9809.2732,0.03337956353252736,16366,0.47074728182707243,0.00020000000000000004,unit_proxy,unit_payoff,ok,
matrix_transformer,next_field,10,fold_4,2,20,0.33,2.0,0.5,-9806.0,-9891.1032,0.8678686518458042,16366,0.47074728182707243,0.005199999999999998,unit_proxy,unit_payoff,ok,
matrix_transformer,next_field,10,fold_4,2,20,0.33,2.0,1.0,-9806.0,-9972.9332,1.702357740159081,16366,0.47074728182707243,0.010199999999999997,unit_proxy,unit_payoff,ok,
matrix_transformer,next_field,10,fold_4,2,20,0.33,2.0,2.0,-9806.0,-10136.5932,3.3713359167856347,16366,0.47074728182707243,0.0202,unit_proxy,unit_payoff,ok,
matrix_transformer,next_field,10,fold_4,2,20,0.33,5.0,0.0,-9806.0,-9814.183,0.08344890883133696,16366,0.47074728182707243,0.0005000000000000002,unit_proxy,unit_payoff,ok,
matrix_transformer,next_field,10,fold_4,2,20,0.33,5.0,0.5,-9806.0,-9896.013,0.9179379971446139,16366,0.47074728182707243,0.0055000000000000005,unit_proxy,unit_payoff,ok,
matrix_transformer,next_field,10,fold_4,2,20,0.33,5.0,1.0,-9806.0,-9977.843,1.7524270854578905,16366,0.47074728182707243,0.0105,unit_proxy,unit_payoff,ok,
matrix_transformer,next_field,10,fold_4,2,20,0.33,5.0,2.0,-9806.0,-10141.503,3.421405262084444,16366,0.47074728182707243,0.020500000000000004,unit_proxy,unit_payoff,ok,
matrix_transformer,next_field,10,fold_4,2,20,0.33,10.0,0.0,-9806.0,-9822.366,0.16689781766265538,16366,0.47074728182707243,0.0010000000000000005,unit_proxy,unit_payoff,ok,
matrix_transformer,next_field,10,fold_4,2,20,0.33,10.0,0.5,-9806.0,-9904.196,1.0013869059759322,16366,0.47074728182707243,0.006000000000000002,unit_proxy,unit_payoff,ok,
matrix_transformer,next_field,10,fold_4,2,20,0.33,10.0,1.0,-9806.0,-9986.026,1.835875994289209,16366,0.47074728182707243,0.011000000000000001,unit_proxy,unit_payoff,ok,
matrix_transformer,next_field,10,fold_4,2,20,0.33,10.0,2.0,-9806.0,-10149.686,3.5048541709157623,16366,0.47074728182707243,0.021,unit_proxy,unit_payoff,ok,
matrix_transformer,next_field,10,fold_5,0,20,0.33,0.0,0.0,-3.0,-3.0,0.0,7,0.0001788771624971252,0.0,unit_proxy,unit_payoff,ok,
matrix_transformer,next_field,10,fold_5,0,20,0.33,0.0,0.5,-3.0,-3.035,1.1666666666666714,7,0.0001788771624971252,0.004999999999999999,unit_proxy,unit_payoff,ok,
matrix_transformer,next_field,10,fold_5,0,20,0.33,0.0,1.0,-3.0,-3.07,2.3333333333333277,7,0.0001788771624971252,0.009999999999999998,unit_proxy,unit_payoff,ok,
matrix_transformer,next_field,10,fold_5,0,20,0.33,0.0,2.0,-3.0,-3.14,4.666666666666671,7,0.0001788771624971252,0.019999999999999997,unit_proxy,unit_payoff,ok,
matrix_transformer,next_field,10,fold_5,0,20,0.33,1.0,0.0,-3.0,-3.0007,0.023333333333338167,7,0.0001788771624971252,0.00010000000000000002,unit_proxy,unit_payoff,ok,
matrix_transformer,next_field,10,fold_5,0,20,0.33,1.0,0.5,-3.0,-3.0357,1.1899999999999946,7,0.0001788771624971252,0.0051,unit_proxy,unit_payoff,ok,
matrix_transformer,next_field,10,fold_5,0,20,0.33,1.0,1.0,-3.0,-3.0707,2.3566666666666665,7,0.0001788771624971252,0.0101,unit_proxy,unit_payoff,ok,
matrix_transformer,next_field,10,fold_5,0,20,0.33,1.0,2.0,-3.0,-3.1407,4.689999999999994,7,0.0001788771624971252,0.0201,unit_proxy,unit_payoff,ok,
matrix_transformer,next_field,10,fold_5,0,20,0.33,2.0,0.0,-3.0,-3.0014,0.04666666666666153,7,0.0001788771624971252,0.00020000000000000004,unit_proxy,unit_payoff,ok,
matrix_transformer,next_field,10,fold_5,0,20,0.33,2.0,0.5,-3.0,-3.0364,1.213333333333333,7,0.0001788771624971252,0.005200000000000001,unit_proxy,unit_payoff,ok,
matrix_transformer,next_field,10,fold_5,0,20,0.33,2.0,1.0,-3.0,-3.0714,2.3800000000000043,7,0.0001788771624971252,0.0102,unit_proxy,unit_payoff,ok,
matrix_transformer,next_field,10,fold_5,0,20,0.33,2.0,2.0,-3.0,-3.1414,4.713333333333333,7,0.0001788771624971252,0.0202,unit_proxy,unit_payoff,ok,
matrix_transformer,next_field,10,fold_5,0,20,0.33,5.0,0.0,-3.0,-3.0035,0.11666666666666121,7,0.0001788771624971252,0.0005,unit_proxy,unit_payoff,ok,
matrix_transformer,next_field,10,fold_5,0,20,0.33,5.0,0.5,-3.0,-3.0385,1.2833333333333328,7,0.0001788771624971252,0.0055,unit_proxy,unit_payoff,ok,
matrix_transformer,next_field,10,fold_5,0,20,0.33,5.0,1.0,-3.0,-3.0735,2.4500000000000037,7,0.0001788771624971252,0.010499999999999999,unit_proxy,unit_payoff,ok,
matrix_transformer,next_field,10,fold_5,0,20,0.33,5.0,2.0,-3.0,-3.1435,4.783333333333331,7,0.0001788771624971252,0.020499999999999997,unit_proxy,unit_payoff,ok,
matrix_transformer,next_field,10,fold_5,0,20,0.33,10.0,0.0,-3.0,-3.007,0.23333333333333725,7,0.0001788771624971252,0.001,unit_proxy,unit_payoff,ok,
matrix_transformer,next_field,10,fold_5,0,20,0.33,10.0,0.5,-3.0,-3.042,1.3999999999999937,7,0.0001788771624971252,0.006,unit_proxy,unit_payoff,ok,
matrix_transformer,next_field,10,fold_5,0,20,0.33,10.0,1.0,-3.0,-3.077,2.5666666666666655,7,0.0001788771624971252,0.011,unit_proxy,unit_payoff,ok,
matrix_transformer,next_field,10,fold_5,0,20,0.33,10.0,2.0,-3.0,-3.147,4.899999999999993,7,0.0001788771624971252,0.020999999999999998,unit_proxy,unit_payoff,ok,
matrix_transformer,next_field,10,fold_5,1,20,0.33,0.0,0.0,-8563.0,-8563.0,0.0,14055,0.35915978841387064,0.0,unit_proxy,unit_payoff,ok,
matrix_transformer,next_field,10,fold_5,1,20,0.33,0.0,0.5,-8563.0,-8633.275,0.8206820039705668,14055,0.35915978841387064,0.004999999999999999,unit_proxy,unit_payoff,ok,
matrix_transformer,next_field,10,fold_5,1,20,0.33,0.0,1.0,-8563.0,-8703.55,1.6413640079411336,14055,0.35915978841387064,0.009999999999999998,unit_proxy,unit_payoff,ok,
matrix_transformer,next_field,10,fold_5,1,20,0.33,0.0,2.0,-8563.0,-8844.1,3.2827280158822885,14055,0.35915978841387064,0.019999999999999997,unit_proxy,unit_payoff,ok,
matrix_transformer,next_field,10,fold_5,1,20,0.33,1.0,0.0,-8563.0,-8564.4055,0.016413640079420255,14055,0.35915978841387064,0.00010000000000000002,unit_proxy,unit_payoff,ok,
matrix_transformer,next_field,10,fold_5,1,20,0.33,1.0,0.5,-8563.0,-8634.6805,0.8370956440499872,14055,0.35915978841387064,0.0050999999999999995,unit_proxy,unit_payoff,ok,
matrix_transformer,next_field,10,fold_5,1,20,0.33,1.0,1.0,-8563.0,-8704.9555,1.6577776480205537,14055,0.35915978841387064,0.0101,unit_proxy,unit_payoff,ok,
matrix_transformer,next_field,10,fold_5,1,20,0.33,1.0,2.0,-8563.0,-8845.5055,3.2991416559616877,14055,0.35915978841387064,0.020100000000000003,unit_proxy,unit_payoff,ok,
matrix_transformer,next_field,10,fold_5,1,20,0.33,2.0,0.0,-8563.0,-8565.811,0.03282728015881928,14055,0.35915978841387064,0.00020000000000000004,unit_proxy,unit_payoff,ok,
matrix_transformer,next_field,10,fold_5,1,20,0.33,2.0,0.5,-8563.0,-8636.086,0.853509284129386,14055,0.35915978841387064,0.005199999999999999,unit_proxy,unit_payoff,ok,
matrix_transformer,next_field,10,fold_5,1,20,0.33,2.0,1.0,-8563.0,-8706.361,1.6741912880999743,14055,0.35915978841387064,0.010199999999999999,unit_proxy,unit_payoff,ok,
matrix_transformer,next_field,10,fold_5,1,20,0.33,2.0,2.0,-8563.0,-8846.911,3.3155552960411074,14055,0.35915978841387064,0.0202,unit_proxy,unit_payoff,ok,
matrix_transformer,next_field,10,fold_5,1,20,0.33,5.0,0.0,-8563.0,-8570.0275,0.08206820039705881,14055,0.35915978841387064,0.0005000000000000002,unit_proxy,unit_payoff,ok,
matrix_transformer,next_field,10,fold_5,1,20,0.33,5.0,0.5,-8563.0,-8640.3025,0.9027502043676257,14055,0.35915978841387064,0.0055,unit_proxy,unit_payoff,ok,
matrix_transformer,next_field,10,fold_5,1,20,0.33,5.0,1.0,-8563.0,-8710.5775,1.7234322083381923,14055,0.35915978841387064,0.0105,unit_proxy,unit_payoff,ok,
matrix_transformer,next_field,10,fold_5,1,20,0.33,5.0,2.0,-8563.0,-8851.1275,3.364796216279347,14055,0.35915978841387064,0.020500000000000004,unit_proxy,unit_payoff,ok,
matrix_transformer,next_field,10,fold_5,1,20,0.33,10.0,0.0,-8563.0,-8577.055,0.16413640079411762,14055,0.35915978841387064,0.0010000000000000005,unit_proxy,unit_payoff,ok,
matrix_transformer,next_field,10,fold_5,1,20,0.33,10.0,0.5,-8563.0,-8647.33,0.9848184047646844,14055,0.35915978841387064,0.006000000000000001,unit_proxy,unit_payoff,ok,
matrix_transformer,next_field,10,fold_5,1,20,0.33,10.0,1.0,-8563.0,-8717.605,1.8055004087352513,14055,0.35915978841387064,0.011,unit_proxy,unit_payoff,ok,
matrix_transformer,next_field,10,fold_5,1,20,0.33,10.0,2.0,-8563.0,-8858.155,3.446864416676406,14055,0.35915978841387064,0.021,unit_proxy,unit_payoff,ok,
matrix_transformer,next_field,10,fold_5,2,20,0.33,0.0,0.0,-4160.0,-4160.0,0.0,6230,0.15920067462244142,0.0,unit_proxy,unit_payoff,ok,
matrix_transformer,next_field,10,fold_5,2,20,0.33,0.0,0.5,-4160.0,-4191.15,0.7487980769230682,6230,0.15920067462244142,0.005,unit_proxy,unit_payoff,ok,
matrix_transformer,next_field,10,fold_5,2,20,0.33,0.0,1.0,-4160.0,-4222.3,1.4975961538461582,6230,0.15920067462244142,0.01,unit_proxy,unit_payoff,ok,
matrix_transformer,next_field,10,fold_5,2,20,0.33,0.0,2.0,-4160.0,-4284.6,2.9951923076923164,6230,0.15920067462244142,0.02,unit_proxy,unit_payoff,ok,
matrix_transformer,next_field,10,fold_5,2,20,0.33,1.0,0.0,-4160.0,-4160.623,0.014975961538451744,6230,0.15920067462244142,0.00010000000000000002,unit_proxy,unit_payoff,ok,
matrix_transformer,next_field,10,fold_5,2,20,0.33,1.0,0.5,-4160.0,-4191.773,0.7637740384615418,6230,0.15920067462244142,0.0051,unit_proxy,unit_payoff,ok,
matrix_transformer,next_field,10,fold_5,2,20,0.33,1.0,1.0,-4160.0,-4222.923,1.51257211538461,6230,0.15920067462244142,0.0101,unit_proxy,unit_payoff,ok,
matrix_transformer,next_field,10,fold_5,2,20,0.33,1.0,2.0,-4160.0,-4285.223,3.010168269230768,6230,0.15920067462244142,0.020100000000000003,unit_proxy,unit_payoff,ok,
matrix_transformer,next_field,10,fold_5,2,20,0.33,2.0,0.0,-4160.0,-4161.246,0.029951923076925353,6230,0.15920067462244142,0.00020000000000000004,unit_proxy,unit_payoff,ok,
matrix_transformer,next_field,10,fold_5,2,20,0.33,2.0,0.5,-4160.0,-4192.396,0.7787499999999935,6230,0.15920067462244142,0.0052,unit_proxy,unit_payoff,ok,
matrix_transformer,next_field,10,fold_5,2,20,0.33,2.0,1.0,-4160.0,-4223.546,1.5275480769230836,6230,0.15920067462244142,0.0102,unit_proxy,unit_payoff,ok,
matrix_transformer,next_field,10,fold_5,2,20,0.33,2.0,2.0,-4160.0,-4285.846,3.02514423076922,6230,0.15920067462244142,0.0202,unit_proxy,unit_payoff,ok,
matrix_transformer,next_field,10,fold_5,2,20,0.33,5.0,0.0,-4160.0,-4163.115,0.07487980769230244,6230,0.15920067462244142,0.0005,unit_proxy,unit_payoff,ok,
matrix_transformer,next_field,10,fold_5,2,20,0.33,5.0,0.5,-4160.0,-4194.265,0.8236778846153925,6230,0.15920067462244142,0.005499999999999999,unit_proxy,unit_payoff,ok,
matrix_transformer,next_field,10,fold_5,2,20,0.33,5.0,1.0,-4160.0,-4225.415,1.5724759615384605,6230,0.15920067462244142,0.010499999999999999,unit_proxy,unit_payoff,ok,
matrix_transformer,next_field,10,fold_5,2,20,0.33,5.0,2.0,-4160.0,-4287.715,3.070072115384619,6230,0.15920067462244142,0.0205,unit_proxy,unit_payoff,ok,
matrix_transformer,next_field,10,fold_5,2,20,0.33,10.0,0.0,-4160.0,-4166.23,0.1497596153846049,6230,0.15920067462244142,0.001,unit_proxy,unit_payoff,ok,
matrix_transformer,next_field,10,fold_5,2,20,0.33,10.0,0.5,-4160.0,-4197.38,0.8985576923076949,6230,0.15920067462244142,0.005999999999999999,unit_proxy,unit_payoff,ok,
matrix_transformer,next_field,10,fold_5,2,20,0.33,10.0,1.0,-4160.0,-4228.53,1.6473557692307632,6230,0.15920067462244142,0.010999999999999998,unit_proxy,unit_payoff,ok,
matrix_transformer,next_field,10,fold_5,2,20,0.33,10.0,2.0,-4160.0,-4290.83,3.144951923076921,6230,0.15920067462244142,0.020999999999999998,unit_proxy,unit_payoff,ok,
matrix_transformer,next_field,20,fold_1,0,20,0.33,0.0,0.0,0.0,0.0,,0,0.0,,unit_proxy,unit_payoff,ok,
matrix_transformer,next_field,20,fold_1,0,20,0.33,0.0,0.5,0.0,0.0,,0,0.0,,unit_proxy,unit_payoff,ok,
matrix_transformer,next_field,20,fold_1,0,20,0.33,0.0,1.0,0.0,0.0,,0,0.0,,unit_proxy,unit_payoff,ok,
matrix_transformer,next_field,20,fold_1,0,20,0.33,0.0,2.0,0.0,0.0,,0,0.0,,unit_proxy,unit_payoff,ok,
matrix_transformer,next_field,20,fold_1,0,20,0.33,1.0,0.0,0.0,0.0,,0,0.0,,unit_proxy,unit_payoff,ok,
matrix_transformer,next_field,20,fold_1,0,20,0.33,1.0,0.5,0.0,0.0,,0,0.0,,unit_proxy,unit_payoff,ok,
matrix_transformer,next_field,20,fold_1,0,20,0.33,1.0,1.0,0.0,0.0,,0,0.0,,unit_proxy,unit_payoff,ok,
matrix_transformer,next_field,20,fold_1,0,20,0.33,1.0,2.0,0.0,0.0,,0,0.0,,unit_proxy,unit_payoff,ok,
matrix_transformer,next_field,20,fold_1,0,20,0.33,2.0,0.0,0.0,0.0,,0,0.0,,unit_proxy,unit_payoff,ok,
matrix_transformer,next_field,20,fold_1,0,20,0.33,2.0,0.5,0.0,0.0,,0,0.0,,unit_proxy,unit_payoff,ok,
matrix_transformer,next_field,20,fold_1,0,20,0.33,2.0,1.0,0.0,0.0,,0,0.0,,unit_proxy,unit_payoff,ok,
matrix_transformer,next_field,20,fold_1,0,20,0.33,2.0,2.0,0.0,0.0,,0,0.0,,unit_proxy,unit_payoff,ok,
matrix_transformer,next_field,20,fold_1,0,20,0.33,5.0,0.0,0.0,0.0,,0,0.0,,unit_proxy,unit_payoff,ok,
matrix_transformer,next_field,20,fold_1,0,20,0.33,5.0,0.5,0.0,0.0,,0,0.0,,unit_proxy,unit_payoff,ok,
matrix_transformer,next_field,20,fold_1,0,20,0.33,5.0,1.0,0.0,0.0,,0,0.0,,unit_proxy,unit_payoff,ok,
matrix_transformer,next_field,20,fold_1,0,20,0.33,5.0,2.0,0.0,0.0,,0,0.0,,unit_proxy,unit_payoff,ok,
matrix_transformer,next_field,20,fold_1,0,20,0.33,10.0,0.0,0.0,0.0,,0,0.0,,unit_proxy,unit_payoff,ok,
matrix_transformer,next_field,20,fold_1,0,20,0.33,10.0,0.5,0.0,0.0,,0,0.0,,unit_proxy,unit_payoff,ok,
matrix_transformer,next_field,20,fold_1,0,20,0.33,10.0,1.0,0.0,0.0,,0,0.0,,unit_proxy,unit_payoff,ok,
matrix_transformer,next_field,20,fold_1,0,20,0.33,10.0,2.0,0.0,0.0,,0,0.0,,unit_proxy,unit_payoff,ok,
matrix_transformer,next_field,20,fold_1,1,20,0.33,0.0,0.0,0.0,0.0,,0,0.0,,unit_proxy,unit_payoff,ok,
matrix_transformer,next_field,20,fold_1,1,20,0.33,0.0,0.5,0.0,0.0,,0,0.0,,unit_proxy,unit_payoff,ok,
matrix_transformer,next_field,20,fold_1,1,20,0.33,0.0,1.0,0.0,0.0,,0,0.0,,unit_proxy,unit_payoff,ok,
matrix_transformer,next_field,20,fold_1,1,20,0.33,0.0,2.0,0.0,0.0,,0,0.0,,unit_proxy,unit_payoff,ok,
matrix_transformer,next_field,20,fold_1,1,20,0.33,1.0,0.0,0.0,0.0,,0,0.0,,unit_proxy,unit_payoff,ok,
matrix_transformer,next_field,20,fold_1,1,20,0.33,1.0,0.5,0.0,0.0,,0,0.0,,unit_proxy,unit_payoff,ok,
matrix_transformer,next_field,20,fold_1,1,20,0.33,1.0,1.0,0.0,0.0,,0,0.0,,unit_proxy,unit_payoff,ok,
matrix_transformer,next_field,20,fold_1,1,20,0.33,1.0,2.0,0.0,0.0,,0,0.0,,unit_proxy,unit_payoff,ok,
matrix_transformer,next_field,20,fold_1,1,20,0.33,2.0,0.0,0.0,0.0,,0,0.0,,unit_proxy,unit_payoff,ok,
matrix_transformer,next_field,20,fold_1,1,20,0.33,2.0,0.5,0.0,0.0,,0,0.0,,unit_proxy,unit_payoff,ok,
matrix_transformer,next_field,20,fold_1,1,20,0.33,2.0,1.0,0.0,0.0,,0,0.0,,unit_proxy,unit_payoff,ok,
matrix_transformer,next_field,20,fold_1,1,20,0.33,2.0,2.0,0.0,0.0,,0,0.0,,unit_proxy,unit_payoff,ok,
matrix_transformer,next_field,20,fold_1,1,20,0.33,5.0,0.0,0.0,0.0,,0,0.0,,unit_proxy,unit_payoff,ok,
matrix_transformer,next_field,20,fold_1,1,20,0.33,5.0,0.5,0.0,0.0,,0,0.0,,unit_proxy,unit_payoff,ok,
matrix_transformer,next_field,20,fold_1,1,20,0.33,5.0,1.0,0.0,0.0,,0,0.0,,unit_proxy,unit_payoff,ok,
matrix_transformer,next_field,20,fold_1,1,20,0.33,5.0,2.0,0.0,0.0,,0,0.0,,unit_proxy,unit_payoff,ok,
matrix_transformer,next_field,20,fold_1,1,20,0.33,10.0,0.0,0.0,0.0,,0,0.0,,unit_proxy,unit_payoff,ok,
matrix_transformer,next_field,20,fold_1,1,20,0.33,10.0,0.5,0.0,0.0,,0,0.0,,unit_proxy,unit_payoff,ok,
matrix_transformer,next_field,20,fold_1,1,20,0.33,10.0,1.0,0.0,0.0,,0,0.0,,unit_proxy,unit_payoff,ok,
matrix_transformer,next_field,20,fold_1,1,20,0.33,10.0,2.0,0.0,0.0,,0,0.0,,unit_proxy,unit_payoff,ok,
matrix_transformer,next_field,20,fold_1,2,20,0.33,0.0,0.0,0.0,0.0,,0,0.0,,unit_proxy,unit_payoff,ok,
matrix_transformer,next_field,20,fold_1,2,20,0.33,0.0,0.5,0.0,0.0,,0,0.0,,unit_proxy,unit_payoff,ok,
matrix_transformer,next_field,20,fold_1,2,20,0.33,0.0,1.0,0.0,0.0,,0,0.0,,unit_proxy,unit_payoff,ok,
matrix_transformer,next_field,20,fold_1,2,20,0.33,0.0,2.0,0.0,0.0,,0,0.0,,unit_proxy,unit_payoff,ok,
matrix_transformer,next_field,20,fold_1,2,20,0.33,1.0,0.0,0.0,0.0,,0,0.0,,unit_proxy,unit_payoff,ok,
matrix_transformer,next_field,20,fold_1,2,20,0.33,1.0,0.5,0.0,0.0,,0,0.0,,unit_proxy,unit_payoff,ok,
matrix_transformer,next_field,20,fold_1,2,20,0.33,1.0,1.0,0.0,0.0,,0,0.0,,unit_proxy,unit_payoff,ok,
matrix_transformer,next_field,20,fold_1,2,20,0.33,1.0,2.0,0.0,0.0,,0,0.0,,unit_proxy,unit_payoff,ok,
matrix_transformer,next_field,20,fold_1,2,20,0.33,2.0,0.0,0.0,0.0,,0,0.0,,unit_proxy,unit_payoff,ok,
matrix_transformer,next_field,20,fold_1,2,20,0.33,2.0,0.5,0.0,0.0,,0,0.0,,unit_proxy,unit_payoff,ok,
matrix_transformer,next_field,20,fold_1,2,20,0.33,2.0,1.0,0.0,0.0,,0,0.0,,unit_proxy,unit_payoff,ok,
matrix_transformer,next_field,20,fold_1,2,20,0.33,2.0,2.0,0.0,0.0,,0,0.0,,unit_proxy,unit_payoff,ok,
matrix_transformer,next_field,20,fold_1,2,20,0.33,5.0,0.0,0.0,0.0,,0,0.0,,unit_proxy,unit_payoff,ok,
matrix_transformer,next_field,20,fold_1,2,20,0.33,5.0,0.5,0.0,0.0,,0,0.0,,unit_proxy,unit_payoff,ok,
matrix_transformer,next_field,20,fold_1,2,20,0.33,5.0,1.0,0.0,0.0,,0,0.0,,unit_proxy,unit_payoff,ok,
matrix_transformer,next_field,20,fold_1,2,20,0.33,5.0,2.0,0.0,0.0,,0,0.0,,unit_proxy,unit_payoff,ok,
matrix_transformer,next_field,20,fold_1,2,20,0.33,10.0,0.0,0.0,0.0,,0,0.0,,unit_proxy,unit_payoff,ok,
matrix_transformer,next_field,20,fold_1,2,20,0.33,10.0,0.5,0.0,0.0,,0,0.0,,unit_proxy,unit_payoff,ok,
matrix_transformer,next_field,20,fold_1,2,20,0.33,10.0,1.0,0.0,0.0,,0,0.0,,unit_proxy,unit_payoff,ok,
matrix_transformer,next_field,20,fold_1,2,20,0.33,10.0,2.0,0.0,0.0,,0,0.0,,unit_proxy,unit_payoff,ok,
matrix_transformer,next_field,20,fold_2,0,20,0.33,0.0,0.0,0.0,0.0,,0,0.0,,unit_proxy,unit_payoff,ok,
matrix_transformer,next_field,20,fold_2,0,20,0.33,0.0,0.5,0.0,0.0,,0,0.0,,unit_proxy,unit_payoff,ok,
matrix_transformer,next_field,20,fold_2,0,20,0.33,0.0,1.0,0.0,0.0,,0,0.0,,unit_proxy,unit_payoff,ok,
matrix_transformer,next_field,20,fold_2,0,20,0.33,0.0,2.0,0.0,0.0,,0,0.0,,unit_proxy,unit_payoff,ok,
matrix_transformer,next_field,20,fold_2,0,20,0.33,1.0,0.0,0.0,0.0,,0,0.0,,unit_proxy,unit_payoff,ok,
matrix_transformer,next_field,20,fold_2,0,20,0.33,1.0,0.5,0.0,0.0,,0,0.0,,unit_proxy,unit_payoff,ok,
matrix_transformer,next_field,20,fold_2,0,20,0.33,1.0,1.0,0.0,0.0,,0,0.0,,unit_proxy,unit_payoff,ok,
matrix_transformer,next_field,20,fold_2,0,20,0.33,1.0,2.0,0.0,0.0,,0,0.0,,unit_proxy,unit_payoff,ok,
matrix_transformer,next_field,20,fold_2,0,20,0.33,2.0,0.0,0.0,0.0,,0,0.0,,unit_proxy,unit_payoff,ok,
matrix_transformer,next_field,20,fold_2,0,20,0.33,2.0,0.5,0.0,0.0,,0,0.0,,unit_proxy,unit_payoff,ok,
matrix_transformer,next_field,20,fold_2,0,20,0.33,2.0,1.0,0.0,0.0,,0,0.0,,unit_proxy,unit_payoff,ok,
matrix_transformer,next_field,20,fold_2,0,20,0.33,2.0,2.0,0.0,0.0,,0,0.0,,unit_proxy,unit_payoff,ok,
matrix_transformer,next_field,20,fold_2,0,20,0.33,5.0,0.0,0.0,0.0,,0,0.0,,unit_proxy,unit_payoff,ok,
matrix_transformer,next_field,20,fold_2,0,20,0.33,5.0,0.5,0.0,0.0,,0,0.0,,unit_proxy,unit_payoff,ok,
matrix_transformer,next_field,20,fold_2,0,20,0.33,5.0,1.0,0.0,0.0,,0,0.0,,unit_proxy,unit_payoff,ok,
matrix_transformer,next_field,20,fold_2,0,20,0.33,5.0,2.0,0.0,0.0,,0,0.0,,unit_proxy,unit_payoff,ok,
matrix_transformer,next_field,20,fold_2,0,20,0.33,10.0,0.0,0.0,0.0,,0,0.0,,unit_proxy,unit_payoff,ok,
matrix_transformer,next_field,20,fold_2,0,20,0.33,10.0,0.5,0.0,0.0,,0,0.0,,unit_proxy,unit_payoff,ok,
matrix_transformer,next_field,20,fold_2,0,20,0.33,10.0,1.0,0.0,0.0,,0,0.0,,unit_proxy,unit_payoff,ok,
matrix_transformer,next_field,20,fold_2,0,20,0.33,10.0,2.0,0.0,0.0,,0,0.0,,unit_proxy,unit_payoff,ok,
matrix_transformer,next_field,20,fold_2,1,20,0.33,0.0,0.0,-11.0,-11.0,0.0,57,0.0019988778229765745,0.0,unit_proxy,unit_payoff,ok,
matrix_transformer,next_field,20,fold_2,1,20,0.33,0.0,0.5,-11.0,-11.285,2.590909090909092,57,0.0019988778229765745,0.005000000000000001,unit_proxy,unit_payoff,ok,
matrix_transformer,next_field,20,fold_2,1,20,0.33,0.0,1.0,-11.0,-11.57,5.181818181818184,57,0.0019988778229765745,0.010000000000000002,unit_proxy,unit_payoff,ok,
matrix_transformer,next_field,20,fold_2,1,20,0.33,0.0,2.0,-11.0,-12.14,10.363636363636369,57,0.0019988778229765745,0.020000000000000004,unit_proxy,unit_payoff,ok,
matrix_transformer,next_field,20,fold_2,1,20,0.33,1.0,0.0,-11.0,-11.0057,0.051818181818174096,57,0.0019988778229765745,0.0001,unit_proxy,unit_payoff,ok,
matrix_transformer,next_field,20,fold_2,1,20,0.33,1.0,0.5,-11.0,-11.2907,2.6427272727272664,57,0.0019988778229765745,0.005100000000000001,unit_proxy,unit_payoff,ok,
matrix_transformer,next_field,20,fold_2,1,20,0.33,1.0,1.0,-11.0,-11.5757,5.233636363636358,57,0.0019988778229765745,0.0101,unit_proxy,unit_payoff,ok,
matrix_transformer,next_field,20,fold_2,1,20,0.33,1.0,2.0,-11.0,-12.1457,10.415454545454542,57,0.0019988778229765745,0.020100000000000003,unit_proxy,unit_payoff,ok,
matrix_transformer,next_field,20,fold_2,1,20,0.33,2.0,0.0,-11.0,-11.0114,0.10363636363636435,57,0.0019988778229765745,0.0002,unit_proxy,unit_payoff,ok,
matrix_transformer,next_field,20,fold_2,1,20,0.33,2.0,0.5,-11.0,-11.2964,2.6945454545454566,57,0.0019988778229765745,0.0052,unit_proxy,unit_payoff,ok,
matrix_transformer,next_field,20,fold_2,1,20,0.33,2.0,1.0,-11.0,-11.5814,5.285454545454549,57,0.0019988778229765745,0.010200000000000002,unit_proxy,unit_payoff,ok,
matrix_transformer,next_field,20,fold_2,1,20,0.33,2.0,2.0,-11.0,-12.1514,10.467272727272734,57,0.0019988778229765745,0.0202,unit_proxy,unit_payoff,ok,
matrix_transformer,next_field,20,fold_2,1,20,0.33,5.0,0.0,-11.0,-11.0285,0.25909090909090277,57,0.0019988778229765745,0.0005,unit_proxy,unit_payoff,ok,
matrix_transformer,next_field,20,fold_2,1,20,0.33,5.0,0.5,-11.0,-11.3135,2.8499999999999948,57,0.0019988778229765745,0.0055,unit_proxy,unit_payoff,ok,
matrix_transformer,next_field,20,fold_2,1,20,0.33,5.0,1.0,-11.0,-11.5985,5.440909090909087,57,0.0019988778229765745,0.0105,unit_proxy,unit_payoff,ok,
matrix_transformer,next_field,20,fold_2,1,20,0.33,5.0,2.0,-11.0,-12.1685,10.622727272727271,57,0.0019988778229765745,0.0205,unit_proxy,unit_payoff,ok,
matrix_transformer,next_field,20,fold_2,1,20,0.33,10.0,0.0,-11.0,-11.057,0.5181818181818217,57,0.0019988778229765745,0.001,unit_proxy,unit_payoff,ok,
matrix_transformer,next_field,20,fold_2,1,20,0.33,10.0,0.5,-11.0,-11.342,3.109090909090914,57,0.0019988778229765745,0.006,unit_proxy,unit_payoff,ok,
matrix_transformer,next_field,20,fold_2,1,20,0.33,10.0,1.0,-11.0,-11.627,5.7000000000000055,57,0.0019988778229765745,0.011,unit_proxy,unit_payoff,ok,
matrix_transformer,next_field,20,fold_2,1,20,0.33,10.0,2.0,-11.0,-12.197,10.881818181818174,57,0.0019988778229765745,0.021,unit_proxy,unit_payoff,ok,
matrix_transformer,next_field,20,fold_2,2,20,0.33,0.0,0.0,2.0,2.0,0.0,24,0.0008416327675690841,0.0,unit_proxy,unit_payoff,ok,
matrix_transformer,next_field,20,fold_2,2,20,0.33,0.0,0.5,2.0,1.88,6.000000000000005,24,0.0008416327675690841,0.005,unit_proxy,unit_payoff,ok,
matrix_transformer,next_field,20,fold_2,2,20,0.33,0.0,1.0,2.0,1.76,12.0,24,0.0008416327675690841,0.01,unit_proxy,unit_payoff,ok,
matrix_transformer,next_field,20,fold_2,2,20,0.33,0.0,2.0,2.0,1.52,24.0,24,0.0008416327675690841,0.02,unit_proxy,unit_payoff,ok,
matrix_transformer,next_field,20,fold_2,2,20,0.33,1.0,0.0,2.0,1.9976,0.11999999999999789,24,0.0008416327675690841,0.0001,unit_proxy,unit_payoff,ok,
matrix_transformer,next_field,20,fold_2,2,20,0.33,1.0,0.5,2.0,1.8776,6.120000000000003,24,0.0008416327675690841,0.0051,unit_proxy,unit_payoff,ok,
matrix_transformer,next_field,20,fold_2,2,20,0.33,1.0,1.0,2.0,1.7576,12.119999999999997,24,0.0008416327675690841,0.0101,unit_proxy,unit_payoff,ok,
matrix_transformer,next_field,20,fold_2,2,20,0.33,1.0,2.0,2.0,1.5175999999999998,24.120000000000008,24,0.0008416327675690841,0.020100000000000003,unit_proxy,unit_payoff,ok,
matrix_transformer,next_field,20,fold_2,2,20,0.33,2.0,0.0,2.0,1.9952,0.23999999999999577,24,0.0008416327675690841,0.0002,unit_proxy,unit_payoff,ok,
matrix_transformer,next_field,20,fold_2,2,20,0.33,2.0,0.5,2.0,1.8752,6.240000000000001,24,0.0008416327675690841,0.0052,unit_proxy,unit_payoff,ok,
matrix_transformer,next_field,20,fold_2,2,20,0.33,2.0,1.0,2.0,1.7551999999999999,12.240000000000006,24,0.0008416327675690841,0.0102,unit_proxy,unit_payoff,ok,
matrix_transformer,next_field,20,fold_2,2,20,0.33,2.0,2.0,2.0,1.5152,24.239999999999995,24,0.0008416327675690841,0.0202,unit_proxy,unit_payoff,ok,
matrix_transformer,next_field,20,fold_2,2,20,0.33,5.0,0.0,2.0,1.988,0.6000000000000005,24,0.0008416327675690841,0.0005,unit_proxy,unit_payoff,ok,
matrix_transformer,next_field,20,fold_2,2,20,0.33,5.0,0.5,2.0,1.8679999999999999,6.600000000000006,24,0.0008416327675690841,0.0055000000000000005,unit_proxy,unit_payoff,ok,
matrix_transformer,next_field,20,fold_2,2,20,0.33,5.0,1.0,2.0,1.748,12.6,24,0.0008416327675690841,0.0105,unit_proxy,unit_payoff,ok,
matrix_transformer,next_field,20,fold_2,2,20,0.33,5.0,2.0,2.0,1.508,24.6,24,0.0008416327675690841,0.0205,unit_proxy,unit_payoff,ok,
matrix_transformer,next_field,20,fold_2,2,20,0.33,10.0,0.0,2.0,1.976,1.200000000000001,24,0.0008416327675690841,0.001,unit_proxy,unit_payoff,ok,
matrix_transformer,next_field,20,fold_2,2,20,0.33,10.0,0.5,2.0,1.8559999999999999,7.200000000000006,24,0.0008416327675690841,0.006000000000000001,unit_proxy,unit_payoff,ok,
matrix_transformer,next_field,20,fold_2,2,20,0.33,10.0,1.0,2.0,1.736,13.200000000000001,24,0.0008416327675690841,0.011000000000000001,unit_proxy,unit_payoff,ok,
matrix_transformer,next_field,20,fold_2,2,20,0.33,10.0,2.0,2.0,1.496,25.2,24,0.0008416327675690841,0.021,unit_proxy,unit_payoff,ok,
matrix_transformer,next_field,20,fold_3,0,20,0.33,0.0,0.0,-460.0,-460.0,0.0,1044,0.02821316614420063,0.0,unit_proxy,unit_payoff,ok,
matrix_transformer,next_field,20,fold_3,0,20,0.33,0.0,0.5,-460.0,-465.22,1.134782608695658,1044,0.02821316614420063,0.005000000000000001,unit_proxy,unit_payoff,ok,
matrix_transformer,next_field,20,fold_3,0,20,0.33,0.0,1.0,-460.0,-470.44,2.2695652173913037,1044,0.02821316614420063,0.010000000000000002,unit_proxy,unit_payoff,ok,
matrix_transformer,next_field,20,fold_3,0,20,0.33,0.0,2.0,-460.0,-480.88,4.539130434782607,1044,0.02821316614420063,0.020000000000000004,unit_proxy,unit_payoff,ok,
matrix_transformer,next_field,20,fold_3,0,20,0.33,1.0,0.0,-460.0,-460.1044,0.022695652173912666,1044,0.02821316614420063,0.00010000000000000002,unit_proxy,unit_payoff,ok,
matrix_transformer,next_field,20,fold_3,0,20,0.33,1.0,0.5,-460.0,-465.3244,1.1574782608695706,1044,0.02821316614420063,0.0051,unit_proxy,unit_payoff,ok,
matrix_transformer,next_field,20,fold_3,0,20,0.33,1.0,1.0,-460.0,-470.5444,2.2922608695652165,1044,0.02821316614420063,0.010100000000000001,unit_proxy,unit_payoff,ok,
matrix_transformer,next_field,20,fold_3,0,20,0.33,1.0,2.0,-460.0,-480.9844,4.56182608695652,1044,0.02821316614420063,0.0201,unit_proxy,unit_payoff,ok,
matrix_transformer,next_field,20,fold_3,0,20,0.33,2.0,0.0,-460.0,-460.2088,0.04539130434782533,1044,0.02821316614420063,0.00020000000000000004,unit_proxy,unit_payoff,ok,
matrix_transformer,next_field,20,fold_3,0,20,0.33,2.0,0.5,-460.0,-465.4288,1.1801739130434834,1044,0.02821316614420063,0.005199999999999999,unit_proxy,unit_payoff,ok,
matrix_transformer,next_field,20,fold_3,0,20,0.33,2.0,1.0,-460.0,-470.6488,2.3149565217391292,1044,0.02821316614420063,0.0102,unit_proxy,unit_payoff,ok,
matrix_transformer,next_field,20,fold_3,0,20,0.33,2.0,2.0,-460.0,-481.0888,4.584521739130433,1044,0.02821316614420063,0.020200000000000003,unit_proxy,unit_payoff,ok,
matrix_transformer,next_field,20,fold_3,0,20,0.33,5.0,0.0,-460.0,-460.522,0.11347826086956334,1044,0.02821316614420063,0.0005,unit_proxy,unit_payoff,ok,
matrix_transformer,next_field,20,fold_3,0,20,0.33,5.0,0.5,-460.0,-465.742,1.2482608695652213,1044,0.02821316614420063,0.005499999999999999,unit_proxy,unit_payoff,ok,
matrix_transformer,next_field,20,fold_3,0,20,0.33,5.0,1.0,-460.0,-470.962,2.383043478260867,1044,0.02821316614420063,0.010499999999999999,unit_proxy,unit_payoff,ok,
matrix_transformer,next_field,20,fold_3,0,20,0.33,5.0,2.0,-460.0,-481.402,4.652608695652171,1044,0.02821316614420063,0.0205,unit_proxy,unit_payoff,ok,
matrix_transformer,next_field,20,fold_3,0,20,0.33,10.0,0.0,-460.0,-461.044,0.22695652173912667,1044,0.02821316614420063,0.001,unit_proxy,unit_payoff,ok,
matrix_transformer,next_field,20,fold_3,0,20,0.33,10.0,0.5,-460.0,-466.264,1.3617391304347848,1044,0.02821316614420063,0.006,unit_proxy,unit_payoff,ok,
matrix_transformer,next_field,20,fold_3,0,20,0.33,10.0,1.0,-460.0,-471.484,2.4965217391304306,1044,0.02821316614420063,0.010999999999999998,unit_proxy,unit_payoff,ok,
matrix_transformer,next_field,20,fold_3,0,20,0.33,10.0,2.0,-460.0,-481.924,4.766086956521734,1044,0.02821316614420063,0.020999999999999998,unit_proxy,unit_payoff,ok,
matrix_transformer,next_field,20,fold_3,1,20,0.33,0.0,0.0,-45.0,-45.0,0.0,123,0.0033239649767592694,0.0,unit_proxy,unit_payoff,ok,
matrix_transformer,next_field,20,fold_3,1,20,0.33,0.0,0.5,-45.0,-45.615,1.3666666666666711,123,0.0033239649767592694,0.005,unit_proxy,unit_payoff,ok,
matrix_transformer,next_field,20,fold_3,1,20,0.33,0.0,1.0,-45.0,-46.23,2.7333333333333263,123,0.0033239649767592694,0.01,unit_proxy,unit_payoff,ok,
matrix_transformer,next_field,20,fold_3,1,20,0.33,0.0,2.0,-45.0,-47.46,5.466666666666669,123,0.0033239649767592694,0.02,unit_proxy,unit_payoff,ok,
matrix_transformer,next_field,20,fold_3,1,20,0.33,1.0,0.0,-45.0,-45.0123,0.027333333333340683,123,0.0033239649767592694,0.00010000000000000002,unit_proxy,unit_payoff,ok,
matrix_transformer,next_field,20,fold_3,1,20,0.33,1.0,0.5,-45.0,-45.6273,1.393999999999996,123,0.0033239649767592694,0.0051,unit_proxy,unit_payoff,ok,
matrix_transformer,next_field,20,fold_3,1,20,0.33,1.0,1.0,-45.0,-46.2423,2.7606666666666673,123,0.0033239649767592694,0.0101,unit_proxy,unit_payoff,ok,
matrix_transformer,next_field,20,fold_3,1,20,0.33,1.0,2.0,-45.0,-47.4723,5.4939999999999936,123,0.0033239649767592694,0.0201,unit_proxy,unit_payoff,ok,
matrix_transformer,next_field,20,fold_3,1,20,0.33,2.0,0.0,-45.0,-45.0246,0.05466666666666558,123,0.0033239649767592694,0.00020000000000000004,unit_proxy,unit_payoff,ok,
matrix_transformer,next_field,20,fold_3,1,20,0.33,2.0,0.5,-45.0,-45.6396,1.4213333333333367,123,0.0033239649767592694,0.0052,unit_proxy,unit_payoff,ok,
matrix_transformer,next_field,20,fold_3,1,20,0.33,2.0,1.0,-45.0,-46.2546,2.788000000000008,123,0.0033239649767592694,0.0102,unit_proxy,unit_payoff,ok,
matrix_transformer,next_field,20,fold_3,1,20,0.33,2.0,2.0,-45.0,-47.4846,5.5213333333333345,123,0.0033239649767592694,0.0202,unit_proxy,unit_payoff,ok,
matrix_transformer,next_field,20,fold_3,1,20,0.33,5.0,0.0,-45.0,-45.0615,0.13666666666667185,123,0.0033239649767592694,0.0005,unit_proxy,unit_payoff,ok,
matrix_transformer,next_field,20,fold_3,1,20,0.33,5.0,0.5,-45.0,-45.6765,1.5033333333333272,123,0.0033239649767592694,0.005499999999999999,unit_proxy,unit_payoff,ok,
matrix_transformer,next_field,20,fold_3,1,20,0.33,5.0,1.0,-45.0,-46.2915,2.8699999999999983,123,0.0033239649767592694,0.0105,unit_proxy,unit_payoff,ok,
matrix_transformer,next_field,20,fold_3,1,20,0.33,5.0,2.0,-45.0,-47.5215,5.603333333333341,123,0.0033239649767592694,0.020500000000000004,unit_proxy,unit_payoff,ok,
matrix_transformer,next_field,20,fold_3,1,20,0.33,10.0,0.0,-45.0,-45.123,0.27333333333332793,123,0.0033239649767592694,0.001,unit_proxy,unit_payoff,ok,
matrix_transformer,next_field,20,fold_3,1,20,0.33,10.0,0.5,-45.0,-45.738,1.639999999999999,123,0.0033239649767592694,0.006,unit_proxy,unit_payoff,ok,
matrix_transformer,next_field,20,fold_3,1,20,0.33,10.0,1.0,-45.0,-46.353,3.00666666666667,123,0.0033239649767592694,0.010999999999999998,unit_proxy,unit_payoff,ok,
matrix_transformer,next_field,20,fold_3,1,20,0.33,10.0,2.0,-45.0,-47.583,5.739999999999997,123,0.0033239649767592694,0.021,unit_proxy,unit_payoff,ok,
matrix_transformer,next_field,20,fold_3,2,20,0.33,0.0,0.0,-5291.0,-5291.0,0.0,12675,0.3425305372392174,0.0,unit_proxy,unit_payoff,ok,
matrix_transformer,next_field,20,fold_3,2,20,0.33,0.0,0.5,-5291.0,-5354.375,1.1977886977886978,12675,0.3425305372392174,0.004999999999999999,unit_proxy,unit_payoff,ok,
matrix_transformer,next_field,20,fold_3,2,20,0.33,0.0,1.0,-5291.0,-5417.75,2.3955773955773956,12675,0.3425305372392174,0.009999999999999998,unit_proxy,unit_payoff,ok,
matrix_transformer,next_field,20,fold_3,2,20,0.33,0.0,2.0,-5291.0,-5544.5,4.791154791154791,12675,0.3425305372392174,0.019999999999999997,unit_proxy,unit_payoff,ok,
matrix_transformer,next_field,20,fold_3,2,20,0.33,1.0,0.0,-5291.0,-5292.2675,0.02395577395577258,12675,0.3425305372392174,0.0001,unit_proxy,unit_payoff,ok,
matrix_transformer,next_field,20,fold_3,2,20,0.33,1.0,0.5,-5291.0,-5355.6425,1.2217444717444703,12675,0.3425305372392174,0.0050999999999999995,unit_proxy,unit_payoff,ok,
matrix_transformer,next_field,20,fold_3,2,20,0.33,1.0,1.0,-5291.0,-5419.0175,2.4195331695331683,12675,0.3425305372392174,0.0101,unit_proxy,unit_payoff,ok,
matrix_transformer,next_field,20,fold_3,2,20,0.33,1.0,2.0,-5291.0,-5545.7675,4.8151105651105635,12675,0.3425305372392174,0.020100000000000003,unit_proxy,unit_payoff,ok,
matrix_transformer,next_field,20,fold_3,2,20,0.33,2.0,0.0,-5291.0,-5293.535,0.04791154791154516,12675,0.3425305372392174,0.0002,unit_proxy,unit_payoff,ok,
matrix_transformer,next_field,20,fold_3,2,20,0.33,2.0,0.5,-5291.0,-5356.91,1.2457002457002428,12675,0.3425305372392174,0.005199999999999999,unit_proxy,unit_payoff,ok,
matrix_transformer,next_field,20,fold_3,2,20,0.33,2.0,1.0,-5291.0,-5420.285,2.4434889434889406,12675,0.3425305372392174,0.010199999999999999,unit_proxy,unit_payoff,ok,
matrix_transformer,next_field,20,fold_3,2,20,0.33,2.0,2.0,-5291.0,-5547.035,4.839066339066337,12675,0.3425305372392174,0.0202,unit_proxy,unit_payoff,ok,
matrix_transformer,next_field,20,fold_3,2,20,0.33,5.0,0.0,-5291.0,-5297.3375,0.1197788697788629,12675,0.3425305372392174,0.0005,unit_proxy,unit_payoff,ok,
matrix_transformer,next_field,20,fold_3,2,20,0.33,5.0,0.5,-5291.0,-5360.7125,1.3175675675675607,12675,0.3425305372392174,0.0055,unit_proxy,unit_payoff,ok,
matrix_transformer,next_field,20,fold_3,2,20,0.33,5.0,1.0,-5291.0,-5424.0875,2.5153562653562584,12675,0.3425305372392174,0.0105,unit_proxy,unit_payoff,ok,
matrix_transformer,next_field,20,fold_3,2,20,0.33,5.0,2.0,-5291.0,-5550.8375,4.9109336609336545,12675,0.3425305372392174,0.020500000000000004,unit_proxy,unit_payoff,ok,
matrix_transformer,next_field,20,fold_3,2,20,0.33,10.0,0.0,-5291.0,-5303.675,0.239557739557743,12675,0.3425305372392174,0.001,unit_proxy,unit_payoff,ok,
matrix_transformer,next_field,20,fold_3,2,20,0.33,10.0,0.5,-5291.0,-5367.05,1.4373464373464409,12675,0.3425305372392174,0.006,unit_proxy,unit_payoff,ok,
matrix_transformer,next_field,20,fold_3,2,20,0.33,10.0,1.0,-5291.0,-5430.425,2.635135135135138,12675,0.3425305372392174,0.011,unit_proxy,unit_payoff,ok,
matrix_transformer,next_field,20,fold_3,2,20,0.33,10.0,2.0,-5291.0,-5557.175,5.030712530712534,12675,0.3425305372392174,0.021,unit_proxy,unit_payoff,ok,
matrix_transformer,next_field,20,fold_4,0,20,0.33,0.0,0.0,-1893.0,-1893.0,0.0,3775,0.10858309842950009,0.0,unit_proxy,unit_payoff,ok,
matrix_transformer,next_field,20,fold_4,0,20,0.33,0.0,0.5,-1893.0,-1911.875,0.997094558901215,3775,0.10858309842950009,0.005000000000000001,unit_proxy,unit_payoff,ok,
matrix_transformer,next_field,20,fold_4,0,20,0.33,0.0,1.0,-1893.0,-1930.75,1.99418911780243,3775,0.10858309842950009,0.010000000000000002,unit_proxy,unit_payoff,ok,
matrix_transformer,next_field,20,fold_4,0,20,0.33,0.0,2.0,-1893.0,-1968.5,3.98837823560486,3775,0.10858309842950009,0.020000000000000004,unit_proxy,unit_payoff,ok,
matrix_transformer,next_field,20,fold_4,0,20,0.33,1.0,0.0,-1893.0,-1893.3775,0.019941891178027183,3775,0.10858309842950009,0.0001,unit_proxy,unit_payoff,ok,
matrix_transformer,next_field,20,fold_4,0,20,0.33,1.0,0.5,-1893.0,-1912.2525,1.0170364500792424,3775,0.10858309842950009,0.0051,unit_proxy,unit_payoff,ok,
matrix_transformer,next_field,20,fold_4,0,20,0.33,1.0,1.0,-1893.0,-1931.1275,2.014131008980457,3775,0.10858309842950009,0.010100000000000001,unit_proxy,unit_payoff,ok,
matrix_transformer,next_field,20,fold_4,0,20,0.33,1.0,2.0,-1893.0,-1968.8775,4.008320126782887,3775,0.10858309842950009,0.020100000000000003,unit_proxy,unit_payoff,ok,
matrix_transformer,next_field,20,fold_4,0,20,0.33,2.0,0.0,-1893.0,-1893.755,0.039883782356054366,3775,0.10858309842950009,0.0002,unit_proxy,unit_payoff,ok,
matrix_transformer,next_field,20,fold_4,0,20,0.33,2.0,0.5,-1893.0,-1912.63,1.0369783412572693,3775,0.10858309842950009,0.0052,unit_proxy,unit_payoff,ok,
matrix_transformer,next_field,20,fold_4,0,20,0.33,2.0,1.0,-1893.0,-1931.505,2.0340729001584847,3775,0.10858309842950009,0.0102,unit_proxy,unit_payoff,ok,
matrix_transformer,next_field,20,fold_4,0,20,0.33,2.0,2.0,-1893.0,-1969.255,4.028262017960914,3775,0.10858309842950009,0.020200000000000003,unit_proxy,unit_payoff,ok,
matrix_transformer,next_field,20,fold_4,0,20,0.33,5.0,0.0,-1893.0,-1894.8875,0.09970945589012391,3775,0.10858309842950009,0.0005,unit_proxy,unit_payoff,ok,
matrix_transformer,next_field,20,fold_4,0,20,0.33,5.0,0.5,-1893.0,-1913.7625,1.096804014791339,3775,0.10858309842950009,0.005499999999999999,unit_proxy,unit_payoff,ok,
matrix_transformer,next_field,20,fold_4,0,20,0.33,5.0,1.0,-1893.0,-1932.6375,2.0938985736925537,3775,0.10858309842950009,0.010499999999999999,unit_proxy,unit_payoff,ok,
matrix_transformer,next_field,20,fold_4,0,20,0.33,5.0,2.0,-1893.0,-1970.3875,4.088087691494984,3775,0.10858309842950009,0.0205,unit_proxy,unit_payoff,ok,
matrix_transformer,next_field,20,fold_4,0,20,0.33,10.0,0.0,-1893.0,-1896.775,0.19941891178024782,3775,0.10858309842950009,0.001,unit_proxy,unit_payoff,ok,
matrix_transformer,next_field,20,fold_4,0,20,0.33,10.0,0.5,-1893.0,-1915.65,1.1965134706814629,3775,0.10858309842950009,0.005999999999999999,unit_proxy,unit_payoff,ok,
matrix_transformer,next_field,20,fold_4,0,20,0.33,10.0,1.0,-1893.0,-1934.525,2.193608029582678,3775,0.10858309842950009,0.010999999999999998,unit_proxy,unit_payoff,ok,
matrix_transformer,next_field,20,fold_4,0,20,0.33,10.0,2.0,-1893.0,-1972.275,4.187797147385107,3775,0.10858309842950009,0.020999999999999998,unit_proxy,unit_payoff,ok,
matrix_transformer,next_field,20,fold_4,1,20,0.33,0.0,0.0,-7791.0,-7791.0,0.0,20099,0.5781223033998735,0.0,unit_proxy,unit_payoff,ok,
matrix_transformer,next_field,20,fold_4,1,20,0.33,0.0,0.5,-7791.0,-7891.495,1.2898857656270042,20099,0.5781223033998735,0.004999999999999999,unit_proxy,unit_payoff,ok,
matrix_transformer,next_field,20,fold_4,1,20,0.33,0.0,1.0,-7791.0,-7991.99,2.5797715312540084,20099,0.5781223033998735,0.009999999999999998,unit_proxy,unit_payoff,ok,
matrix_transformer,next_field,20,fold_4,1,20,0.33,0.0,2.0,-7791.0,-8192.98,5.159543062508017,20099,0.5781223033998735,0.019999999999999997,unit_proxy,unit_payoff,ok,
matrix_transformer,next_field,20,fold_4,1,20,0.33,1.0,0.0,-7791.0,-7793.0099,0.025797715312540315,20099,0.5781223033998735,0.00010000000000000002,unit_proxy,unit_payoff,ok,
matrix_transformer,next_field,20,fold_4,1,20,0.33,1.0,0.5,-7791.0,-7893.5049,1.3156834809395443,20099,0.5781223033998735,0.005099999999999999,unit_proxy,unit_payoff,ok,
matrix_transformer,next_field,20,fold_4,1,20,0.33,1.0,1.0,-7791.0,-7993.9999,2.6055692465665485,20099,0.5781223033998735,0.0101,unit_proxy,unit_payoff,ok,
matrix_transformer,next_field,20,fold_4,1,20,0.33,1.0,2.0,-7791.0,-8194.9899,5.185340777820569,20099,0.5781223033998735,0.020100000000000003,unit_proxy,unit_payoff,ok,
matrix_transformer,next_field,20,fold_4,1,20,0.33,2.0,0.0,-7791.0,-7795.0198,0.05159543062508063,20099,0.5781223033998735,0.00020000000000000004,unit_proxy,unit_payoff,ok,
matrix_transformer,next_field,20,fold_4,1,20,0.33,2.0,0.5,-7791.0,-7895.5148,1.3414811962520847,20099,0.5781223033998735,0.005199999999999998,unit_proxy,unit_payoff,ok,
matrix_transformer,next_field,20,fold_4,1,20,0.33,2.0,1.0,-7791.0,-7996.0098,2.6313669618790887,20099,0.5781223033998735,0.010199999999999997,unit_proxy,unit_payoff,ok,
matrix_transformer,next_field,20,fold_4,1,20,0.33,2.0,2.0,-7791.0,-8196.9998,5.211138493133097,20099,0.5781223033998735,0.0202,unit_proxy,unit_payoff,ok,
matrix_transformer,next_field,20,fold_4,1,20,0.33,5.0,0.0,-7791.0,-7801.0495,0.12898857656270157,20099,0.5781223033998735,0.0005000000000000002,unit_proxy,unit_payoff,ok,
matrix_transformer,next_field,20,fold_4,1,20,0.33,5.0,0.5,-7791.0,-7901.5445,1.4188743421897057,20099,0.5781223033998735,0.0055000000000000005,unit_proxy,unit_payoff,ok,
matrix_transformer,next_field,20,fold_4,1,20,0.33,5.0,1.0,-7791.0,-8002.0395,2.7087601078167096,20099,0.5781223033998735,0.0105,unit_proxy,unit_payoff,ok,
matrix_transformer,next_field,20,fold_4,1,20,0.33,5.0,2.0,-7791.0,-8203.0295,5.2885316390707295,20099,0.5781223033998735,0.0205,unit_proxy,unit_payoff,ok,
matrix_transformer,next_field,20,fold_4,1,20,0.33,10.0,0.0,-7791.0,-7811.099,0.25797715312540315,20099,0.5781223033998735,0.0010000000000000005,unit_proxy,unit_payoff,ok,
matrix_transformer,next_field,20,fold_4,1,20,0.33,10.0,0.5,-7791.0,-7911.594,1.5478629187524073,20099,0.5781223033998735,0.006,unit_proxy,unit_payoff,ok,
matrix_transformer,next_field,20,fold_4,1,20,0.33,10.0,1.0,-7791.0,-8012.089,2.8377486843794113,20099,0.5781223033998735,0.011000000000000001,unit_proxy,unit_payoff,ok,
matrix_transformer,next_field,20,fold_4,1,20,0.33,10.0,2.0,-7791.0,-8213.079,5.417520215633419,20099,0.5781223033998735,0.021,unit_proxy,unit_payoff,ok,
matrix_transformer,next_field,20,fold_4,2,20,0.33,0.0,0.0,-7300.0,-7300.0,0.0,19200,0.5522637059195766,0.0,unit_proxy,unit_payoff,ok,
matrix_transformer,next_field,20,fold_4,2,20,0.33,0.0,0.5,-7300.0,-7396.0,1.315068493150685,19200,0.5522637059195766,0.004999999999999999,unit_proxy,unit_payoff,ok,
matrix_transformer,next_field,20,fold_4,2,20,0.33,0.0,1.0,-7300.0,-7492.0,2.63013698630137,19200,0.5522637059195766,0.009999999999999998,unit_proxy,unit_payoff,ok,
matrix_transformer,next_field,20,fold_4,2,20,0.33,0.0,2.0,-7300.0,-7684.0,5.26027397260274,19200,0.5522637059195766,0.019999999999999997,unit_proxy,unit_payoff,ok,
matrix_transformer,next_field,20,fold_4,2,20,0.33,1.0,0.0,-7300.0,-7301.92,0.026301369863014692,19200,0.5522637059195766,0.00010000000000000003,unit_proxy,unit_payoff,ok,
matrix_transformer,next_field,20,fold_4,2,20,0.33,1.0,0.5,-7300.0,-7397.92,1.3413698630136996,19200,0.5522637059195766,0.005099999999999998,unit_proxy,unit_payoff,ok,
matrix_transformer,next_field,20,fold_4,2,20,0.33,1.0,1.0,-7300.0,-7493.92,2.6564383561643847,19200,0.5522637059195766,0.010099999999999998,unit_proxy,unit_payoff,ok,
matrix_transformer,next_field,20,fold_4,2,20,0.33,1.0,2.0,-7300.0,-7685.92,5.2865753424657544,19200,0.5522637059195766,0.020100000000000003,unit_proxy,unit_payoff,ok,
matrix_transformer,next_field,20,fold_4,2,20,0.33,2.0,0.0,-7300.0,-7303.84,0.052602739726029385,19200,0.5522637059195766,0.00020000000000000006,unit_proxy,unit_payoff,ok,
matrix_transformer,next_field,20,fold_4,2,20,0.33,2.0,0.5,-7300.0,-7399.84,1.3676712328767142,19200,0.5522637059195766,0.005199999999999999,unit_proxy,unit_payoff,ok,
matrix_transformer,next_field,20,fold_4,2,20,0.33,2.0,1.0,-7300.0,-7495.84,2.6827397260273993,19200,0.5522637059195766,0.010199999999999996,unit_proxy,unit_payoff,ok,
matrix_transformer,next_field,20,fold_4,2,20,0.33,2.0,2.0,-7300.0,-7687.84,5.3128767123287695,19200,0.5522637059195766,0.020199999999999996,unit_proxy,unit_payoff,ok,
matrix_transformer,next_field,20,fold_4,2,20,0.33,5.0,0.0,-7300.0,-7309.6,0.13150684931507348,19200,0.5522637059195766,0.0005000000000000001,unit_proxy,unit_payoff,ok,
matrix_transformer,next_field,20,fold_4,2,20,0.33,5.0,0.5,-7300.0,-7405.6,1.4465753424657586,19200,0.5522637059195766,0.0055000000000000005,unit_proxy,unit_payoff,ok,
matrix_transformer,next_field,20,fold_4,2,20,0.33,5.0,1.0,-7300.0,-7501.6,2.7616438356164434,19200,0.5522637059195766,0.0105,unit_proxy,unit_payoff,ok,
matrix_transformer,next_field,20,fold_4,2,20,0.33,5.0,2.0,-7300.0,-7693.6,5.391780821917813,19200,0.5522637059195766,0.020500000000000004,unit_proxy,unit_payoff,ok,
matrix_transformer,next_field,20,fold_4,2,20,0.33,10.0,0.0,-7300.0,-7319.2,0.26301369863013446,19200,0.5522637059195766,0.0010000000000000002,unit_proxy,unit_payoff,ok,
matrix_transformer,next_field,20,fold_4,2,20,0.33,10.0,0.5,-7300.0,-7415.2,1.5780821917808194,19200,0.5522637059195766,0.006000000000000001,unit_proxy,unit_payoff,ok,
matrix_transformer,next_field,20,fold_4,2,20,0.33,10.0,1.0,-7300.0,-7511.2,2.8931506849315043,19200,0.5522637059195766,0.011000000000000001,unit_proxy,unit_payoff,ok,
matrix_transformer,next_field,20,fold_4,2,20,0.33,10.0,2.0,-7300.0,-7703.2,5.5232876712328745,19200,0.5522637059195766,0.021,unit_proxy,unit_payoff,ok,
matrix_transformer,next_field,20,fold_5,0,20,0.33,0.0,0.0,-6772.0,-6772.0,0.0,17932,0.4582321825569213,0.0,unit_proxy,unit_payoff,ok,
matrix_transformer,next_field,20,fold_5,0,20,0.33,0.0,0.5,-6772.0,-6861.66,1.3239810986414626,17932,0.4582321825569213,0.005,unit_proxy,unit_payoff,ok,
matrix_transformer,next_field,20,fold_5,0,20,0.33,0.0,1.0,-6772.0,-6951.32,2.6479621972829253,17932,0.4582321825569213,0.01,unit_proxy,unit_payoff,ok,
matrix_transformer,next_field,20,fold_5,0,20,0.33,0.0,2.0,-6772.0,-7130.64,5.295924394565865,17932,0.4582321825569213,0.02,unit_proxy,unit_payoff,ok,
matrix_transformer,next_field,20,fold_5,0,20,0.33,1.0,0.0,-6772.0,-6773.7932,0.02647962197283033,17932,0.4582321825569213,0.00010000000000000003,unit_proxy,unit_payoff,ok,
matrix_transformer,next_field,20,fold_5,0,20,0.33,1.0,0.5,-6772.0,-6863.4532,1.3504607206142931,17932,0.4582321825569213,0.0050999999999999995,unit_proxy,unit_payoff,ok,
matrix_transformer,next_field,20,fold_5,0,20,0.33,1.0,1.0,-6772.0,-6953.1132,2.674441819255756,17932,0.4582321825569213,0.0101,unit_proxy,unit_payoff,ok,
matrix_transformer,next_field,20,fold_5,0,20,0.33,1.0,2.0,-6772.0,-7132.4332,5.3224040165386945,17932,0.4582321825569213,0.0201,unit_proxy,unit_payoff,ok,
matrix_transformer,next_field,20,fold_5,0,20,0.33,2.0,0.0,-6772.0,-6775.5864,0.05295924394566066,17932,0.4582321825569213,0.00020000000000000006,unit_proxy,unit_payoff,ok,
matrix_transformer,next_field,20,fold_5,0,20,0.33,2.0,0.5,-6772.0,-6865.2464,1.3769403425871234,17932,0.4582321825569213,0.005199999999999998,unit_proxy,unit_payoff,ok,
matrix_transformer,next_field,20,fold_5,0,20,0.33,2.0,1.0,-6772.0,-6954.9064,2.7009214412285862,17932,0.4582321825569213,0.010199999999999999,unit_proxy,unit_payoff,ok,
matrix_transformer,next_field,20,fold_5,0,20,0.33,2.0,2.0,-6772.0,-7134.2264,5.348883638511512,17932,0.4582321825569213,0.0202,unit_proxy,unit_payoff,ok,
matrix_transformer,next_field,20,fold_5,0,20,0.33,5.0,0.0,-6772.0,-6780.966,0.13239810986415165,17932,0.4582321825569213,0.0005000000000000001,unit_proxy,unit_payoff,ok,
matrix_transformer,next_field,20,fold_5,0,20,0.33,5.0,0.5,-6772.0,-6870.626,1.4563792085056144,17932,0.4582321825569213,0.0055000000000000005,unit_proxy,unit_payoff,ok,
matrix_transformer,next_field,20,fold_5,0,20,0.33,5.0,1.0,-6772.0,-6960.286,2.780360307147077,17932,0.4582321825569213,0.010499999999999999,unit_proxy,unit_payoff,ok,
matrix_transformer,next_field,20,fold_5,0,20,0.33,5.0,2.0,-6772.0,-7139.606,5.428322504430002,17932,0.4582321825569213,0.0205,unit_proxy,unit_payoff,ok,
matrix_transformer,next_field,20,fold_5,0,20,0.33,10.0,0.0,-6772.0,-6789.932,0.26479621972828987,17932,0.4582321825569213,0.0010000000000000002,unit_proxy,unit_payoff,ok,
matrix_transformer,next_field,20,fold_5,0,20,0.33,10.0,0.5,-6772.0,-6879.592,1.5887773183697527,17932,0.4582321825569213,0.006,unit_proxy,unit_payoff,ok,
matrix_transformer,next_field,20,fold_5,0,20,0.33,10.0,1.0,-6772.0,-6969.252,2.912758417011229,17932,0.4582321825569213,0.011000000000000001,unit_proxy,unit_payoff,ok,
matrix_transformer,next_field,20,fold_5,0,20,0.33,10.0,2.0,-6772.0,-7148.572,5.560720614294154,17932,0.4582321825569213,0.020999999999999998,unit_proxy,unit_payoff,ok,
matrix_transformer,next_field,20,fold_5,1,20,0.33,0.0,0.0,-5903.0,-5903.0,0.0,15737,0.4021414151738942,0.0,unit_proxy,unit_payoff,ok,
matrix_transformer,next_field,20,fold_5,1,20,0.33,0.0,0.5,-5903.0,-5981.685,1.3329662883279756,15737,0.4021414151738942,0.005,unit_proxy,unit_payoff,ok,
matrix_transformer,next_field,20,fold_5,1,20,0.33,0.0,1.0,-5903.0,-6060.37,2.665932576655936,15737,0.4021414151738942,0.01,unit_proxy,unit_payoff,ok,
matrix_transformer,next_field,20,fold_5,1,20,0.33,0.0,2.0,-5903.0,-6217.74,5.331865153311872,15737,0.4021414151738942,0.02,unit_proxy,unit_payoff,ok,
matrix_transformer,next_field,20,fold_5,1,20,0.33,1.0,0.0,-5903.0,-5904.5737,0.02665932576655797,15737,0.4021414151738942,0.00010000000000000003,unit_proxy,unit_payoff,ok,
matrix_transformer,next_field,20,fold_5,1,20,0.33,1.0,0.5,-5903.0,-5983.2587,1.3596256140945335,15737,0.4021414151738942,0.0050999999999999995,unit_proxy,unit_payoff,ok,
matrix_transformer,next_field,20,fold_5,1,20,0.33,1.0,1.0,-5903.0,-6061.9437,2.692591902422494,15737,0.4021414151738942,0.0101,unit_proxy,unit_payoff,ok,
matrix_transformer,next_field,20,fold_5,1,20,0.33,1.0,2.0,-5903.0,-6219.3137,5.358524479078429,15737,0.4021414151738942,0.020100000000000003,unit_proxy,unit_payoff,ok,
matrix_transformer,next_field,20,fold_5,1,20,0.33,2.0,0.0,-5903.0,-5906.1474,0.05331865153311594,15737,0.4021414151738942,0.00020000000000000006,unit_proxy,unit_payoff,ok,
matrix_transformer,next_field,20,fold_5,1,20,0.33,2.0,0.5,-5903.0,-5984.8324,1.3862849398610915,15737,0.4021414151738942,0.0052,unit_proxy,unit_payoff,ok,
matrix_transformer,next_field,20,fold_5,1,20,0.33,2.0,1.0,-5903.0,-6063.5174,2.7192512281890515,15737,0.4021414151738942,0.010199999999999999,unit_proxy,unit_payoff,ok,
matrix_transformer,next_field,20,fold_5,1,20,0.33,2.0,2.0,-5903.0,-6220.8874,5.385183804844988,15737,0.4021414151738942,0.0202,unit_proxy,unit_payoff,ok,
matrix_transformer,next_field,20,fold_5,1,20,0.33,5.0,0.0,-5903.0,-5910.8685,0.13329662883278987,15737,0.4021414151738942,0.0005000000000000001,unit_proxy,unit_payoff,ok,
matrix_transformer,next_field,20,fold_5,1,20,0.33,5.0,0.5,-5903.0,-5989.5535,1.4662629171607655,15737,0.4021414151738942,0.0055,unit_proxy,unit_payoff,ok,
matrix_transformer,next_field,20,fold_5,1,20,0.33,5.0,1.0,-5903.0,-6068.2385,2.799229205488741,15737,0.4021414151738942,0.0105,unit_proxy,unit_payoff,ok,
matrix_transformer,next_field,20,fold_5,1,20,0.33,5.0,2.0,-5903.0,-6225.6085,5.465161782144677,15737,0.4021414151738942,0.020499999999999997,unit_proxy,unit_payoff,ok,
matrix_transformer,next_field,20,fold_5,1,20,0.33,10.0,0.0,-5903.0,-5918.737,0.2665932576655951,15737,0.4021414151738942,0.0010000000000000002,unit_proxy,unit_payoff,ok,
matrix_transformer,next_field,20,fold_5,1,20,0.33,10.0,0.5,-5903.0,-5997.422,1.5995595459935552,15737,0.4021414151738942,0.006000000000000001,unit_proxy,unit_payoff,ok,
matrix_transformer,next_field,20,fold_5,1,20,0.33,10.0,1.0,-5903.0,-6076.107,2.932525834321531,15737,0.4021414151738942,0.011,unit_proxy,unit_payoff,ok,
matrix_transformer,next_field,20,fold_5,1,20,0.33,10.0,2.0,-5903.0,-6233.477,5.598458410977466,15737,0.4021414151738942,0.021,unit_proxy,unit_payoff,ok,
matrix_transformer,next_field,20,fold_5,2,20,0.33,0.0,0.0,-7596.0,-7596.0,0.0,18298,0.46758490276748527,0.0,unit_proxy,unit_payoff,ok,
matrix_transformer,next_field,20,fold_5,2,20,0.33,0.0,0.5,-7596.0,-7687.49,1.204449710373878,18298,0.46758490276748527,0.005,unit_proxy,unit_payoff,ok,
matrix_transformer,next_field,20,fold_5,2,20,0.33,0.0,1.0,-7596.0,-7778.98,2.408899420747756,18298,0.46758490276748527,0.01,unit_proxy,unit_payoff,ok,
matrix_transformer,next_field,20,fold_5,2,20,0.33,0.0,2.0,-7596.0,-7961.96,4.817798841495524,18298,0.46758490276748527,0.02,unit_proxy,unit_payoff,ok,
matrix_transformer,next_field,20,fold_5,2,20,0.33,1.0,0.0,-7596.0,-7597.8298,0.02408899420748331,18298,0.46758490276748527,0.00010000000000000003,unit_proxy,unit_payoff,ok,
matrix_transformer,next_field,20,fold_5,2,20,0.33,1.0,0.5,-7596.0,-7689.3198,1.2285387045813616,18298,0.46758490276748527,0.0050999999999999995,unit_proxy,unit_payoff,ok,
matrix_transformer,next_field,20,fold_5,2,20,0.33,1.0,1.0,-7596.0,-7780.8098,2.4329884149552394,18298,0.46758490276748527,0.0101,unit_proxy,unit_payoff,ok,
matrix_transformer,next_field,20,fold_5,2,20,0.33,1.0,2.0,-7596.0,-7963.7898000000005,4.841887835703008,18298,0.46758490276748527,0.0201,unit_proxy,unit_payoff,ok,
matrix_transformer,next_field,20,fold_5,2,20,0.33,2.0,0.0,-7596.0,-7599.6596,0.048177988414954645,18298,0.46758490276748527,0.00020000000000000006,unit_proxy,unit_payoff,ok,
matrix_transformer,next_field,20,fold_5,2,20,0.33,2.0,0.5,-7596.0,-7691.1496,1.2526276987888327,18298,0.46758490276748527,0.005199999999999999,unit_proxy,unit_payoff,ok,
matrix_transformer,next_field,20,fold_5,2,20,0.33,2.0,1.0,-7596.0,-7782.6396,2.457077409162723,18298,0.46758490276748527,0.010199999999999999,unit_proxy,unit_payoff,ok,
matrix_transformer,next_field,20,fold_5,2,20,0.33,2.0,2.0,-7596.0,-7965.6196,4.865976829910479,18298,0.46758490276748527,0.0202,unit_proxy,unit_payoff,ok,
matrix_transformer,next_field,20,fold_5,2,20,0.33,5.0,0.0,-7596.0,-7605.149,0.12044497103739259,18298,0.46758490276748527,0.0005000000000000002,unit_proxy,unit_payoff,ok,
matrix_transformer,next_field,20,fold_5,2,20,0.33,5.0,0.5,-7596.0,-7696.639,1.3248946814112708,18298,0.46758490276748527,0.0055000000000000005,unit_proxy,unit_payoff,ok,
matrix_transformer,next_field,20,fold_5,2,20,0.33,5.0,1.0,-7596.0,-7788.129,2.529344391785149,18298,0.46758490276748527,0.0105,unit_proxy,unit_payoff,ok,
matrix_transformer,next_field,20,fold_5,2,20,0.33,5.0,2.0,-7596.0,-7971.109,4.938243812532917,18298,0.46758490276748527,0.020499999999999997,unit_proxy,unit_payoff,ok,
matrix_transformer,next_field,20,fold_5,2,20,0.33,10.0,0.0,-7596.0,-7614.298,0.2408899420747732,18298,0.46758490276748527,0.0010000000000000005,unit_proxy,unit_payoff,ok,
matrix_transformer,next_field,20,fold_5,2,20,0.33,10.0,0.5,-7596.0,-7705.7880000000005,1.4453396524486632,18298,0.46758490276748527,0.006000000000000001,unit_proxy,unit_payoff,ok,
matrix_transformer,next_field,20,fold_5,2,20,0.33,10.0,1.0,-7596.0,-7797.278,2.6497893628225415,18298,0.46758490276748527,0.011000000000000001,unit_proxy,unit_payoff,ok,
matrix_transformer,next_field,20,fold_5,2,20,0.33,10.0,2.0,-7596.0,-7980.258,5.058688783570298,18298,0.46758490276748527,0.021,unit_proxy,unit_payoff,ok,
matrix_transformer,next_field,50,fold_1,0,20,0.33,0.0,0.0,-7033.0,-7033.0,0.0,19571,0.509953619261035,0.0,unit_proxy,unit_payoff,ok,
matrix_transformer,next_field,50,fold_1,0,20,0.33,0.0,0.5,-7033.0,-7130.855,1.3913692592065912,19571,0.509953619261035,0.005,unit_proxy,unit_payoff,ok,
matrix_transformer,next_field,50,fold_1,0,20,0.33,0.0,1.0,-7033.0,-7228.71,2.7827385184131956,19571,0.509953619261035,0.01,unit_proxy,unit_payoff,ok,
matrix_transformer,next_field,50,fold_1,0,20,0.33,0.0,2.0,-7033.0,-7424.42,5.565477036826391,19571,0.509953619261035,0.02,unit_proxy,unit_payoff,ok,
matrix_transformer,next_field,50,fold_1,0,20,0.33,1.0,0.0,-7033.0,-7034.9571,0.02782738518412665,19571,0.509953619261035,0.00010000000000000003,unit_proxy,unit_payoff,ok,
matrix_transformer,next_field,50,fold_1,0,20,0.33,1.0,0.5,-7033.0,-7132.8121,1.419196644390731,19571,0.509953619261035,0.0050999999999999995,unit_proxy,unit_payoff,ok,
matrix_transformer,next_field,50,fold_1,0,20,0.33,1.0,1.0,-7033.0,-7230.6671,2.8105659035973223,19571,0.509953619261035,0.0101,unit_proxy,unit_payoff,ok,
matrix_transformer,next_field,50,fold_1,0,20,0.33,1.0,2.0,-7033.0,-7426.3771,5.593304422010518,19571,0.509953619261035,0.020100000000000003,unit_proxy,unit_payoff,ok,
matrix_transformer,next_field,50,fold_1,0,20,0.33,2.0,0.0,-7033.0,-7036.9142,0.055654770368266236,19571,0.509953619261035,0.00020000000000000006,unit_proxy,unit_payoff,ok,
matrix_transformer,next_field,50,fold_1,0,20,0.33,2.0,0.5,-7033.0,-7134.7692,1.4470240295748575,19571,0.509953619261035,0.005199999999999998,unit_proxy,unit_payoff,ok,
matrix_transformer,next_field,50,fold_1,0,20,0.33,2.0,1.0,-7033.0,-7232.6242,2.838393288781462,19571,0.509953619261035,0.010199999999999999,unit_proxy,unit_payoff,ok,
matrix_transformer,next_field,50,fold_1,0,20,0.33,2.0,2.0,-7033.0,-7428.3342,5.621131807194657,19571,0.509953619261035,0.0202,unit_proxy,unit_payoff,ok,
matrix_transformer,next_field,50,fold_1,0,20,0.33,5.0,0.0,-7033.0,-7042.7855,0.13913692592065913,19571,0.509953619261035,0.0005000000000000001,unit_proxy,unit_payoff,ok,
matrix_transformer,next_field,50,fold_1,0,20,0.33,5.0,0.5,-7033.0,-7140.6405,1.5305061851272634,19571,0.509953619261035,0.0055000000000000005,unit_proxy,unit_payoff,ok,
matrix_transformer,next_field,50,fold_1,0,20,0.33,5.0,1.0,-7033.0,-7238.4955,2.9218754443338546,19571,0.509953619261035,0.010499999999999999,unit_proxy,unit_payoff,ok,
matrix_transformer,next_field,50,fold_1,0,20,0.33,5.0,2.0,-7033.0,-7434.2055,5.70461396274705,19571,0.509953619261035,0.0205,unit_proxy,unit_payoff,ok,
matrix_transformer,next_field,50,fold_1,0,20,0.33,10.0,0.0,-7033.0,-7052.571,0.27827385184131825,19571,0.509953619261035,0.0010000000000000002,unit_proxy,unit_payoff,ok,
matrix_transformer,next_field,50,fold_1,0,20,0.33,10.0,0.5,-7033.0,-7150.426,1.6696431110479224,19571,0.509953619261035,0.006000000000000001,unit_proxy,unit_payoff,ok,
matrix_transformer,next_field,50,fold_1,0,20,0.33,10.0,1.0,-7033.0,-7248.281,3.0610123702545136,19571,0.509953619261035,0.011000000000000001,unit_proxy,unit_payoff,ok,
matrix_transformer,next_field,50,fold_1,0,20,0.33,10.0,2.0,-7033.0,-7443.991,5.843750888667709,19571,0.509953619261035,0.020999999999999998,unit_proxy,unit_payoff,ok,
matrix_transformer,next_field,50,fold_1,1,20,0.33,0.0,0.0,-5604.0,-5604.0,0.0,19582,0.5102402418052009,0.0,unit_proxy,unit_payoff,ok,
matrix_transformer,next_field,50,fold_1,1,20,0.33,0.0,0.5,-5604.0,-5701.91,1.7471448965024956,19582,0.5102402418052009,0.005,unit_proxy,unit_payoff,ok,
matrix_transformer,next_field,50,fold_1,1,20,0.33,0.0,1.0,-5604.0,-5799.82,3.494289793004991,19582,0.5102402418052009,0.01,unit_proxy,unit_payoff,ok,
matrix_transformer,next_field,50,fold_1,1,20,0.33,0.0,2.0,-5604.0,-5995.64,6.988579586009999,19582,0.5102402418052009,0.02,unit_proxy,unit_payoff,ok,
matrix_transformer,next_field,50,fold_1,1,20,0.33,1.0,0.0,-5604.0,-5605.9582,0.034942897930050565,19582,0.5102402418052009,0.00010000000000000002,unit_proxy,unit_payoff,ok,
matrix_transformer,next_field,50,fold_1,1,20,0.33,1.0,0.5,-5604.0,-5703.8682,1.782087794432546,19582,0.5102402418052009,0.0050999999999999995,unit_proxy,unit_payoff,ok,
matrix_transformer,next_field,50,fold_1,1,20,0.33,1.0,1.0,-5604.0,-5801.7782,3.529232690935042,19582,0.5102402418052009,0.0101,unit_proxy,unit_payoff,ok,
matrix_transformer,next_field,50,fold_1,1,20,0.33,1.0,2.0,-5604.0,-5997.5982,7.02352248394005,19582,0.5102402418052009,0.020100000000000003,unit_proxy,unit_payoff,ok,
matrix_transformer,next_field,50,fold_1,1,20,0.33,2.0,0.0,-5604.0,-5607.9164,0.06988579586010113,19582,0.5102402418052009,0.00020000000000000004,unit_proxy,unit_payoff,ok,
matrix_transformer,next_field,50,fold_1,1,20,0.33,2.0,0.5,-5604.0,-5705.8264,1.8170306923625967,19582,0.5102402418052009,0.005199999999999999,unit_proxy,unit_payoff,ok,
matrix_transformer,next_field,50,fold_1,1,20,0.33,2.0,1.0,-5604.0,-5803.7364,3.564175588865092,19582,0.5102402418052009,0.010199999999999999,unit_proxy,unit_payoff,ok,
matrix_transformer,next_field,50,fold_1,1,20,0.33,2.0,2.0,-5604.0,-5999.5564,7.058465381870099,19582,0.5102402418052009,0.0202,unit_proxy,unit_payoff,ok,
matrix_transformer,next_field,50,fold_1,1,20,0.33,5.0,0.0,-5604.0,-5613.791,0.1747144896502528,19582,0.5102402418052009,0.0005000000000000002,unit_proxy,unit_payoff,ok,
matrix_transformer,next_field,50,fold_1,1,20,0.33,5.0,0.5,-5604.0,-5711.701,1.9218593861527484,19582,0.5102402418052009,0.0055,unit_proxy,unit_payoff,ok,
matrix_transformer,next_field,50,fold_1,1,20,0.33,5.0,1.0,-5604.0,-5809.611,3.6690042826552443,19582,0.5102402418052009,0.010499999999999999,unit_proxy,unit_payoff,ok,
matrix_transformer,next_field,50,fold_1,1,20,0.33,5.0,2.0,-5604.0,-6005.4310000000005,7.163294075660251,19582,0.5102402418052009,0.0205,unit_proxy,unit_payoff,ok,
matrix_transformer,next_field,50,fold_1,1,20,0.33,10.0,0.0,-5604.0,-5623.582,0.3494289793005056,19582,0.5102402418052009,0.0010000000000000005,unit_proxy,unit_payoff,ok,
matrix_transformer,next_field,50,fold_1,1,20,0.33,10.0,0.5,-5604.0,-5721.492,2.096573875803001,19582,0.5102402418052009,0.006000000000000001,unit_proxy,unit_payoff,ok,
matrix_transformer,next_field,50,fold_1,1,20,0.33,10.0,1.0,-5604.0,-5819.402,3.843718772305497,19582,0.5102402418052009,0.011,unit_proxy,unit_payoff,ok,
matrix_transformer,next_field,50,fold_1,1,20,0.33,10.0,2.0,-5604.0,-6015.222,7.3380085653104885,19582,0.5102402418052009,0.020999999999999998,unit_proxy,unit_payoff,ok,
matrix_transformer,next_field,50,fold_1,2,20,0.33,0.0,0.0,-7030.0,-7030.0,0.0,19566,0.5098233362864141,0.0,unit_proxy,unit_payoff,ok,
matrix_transformer,next_field,50,fold_1,2,20,0.33,0.0,0.5,-7030.0,-7127.83,1.3916073968705538,19566,0.5098233362864141,0.005,unit_proxy,unit_payoff,ok,
matrix_transformer,next_field,50,fold_1,2,20,0.33,0.0,1.0,-7030.0,-7225.66,2.7832147937411076,19566,0.5098233362864141,0.01,unit_proxy,unit_payoff,ok,
matrix_transformer,next_field,50,fold_1,2,20,0.33,0.0,2.0,-7030.0,-7421.32,5.566429587482215,19566,0.5098233362864141,0.02,unit_proxy,unit_payoff,ok,
matrix_transformer,next_field,50,fold_1,2,20,0.33,1.0,0.0,-7030.0,-7031.9566,0.027832147937417284,19566,0.5098233362864141,0.00010000000000000003,unit_proxy,unit_payoff,ok,
matrix_transformer,next_field,50,fold_1,2,20,0.33,1.0,0.5,-7030.0,-7129.7866,1.419439544807971,19566,0.5098233362864141,0.005099999999999999,unit_proxy,unit_payoff,ok,
matrix_transformer,next_field,50,fold_1,2,20,0.33,1.0,1.0,-7030.0,-7227.6166,2.8110469416785246,19566,0.5098233362864141,0.0101,unit_proxy,unit_payoff,ok,
matrix_transformer,next_field,50,fold_1,2,20,0.33,1.0,2.0,-7030.0,-7423.2766,5.594261735419632,19566,0.5098233362864141,0.020100000000000003,unit_proxy,unit_payoff,ok,
matrix_transformer,next_field,50,fold_1,2,20,0.33,2.0,0.0,-7030.0,-7033.9132,0.055664295874821634,19566,0.5098233362864141,0.00020000000000000006,unit_proxy,unit_payoff,ok,
matrix_transformer,next_field,50,fold_1,2,20,0.33,2.0,0.5,-7030.0,-7131.7432,1.4472716927453755,19566,0.5098233362864141,0.005199999999999999,unit_proxy,unit_payoff,ok,
matrix_transformer,next_field,50,fold_1,2,20,0.33,2.0,1.0,-7030.0,-7229.5732,2.838879089615929,19566,0.5098233362864141,0.010199999999999997,unit_proxy,unit_payoff,ok,
matrix_transformer,next_field,50,fold_1,2,20,0.33,2.0,2.0,-7030.0,-7425.2332,5.622093883357036,19566,0.5098233362864141,0.0202,unit_proxy,unit_payoff,ok,
matrix_transformer,next_field,50,fold_1,2,20,0.33,5.0,0.0,-7030.0,-7039.783,0.13916073968706055,19566,0.5098233362864141,0.0005000000000000002,unit_proxy,unit_payoff,ok,
matrix_transformer,next_field,50,fold_1,2,20,0.33,5.0,0.5,-7030.0,-7137.613,1.5307681365576142,19566,0.5098233362864141,0.0055,unit_proxy,unit_payoff,ok,
matrix_transformer,next_field,50,fold_1,2,20,0.33,5.0,1.0,-7030.0,-7235.443,2.922375533428168,19566,0.5098233362864141,0.010499999999999999,unit_proxy,unit_payoff,ok,
matrix_transformer,next_field,50,fold_1,2,20,0.33,5.0,2.0,-7030.0,-7431.103,5.705590327169276,19566,0.5098233362864141,0.0205,unit_proxy,unit_payoff,ok,
matrix_transformer,next_field,50,fold_1,2,20,0.33,10.0,0.0,-7030.0,-7049.566,0.27832147937410817,19566,0.5098233362864141,0.0010000000000000005,unit_proxy,unit_payoff,ok,
matrix_transformer,next_field,50,fold_1,2,20,0.33,10.0,0.5,-7030.0,-7147.396,1.669928876244662,19566,0.5098233362864141,0.006000000000000001,unit_proxy,unit_payoff,ok,
matrix_transformer,next_field,50,fold_1,2,20,0.33,10.0,1.0,-7030.0,-7245.226,3.0615362731152156,19566,0.5098233362864141,0.011,unit_proxy,unit_payoff,ok,
matrix_transformer,next_field,50,fold_1,2,20,0.33,10.0,2.0,-7030.0,-7440.886,5.844751066856336,19566,0.5098233362864141,0.020999999999999998,unit_proxy,unit_payoff,ok,
matrix_transformer,next_field,50,fold_2,0,20,0.33,0.0,0.0,-1111.0,-1111.0,0.0,10299,0.3611656613830832,0.0,unit_proxy,unit_payoff,ok,
matrix_transformer,next_field,50,fold_2,0,20,0.33,0.0,0.5,-1111.0,-1162.495,4.635013501350125,10299,0.3611656613830832,0.005,unit_proxy,unit_payoff,ok,
matrix_transformer,next_field,50,fold_2,0,20,0.33,0.0,1.0,-1111.0,-1213.99,9.270027002700271,10299,0.3611656613830832,0.01,unit_proxy,unit_payoff,ok,
matrix_transformer,next_field,50,fold_2,0,20,0.33,0.0,2.0,-1111.0,-1316.98,18.540054005400542,10299,0.3611656613830832,0.02,unit_proxy,unit_payoff,ok,
matrix_transformer,next_field,50,fold_2,0,20,0.33,1.0,0.0,-1111.0,-1112.0299,0.0927002700270025,10299,0.3611656613830832,0.00010000000000000003,unit_proxy,unit_payoff,ok,
matrix_transformer,next_field,50,fold_2,0,20,0.33,1.0,0.5,-1111.0,-1163.5249,4.727713771377127,10299,0.3611656613830832,0.0051,unit_proxy,unit_payoff,ok,
matrix_transformer,next_field,50,fold_2,0,20,0.33,1.0,1.0,-1111.0,-1215.0199,9.362727272727273,10299,0.3611656613830832,0.0101,unit_proxy,unit_payoff,ok,
matrix_transformer,next_field,50,fold_2,0,20,0.33,1.0,2.0,-1111.0,-1318.0099,18.632754275427544,10299,0.3611656613830832,0.020100000000000003,unit_proxy,unit_payoff,ok,
matrix_transformer,next_field,50,fold_2,0,20,0.33,2.0,0.0,-1111.0,-1113.0598,0.185400540054005,10299,0.3611656613830832,0.00020000000000000006,unit_proxy,unit_payoff,ok,
matrix_transformer,next_field,50,fold_2,0,20,0.33,2.0,0.5,-1111.0,-1164.5548,4.82041404140413,10299,0.3611656613830832,0.005199999999999999,unit_proxy,unit_payoff,ok,
matrix_transformer,next_field,50,fold_2,0,20,0.33,2.0,1.0,-1111.0,-1216.0498,9.455427542754276,10299,0.3611656613830832,0.0102,unit_proxy,unit_payoff,ok,
matrix_transformer,next_field,50,fold_2,0,20,0.33,2.0,2.0,-1111.0,-1319.0398,18.725454545454546,10299,0.3611656613830832,0.0202,unit_proxy,unit_payoff,ok,
matrix_transformer,next_field,50,fold_2,0,20,0.33,5.0,0.0,-1111.0,-1116.1495,0.4635013501350125,10299,0.3611656613830832,0.0005000000000000001,unit_proxy,unit_payoff,ok,
matrix_transformer,next_field,50,fold_2,0,20,0.33,5.0,0.5,-1111.0,-1167.6444999999999,5.098514851485138,10299,0.3611656613830832,0.005499999999999999,unit_proxy,unit_payoff,ok,
matrix_transformer,next_field,50,fold_2,0,20,0.33,5.0,1.0,-1111.0,-1219.1395,9.733528352835283,10299,0.3611656613830832,0.0105,unit_proxy,unit_payoff,ok,
matrix_transformer,next_field,50,fold_2,0,20,0.33,5.0,2.0,-1111.0,-1322.1295,19.003555355535553,10299,0.3611656613830832,0.0205,unit_proxy,unit_payoff,ok,
matrix_transformer,next_field,50,fold_2,0,20,0.33,10.0,0.0,-1111.0,-1121.299,0.927002700270025,10299,0.3611656613830832,0.0010000000000000002,unit_proxy,unit_payoff,ok,
matrix_transformer,next_field,50,fold_2,0,20,0.33,10.0,0.5,-1111.0,-1172.794,5.562016201620171,10299,0.3611656613830832,0.006,unit_proxy,unit_payoff,ok,
matrix_transformer,next_field,50,fold_2,0,20,0.33,10.0,1.0,-1111.0,-1224.289,10.197029702970296,10299,0.3611656613830832,0.010999999999999998,unit_proxy,unit_payoff,ok,
matrix_transformer,next_field,50,fold_2,0,20,0.33,10.0,2.0,-1111.0,-1327.279,19.467056705670565,10299,0.3611656613830832,0.021,unit_proxy,unit_payoff,ok,
matrix_transformer,next_field,50,fold_2,1,20,0.33,0.0,0.0,-6262.0,-6262.0,0.0,21230,0.7444943189788189,0.0,unit_proxy,unit_payoff,ok,
matrix_transformer,next_field,50,fold_2,1,20,0.33,0.0,0.5,-6262.0,-6368.15,1.6951453209837055,21230,0.7444943189788189,0.004999999999999999,unit_proxy,unit_payoff,ok,
matrix_transformer,next_field,50,fold_2,1,20,0.33,0.0,1.0,-6262.0,-6474.3,3.3902906419674257,21230,0.7444943189788189,0.009999999999999998,unit_proxy,unit_payoff,ok,
matrix_transformer,next_field,50,fold_2,1,20,0.33,0.0,2.0,-6262.0,-6686.6,6.780581283934851,21230,0.7444943189788189,0.019999999999999997,unit_proxy,unit_payoff,ok,
matrix_transformer,next_field,50,fold_2,1,20,0.33,1.0,0.0,-6262.0,-6264.123,0.03390290641966772,21230,0.7444943189788189,0.00010000000000000003,unit_proxy,unit_payoff,ok,
matrix_transformer,next_field,50,fold_2,1,20,0.33,1.0,0.5,-6262.0,-6370.273,1.7290482274033878,21230,0.7444943189788189,0.0050999999999999995,unit_proxy,unit_payoff,ok,
matrix_transformer,next_field,50,fold_2,1,20,0.33,1.0,1.0,-6262.0,-6476.423,3.424193548387093,21230,0.7444943189788189,0.0101,unit_proxy,unit_payoff,ok,
matrix_transformer,next_field,50,fold_2,1,20,0.33,1.0,2.0,-6262.0,-6688.723,6.814484190354518,21230,0.7444943189788189,0.020100000000000003,unit_proxy,unit_payoff,ok,
matrix_transformer,next_field,50,fold_2,1,20,0.33,2.0,0.0,-6262.0,-6266.246,0.06780581283934997,21230,0.7444943189788189,0.00020000000000000006,unit_proxy,unit_payoff,ok,
matrix_transformer,next_field,50,fold_2,1,20,0.33,2.0,0.5,-6262.0,-6372.396,1.7629511338230555,21230,0.7444943189788189,0.005199999999999998,unit_proxy,unit_payoff,ok,
matrix_transformer,next_field,50,fold_2,1,20,0.33,2.0,1.0,-6262.0,-6478.546,3.4580964548067756,21230,0.7444943189788189,0.010199999999999999,unit_proxy,unit_payoff,ok,
matrix_transformer,next_field,50,fold_2,1,20,0.33,2.0,2.0,-6262.0,-6690.846,6.848387096774186,21230,0.7444943189788189,0.0202,unit_proxy,unit_payoff,ok,
matrix_transformer,next_field,50,fold_2,1,20,0.33,5.0,0.0,-6262.0,-6272.615,0.16951453209836764,21230,0.7444943189788189,0.0005000000000000002,unit_proxy,unit_payoff,ok,
matrix_transformer,next_field,50,fold_2,1,20,0.33,5.0,0.5,-6262.0,-6378.765,1.8646598530820877,21230,0.7444943189788189,0.0055,unit_proxy,unit_payoff,ok,
matrix_transformer,next_field,50,fold_2,1,20,0.33,5.0,1.0,-6262.0,-6484.915,3.5598051740657928,21230,0.7444943189788189,0.010499999999999999,unit_proxy,unit_payoff,ok,
matrix_transformer,next_field,50,fold_2,1,20,0.33,5.0,2.0,-6262.0,-6697.215,6.950095816033218,21230,0.7444943189788189,0.0205,unit_proxy,unit_payoff,ok,
matrix_transformer,next_field,50,fold_2,1,20,0.33,10.0,0.0,-6262.0,-6283.23,0.3390290641967353,21230,0.7444943189788189,0.0010000000000000005,unit_proxy,unit_payoff,ok,
matrix_transformer,next_field,50,fold_2,1,20,0.33,10.0,0.5,-6262.0,-6389.38,2.0341743851804552,21230,0.7444943189788189,0.006,unit_proxy,unit_payoff,ok,
matrix_transformer,next_field,50,fold_2,1,20,0.33,10.0,1.0,-6262.0,-6495.53,3.7293197061641608,21230,0.7444943189788189,0.011,unit_proxy,unit_payoff,ok,
matrix_transformer,next_field,50,fold_2,1,20,0.33,10.0,2.0,-6262.0,-6707.83,7.1196103481315856,21230,0.7444943189788189,0.020999999999999998,unit_proxy,unit_payoff,ok,
matrix_transformer,next_field,50,fold_2,2,20,0.33,0.0,0.0,-5390.0,-5390.0,0.0,17360,0.6087810352083041,0.0,unit_proxy,unit_payoff,ok,
matrix_transformer,next_field,50,fold_2,2,20,0.33,0.0,0.5,-5390.0,-5476.8,1.6103896103896138,17360,0.6087810352083041,0.005,unit_proxy,unit_payoff,ok,
matrix_transformer,next_field,50,fold_2,2,20,0.33,0.0,1.0,-5390.0,-5563.6,3.2207792207792276,17360,0.6087810352083041,0.01,unit_proxy,unit_payoff,ok,
matrix_transformer,next_field,50,fold_2,2,20,0.33,0.0,2.0,-5390.0,-5737.2,6.441558441558438,17360,0.6087810352083041,0.02,unit_proxy,unit_payoff,ok,
matrix_transformer,next_field,50,fold_2,2,20,0.33,1.0,0.0,-5390.0,-5391.736,0.032207792207789916,17360,0.6087810352083041,0.00010000000000000002,unit_proxy,unit_payoff,ok,
matrix_transformer,next_field,50,fold_2,2,20,0.33,1.0,0.5,-5390.0,-5478.536,1.6425974025974037,17360,0.6087810352083041,0.005099999999999999,unit_proxy,unit_payoff,ok,
matrix_transformer,next_field,50,fold_2,2,20,0.33,1.0,1.0,-5390.0,-5565.336,3.2529870129870173,17360,0.6087810352083041,0.010099999999999998,unit_proxy,unit_payoff,ok,
matrix_transformer,next_field,50,fold_2,2,20,0.33,1.0,2.0,-5390.0,-5738.936,6.473766233766227,17360,0.6087810352083041,0.020100000000000007,unit_proxy,unit_payoff,ok,
matrix_transformer,next_field,50,fold_2,2,20,0.33,2.0,0.0,-5390.0,-5393.472,0.06441558441557983,17360,0.6087810352083041,0.00020000000000000004,unit_proxy,unit_payoff,ok,
matrix_transformer,next_field,50,fold_2,2,20,0.33,2.0,0.5,-5390.0,-5480.272,1.6748051948051936,17360,0.6087810352083041,0.005199999999999998,unit_proxy,unit_payoff,ok,
matrix_transformer,next_field,50,fold_2,2,20,0.33,2.0,1.0,-5390.0,-5567.072,3.2851948051948074,17360,0.6087810352083041,0.010199999999999997,unit_proxy,unit_payoff,ok,
matrix_transformer,next_field,50,fold_2,2,20,0.33,2.0,2.0,-5390.0,-5740.672,6.505974025974018,17360,0.6087810352083041,0.020199999999999996,unit_proxy,unit_payoff,ok,
matrix_transformer,next_field,50,fold_2,2,20,0.33,5.0,0.0,-5390.0,-5398.68,0.16103896103896645,17360,0.6087810352083041,0.0005000000000000002,unit_proxy,unit_payoff,ok,
matrix_transformer,next_field,50,fold_2,2,20,0.33,5.0,0.5,-5390.0,-5485.48,1.7714285714285634,17360,0.6087810352083041,0.0055000000000000005,unit_proxy,unit_payoff,ok,
matrix_transformer,next_field,50,fold_2,2,20,0.33,5.0,1.0,-5390.0,-5572.28,3.381818181818177,17360,0.6087810352083041,0.010500000000000002,unit_proxy,unit_payoff,ok,
matrix_transformer,next_field,50,fold_2,2,20,0.33,5.0,2.0,-5390.0,-5745.88,6.602597402597405,17360,0.6087810352083041,0.0205,unit_proxy,unit_payoff,ok,
matrix_transformer,next_field,50,fold_2,2,20,0.33,10.0,0.0,-5390.0,-5407.36,0.322077922077916,17360,0.6087810352083041,0.0010000000000000005,unit_proxy,unit_payoff,ok,
matrix_transformer,next_field,50,fold_2,2,20,0.33,10.0,0.5,-5390.0,-5494.16,1.9324675324675296,17360,0.6087810352083041,0.006000000000000001,unit_proxy,unit_payoff,ok,
matrix_transformer,next_field,50,fold_2,2,20,0.33,10.0,1.0,-5390.0,-5580.96,3.5428571428571436,17360,0.6087810352083041,0.011000000000000001,unit_proxy,unit_payoff,ok,
matrix_transformer,next_field,50,fold_2,2,20,0.33,10.0,2.0,-5390.0,-5754.56,6.763636363636372,17360,0.6087810352083041,0.021000000000000005,unit_proxy,unit_payoff,ok,
matrix_transformer,next_field,50,fold_3,0,20,0.33,0.0,0.0,-5498.0,-5498.0,0.0,30706,0.8298021835477246,0.0,unit_proxy,unit_payoff,ok,
matrix_transformer,next_field,50,fold_3,0,20,0.33,0.0,0.5,-5498.0,-5651.53,2.792469989086936,30706,0.8298021835477246,0.005,unit_proxy,unit_payoff,ok,
matrix_transformer,next_field,50,fold_3,0,20,0.33,0.0,1.0,-5498.0,-5805.06,5.584939978173889,30706,0.8298021835477246,0.01,unit_proxy,unit_payoff,ok,
matrix_transformer,next_field,50,fold_3,0,20,0.33,0.0,2.0,-5498.0,-6112.12,11.169879956347762,30706,0.8298021835477246,0.02,unit_proxy,unit_payoff,ok,
matrix_transformer,next_field,50,fold_3,0,20,0.33,1.0,0.0,-5498.0,-5501.0706,0.055849399781739056,30706,0.8298021835477246,0.00010000000000000003,unit_proxy,unit_payoff,ok,
matrix_transformer,next_field,50,fold_3,0,20,0.33,1.0,0.5,-5498.0,-5654.6006,2.848319388868675,30706,0.8298021835477246,0.0050999999999999995,unit_proxy,unit_payoff,ok,
matrix_transformer,next_field,50,fold_3,0,20,0.33,1.0,1.0,-5498.0,-5808.1306,5.6407893779556275,30706,0.8298021835477246,0.010099999999999998,unit_proxy,unit_payoff,ok,
matrix_transformer,next_field,50,fold_3,0,20,0.33,1.0,2.0,-5498.0,-6115.1906,11.2257293561295,30706,0.8298021835477246,0.020100000000000003,unit_proxy,unit_payoff,ok,
matrix_transformer,next_field,50,fold_3,0,20,0.33,2.0,0.0,-5498.0,-5504.1412,0.11169879956347811,30706,0.8298021835477246,0.00020000000000000006,unit_proxy,unit_payoff,ok,
matrix_transformer,next_field,50,fold_3,0,20,0.33,2.0,0.5,-5498.0,-5657.6712,2.904168788650414,30706,0.8298021835477246,0.005199999999999998,unit_proxy,unit_payoff,ok,
matrix_transformer,next_field,50,fold_3,0,20,0.33,2.0,1.0,-5498.0,-5811.2011999999995,5.69663877773735,30706,0.8298021835477246,0.010199999999999999,unit_proxy,unit_payoff,ok,
matrix_transformer,next_field,50,fold_3,0,20,0.33,2.0,2.0,-5498.0,-6118.2612,11.281578755911239,30706,0.8298021835477246,0.020199999999999996,unit_proxy,unit_payoff,ok,
matrix_transformer,next_field,50,fold_3,0,20,0.33,5.0,0.0,-5498.0,-5513.353,0.27924699890869525,30706,0.8298021835477246,0.0005000000000000002,unit_proxy,unit_payoff,ok,
matrix_transformer,next_field,50,fold_3,0,20,0.33,5.0,0.5,-5498.0,-5666.883,3.071716987995631,30706,0.8298021835477246,0.0055,unit_proxy,unit_payoff,ok,
matrix_transformer,next_field,50,fold_3,0,20,0.33,5.0,1.0,-5498.0,-5820.4130000000005,5.864186977082584,30706,0.8298021835477246,0.0105,unit_proxy,unit_payoff,ok,
matrix_transformer,next_field,50,fold_3,0,20,0.33,5.0,2.0,-5498.0,-6127.473,11.449126955256455,30706,0.8298021835477246,0.0205,unit_proxy,unit_payoff,ok,
matrix_transformer,next_field,50,fold_3,0,20,0.33,10.0,0.0,-5498.0,-5528.706,0.5584939978173905,30706,0.8298021835477246,0.0010000000000000005,unit_proxy,unit_payoff,ok,
matrix_transformer,next_field,50,fold_3,0,20,0.33,10.0,0.5,-5498.0,-5682.236,3.350963986904327,30706,0.8298021835477246,0.005999999999999999,unit_proxy,unit_payoff,ok,
matrix_transformer,next_field,50,fold_3,0,20,0.33,10.0,1.0,-5498.0,-5835.766,6.143433975991262,30706,0.8298021835477246,0.011,unit_proxy,unit_payoff,ok,
matrix_transformer,next_field,50,fold_3,0,20,0.33,10.0,2.0,-5498.0,-6142.826,11.728373954165152,30706,0.8298021835477246,0.021,unit_proxy,unit_payoff,ok,
matrix_transformer,next_field,50,fold_3,1,20,0.33,0.0,0.0,-4331.0,-4331.0,0.0,30093,0.8132364068749325,0.0,unit_proxy,unit_payoff,ok,
matrix_transformer,next_field,50,fold_3,1,20,0.33,0.0,0.5,-4331.0,-4481.465,3.4741399214961937,30093,0.8132364068749325,0.005,unit_proxy,unit_payoff,ok,
matrix_transformer,next_field,50,fold_3,1,20,0.33,0.0,1.0,-4331.0,-4631.93,6.948279842992387,30093,0.8132364068749325,0.01,unit_proxy,unit_payoff,ok,
matrix_transformer,next_field,50,fold_3,1,20,0.33,0.0,2.0,-4331.0,-4932.86,13.896559685984752,30093,0.8132364068749325,0.02,unit_proxy,unit_payoff,ok,
matrix_transformer,next_field,50,fold_3,1,20,0.33,1.0,0.0,-4331.0,-4334.0093,0.06948279842991716,30093,0.8132364068749325,0.00010000000000000002,unit_proxy,unit_payoff,ok,
matrix_transformer,next_field,50,fold_3,1,20,0.33,1.0,0.5,-4331.0,-4484.4743,3.5436227199261108,30093,0.8132364068749325,0.005099999999999999,unit_proxy,unit_payoff,ok,
matrix_transformer,next_field,50,fold_3,1,20,0.33,1.0,1.0,-4331.0,-4634.9393,7.017762641422304,30093,0.8132364068749325,0.010099999999999998,unit_proxy,unit_payoff,ok,
matrix_transformer,next_field,50,fold_3,1,20,0.33,1.0,2.0,-4331.0,-4935.8693,13.966042484414693,30093,0.8132364068749325,0.020100000000000003,unit_proxy,unit_payoff,ok,
matrix_transformer,next_field,50,fold_3,1,20,0.33,2.0,0.0,-4331.0,-4337.0186,0.1389655968598553,30093,0.8132364068749325,0.00020000000000000004,unit_proxy,unit_payoff,ok,
matrix_transformer,next_field,50,fold_3,1,20,0.33,2.0,0.5,-4331.0,-4487.4836,3.613105518356028,30093,0.8132364068749325,0.005199999999999998,unit_proxy,unit_payoff,ok,
matrix_transformer,next_field,50,fold_3,1,20,0.33,2.0,1.0,-4331.0,-4637.9486,7.0872454398522216,30093,0.8132364068749325,0.010199999999999997,unit_proxy,unit_payoff,ok,
matrix_transformer,next_field,50,fold_3,1,20,0.33,2.0,2.0,-4331.0,-4938.8786,14.035525282844608,30093,0.8132364068749325,0.020199999999999996,unit_proxy,unit_payoff,ok,
matrix_transformer,next_field,50,fold_3,1,20,0.33,5.0,0.0,-4331.0,-4346.0465,0.34741399214962776,30093,0.8132364068749325,0.0005000000000000002,unit_proxy,unit_payoff,ok,
matrix_transformer,next_field,50,fold_3,1,20,0.33,5.0,0.5,-4331.0,-4496.5115,3.8215539136458005,30093,0.8132364068749325,0.0055000000000000005,unit_proxy,unit_payoff,ok,
matrix_transformer,next_field,50,fold_3,1,20,0.33,5.0,1.0,-4331.0,-4646.9765,7.295693835141994,30093,0.8132364068749325,0.0105,unit_proxy,unit_payoff,ok,
matrix_transformer,next_field,50,fold_3,1,20,0.33,5.0,2.0,-4331.0,-4947.9065,14.243973678134381,30093,0.8132364068749325,0.020499999999999997,unit_proxy,unit_payoff,ok,
matrix_transformer,next_field,50,fold_3,1,20,0.33,10.0,0.0,-4331.0,-4361.093,0.6948279842992345,30093,0.8132364068749325,0.0010000000000000005,unit_proxy,unit_payoff,ok,
matrix_transformer,next_field,50,fold_3,1,20,0.33,10.0,0.5,-4331.0,-4511.558,4.168967905795428,30093,0.8132364068749325,0.006000000000000001,unit_proxy,unit_payoff,ok,
matrix_transformer,next_field,50,fold_3,1,20,0.33,10.0,1.0,-4331.0,-4662.023,7.6431078272916215,30093,0.8132364068749325,0.011000000000000001,unit_proxy,unit_payoff,ok,
matrix_transformer,next_field,50,fold_3,1,20,0.33,10.0,2.0,-4331.0,-4962.953,14.591387670284009,30093,0.8132364068749325,0.021,unit_proxy,unit_payoff,ok,
matrix_transformer,next_field,50,fold_3,2,20,0.33,0.0,0.0,-7624.0,-7624.0,0.0,34618,0.9355204842719705,0.0,unit_proxy,unit_payoff,ok,
matrix_transformer,next_field,50,fold_3,2,20,0.33,0.0,0.5,-7624.0,-7797.09,2.270330535152153,34618,0.9355204842719705,0.005,unit_proxy,unit_payoff,ok,
matrix_transformer,next_field,50,fold_3,2,20,0.33,0.0,1.0,-7624.0,-7970.18,4.540661070304306,34618,0.9355204842719705,0.01,unit_proxy,unit_payoff,ok,
matrix_transformer,next_field,50,fold_3,2,20,0.33,0.0,2.0,-7624.0,-8316.36,9.081322140608613,34618,0.9355204842719705,0.02,unit_proxy,unit_payoff,ok,
matrix_transformer,next_field,50,fold_3,2,20,0.33,1.0,0.0,-7624.0,-7627.4618,0.04540661070304354,34618,0.9355204842719705,0.00010000000000000003,unit_proxy,unit_payoff,ok,
matrix_transformer,next_field,50,fold_3,2,20,0.33,1.0,0.5,-7624.0,-7800.5518,2.3157371458551967,34618,0.9355204842719705,0.0050999999999999995,unit_proxy,unit_payoff,ok,
matrix_transformer,next_field,50,fold_3,2,20,0.33,1.0,1.0,-7624.0,-7973.6418,4.58606768100735,34618,0.9355204842719705,0.0101,unit_proxy,unit_payoff,ok,
matrix_transformer,next_field,50,fold_3,2,20,0.33,1.0,2.0,-7624.0,-8319.8218,9.126728751311644,34618,0.9355204842719705,0.0201,unit_proxy,unit_payoff,ok,
matrix_transformer,next_field,50,fold_3,2,20,0.33,2.0,0.0,-7624.0,-7630.9236,0.09081322140608708,34618,0.9355204842719705,0.00020000000000000006,unit_proxy,unit_payoff,ok,
matrix_transformer,next_field,50,fold_3,2,20,0.33,2.0,0.5,-7624.0,-7804.0136,2.36114375655824,34618,0.9355204842719705,0.005199999999999998,unit_proxy,unit_payoff,ok,
matrix_transformer,next_field,50,fold_3,2,20,0.33,2.0,1.0,-7624.0,-7977.1036,4.6314742917103935,34618,0.9355204842719705,0.010199999999999999,unit_proxy,unit_payoff,ok,
matrix_transformer,next_field,50,fold_3,2,20,0.33,2.0,2.0,-7624.0,-8323.2836,9.1721353620147,34618,0.9355204842719705,0.0202,unit_proxy,unit_payoff,ok,
matrix_transformer,next_field,50,fold_3,2,20,0.33,5.0,0.0,-7624.0,-7641.309,0.2270330535152177,34618,0.9355204842719705,0.0005000000000000001,unit_proxy,unit_payoff,ok,
matrix_transformer,next_field,50,fold_3,2,20,0.33,5.0,0.5,-7624.0,-7814.399,2.497363588667371,34618,0.9355204842719705,0.0055,unit_proxy,unit_payoff,ok,
matrix_transformer,next_field,50,fold_3,2,20,0.33,5.0,1.0,-7624.0,-7987.489,4.767694123819512,34618,0.9355204842719705,0.0105,unit_proxy,unit_payoff,ok,
matrix_transformer,next_field,50,fold_3,2,20,0.33,5.0,2.0,-7624.0,-8333.669,9.308355194123816,34618,0.9355204842719705,0.0205,unit_proxy,unit_payoff,ok,
matrix_transformer,next_field,50,fold_3,2,20,0.33,10.0,0.0,-7624.0,-7658.618,0.4540661070304354,34618,0.9355204842719705,0.0010000000000000002,unit_proxy,unit_payoff,ok,
matrix_transformer,next_field,50,fold_3,2,20,0.33,10.0,0.5,-7624.0,-7831.708,2.7243966421825765,34618,0.9355204842719705,0.006000000000000001,unit_proxy,unit_payoff,ok,
matrix_transformer,next_field,50,fold_3,2,20,0.33,10.0,1.0,-7624.0,-8004.798,4.99472717733473,34618,0.9355204842719705,0.011,unit_proxy,unit_payoff,ok,
matrix_transformer,next_field,50,fold_3,2,20,0.33,10.0,2.0,-7624.0,-8350.978,9.535388247639023,34618,0.9355204842719705,0.021,unit_proxy,unit_payoff,ok,
matrix_transformer,next_field,50,fold_4,0,20,0.33,0.0,0.0,-2273.0,-2273.0,0.0,29137,0.8380889374676408,0.0,unit_proxy,unit_payoff,ok,
matrix_transformer,next_field,50,fold_4,0,20,0.33,0.0,0.5,-2273.0,-2418.685,6.409370875494938,29137,0.8380889374676408,0.005,unit_proxy,unit_payoff,ok,
matrix_transformer,next_field,50,fold_4,0,20,0.33,0.0,1.0,-2273.0,-2564.37,12.818741750989876,29137,0.8380889374676408,0.01,unit_proxy,unit_payoff,ok,
matrix_transformer,next_field,50,fold_4,0,20,0.33,0.0,2.0,-2273.0,-2855.74,25.63748350197975,29137,0.8380889374676408,0.02,unit_proxy,unit_payoff,ok,
matrix_transformer,next_field,50,fold_4,0,20,0.33,1.0,0.0,-2273.0,-2275.9137,0.12818741750990156,29137,0.8380889374676408,0.00010000000000000002,unit_proxy,unit_payoff,ok,
matrix_transformer,next_field,50,fold_4,0,20,0.33,1.0,0.5,-2273.0,-2421.5987,6.53755829300484,29137,0.8380889374676408,0.0050999999999999995,unit_proxy,unit_payoff,ok,
matrix_transformer,next_field,50,fold_4,0,20,0.33,1.0,1.0,-2273.0,-2567.2837,12.946929168499777,29137,0.8380889374676408,0.010099999999999998,unit_proxy,unit_payoff,ok,
matrix_transformer,next_field,50,fold_4,0,20,0.33,1.0,2.0,-2273.0,-2858.6537,25.765670919489654,29137,0.8380889374676408,0.020100000000000003,unit_proxy,unit_payoff,ok,
matrix_transformer,next_field,50,fold_4,0,20,0.33,2.0,0.0,-2273.0,-2278.8274,0.2563748350198031,29137,0.8380889374676408,0.00020000000000000004,unit_proxy,unit_payoff,ok,
matrix_transformer,next_field,50,fold_4,0,20,0.33,2.0,0.5,-2273.0,-2424.5124,6.665745710514741,29137,0.8380889374676408,0.005199999999999997,unit_proxy,unit_payoff,ok,
matrix_transformer,next_field,50,fold_4,0,20,0.33,2.0,1.0,-2273.0,-2570.1974,13.07511658600968,29137,0.8380889374676408,0.010199999999999999,unit_proxy,unit_payoff,ok,
matrix_transformer,next_field,50,fold_4,0,20,0.33,2.0,2.0,-2273.0,-2861.5674,25.893858336999553,29137,0.8380889374676408,0.020199999999999996,unit_proxy,unit_payoff,ok,
matrix_transformer,next_field,50,fold_4,0,20,0.33,5.0,0.0,-2273.0,-2287.5685,0.6409370875494879,29137,0.8380889374676408,0.0005000000000000002,unit_proxy,unit_payoff,ok,
matrix_transformer,next_field,50,fold_4,0,20,0.33,5.0,0.5,-2273.0,-2433.2535,7.0503079630444265,29137,0.8380889374676408,0.0055,unit_proxy,unit_payoff,ok,
matrix_transformer,next_field,50,fold_4,0,20,0.33,5.0,1.0,-2273.0,-2578.9385,13.459678838539386,29137,0.8380889374676408,0.010499999999999999,unit_proxy,unit_payoff,ok,
matrix_transformer,next_field,50,fold_4,0,20,0.33,5.0,2.0,-2273.0,-2870.3085,26.27842058952926,29137,0.8380889374676408,0.020500000000000004,unit_proxy,unit_payoff,ok,
matrix_transformer,next_field,50,fold_4,0,20,0.33,10.0,0.0,-2273.0,-2302.137,1.2818741750989955,29137,0.8380889374676408,0.0010000000000000005,unit_proxy,unit_payoff,ok,
matrix_transformer,next_field,50,fold_4,0,20,0.33,10.0,0.5,-2273.0,-2447.822,7.691245050593934,29137,0.8380889374676408,0.006000000000000002,unit_proxy,unit_payoff,ok,
matrix_transformer,next_field,50,fold_4,0,20,0.33,10.0,1.0,-2273.0,-2593.507,14.100615926088873,29137,0.8380889374676408,0.011,unit_proxy,unit_payoff,ok,
matrix_transformer,next_field,50,fold_4,0,20,0.33,10.0,2.0,-2273.0,-2884.877,26.919357677078747,29137,0.8380889374676408,0.020999999999999998,unit_proxy,unit_payoff,ok,
matrix_transformer,next_field,50,fold_4,1,20,0.33,0.0,0.0,-2734.0,-2734.0,0.0,32196,0.92607720186389,0.0,unit_proxy,unit_payoff,ok,
matrix_transformer,next_field,50,fold_4,1,20,0.33,0.0,0.5,-2734.0,-2894.98,5.888076079005121,32196,0.92607720186389,0.005,unit_proxy,unit_payoff,ok,
matrix_transformer,next_field,50,fold_4,1,20,0.33,0.0,1.0,-2734.0,-3055.96,11.776152158010243,32196,0.92607720186389,0.01,unit_proxy,unit_payoff,ok,
matrix_transformer,next_field,50,fold_4,1,20,0.33,0.0,2.0,-2734.0,-3377.92,23.552304316020486,32196,0.92607720186389,0.02,unit_proxy,unit_payoff,ok,
matrix_transformer,next_field,50,fold_4,1,20,0.33,1.0,0.0,-2734.0,-2737.2196,0.11776152158009877,32196,0.92607720186389,0.00010000000000000003,unit_proxy,unit_payoff,ok,
matrix_transformer,next_field,50,fold_4,1,20,0.33,1.0,0.5,-2734.0,-2898.1996,6.00583760058522,32196,0.92607720186389,0.0050999999999999995,unit_proxy,unit_payoff,ok,
matrix_transformer,next_field,50,fold_4,1,20,0.33,1.0,1.0,-2734.0,-3059.1796,11.89391367959034,32196,0.92607720186389,0.0101,unit_proxy,unit_payoff,ok,
matrix_transformer,next_field,50,fold_4,1,20,0.33,1.0,2.0,-2734.0,-3381.1396,23.670065837600585,32196,0.92607720186389,0.020100000000000003,unit_proxy,unit_payoff,ok,
matrix_transformer,next_field,50,fold_4,1,20,0.33,2.0,0.0,-2734.0,-2740.4392,0.23552304316019754,32196,0.92607720186389,0.00020000000000000006,unit_proxy,unit_payoff,ok,
matrix_transformer,next_field,50,fold_4,1,20,0.33,2.0,0.5,-2734.0,-2901.4192,6.123599122165319,32196,0.92607720186389,0.005199999999999998,unit_proxy,unit_payoff,ok,
matrix_transformer,next_field,50,fold_4,1,20,0.33,2.0,1.0,-2734.0,-3062.3992,12.01167520117044,32196,0.92607720186389,0.010199999999999999,unit_proxy,unit_payoff,ok,
matrix_transformer,next_field,50,fold_4,1,20,0.33,2.0,2.0,-2734.0,-3384.3592,23.78782735918068,32196,0.92607720186389,0.0202,unit_proxy,unit_payoff,ok,
matrix_transformer,next_field,50,fold_4,1,20,0.33,5.0,0.0,-2734.0,-2750.098,0.5888076079005105,32196,0.92607720186389,0.0005000000000000002,unit_proxy,unit_payoff,ok,
matrix_transformer,next_field,50,fold_4,1,20,0.33,5.0,0.5,-2734.0,-2911.078,6.476883686905632,32196,0.92607720186389,0.0055,unit_proxy,unit_payoff,ok,
matrix_transformer,next_field,50,fold_4,1,20,0.33,5.0,1.0,-2734.0,-3072.058,12.364959765910752,32196,0.92607720186389,0.010499999999999999,unit_proxy,unit_payoff,ok,
matrix_transformer,next_field,50,fold_4,1,20,0.33,5.0,2.0,-2734.0,-3394.018,24.141111923920995,32196,0.92607720186389,0.0205,unit_proxy,unit_payoff,ok,
matrix_transformer,next_field,50,fold_4,1,20,0.33,10.0,0.0,-2734.0,-2766.196,1.177615215801021,32196,0.92607720186389,0.0010000000000000005,unit_proxy,unit_payoff,ok,
matrix_transformer,next_field,50,fold_4,1,20,0.33,10.0,0.5,-2734.0,-2927.176,7.065691294806142,32196,0.92607720186389,0.006,unit_proxy,unit_payoff,ok,
matrix_transformer,next_field,50,fold_4,1,20,0.33,10.0,1.0,-2734.0,-3088.156,12.953767373811264,32196,0.92607720186389,0.011,unit_proxy,unit_payoff,ok,
matrix_transformer,next_field,50,fold_4,1,20,0.33,10.0,2.0,-2734.0,-3410.116,24.729919531821505,32196,0.92607720186389,0.020999999999999998,unit_proxy,unit_payoff,ok,
matrix_transformer,next_field,50,fold_4,2,20,0.33,0.0,0.0,-2531.0,-2531.0,0.0,32175,0.9254731634355404,0.0,unit_proxy,unit_payoff,ok,
matrix_transformer,next_field,50,fold_4,2,20,0.33,0.0,0.5,-2531.0,-2691.875,6.356183326748321,32175,0.9254731634355404,0.005,unit_proxy,unit_payoff,ok,
matrix_transformer,next_field,50,fold_4,2,20,0.33,0.0,1.0,-2531.0,-2852.75,12.712366653496643,32175,0.9254731634355404,0.01,unit_proxy,unit_payoff,ok,
matrix_transformer,next_field,50,fold_4,2,20,0.33,0.0,2.0,-2531.0,-3174.5,25.424733306993286,32175,0.9254731634355404,0.02,unit_proxy,unit_payoff,ok,
matrix_transformer,next_field,50,fold_4,2,20,0.33,1.0,0.0,-2531.0,-2534.2175,0.1271236665349743,32175,0.9254731634355404,0.00010000000000000003,unit_proxy,unit_payoff,ok,
matrix_transformer,next_field,50,fold_4,2,20,0.33,1.0,0.5,-2531.0,-2695.0924999999997,6.483306993283278,32175,0.9254731634355404,0.005099999999999999,unit_proxy,unit_payoff,ok,
matrix_transformer,next_field,50,fold_4,2,20,0.33,1.0,1.0,-2531.0,-2855.9674999999997,12.839490320031599,32175,0.9254731634355404,0.0101,unit_proxy,unit_payoff,ok,
matrix_transformer,next_field,50,fold_4,2,20,0.33,1.0,2.0,-2531.0,-3177.7175,25.55185697352826,32175,0.9254731634355404,0.020100000000000003,unit_proxy,unit_payoff,ok,
matrix_transformer,next_field,50,fold_4,2,20,0.33,2.0,0.0,-2531.0,-2537.435,0.2542473330699307,32175,0.9254731634355404,0.00020000000000000006,unit_proxy,unit_payoff,ok,
matrix_transformer,next_field,50,fold_4,2,20,0.33,2.0,0.5,-2531.0,-2698.31,6.610430659818252,32175,0.9254731634355404,0.005199999999999997,unit_proxy,unit_payoff,ok,
matrix_transformer,next_field,50,fold_4,2,20,0.33,2.0,1.0,-2531.0,-2859.185,12.966613986566571,32175,0.9254731634355404,0.010199999999999997,unit_proxy,unit_payoff,ok,
matrix_transformer,next_field,50,fold_4,2,20,0.33,2.0,2.0,-2531.0,-3180.935,25.678980640063216,32175,0.9254731634355404,0.0202,unit_proxy,unit_payoff,ok,
matrix_transformer,next_field,50,fold_4,2,20,0.33,5.0,0.0,-2531.0,-2547.0875,0.6356183326748357,32175,0.9254731634355404,0.0005000000000000002,unit_proxy,unit_payoff,ok,
matrix_transformer,next_field,50,fold_4,2,20,0.33,5.0,0.5,-2531.0,-2707.9625,6.991801659423157,32175,0.9254731634355404,0.0055,unit_proxy,unit_payoff,ok,
matrix_transformer,next_field,50,fold_4,2,20,0.33,5.0,1.0,-2531.0,-2868.8375,13.347984986171477,32175,0.9254731634355404,0.0105,unit_proxy,unit_payoff,ok,
matrix_transformer,next_field,50,fold_4,2,20,0.33,5.0,2.0,-2531.0,-3190.5875,26.060351639668117,32175,0.9254731634355404,0.020500000000000004,unit_proxy,unit_payoff,ok,
matrix_transformer,next_field,50,fold_4,2,20,0.33,10.0,0.0,-2531.0,-2563.175,1.2712366653496714,32175,0.9254731634355404,0.0010000000000000005,unit_proxy,unit_payoff,ok,
matrix_transformer,next_field,50,fold_4,2,20,0.33,10.0,0.5,-2531.0,-2724.05,7.627419992097992,32175,0.9254731634355404,0.006000000000000001,unit_proxy,unit_payoff,ok,
matrix_transformer,next_field,50,fold_4,2,20,0.33,10.0,1.0,-2531.0,-2884.925,13.983603318846313,32175,0.9254731634355404,0.011,unit_proxy,unit_payoff,ok,
matrix_transformer,next_field,50,fold_4,2,20,0.33,10.0,2.0,-2531.0,-3206.675,26.695969972342954,32175,0.9254731634355404,0.021,unit_proxy,unit_payoff,ok,
matrix_transformer,next_field,50,fold_5,0,20,0.33,0.0,0.0,-4520.0,-4520.0,0.0,32738,0.8365829351186977,0.0,unit_proxy,unit_payoff,ok,
matrix_transformer,next_field,50,fold_5,0,20,0.33,0.0,0.5,-4520.0,-4683.69,3.6214601769911416,32738,0.8365829351186977,0.005,unit_proxy,unit_payoff,ok,
matrix_transformer,next_field,50,fold_5,0,20,0.33,0.0,1.0,-4520.0,-4847.38,7.242920353982303,32738,0.8365829351186977,0.01,unit_proxy,unit_payoff,ok,
matrix_transformer,next_field,50,fold_5,0,20,0.33,0.0,2.0,-4520.0,-5174.76,14.485840707964606,32738,0.8365829351186977,0.02,unit_proxy,unit_payoff,ok,
matrix_transformer,next_field,50,fold_5,0,20,0.33,1.0,0.0,-4520.0,-4523.2738,0.07242920353982163,32738,0.8365829351186977,0.00010000000000000005,unit_proxy,unit_payoff,ok,
matrix_transformer,next_field,50,fold_5,0,20,0.33,1.0,0.5,-4520.0,-4686.9637999999995,3.693889380530963,32738,0.8365829351186977,0.005099999999999999,unit_proxy,unit_payoff,ok,
matrix_transformer,next_field,50,fold_5,0,20,0.33,1.0,1.0,-4520.0,-4850.6538,7.315349557522125,32738,0.8365829351186977,0.0101,unit_proxy,unit_payoff,ok,
matrix_transformer,next_field,50,fold_5,0,20,0.33,1.0,2.0,-4520.0,-5178.0338,14.558269911504429,32738,0.8365829351186977,0.0201,unit_proxy,unit_payoff,ok,
matrix_transformer,next_field,50,fold_5,0,20,0.33,2.0,0.0,-4520.0,-4526.5476,0.14485840707964326,32738,0.8365829351186977,0.0002000000000000001,unit_proxy,unit_payoff,ok,
matrix_transformer,next_field,50,fold_5,0,20,0.33,2.0,0.5,-4520.0,-4690.2376,3.7663185840708047,32738,0.8365829351186977,0.005199999999999998,unit_proxy,unit_payoff,ok,
matrix_transformer,next_field,50,fold_5,0,20,0.33,2.0,1.0,-4520.0,-4853.9276,7.387778761061947,32738,0.8365829351186977,0.010199999999999997,unit_proxy,unit_payoff,ok,
matrix_transformer,next_field,50,fold_5,0,20,0.33,2.0,2.0,-4520.0,-5181.3076,14.63069911504425,32738,0.8365829351186977,0.0202,unit_proxy,unit_payoff,ok,
matrix_transformer,next_field,50,fold_5,0,20,0.33,5.0,0.0,-4520.0,-4536.369,0.3621460176991081,32738,0.8365829351186977,0.0005000000000000001,unit_proxy,unit_payoff,ok,
matrix_transformer,next_field,50,fold_5,0,20,0.33,5.0,0.5,-4520.0,-4700.059,3.98360619469027,32738,0.8365829351186977,0.0055,unit_proxy,unit_payoff,ok,
matrix_transformer,next_field,50,fold_5,0,20,0.33,5.0,1.0,-4520.0,-4863.749,7.605066371681411,32738,0.8365829351186977,0.0105,unit_proxy,unit_payoff,ok,
matrix_transformer,next_field,50,fold_5,0,20,0.33,5.0,2.0,-4520.0,-5191.129,14.847986725663715,32738,0.8365829351186977,0.0205,unit_proxy,unit_payoff,ok,
matrix_transformer,next_field,50,fold_5,0,20,0.33,10.0,0.0,-4520.0,-4552.738,0.7242920353982363,32738,0.8365829351186977,0.0010000000000000002,unit_proxy,unit_payoff,ok,
matrix_transformer,next_field,50,fold_5,0,20,0.33,10.0,0.5,-4520.0,-4716.428,4.345752212389378,32738,0.8365829351186977,0.006,unit_proxy,unit_payoff,ok,
matrix_transformer,next_field,50,fold_5,0,20,0.33,10.0,1.0,-4520.0,-4880.118,7.96721238938054,32738,0.8365829351186977,0.011,unit_proxy,unit_payoff,ok,
matrix_transformer,next_field,50,fold_5,0,20,0.33,10.0,2.0,-4520.0,-5207.498,15.210132743362822,32738,0.8365829351186977,0.021,unit_proxy,unit_payoff,ok,
matrix_transformer,next_field,50,fold_5,1,20,0.33,0.0,0.0,-3476.0,-3476.0,0.0,29144,0.7447422891166023,0.0,unit_proxy,unit_payoff,ok,
matrix_transformer,next_field,50,fold_5,1,20,0.33,0.0,0.5,-3476.0,-3621.72,4.192174913693895,29144,0.7447422891166023,0.005,unit_proxy,unit_payoff,ok,
matrix_transformer,next_field,50,fold_5,1,20,0.33,0.0,1.0,-3476.0,-3767.44,8.384349827387803,29144,0.7447422891166023,0.01,unit_proxy,unit_payoff,ok,
matrix_transformer,next_field,50,fold_5,1,20,0.33,0.0,2.0,-3476.0,-4058.88,16.768699654775606,29144,0.7447422891166023,0.02,unit_proxy,unit_payoff,ok,
matrix_transformer,next_field,50,fold_5,1,20,0.33,1.0,0.0,-3476.0,-3478.9144,0.08384349827388131,29144,0.7447422891166023,0.00010000000000000002,unit_proxy,unit_payoff,ok,
matrix_transformer,next_field,50,fold_5,1,20,0.33,1.0,0.5,-3476.0,-3624.6344,4.276018411967777,29144,0.7447422891166023,0.005099999999999999,unit_proxy,unit_payoff,ok,
matrix_transformer,next_field,50,fold_5,1,20,0.33,1.0,1.0,-3476.0,-3770.3544,8.468193325661685,29144,0.7447422891166023,0.0101,unit_proxy,unit_payoff,ok,
matrix_transformer,next_field,50,fold_5,1,20,0.33,1.0,2.0,-3476.0,-4061.7944,16.85254315304949,29144,0.7447422891166023,0.020100000000000003,unit_proxy,unit_payoff,ok,
matrix_transformer,next_field,50,fold_5,1,20,0.33,2.0,0.0,-3476.0,-3481.8288000000002,0.16768699654776262,29144,0.7447422891166023,0.00020000000000000004,unit_proxy,unit_payoff,ok,
matrix_transformer,next_field,50,fold_5,1,20,0.33,2.0,0.5,-3476.0,-3627.5488,4.3598619102416585,29144,0.7447422891166023,0.005199999999999999,unit_proxy,unit_payoff,ok,
matrix_transformer,next_field,50,fold_5,1,20,0.33,2.0,1.0,-3476.0,-3773.2688,8.552036823935554,29144,0.7447422891166023,0.010199999999999997,unit_proxy,unit_payoff,ok,
matrix_transformer,next_field,50,fold_5,1,20,0.33,2.0,2.0,-3476.0,-4064.7088,16.936386651323357,29144,0.7447422891166023,0.0202,unit_proxy,unit_payoff,ok,
matrix_transformer,next_field,50,fold_5,1,20,0.33,5.0,0.0,-3476.0,-3490.572,0.41921749136939346,29144,0.7447422891166023,0.0005000000000000001,unit_proxy,unit_payoff,ok,
matrix_transformer,next_field,50,fold_5,1,20,0.33,5.0,0.5,-3476.0,-3636.292,4.611392405063289,29144,0.7447422891166023,0.005499999999999999,unit_proxy,unit_payoff,ok,
matrix_transformer,next_field,50,fold_5,1,20,0.33,5.0,1.0,-3476.0,-3782.012,8.803567318757196,29144,0.7447422891166023,0.0105,unit_proxy,unit_payoff,ok,
matrix_transformer,next_field,50,fold_5,1,20,0.33,5.0,2.0,-3476.0,-4073.452,17.187917146145,29144,0.7447422891166023,0.0205,unit_proxy,unit_payoff,ok,
matrix_transformer,next_field,50,fold_5,1,20,0.33,10.0,0.0,-3476.0,-3505.1440000000002,0.8384349827387869,29144,0.7447422891166023,0.0010000000000000002,unit_proxy,unit_payoff,ok,
matrix_transformer,next_field,50,fold_5,1,20,0.33,10.0,0.5,-3476.0,-3650.864,5.030609896432682,29144,0.7447422891166023,0.006,unit_proxy,unit_payoff,ok,
matrix_transformer,next_field,50,fold_5,1,20,0.33,10.0,1.0,-3476.0,-3796.584,9.222784810126578,29144,0.7447422891166023,0.010999999999999998,unit_proxy,unit_payoff,ok,
matrix_transformer,next_field,50,fold_5,1,20,0.33,10.0,2.0,-3476.0,-4088.024,17.60713463751438,29144,0.7447422891166023,0.021,unit_proxy,unit_payoff,ok,
matrix_transformer,next_field,50,fold_5,2,20,0.33,0.0,0.0,-4608.0,-4608.0,0.0,31348,0.80106304142284,0.0,unit_proxy,unit_payoff,ok,
matrix_transformer,next_field,50,fold_5,2,20,0.33,0.0,0.5,-4608.0,-4764.74,3.4014756944444398,31348,0.80106304142284,0.004999999999999999,unit_proxy,unit_payoff,ok,
matrix_transformer,next_field,50,fold_5,2,20,0.33,0.0,1.0,-4608.0,-4921.48,6.8029513888888795,31348,0.80106304142284,0.009999999999999998,unit_proxy,unit_payoff,ok,
matrix_transformer,next_field,50,fold_5,2,20,0.33,0.0,2.0,-4608.0,-5234.96,13.605902777777779,31348,0.80106304142284,0.019999999999999997,unit_proxy,unit_payoff,ok,
matrix_transformer,next_field,50,fold_5,2,20,0.33,1.0,0.0,-4608.0,-4611.1348,0.06802951388888485,31348,0.80106304142284,0.00010000000000000003,unit_proxy,unit_payoff,ok,
matrix_transformer,next_field,50,fold_5,2,20,0.33,1.0,0.5,-4608.0,-4767.8748,3.4695052083333247,31348,0.80106304142284,0.005099999999999999,unit_proxy,unit_payoff,ok,
matrix_transformer,next_field,50,fold_5,2,20,0.33,1.0,1.0,-4608.0,-4924.6148,6.870980902777784,31348,0.80106304142284,0.0101,unit_proxy,unit_payoff,ok,
matrix_transformer,next_field,50,fold_5,2,20,0.33,1.0,2.0,-4608.0,-5238.0948,13.673932291666663,31348,0.80106304142284,0.020100000000000003,unit_proxy,unit_payoff,ok,
matrix_transformer,next_field,50,fold_5,2,20,0.33,2.0,0.0,-4608.0,-4614.2696,0.1360590277777697,31348,0.80106304142284,0.00020000000000000006,unit_proxy,unit_payoff,ok,
matrix_transformer,next_field,50,fold_5,2,20,0.33,2.0,0.5,-4608.0,-4771.0096,3.537534722222229,31348,0.80106304142284,0.005199999999999999,unit_proxy,unit_payoff,ok,
matrix_transformer,next_field,50,fold_5,2,20,0.33,2.0,1.0,-4608.0,-4927.7496,6.939010416666669,31348,0.80106304142284,0.010199999999999997,unit_proxy,unit_payoff,ok,
matrix_transformer,next_field,50,fold_5,2,20,0.33,2.0,2.0,-4608.0,-5241.2296,13.741961805555547,31348,0.80106304142284,0.0202,unit_proxy,unit_payoff,ok,
matrix_transformer,next_field,50,fold_5,2,20,0.33,5.0,0.0,-4608.0,-4623.674,0.34014756944444396,31348,0.80106304142284,0.0005000000000000002,unit_proxy,unit_payoff,ok,
matrix_transformer,next_field,50,fold_5,2,20,0.33,5.0,0.5,-4608.0,-4780.414,3.7416232638888838,31348,0.80106304142284,0.0055000000000000005,unit_proxy,unit_payoff,ok,
matrix_transformer,next_field,50,fold_5,2,20,0.33,5.0,1.0,-4608.0,-4937.154,7.1430989583333435,31348,0.80106304142284,0.0105,unit_proxy,unit_payoff,ok,
matrix_transformer,next_field,50,fold_5,2,20,0.33,5.0,2.0,-4608.0,-5250.634,13.946050347222222,31348,0.80106304142284,0.0205,unit_proxy,unit_payoff,ok,
matrix_transformer,next_field,50,fold_5,2,20,0.33,10.0,0.0,-4608.0,-4639.348,0.6802951388888879,31348,0.80106304142284,0.0010000000000000005,unit_proxy,unit_payoff,ok,
matrix_transformer,next_field,50,fold_5,2,20,0.33,10.0,0.5,-4608.0,-4796.088,4.081770833333328,31348,0.80106304142284,0.006000000000000001,unit_proxy,unit_payoff,ok,
matrix_transformer,next_field,50,fold_5,2,20,0.33,10.0,1.0,-4608.0,-4952.828,7.483246527777787,31348,0.80106304142284,0.011000000000000001,unit_proxy,unit_payoff,ok,
matrix_transformer,next_field,50,fold_5,2,20,0.33,10.0,2.0,-4608.0,-5266.308,14.286197916666666,31348,0.80106304142284,0.021,unit_proxy,unit_payoff,ok,
matrix_transformer,supervised,10,fold_1,0,20,0.33,0.0,0.0,-10372.0,-10372.0,0.0,17148,0.4468184897597582,0.0,unit_proxy,unit_payoff,ok,
matrix_transformer,supervised,10,fold_1,0,20,0.33,0.0,0.5,-10372.0,-10457.74,0.8266486694947915,17148,0.4468184897597582,0.005,unit_proxy,unit_payoff,ok,
matrix_transformer,supervised,10,fold_1,0,20,0.33,0.0,1.0,-10372.0,-10543.48,1.653297338989583,17148,0.4468184897597582,0.01,unit_proxy,unit_payoff,ok,
matrix_transformer,supervised,10,fold_1,0,20,0.33,0.0,2.0,-10372.0,-10714.96,3.306594677979166,17148,0.4468184897597582,0.02,unit_proxy,unit_payoff,ok,
matrix_transformer,supervised,10,fold_1,0,20,0.33,1.0,0.0,-10372.0,-10373.7148,0.016532973389893377,17148,0.4468184897597582,0.00010000000000000002,unit_proxy,unit_payoff,ok,
matrix_transformer,supervised,10,fold_1,0,20,0.33,1.0,0.5,-10372.0,-10459.4548,0.8431816428846849,17148,0.4468184897597582,0.005099999999999999,unit_proxy,unit_payoff,ok,
matrix_transformer,supervised,10,fold_1,0,20,0.33,1.0,1.0,-10372.0,-10545.1948,1.6698303123794764,17148,0.4468184897597582,0.010100000000000001,unit_proxy,unit_payoff,ok,
matrix_transformer,supervised,10,fold_1,0,20,0.33,1.0,2.0,-10372.0,-10716.6748,3.3231276513690773,17148,0.4468184897597582,0.020100000000000003,unit_proxy,unit_payoff,ok,
matrix_transformer,supervised,10,fold_1,0,20,0.33,2.0,0.0,-10372.0,-10375.4296,0.033065946779786755,17148,0.4468184897597582,0.00020000000000000004,unit_proxy,unit_payoff,ok,
matrix_transformer,supervised,10,fold_1,0,20,0.33,2.0,0.5,-10372.0,-10461.1696,0.8597146162745783,17148,0.4468184897597582,0.005199999999999999,unit_proxy,unit_payoff,ok,
matrix_transformer,supervised,10,fold_1,0,20,0.33,2.0,1.0,-10372.0,-10546.909599999999,1.6863632857693698,17148,0.4468184897597582,0.010199999999999997,unit_proxy,unit_payoff,ok,
matrix_transformer,supervised,10,fold_1,0,20,0.33,2.0,2.0,-10372.0,-10718.3896,3.3396606247589706,17148,0.4468184897597582,0.020200000000000003,unit_proxy,unit_payoff,ok,
matrix_transformer,supervised,10,fold_1,0,20,0.33,5.0,0.0,-10372.0,-10380.574,0.08266486694948441,17148,0.4468184897597582,0.0005000000000000003,unit_proxy,unit_payoff,ok,
matrix_transformer,supervised,10,fold_1,0,20,0.33,5.0,0.5,-10372.0,-10466.314,0.9093135364442759,17148,0.4468184897597582,0.0055,unit_proxy,unit_payoff,ok,
matrix_transformer,supervised,10,fold_1,0,20,0.33,5.0,1.0,-10372.0,-10552.054,1.7359622059390674,17148,0.4468184897597582,0.010499999999999999,unit_proxy,unit_payoff,ok,
matrix_transformer,supervised,10,fold_1,0,20,0.33,5.0,2.0,-10372.0,-10723.534,3.3892595449286507,17148,0.4468184897597582,0.0205,unit_proxy,unit_payoff,ok,
matrix_transformer,supervised,10,fold_1,0,20,0.33,10.0,0.0,-10372.0,-10389.148,0.1653297338989513,17148,0.4468184897597582,0.0010000000000000007,unit_proxy,unit_payoff,ok,
matrix_transformer,supervised,10,fold_1,0,20,0.33,10.0,0.5,-10372.0,-10474.888,0.9919784033937604,17148,0.4468184897597582,0.006,unit_proxy,unit_payoff,ok,
matrix_transformer,supervised,10,fold_1,0,20,0.33,10.0,1.0,-10372.0,-10560.628,1.8186270728885519,17148,0.4468184897597582,0.011,unit_proxy,unit_payoff,ok,
matrix_transformer,supervised,10,fold_1,0,20,0.33,10.0,2.0,-10372.0,-10732.108,3.4719244118781347,17148,0.4468184897597582,0.020999999999999998,unit_proxy,unit_payoff,ok,
matrix_transformer,supervised,10,fold_1,1,20,0.33,0.0,0.0,-11108.0,-11108.0,0.0,18782,0.4893949658658607,0.0,unit_proxy,unit_payoff,ok,
matrix_transformer,supervised,10,fold_1,1,20,0.33,0.0,0.5,-11108.0,-11201.91,0.8454267194814535,18782,0.4893949658658607,0.005,unit_proxy,unit_payoff,ok,
matrix_transformer,supervised,10,fold_1,1,20,0.33,0.0,1.0,-11108.0,-11295.82,1.690853438962907,18782,0.4893949658658607,0.01,unit_proxy,unit_payoff,ok,
matrix_transformer,supervised,10,fold_1,1,20,0.33,0.0,2.0,-11108.0,-11483.64,3.381706877925814,18782,0.4893949658658607,0.02,unit_proxy,unit_payoff,ok,
matrix_transformer,supervised,10,fold_1,1,20,0.33,1.0,0.0,-11108.0,-11109.8782,0.016908534389621865,18782,0.4893949658658607,0.00010000000000000003,unit_proxy,unit_payoff,ok,
matrix_transformer,supervised,10,fold_1,1,20,0.33,1.0,0.5,-11108.0,-11203.788199999999,0.8623352538710753,18782,0.4893949658658607,0.005099999999999998,unit_proxy,unit_payoff,ok,
matrix_transformer,supervised,10,fold_1,1,20,0.33,1.0,1.0,-11108.0,-11297.6982,1.707761973352545,18782,0.4893949658658607,0.0101,unit_proxy,unit_payoff,ok,
matrix_transformer,supervised,10,fold_1,1,20,0.33,1.0,2.0,-11108.0,-11485.5182,3.398615412315452,18782,0.4893949658658607,0.020100000000000003,unit_proxy,unit_payoff,ok,
matrix_transformer,supervised,10,fold_1,1,20,0.33,2.0,0.0,-11108.0,-11111.7564,0.0338170687792601,18782,0.4893949658658607,0.00020000000000000006,unit_proxy,unit_payoff,ok,
matrix_transformer,supervised,10,fold_1,1,20,0.33,2.0,0.5,-11108.0,-11205.6664,0.8792437882607137,18782,0.4893949658658607,0.005199999999999997,unit_proxy,unit_payoff,ok,
matrix_transformer,supervised,10,fold_1,1,20,0.33,2.0,1.0,-11108.0,-11299.5764,1.7246705077421671,18782,0.4893949658658607,0.010199999999999996,unit_proxy,unit_payoff,ok,
matrix_transformer,supervised,10,fold_1,1,20,0.33,2.0,2.0,-11108.0,-11487.3964,3.415523946705074,18782,0.4893949658658607,0.0202,unit_proxy,unit_payoff,ok,
matrix_transformer,supervised,10,fold_1,1,20,0.33,5.0,0.0,-11108.0,-11117.391,0.08454267194814208,18782,0.4893949658658607,0.0005000000000000002,unit_proxy,unit_payoff,ok,
matrix_transformer,supervised,10,fold_1,1,20,0.33,5.0,0.5,-11108.0,-11211.301,0.9299693914295957,18782,0.4893949658658607,0.0055,unit_proxy,unit_payoff,ok,
matrix_transformer,supervised,10,fold_1,1,20,0.33,5.0,1.0,-11108.0,-11305.211,1.775396110911049,18782,0.4893949658658607,0.0105,unit_proxy,unit_payoff,ok,
matrix_transformer,supervised,10,fold_1,1,20,0.33,5.0,2.0,-11108.0,-11493.031,3.4662495498739725,18782,0.4893949658658607,0.0205,unit_proxy,unit_payoff,ok,
matrix_transformer,supervised,10,fold_1,1,20,0.33,10.0,0.0,-11108.0,-11126.782,0.16908534389628416,18782,0.4893949658658607,0.0010000000000000005,unit_proxy,unit_payoff,ok,
matrix_transformer,supervised,10,fold_1,1,20,0.33,10.0,0.5,-11108.0,-11220.692000000001,1.014512063377754,18782,0.4893949658658607,0.006000000000000001,unit_proxy,unit_payoff,ok,
matrix_transformer,supervised,10,fold_1,1,20,0.33,10.0,1.0,-11108.0,-11314.602,1.8599387828592076,18782,0.4893949658658607,0.011,unit_proxy,unit_payoff,ok,
matrix_transformer,supervised,10,fold_1,1,20,0.33,10.0,2.0,-11108.0,-11502.422,3.550792221822115,18782,0.4893949658658607,0.021,unit_proxy,unit_payoff,ok,
matrix_transformer,supervised,10,fold_1,2,20,0.33,0.0,0.0,-423.0,-423.0,0.0,1063,0.027698160404398355,0.0,unit_proxy,unit_payoff,ok,
matrix_transformer,supervised,10,fold_1,2,20,0.33,0.0,0.5,-423.0,-428.315,1.2565011820330965,1063,0.027698160404398355,0.005,unit_proxy,unit_payoff,ok,
matrix_transformer,supervised,10,fold_1,2,20,0.33,0.0,1.0,-423.0,-433.63,2.513002364066193,1063,0.027698160404398355,0.01,unit_proxy,unit_payoff,ok,
matrix_transformer,supervised,10,fold_1,2,20,0.33,0.0,2.0,-423.0,-444.26,5.026004728132386,1063,0.027698160404398355,0.02,unit_proxy,unit_payoff,ok,
matrix_transformer,supervised,10,fold_1,2,20,0.33,1.0,0.0,-423.0,-423.1063,0.025130023640656283,1063,0.027698160404398355,0.0001,unit_proxy,unit_payoff,ok,
matrix_transformer,supervised,10,fold_1,2,20,0.33,1.0,0.5,-423.0,-428.4213,1.2816312056737527,1063,0.027698160404398355,0.0051,unit_proxy,unit_payoff,ok,
matrix_transformer,supervised,10,fold_1,2,20,0.33,1.0,1.0,-423.0,-433.7363,2.5381323877068622,1063,0.027698160404398355,0.0101,unit_proxy,unit_payoff,ok,
matrix_transformer,supervised,10,fold_1,2,20,0.33,1.0,2.0,-423.0,-444.3663,5.051134751773055,1063,0.027698160404398355,0.020100000000000003,unit_proxy,unit_payoff,ok,
matrix_transformer,supervised,10,fold_1,2,20,0.33,2.0,0.0,-423.0,-423.2126,0.050260047281326006,1063,0.027698160404398355,0.0002,unit_proxy,unit_payoff,ok,
matrix_transformer,supervised,10,fold_1,2,20,0.33,2.0,0.5,-423.0,-428.5276,1.3067612293144224,1063,0.027698160404398355,0.0052,unit_proxy,unit_payoff,ok,
matrix_transformer,supervised,10,fold_1,2,20,0.33,2.0,1.0,-423.0,-433.8426,2.5632624113475186,1063,0.027698160404398355,0.0102,unit_proxy,unit_payoff,ok,
matrix_transformer,supervised,10,fold_1,2,20,0.33,2.0,2.0,-423.0,-444.4726,5.076264775413711,1063,0.027698160404398355,0.0202,unit_proxy,unit_payoff,ok,
matrix_transformer,supervised,10,fold_1,2,20,0.33,5.0,0.0,-423.0,-423.5315,0.1256501182033083,1063,0.027698160404398355,0.0005000000000000001,unit_proxy,unit_payoff,ok,
matrix_transformer,supervised,10,fold_1,2,20,0.33,5.0,0.5,-423.0,-428.8465,1.3821513002364048,1063,0.027698160404398355,0.0055,unit_proxy,unit_payoff,ok,
matrix_transformer,supervised,10,fold_1,2,20,0.33,5.0,1.0,-423.0,-434.1615,2.638652482269501,1063,0.027698160404398355,0.0105,unit_proxy,unit_payoff,ok,
matrix_transformer,supervised,10,fold_1,2,20,0.33,5.0,2.0,-423.0,-444.7915,5.151654846335694,1063,0.027698160404398355,0.0205,unit_proxy,unit_payoff,ok,
matrix_transformer,supervised,10,fold_1,2,20,0.33,10.0,0.0,-423.0,-424.063,0.2513002364066166,1063,0.027698160404398355,0.0010000000000000002,unit_proxy,unit_payoff,ok,
matrix_transformer,supervised,10,fold_1,2,20,0.33,10.0,0.5,-423.0,-429.378,1.507801418439713,1063,0.027698160404398355,0.006,unit_proxy,unit_payoff,ok,
matrix_transformer,supervised,10,fold_1,2,20,0.33,10.0,1.0,-423.0,-434.693,2.7643026004728095,1063,0.027698160404398355,0.011,unit_proxy,unit_payoff,ok,
matrix_transformer,supervised,10,fold_1,2,20,0.33,10.0,2.0,-423.0,-445.323,5.277304964539002,1063,0.027698160404398355,0.021,unit_proxy,unit_payoff,ok,
matrix_transformer,supervised,10,fold_2,0,20,0.33,0.0,0.0,-9155.0,-9155.0,0.0,14617,0.5125894234815542,0.0,unit_proxy,unit_payoff,ok,
matrix_transformer,supervised,10,fold_2,0,20,0.33,0.0,0.5,-9155.0,-9228.085,0.7983069361004821,14617,0.5125894234815542,0.005000000000000001,unit_proxy,unit_payoff,ok,
matrix_transformer,supervised,10,fold_2,0,20,0.33,0.0,1.0,-9155.0,-9301.17,1.596613872200984,14617,0.5125894234815542,0.010000000000000002,unit_proxy,unit_payoff,ok,
matrix_transformer,supervised,10,fold_2,0,20,0.33,0.0,2.0,-9155.0,-9447.34,3.193227744401968,14617,0.5125894234815542,0.020000000000000004,unit_proxy,unit_payoff,ok,
matrix_transformer,supervised,10,fold_2,0,20,0.33,1.0,0.0,-9155.0,-9156.4617,0.015966138722008052,14617,0.5125894234815542,0.00010000000000000003,unit_proxy,unit_payoff,ok,
matrix_transformer,supervised,10,fold_2,0,20,0.33,1.0,0.5,-9155.0,-9229.5467,0.8142730748225099,14617,0.5125894234815542,0.0050999999999999995,unit_proxy,unit_payoff,ok,
matrix_transformer,supervised,10,fold_2,0,20,0.33,1.0,1.0,-9155.0,-9302.6317,1.612580010922992,14617,0.5125894234815542,0.0101,unit_proxy,unit_payoff,ok,
matrix_transformer,supervised,10,fold_2,0,20,0.33,1.0,2.0,-9155.0,-9448.8017,3.2091938831239757,14617,0.5125894234815542,0.020100000000000003,unit_proxy,unit_payoff,ok,
matrix_transformer,supervised,10,fold_2,0,20,0.33,2.0,0.0,-9155.0,-9157.9234,0.031932277444016104,14617,0.5125894234815542,0.00020000000000000006,unit_proxy,unit_payoff,ok,
matrix_transformer,supervised,10,fold_2,0,20,0.33,2.0,0.5,-9155.0,-9231.0084,0.830239213544518,14617,0.5125894234815542,0.005199999999999998,unit_proxy,unit_payoff,ok,
matrix_transformer,supervised,10,fold_2,0,20,0.33,2.0,1.0,-9155.0,-9304.0934,1.628546149645,14617,0.5125894234815542,0.010199999999999999,unit_proxy,unit_payoff,ok,
matrix_transformer,supervised,10,fold_2,0,20,0.33,2.0,2.0,-9155.0,-9450.2634,3.225160021845984,14617,0.5125894234815542,0.0202,unit_proxy,unit_payoff,ok,
matrix_transformer,supervised,10,fold_2,0,20,0.33,5.0,0.0,-9155.0,-9162.3085,0.07983069361004025,14617,0.5125894234815542,0.0005000000000000002,unit_proxy,unit_payoff,ok,
matrix_transformer,supervised,10,fold_2,0,20,0.33,5.0,0.5,-9155.0,-9235.3935,0.8781376297105421,14617,0.5125894234815542,0.005500000000000001,unit_proxy,unit_payoff,ok,
matrix_transformer,supervised,10,fold_2,0,20,0.33,5.0,1.0,-9155.0,-9308.4785,1.6764445658110243,14617,0.5125894234815542,0.010499999999999999,unit_proxy,unit_payoff,ok,
matrix_transformer,supervised,10,fold_2,0,20,0.33,5.0,2.0,-9155.0,-9454.6485,3.2730584380120082,14617,0.5125894234815542,0.0205,unit_proxy,unit_payoff,ok,
matrix_transformer,supervised,10,fold_2,0,20,0.33,10.0,0.0,-9155.0,-9169.617,0.15966138722010037,14617,0.5125894234815542,0.0010000000000000005,unit_proxy,unit_payoff,ok,
matrix_transformer,supervised,10,fold_2,0,20,0.33,10.0,0.5,-9155.0,-9242.702,0.9579683233205823,14617,0.5125894234815542,0.006000000000000001,unit_proxy,unit_payoff,ok,
matrix_transformer,supervised,10,fold_2,0,20,0.33,10.0,1.0,-9155.0,-9315.787,1.7562752594210842,14617,0.5125894234815542,0.011000000000000003,unit_proxy,unit_payoff,ok,
matrix_transformer,supervised,10,fold_2,0,20,0.33,10.0,2.0,-9155.0,-9461.957,3.352889131622068,14617,0.5125894234815542,0.020999999999999998,unit_proxy,unit_payoff,ok,
matrix_transformer,supervised,10,fold_2,1,20,0.33,0.0,0.0,-9336.0,-9336.0,0.0,14704,0.5156403422639921,0.0,unit_proxy,unit_payoff,ok,
matrix_transformer,supervised,10,fold_2,1,20,0.33,0.0,0.5,-9336.0,-9409.52,0.7874892887746405,14704,0.5156403422639921,0.005000000000000001,unit_proxy,unit_payoff,ok,
matrix_transformer,supervised,10,fold_2,1,20,0.33,0.0,1.0,-9336.0,-9483.04,1.574978577549281,14704,0.5156403422639921,0.010000000000000002,unit_proxy,unit_payoff,ok,
matrix_transformer,supervised,10,fold_2,1,20,0.33,0.0,2.0,-9336.0,-9630.08,3.1499571550985426,14704,0.5156403422639921,0.020000000000000004,unit_proxy,unit_payoff,ok,
matrix_transformer,supervised,10,fold_2,1,20,0.33,1.0,0.0,-9336.0,-9337.4704,0.01574978577549437,14704,0.5156403422639921,0.00010000000000000003,unit_proxy,unit_payoff,ok,
matrix_transformer,supervised,10,fold_2,1,20,0.33,1.0,0.5,-9336.0,-9410.9904,0.8032390745501349,14704,0.5156403422639921,0.005099999999999999,unit_proxy,unit_payoff,ok,
matrix_transformer,supervised,10,fold_2,1,20,0.33,1.0,1.0,-9336.0,-9484.5104,1.590728363324756,14704,0.5156403422639921,0.0101,unit_proxy,unit_payoff,ok,
matrix_transformer,supervised,10,fold_2,1,20,0.33,1.0,2.0,-9336.0,-9631.5504,3.165706940874037,14704,0.5156403422639921,0.020100000000000003,unit_proxy,unit_payoff,ok,
matrix_transformer,supervised,10,fold_2,1,20,0.33,2.0,0.0,-9336.0,-9338.9408,0.03149957155098874,14704,0.5156403422639921,0.00020000000000000006,unit_proxy,unit_payoff,ok,
matrix_transformer,supervised,10,fold_2,1,20,0.33,2.0,0.5,-9336.0,-9412.4608,0.8189888603256291,14704,0.5156403422639921,0.005199999999999997,unit_proxy,unit_payoff,ok,
matrix_transformer,supervised,10,fold_2,1,20,0.33,2.0,1.0,-9336.0,-9485.9808,1.6064781491002502,14704,0.5156403422639921,0.010199999999999997,unit_proxy,unit_payoff,ok,
matrix_transformer,supervised,10,fold_2,1,20,0.33,2.0,2.0,-9336.0,-9633.0208,3.1814567266495315,14704,0.5156403422639921,0.0202,unit_proxy,unit_payoff,ok,
matrix_transformer,supervised,10,fold_2,1,20,0.33,5.0,0.0,-9336.0,-9343.352,0.07874892887747184,14704,0.5156403422639921,0.0005000000000000001,unit_proxy,unit_payoff,ok,
matrix_transformer,supervised,10,fold_2,1,20,0.33,5.0,0.5,-9336.0,-9416.872,0.8662382176520927,14704,0.5156403422639921,0.0055,unit_proxy,unit_payoff,ok,
matrix_transformer,supervised,10,fold_2,1,20,0.33,5.0,1.0,-9336.0,-9490.392,1.6537275064267336,14704,0.5156403422639921,0.010499999999999999,unit_proxy,unit_payoff,ok,
matrix_transformer,supervised,10,fold_2,1,20,0.33,5.0,2.0,-9336.0,-9637.432,3.2287060839760144,14704,0.5156403422639921,0.020499999999999997,unit_proxy,unit_payoff,ok,
matrix_transformer,supervised,10,fold_2,1,20,0.33,10.0,0.0,-9336.0,-9350.704,0.1574978577549242,14704,0.5156403422639921,0.0010000000000000002,unit_proxy,unit_payoff,ok,
matrix_transformer,supervised,10,fold_2,1,20,0.33,10.0,0.5,-9336.0,-9424.224,0.9449871465295647,14704,0.5156403422639921,0.006,unit_proxy,unit_payoff,ok,
matrix_transformer,supervised,10,fold_2,1,20,0.33,10.0,1.0,-9336.0,-9497.744,1.7324764353042053,14704,0.5156403422639921,0.011,unit_proxy,unit_payoff,ok,
matrix_transformer,supervised,10,fold_2,1,20,0.33,10.0,2.0,-9336.0,-9644.784,3.307455012853467,14704,0.5156403422639921,0.020999999999999998,unit_proxy,unit_payoff,ok,
matrix_transformer,supervised,10,fold_2,2,20,0.33,0.0,0.0,-9062.0,-9062.0,0.0,14620,0.5126946275775004,0.0,unit_proxy,unit_payoff,ok,
matrix_transformer,supervised,10,fold_2,2,20,0.33,0.0,0.5,-9062.0,-9135.1,0.8066651953211252,14620,0.5126946275775004,0.004999999999999999,unit_proxy,unit_payoff,ok,
matrix_transformer,supervised,10,fold_2,2,20,0.33,0.0,1.0,-9062.0,-9208.2,1.6133303906422505,14620,0.5126946275775004,0.009999999999999998,unit_proxy,unit_payoff,ok,
matrix_transformer,supervised,10,fold_2,2,20,0.33,0.0,2.0,-9062.0,-9354.4,3.226660781284481,14620,0.5126946275775004,0.019999999999999997,unit_proxy,unit_payoff,ok,
matrix_transformer,supervised,10,fold_2,2,20,0.33,1.0,0.0,-9062.0,-9063.462,0.016133303906417283,14620,0.5126946275775004,0.00010000000000000003,unit_proxy,unit_payoff,ok,
matrix_transformer,supervised,10,fold_2,2,20,0.33,1.0,0.5,-9062.0,-9136.562,0.8227984992275424,14620,0.5126946275775004,0.005099999999999999,unit_proxy,unit_payoff,ok,
matrix_transformer,supervised,10,fold_2,2,20,0.33,1.0,1.0,-9062.0,-9209.662,1.6294636945486676,14620,0.5126946275775004,0.010099999999999998,unit_proxy,unit_payoff,ok,
matrix_transformer,supervised,10,fold_2,2,20,0.33,1.0,2.0,-9062.0,-9355.862,3.242794085190898,14620,0.5126946275775004,0.020100000000000003,unit_proxy,unit_payoff,ok,
matrix_transformer,supervised,10,fold_2,2,20,0.33,2.0,0.0,-9062.0,-9064.924,0.03226660781285464,14620,0.5126946275775004,0.00020000000000000006,unit_proxy,unit_payoff,ok,
matrix_transformer,supervised,10,fold_2,2,20,0.33,2.0,0.5,-9062.0,-9138.024,0.8389318031339598,14620,0.5126946275775004,0.005199999999999998,unit_proxy,unit_payoff,ok,
matrix_transformer,supervised,10,fold_2,2,20,0.33,2.0,1.0,-9062.0,-9211.124,1.645596998455085,14620,0.5126946275775004,0.010199999999999997,unit_proxy,unit_payoff,ok,
matrix_transformer,supervised,10,fold_2,2,20,0.33,2.0,2.0,-9062.0,-9357.324,3.258927389097335,14620,0.5126946275775004,0.020199999999999996,unit_proxy,unit_payoff,ok,
matrix_transformer,supervised,10,fold_2,2,20,0.33,5.0,0.0,-9062.0,-9069.31,0.0806665195321065,14620,0.5126946275775004,0.0005000000000000002,unit_proxy,unit_payoff,ok,
matrix_transformer,supervised,10,fold_2,2,20,0.33,5.0,0.5,-9062.0,-9142.41,0.8873317148532317,14620,0.5126946275775004,0.0055000000000000005,unit_proxy,unit_payoff,ok,
matrix_transformer,supervised,10,fold_2,2,20,0.33,5.0,1.0,-9062.0,-9215.51,1.6939969101743568,14620,0.5126946275775004,0.010499999999999999,unit_proxy,unit_payoff,ok,
matrix_transformer,supervised,10,fold_2,2,20,0.33,5.0,2.0,-9062.0,-9361.71,3.307327300816587,14620,0.5126946275775004,0.020499999999999997,unit_proxy,unit_payoff,ok,
matrix_transformer,supervised,10,fold_2,2,20,0.33,10.0,0.0,-9062.0,-9076.62,0.16133303906423307,14620,0.5126946275775004,0.0010000000000000005,unit_proxy,unit_payoff,ok,
matrix_transformer,supervised,10,fold_2,2,20,0.33,10.0,0.5,-9062.0,-9149.72,0.9679982343853382,14620,0.5126946275775004,0.006000000000000001,unit_proxy,unit_payoff,ok,
matrix_transformer,supervised,10,fold_2,2,20,0.33,10.0,1.0,-9062.0,-9222.82,1.7746634297064634,14620,0.5126946275775004,0.011000000000000001,unit_proxy,unit_payoff,ok,
matrix_transformer,supervised,10,fold_2,2,20,0.33,10.0,2.0,-9062.0,-9369.02,3.3879938203487137,14620,0.5126946275775004,0.020999999999999998,unit_proxy,unit_payoff,ok,
matrix_transformer,supervised,10,fold_3,0,20,0.33,0.0,0.0,-6187.0,-6187.0,0.0,11885,0.3211814938925522,0.0,unit_proxy,unit_payoff,ok,
matrix_transformer,supervised,10,fold_3,0,20,0.33,0.0,0.5,-6187.0,-6246.425,0.960481655083242,11885,0.3211814938925522,0.004999999999999999,unit_proxy,unit_payoff,ok,
matrix_transformer,supervised,10,fold_3,0,20,0.33,0.0,1.0,-6187.0,-6305.85,1.920963310166484,11885,0.3211814938925522,0.009999999999999998,unit_proxy,unit_payoff,ok,
matrix_transformer,supervised,10,fold_3,0,20,0.33,0.0,2.0,-6187.0,-6424.7,3.8419266203329534,11885,0.3211814938925522,0.019999999999999997,unit_proxy,unit_payoff,ok,
matrix_transformer,supervised,10,fold_3,0,20,0.33,1.0,0.0,-6187.0,-6188.1885,0.019209633101668074,11885,0.3211814938925522,0.0001,unit_proxy,unit_payoff,ok,
matrix_transformer,supervised,10,fold_3,0,20,0.33,1.0,0.5,-6187.0,-6247.6135,0.97969128818491,11885,0.3211814938925522,0.0051,unit_proxy,unit_payoff,ok,
matrix_transformer,supervised,10,fold_3,0,20,0.33,1.0,1.0,-6187.0,-6307.0385,1.9401729432681374,11885,0.3211814938925522,0.0101,unit_proxy,unit_payoff,ok,
matrix_transformer,supervised,10,fold_3,0,20,0.33,1.0,2.0,-6187.0,-6425.8885,3.861136253434622,11885,0.3211814938925522,0.020100000000000003,unit_proxy,unit_payoff,ok,
matrix_transformer,supervised,10,fold_3,0,20,0.33,2.0,0.0,-6187.0,-6189.377,0.03841926620333615,11885,0.3211814938925522,0.0002,unit_proxy,unit_payoff,ok,
matrix_transformer,supervised,10,fold_3,0,20,0.33,2.0,0.5,-6187.0,-6248.802,0.9989009212865635,11885,0.3211814938925522,0.0052,unit_proxy,unit_payoff,ok,
matrix_transformer,supervised,10,fold_3,0,20,0.33,2.0,1.0,-6187.0,-6308.227,1.9593825763698054,11885,0.3211814938925522,0.0102,unit_proxy,unit_payoff,ok,
matrix_transformer,supervised,10,fold_3,0,20,0.33,2.0,2.0,-6187.0,-6427.077,3.880345886536289,11885,0.3211814938925522,0.0202,unit_proxy,unit_payoff,ok,
matrix_transformer,supervised,10,fold_3,0,20,0.33,5.0,0.0,-6187.0,-6192.9425,0.09604816550832566,11885,0.3211814938925522,0.0005000000000000001,unit_proxy,unit_payoff,ok,
matrix_transformer,supervised,10,fold_3,0,20,0.33,5.0,0.5,-6187.0,-6252.3675,1.0565298205915676,11885,0.3211814938925522,0.0055,unit_proxy,unit_payoff,ok,
matrix_transformer,supervised,10,fold_3,0,20,0.33,5.0,1.0,-6187.0,-6311.7925,2.0170114756747948,11885,0.3211814938925522,0.0105,unit_proxy,unit_payoff,ok,
matrix_transformer,supervised,10,fold_3,0,20,0.33,5.0,2.0,-6187.0,-6430.6425,3.9379747858412792,11885,0.3211814938925522,0.0205,unit_proxy,unit_payoff,ok,
matrix_transformer,supervised,10,fold_3,0,20,0.33,10.0,0.0,-6187.0,-6198.885,0.19209633101665133,11885,0.3211814938925522,0.0010000000000000002,unit_proxy,unit_payoff,ok,
matrix_transformer,supervised,10,fold_3,0,20,0.33,10.0,0.5,-6187.0,-6258.31,1.1525779860998933,11885,0.3211814938925522,0.005999999999999999,unit_proxy,unit_payoff,ok,
matrix_transformer,supervised,10,fold_3,0,20,0.33,10.0,1.0,-6187.0,-6317.735,2.1130596411831206,11885,0.3211814938925522,0.011,unit_proxy,unit_payoff,ok,
matrix_transformer,supervised,10,fold_3,0,20,0.33,10.0,2.0,-6187.0,-6436.585,4.034022951349605,11885,0.3211814938925522,0.021,unit_proxy,unit_payoff,ok,
matrix_transformer,supervised,10,fold_3,1,20,0.33,0.0,0.0,-10789.0,-10789.0,0.0,20095,0.5430494000648578,0.0,unit_proxy,unit_payoff,ok,
matrix_transformer,supervised,10,fold_3,1,20,0.33,0.0,0.5,-10789.0,-10889.475,0.9312725924552819,20095,0.5430494000648578,0.005,unit_proxy,unit_payoff,ok,
matrix_transformer,supervised,10,fold_3,1,20,0.33,0.0,1.0,-10789.0,-10989.95,1.8625451849105639,20095,0.5430494000648578,0.01,unit_proxy,unit_payoff,ok,
matrix_transformer,supervised,10,fold_3,1,20,0.33,0.0,2.0,-10789.0,-11190.9,3.725090369821111,20095,0.5430494000648578,0.02,unit_proxy,unit_payoff,ok,
matrix_transformer,supervised,10,fold_3,1,20,0.33,1.0,0.0,-10789.0,-10791.0095,0.01862545184910665,20095,0.5430494000648578,0.00010000000000000003,unit_proxy,unit_payoff,ok,
matrix_transformer,supervised,10,fold_3,1,20,0.33,1.0,0.5,-10789.0,-10891.4845,0.9498980443043885,20095,0.5430494000648578,0.0050999999999999995,unit_proxy,unit_payoff,ok,
matrix_transformer,supervised,10,fold_3,1,20,0.33,1.0,1.0,-10789.0,-10991.9595,1.8811706367596703,20095,0.5430494000648578,0.010099999999999998,unit_proxy,unit_payoff,ok,
matrix_transformer,supervised,10,fold_3,1,20,0.33,1.0,2.0,-10789.0,-11192.9095,3.7437158216702175,20095,0.5430494000648578,0.0201,unit_proxy,unit_payoff,ok,
matrix_transformer,supervised,10,fold_3,1,20,0.33,2.0,0.0,-10789.0,-10793.019,0.0372509036982133,20095,0.5430494000648578,0.00020000000000000006,unit_proxy,unit_payoff,ok,
matrix_transformer,supervised,10,fold_3,1,20,0.33,2.0,0.5,-10789.0,-10893.494,0.9685234961534952,20095,0.5430494000648578,0.005199999999999999,unit_proxy,unit_payoff,ok,
matrix_transformer,supervised,10,fold_3,1,20,0.33,2.0,1.0,-10789.0,-10993.969,1.8997960886087604,20095,0.5430494000648578,0.010199999999999999,unit_proxy,unit_payoff,ok,
matrix_transformer,supervised,10,fold_3,1,20,0.33,2.0,2.0,-10789.0,-11194.919,3.7623412735193242,20095,0.5430494000648578,0.020199999999999996,unit_proxy,unit_payoff,ok,
matrix_transformer,supervised,10,fold_3,1,20,0.33,5.0,0.0,-10789.0,-10799.0475,0.09312725924553324,20095,0.5430494000648578,0.0005000000000000001,unit_proxy,unit_payoff,ok,
matrix_transformer,supervised,10,fold_3,1,20,0.33,5.0,0.5,-10789.0,-10899.5225,1.0243998517007982,20095,0.5430494000648578,0.0055000000000000005,unit_proxy,unit_payoff,ok,
matrix_transformer,supervised,10,fold_3,1,20,0.33,5.0,1.0,-10789.0,-10999.9975,1.9556724441560802,20095,0.5430494000648578,0.010500000000000002,unit_proxy,unit_payoff,ok,
matrix_transformer,supervised,10,fold_3,1,20,0.33,5.0,2.0,-10789.0,-11200.9475,3.818217629066644,20095,0.5430494000648578,0.0205,unit_proxy,unit_payoff,ok,
matrix_transformer,supervised,10,fold_3,1,20,0.33,10.0,0.0,-10789.0,-10809.095,0.18625451849104963,20095,0.5430494000648578,0.0010000000000000002,unit_proxy,unit_payoff,ok,
matrix_transformer,supervised,10,fold_3,1,20,0.33,10.0,0.5,-10789.0,-10909.57,1.1175271109463316,20095,0.5430494000648578,0.006,unit_proxy,unit_payoff,ok,
matrix_transformer,supervised,10,fold_3,1,20,0.33,10.0,1.0,-10789.0,-11010.045,2.0487997034016137,20095,0.5430494000648578,0.011000000000000001,unit_proxy,unit_payoff,ok,
matrix_transformer,supervised,10,fold_3,1,20,0.33,10.0,2.0,-10789.0,-11210.995,3.9113448883121773,20095,0.5430494000648578,0.021000000000000005,unit_proxy,unit_payoff,ok,
matrix_transformer,supervised,10,fold_3,2,20,0.33,0.0,0.0,-12586.0,-12586.0,0.0,22672,0.6126905199437899,0.0,unit_proxy,unit_payoff,ok,
matrix_transformer,supervised,10,fold_3,2,20,0.33,0.0,0.5,-12586.0,-12699.36,0.9006832989035483,22672,0.6126905199437899,0.005,unit_proxy,unit_payoff,ok,
matrix_transformer,supervised,10,fold_3,2,20,0.33,0.0,1.0,-12586.0,-12812.72,1.801366597807082,22672,0.6126905199437899,0.01,unit_proxy,unit_payoff,ok,
matrix_transformer,supervised,10,fold_3,2,20,0.33,0.0,2.0,-12586.0,-13039.44,3.602733195614179,22672,0.6126905199437899,0.02,unit_proxy,unit_payoff,ok,
matrix_transformer,supervised,10,fold_3,2,20,0.33,1.0,0.0,-12586.0,-12588.2672,0.0180136659780727,22672,0.6126905199437899,0.00010000000000000002,unit_proxy,unit_payoff,ok,
matrix_transformer,supervised,10,fold_3,2,20,0.33,1.0,0.5,-12586.0,-12701.6272,0.9186969648816209,22672,0.6126905199437899,0.0050999999999999995,unit_proxy,unit_payoff,ok,
matrix_transformer,supervised,10,fold_3,2,20,0.33,1.0,1.0,-12586.0,-12814.9872,1.8193802637851548,22672,0.6126905199437899,0.0101,unit_proxy,unit_payoff,ok,
matrix_transformer,supervised,10,fold_3,2,20,0.33,1.0,2.0,-12586.0,-13041.7072,3.6207468615922513,22672,0.6126905199437899,0.0201,unit_proxy,unit_payoff,ok,
matrix_transformer,supervised,10,fold_3,2,20,0.33,2.0,0.0,-12586.0,-12590.5344,0.0360273319561454,22672,0.6126905199437899,0.00020000000000000004,unit_proxy,unit_payoff,ok,
matrix_transformer,supervised,10,fold_3,2,20,0.33,2.0,0.5,-12586.0,-12703.8944,0.9367106308596792,22672,0.6126905199437899,0.005199999999999999,unit_proxy,unit_payoff,ok,
matrix_transformer,supervised,10,fold_3,2,20,0.33,2.0,1.0,-12586.0,-12817.2544,1.8373939297632276,22672,0.6126905199437899,0.010199999999999999,unit_proxy,unit_payoff,ok,
matrix_transformer,supervised,10,fold_3,2,20,0.33,2.0,2.0,-12586.0,-13043.9744,3.6387605275703097,22672,0.6126905199437899,0.0202,unit_proxy,unit_payoff,ok,
matrix_transformer,supervised,10,fold_3,2,20,0.33,5.0,0.0,-12586.0,-12597.336,0.09006832989034903,22672,0.6126905199437899,0.0005000000000000001,unit_proxy,unit_payoff,ok,
matrix_transformer,supervised,10,fold_3,2,20,0.33,5.0,0.5,-12586.0,-12710.696,0.9907516287938973,22672,0.6126905199437899,0.005500000000000001,unit_proxy,unit_payoff,ok,
matrix_transformer,supervised,10,fold_3,2,20,0.33,5.0,1.0,-12586.0,-12824.056,1.8914349276974454,22672,0.6126905199437899,0.010499999999999999,unit_proxy,unit_payoff,ok,
matrix_transformer,supervised,10,fold_3,2,20,0.33,5.0,2.0,-12586.0,-13050.776,3.6928015255045277,22672,0.6126905199437899,0.0205,unit_proxy,unit_payoff,ok,
matrix_transformer,supervised,10,fold_3,2,20,0.33,10.0,0.0,-12586.0,-12608.672,0.18013665978071253,22672,0.6126905199437899,0.0010000000000000002,unit_proxy,unit_payoff,ok,
matrix_transformer,supervised,10,fold_3,2,20,0.33,10.0,0.5,-12586.0,-12722.032,1.0808199586842462,22672,0.6126905199437899,0.006,unit_proxy,unit_payoff,ok,
matrix_transformer,supervised,10,fold_3,2,20,0.33,10.0,1.0,-12586.0,-12835.392,1.9815032575877947,22672,0.6126905199437899,0.011000000000000003,unit_proxy,unit_payoff,ok,
matrix_transformer,supervised,10,fold_3,2,20,0.33,10.0,2.0,-12586.0,-13062.112,3.782869855394876,22672,0.6126905199437899,0.020999999999999998,unit_proxy,unit_payoff,ok,
matrix_transformer,supervised,10,fold_4,0,20,0.33,0.0,0.0,-9683.0,-9683.0,0.0,19191,0.5520048323074268,0.0,unit_proxy,unit_payoff,ok,
matrix_transformer,supervised,10,fold_4,0,20,0.33,0.0,0.5,-9683.0,-9778.955,0.9909635443560872,19191,0.5520048323074268,0.005,unit_proxy,unit_payoff,ok,
matrix_transformer,supervised,10,fold_4,0,20,0.33,0.0,1.0,-9683.0,-9874.91,1.9819270887121745,19191,0.5520048323074268,0.01,unit_proxy,unit_payoff,ok,
matrix_transformer,supervised,10,fold_4,0,20,0.33,0.0,2.0,-9683.0,-10066.82,3.963854177424349,19191,0.5520048323074268,0.02,unit_proxy,unit_payoff,ok,
matrix_transformer,supervised,10,fold_4,0,20,0.33,1.0,0.0,-9683.0,-9684.9191,0.019819270887113105,19191,0.5520048323074268,0.00010000000000000002,unit_proxy,unit_payoff,ok,
matrix_transformer,supervised,10,fold_4,0,20,0.33,1.0,0.5,-9683.0,-9780.8741,1.010782815243219,19191,0.5520048323074268,0.0050999999999999995,unit_proxy,unit_payoff,ok,
matrix_transformer,supervised,10,fold_4,0,20,0.33,1.0,1.0,-9683.0,-9876.8291,2.001746359599306,19191,0.5520048323074268,0.010100000000000001,unit_proxy,unit_payoff,ok,
matrix_transformer,supervised,10,fold_4,0,20,0.33,1.0,2.0,-9683.0,-10068.7391,3.983673448311481,19191,0.5520048323074268,0.020100000000000003,unit_proxy,unit_payoff,ok,
matrix_transformer,supervised,10,fold_4,0,20,0.33,2.0,0.0,-9683.0,-9686.8382,0.039638541774244994,19191,0.5520048323074268,0.00020000000000000004,unit_proxy,unit_payoff,ok,
matrix_transformer,supervised,10,fold_4,0,20,0.33,2.0,0.5,-9683.0,-9782.7932,1.0306020861303322,19191,0.5520048323074268,0.005199999999999998,unit_proxy,unit_payoff,ok,
matrix_transformer,supervised,10,fold_4,0,20,0.33,2.0,1.0,-9683.0,-9878.7482,2.0215656304864194,19191,0.5520048323074268,0.010199999999999999,unit_proxy,unit_payoff,ok,
matrix_transformer,supervised,10,fold_4,0,20,0.33,2.0,2.0,-9683.0,-10070.6582,4.003492719198594,19191,0.5520048323074268,0.020200000000000003,unit_proxy,unit_payoff,ok,
matrix_transformer,supervised,10,fold_4,0,20,0.33,5.0,0.0,-9683.0,-9692.5955,0.09909635443560308,19191,0.5520048323074268,0.0005000000000000001,unit_proxy,unit_payoff,ok,
matrix_transformer,supervised,10,fold_4,0,20,0.33,5.0,0.5,-9683.0,-9788.5505,1.0900598987916903,19191,0.5520048323074268,0.0055,unit_proxy,unit_payoff,ok,
matrix_transformer,supervised,10,fold_4,0,20,0.33,5.0,1.0,-9683.0,-9884.5055,2.081023443147777,19191,0.5520048323074268,0.010499999999999999,unit_proxy,unit_payoff,ok,
matrix_transformer,supervised,10,fold_4,0,20,0.33,5.0,2.0,-9683.0,-10076.4155,4.0629505318599515,19191,0.5520048323074268,0.0205,unit_proxy,unit_payoff,ok,
matrix_transformer,supervised,10,fold_4,0,20,0.33,10.0,0.0,-9683.0,-9702.191,0.19819270887122495,19191,0.5520048323074268,0.0010000000000000002,unit_proxy,unit_payoff,ok,
matrix_transformer,supervised,10,fold_4,0,20,0.33,10.0,0.5,-9683.0,-9798.146,1.1891562532273123,19191,0.5520048323074268,0.005999999999999999,unit_proxy,unit_payoff,ok,
matrix_transformer,supervised,10,fold_4,0,20,0.33,10.0,1.0,-9683.0,-9894.101,2.1801197975833997,19191,0.5520048323074268,0.011,unit_proxy,unit_payoff,ok,
matrix_transformer,supervised,10,fold_4,0,20,0.33,10.0,2.0,-9683.0,-10086.011,4.162046886295574,19191,0.5520048323074268,0.020999999999999998,unit_proxy,unit_payoff,ok,
matrix_transformer,supervised,10,fold_4,1,20,0.33,0.0,0.0,-4513.0,-4513.0,0.0,9535,0.27426221020537306,0.0,unit_proxy,unit_payoff,ok,
matrix_transformer,supervised,10,fold_4,1,20,0.33,0.0,0.5,-4513.0,-4560.675,1.0563926434744113,9535,0.27426221020537306,0.004999999999999998,unit_proxy,unit_payoff,ok,
matrix_transformer,supervised,10,fold_4,1,20,0.33,0.0,1.0,-4513.0,-4608.35,2.1127852869488226,9535,0.27426221020537306,0.009999999999999997,unit_proxy,unit_payoff,ok,
matrix_transformer,supervised,10,fold_4,1,20,0.33,0.0,2.0,-4513.0,-4703.7,4.225570573897626,9535,0.27426221020537306,0.019999999999999993,unit_proxy,unit_payoff,ok,
matrix_transformer,supervised,10,fold_4,1,20,0.33,1.0,0.0,-4513.0,-4513.9535,0.02112785286947976,9535,0.27426221020537306,0.0001,unit_proxy,unit_payoff,ok,
matrix_transformer,supervised,10,fold_4,1,20,0.33,1.0,0.5,-4513.0,-4561.6285,1.0775204963438911,9535,0.27426221020537306,0.005100000000000001,unit_proxy,unit_payoff,ok,
matrix_transformer,supervised,10,fold_4,1,20,0.33,1.0,1.0,-4513.0,-4609.3035,2.133913139818302,9535,0.27426221020537306,0.0101,unit_proxy,unit_payoff,ok,
matrix_transformer,supervised,10,fold_4,1,20,0.33,1.0,2.0,-4513.0,-4704.6535,4.246698426767125,9535,0.27426221020537306,0.0201,unit_proxy,unit_payoff,ok,
matrix_transformer,supervised,10,fold_4,1,20,0.33,2.0,0.0,-4513.0,-4514.907,0.042255705738979674,9535,0.27426221020537306,0.0002,unit_proxy,unit_payoff,ok,
matrix_transformer,supervised,10,fold_4,1,20,0.33,2.0,0.5,-4513.0,-4562.582,1.098648349213391,9535,0.27426221020537306,0.0052,unit_proxy,unit_payoff,ok,
matrix_transformer,supervised,10,fold_4,1,20,0.33,2.0,1.0,-4513.0,-4610.257,2.1550409926877823,9535,0.27426221020537306,0.010200000000000002,unit_proxy,unit_payoff,ok,
matrix_transformer,supervised,10,fold_4,1,20,0.33,2.0,2.0,-4513.0,-4705.607,4.267826279636604,9535,0.27426221020537306,0.0202,unit_proxy,unit_payoff,ok,
matrix_transformer,supervised,10,fold_4,1,20,0.33,5.0,0.0,-4513.0,-4517.7675,0.10563926434743912,9535,0.27426221020537306,0.0005,unit_proxy,unit_payoff,ok,
matrix_transformer,supervised,10,fold_4,1,20,0.33,5.0,0.5,-4513.0,-4565.4425,1.1620319078218504,9535,0.27426221020537306,0.0055,unit_proxy,unit_payoff,ok,
matrix_transformer,supervised,10,fold_4,1,20,0.33,5.0,1.0,-4513.0,-4613.1175,2.2184245512962617,9535,0.27426221020537306,0.0105,unit_proxy,unit_payoff,ok,
matrix_transformer,supervised,10,fold_4,1,20,0.33,5.0,2.0,-4513.0,-4708.4675,4.331209838245064,9535,0.27426221020537306,0.020500000000000008,unit_proxy,unit_payoff,ok,
matrix_transformer,supervised,10,fold_4,1,20,0.33,10.0,0.0,-4513.0,-4522.535,0.21127852869487823,9535,0.27426221020537306,0.001,unit_proxy,unit_payoff,ok,
matrix_transformer,supervised,10,fold_4,1,20,0.33,10.0,0.5,-4513.0,-4570.21,1.2676711721692895,9535,0.27426221020537306,0.006000000000000001,unit_proxy,unit_payoff,ok,
matrix_transformer,supervised,10,fold_4,1,20,0.33,10.0,1.0,-4513.0,-4617.885,2.324063815643701,9535,0.27426221020537306,0.011,unit_proxy,unit_payoff,ok,
matrix_transformer,supervised,10,fold_4,1,20,0.33,10.0,2.0,-4513.0,-4713.235,4.436849102592504,9535,0.27426221020537306,0.021,unit_proxy,unit_payoff,ok,
matrix_transformer,supervised,10,fold_4,2,20,0.33,0.0,0.0,-10058.0,-10058.0,0.0,20632,0.5934533739860783,0.0,unit_proxy,unit_payoff,ok,
matrix_transformer,supervised,10,fold_4,2,20,0.33,0.0,0.5,-10058.0,-10161.16,1.0256512229071373,20632,0.5934533739860783,0.005,unit_proxy,unit_payoff,ok,
matrix_transformer,supervised,10,fold_4,2,20,0.33,0.0,1.0,-10058.0,-10264.32,2.0513024458142746,20632,0.5934533739860783,0.01,unit_proxy,unit_payoff,ok,
matrix_transformer,supervised,10,fold_4,2,20,0.33,0.0,2.0,-10058.0,-10470.64,4.102604891628549,20632,0.5934533739860783,0.02,unit_proxy,unit_payoff,ok,
matrix_transformer,supervised,10,fold_4,2,20,0.33,1.0,0.0,-10058.0,-10060.0632,0.020513024458147806,20632,0.5934533739860783,0.00010000000000000003,unit_proxy,unit_payoff,ok,
matrix_transformer,supervised,10,fold_4,2,20,0.33,1.0,0.5,-10058.0,-10163.2232,1.046164247365285,20632,0.5934533739860783,0.0051,unit_proxy,unit_payoff,ok,
matrix_transformer,supervised,10,fold_4,2,20,0.33,1.0,1.0,-10058.0,-10266.3832,2.0718154702724223,20632,0.5934533739860783,0.0101,unit_proxy,unit_payoff,ok,
matrix_transformer,supervised,10,fold_4,2,20,0.33,1.0,2.0,-10058.0,-10472.7032,4.123117916086697,20632,0.5934533739860783,0.020100000000000003,unit_proxy,unit_payoff,ok,
matrix_transformer,supervised,10,fold_4,2,20,0.33,2.0,0.0,-10058.0,-10062.1264,0.04102604891627753,20632,0.5934533739860783,0.00020000000000000006,unit_proxy,unit_payoff,ok,
matrix_transformer,supervised,10,fold_4,2,20,0.33,2.0,0.5,-10058.0,-10165.2864,1.0666772718234327,20632,0.5934533739860783,0.005199999999999999,unit_proxy,unit_payoff,ok,
matrix_transformer,supervised,10,fold_4,2,20,0.33,2.0,1.0,-10058.0,-10268.4464,2.09232849473057,20632,0.5934533739860783,0.0102,unit_proxy,unit_payoff,ok,
matrix_transformer,supervised,10,fold_4,2,20,0.33,2.0,2.0,-10058.0,-10474.7664,4.143630940544845,20632,0.5934533739860783,0.0202,unit_proxy,unit_payoff,ok,
matrix_transformer,supervised,10,fold_4,2,20,0.33,5.0,0.0,-10058.0,-10068.316,0.10256512229072094,20632,0.5934533739860783,0.0005000000000000001,unit_proxy,unit_payoff,ok,
matrix_transformer,supervised,10,fold_4,2,20,0.33,5.0,0.5,-10058.0,-10171.476,1.1282163451978582,20632,0.5934533739860783,0.0055,unit_proxy,unit_payoff,ok,
matrix_transformer,supervised,10,fold_4,2,20,0.33,5.0,1.0,-10058.0,-10274.636,2.1538675681049955,20632,0.5934533739860783,0.0105,unit_proxy,unit_payoff,ok,
matrix_transformer,supervised,10,fold_4,2,20,0.33,5.0,2.0,-10058.0,-10480.956,4.20517001391927,20632,0.5934533739860783,0.020499999999999997,unit_proxy,unit_payoff,ok,
matrix_transformer,supervised,10,fold_4,2,20,0.33,10.0,0.0,-10058.0,-10078.632,0.20513024458142382,20632,0.5934533739860783,0.0010000000000000002,unit_proxy,unit_payoff,ok,
matrix_transformer,supervised,10,fold_4,2,20,0.33,10.0,0.5,-10058.0,-10181.792,1.2307814674885609,20632,0.5934533739860783,0.005999999999999999,unit_proxy,unit_payoff,ok,
matrix_transformer,supervised,10,fold_4,2,20,0.33,10.0,1.0,-10058.0,-10284.952,2.256432690395698,20632,0.5934533739860783,0.011,unit_proxy,unit_payoff,ok,
matrix_transformer,supervised,10,fold_4,2,20,0.33,10.0,2.0,-10058.0,-10491.272,4.307735136209991,20632,0.5934533739860783,0.021,unit_proxy,unit_payoff,ok,
matrix_transformer,supervised,10,fold_5,0,20,0.33,0.0,0.0,-9001.0,-9001.0,0.0,23385,0.5975774921421818,0.0,unit_proxy,unit_payoff,ok,
matrix_transformer,supervised,10,fold_5,0,20,0.33,0.0,0.5,-9001.0,-9117.925,1.2990223308521196,23385,0.5975774921421818,0.005,unit_proxy,unit_payoff,ok,
matrix_transformer,supervised,10,fold_5,0,20,0.33,0.0,1.0,-9001.0,-9234.85,2.598044661704259,23385,0.5975774921421818,0.01,unit_proxy,unit_payoff,ok,
matrix_transformer,supervised,10,fold_5,0,20,0.33,0.0,2.0,-9001.0,-9468.7,5.196089323408518,23385,0.5975774921421818,0.02,unit_proxy,unit_payoff,ok,
matrix_transformer,supervised,10,fold_5,0,20,0.33,1.0,0.0,-9001.0,-9003.3385,0.02598044661704077,23385,0.5975774921421818,0.00010000000000000003,unit_proxy,unit_payoff,ok,
matrix_transformer,supervised,10,fold_5,0,20,0.33,1.0,0.5,-9001.0,-9120.2635,1.3250027774691602,23385,0.5975774921421818,0.0050999999999999995,unit_proxy,unit_payoff,ok,
matrix_transformer,supervised,10,fold_5,0,20,0.33,1.0,1.0,-9001.0,-9237.1885,2.6240251083213,23385,0.5975774921421818,0.0101,unit_proxy,unit_payoff,ok,
matrix_transformer,supervised,10,fold_5,0,20,0.33,1.0,2.0,-9001.0,-9471.0385,5.222069770025559,23385,0.5975774921421818,0.020100000000000003,unit_proxy,unit_payoff,ok,
matrix_transformer,supervised,10,fold_5,0,20,0.33,2.0,0.0,-9001.0,-9005.677,0.05196089323408154,23385,0.5975774921421818,0.00020000000000000006,unit_proxy,unit_payoff,ok,
matrix_transformer,supervised,10,fold_5,0,20,0.33,2.0,0.5,-9001.0,-9122.602,1.3509832240862212,23385,0.5975774921421818,0.005199999999999999,unit_proxy,unit_payoff,ok,
matrix_transformer,supervised,10,fold_5,0,20,0.33,2.0,1.0,-9001.0,-9239.527,2.650005554938341,23385,0.5975774921421818,0.010199999999999999,unit_proxy,unit_payoff,ok,
matrix_transformer,supervised,10,fold_5,0,20,0.33,2.0,2.0,-9001.0,-9473.377,5.2480502166426,23385,0.5975774921421818,0.0202,unit_proxy,unit_payoff,ok,
matrix_transformer,supervised,10,fold_5,0,20,0.33,5.0,0.0,-9001.0,-9012.6925,0.12990223308520385,23385,0.5975774921421818,0.0005000000000000002,unit_proxy,unit_payoff,ok,
matrix_transformer,supervised,10,fold_5,0,20,0.33,5.0,0.5,-9001.0,-9129.6175,1.4289245639373436,23385,0.5975774921421818,0.0055000000000000005,unit_proxy,unit_payoff,ok,
matrix_transformer,supervised,10,fold_5,0,20,0.33,5.0,1.0,-9001.0,-9246.5425,2.7279468947894627,23385,0.5975774921421818,0.010499999999999999,unit_proxy,unit_payoff,ok,
matrix_transformer,supervised,10,fold_5,0,20,0.33,5.0,2.0,-9001.0,-9480.3925,5.325991556493722,23385,0.5975774921421818,0.0205,unit_proxy,unit_payoff,ok,
matrix_transformer,supervised,10,fold_5,0,20,0.33,10.0,0.0,-9001.0,-9024.385,0.25980446617042796,23385,0.5975774921421818,0.0010000000000000005,unit_proxy,unit_payoff,ok,
matrix_transformer,supervised,10,fold_5,0,20,0.33,10.0,0.5,-9001.0,-9141.31,1.5588267970225473,23385,0.5975774921421818,0.006000000000000001,unit_proxy,unit_payoff,ok,
matrix_transformer,supervised,10,fold_5,0,20,0.33,10.0,1.0,-9001.0,-9258.235,2.857849127874687,23385,0.5975774921421818,0.011000000000000001,unit_proxy,unit_payoff,ok,
matrix_transformer,supervised,10,fold_5,0,20,0.33,10.0,2.0,-9001.0,-9492.085,5.4558937895789255,23385,0.5975774921421818,0.020999999999999998,unit_proxy,unit_payoff,ok,
matrix_transformer,supervised,10,fold_5,1,20,0.33,0.0,0.0,-4081.0,-4081.0,0.0,7001,0.17890271637748192,0.0,unit_proxy,unit_payoff,ok,
matrix_transformer,supervised,10,fold_5,1,20,0.33,0.0,0.5,-4081.0,-4116.005,0.8577554520950775,7001,0.17890271637748192,0.005,unit_proxy,unit_payoff,ok,
matrix_transformer,supervised,10,fold_5,1,20,0.33,0.0,1.0,-4081.0,-4151.01,1.715510904190155,7001,0.17890271637748192,0.01,unit_proxy,unit_payoff,ok,
matrix_transformer,supervised,10,fold_5,1,20,0.33,0.0,2.0,-4081.0,-4221.02,3.43102180838031,7001,0.17890271637748192,0.02,unit_proxy,unit_payoff,ok,
matrix_transformer,supervised,10,fold_5,1,20,0.33,1.0,0.0,-4081.0,-4081.7001,0.017155109041901994,7001,0.17890271637748192,0.00010000000000000002,unit_proxy,unit_payoff,ok,
matrix_transformer,supervised,10,fold_5,1,20,0.33,1.0,0.5,-4081.0,-4116.7051,0.8749105611369793,7001,0.17890271637748192,0.0050999999999999995,unit_proxy,unit_payoff,ok,
matrix_transformer,supervised,10,fold_5,1,20,0.33,1.0,1.0,-4081.0,-4151.7101,1.7326660132320568,7001,0.17890271637748192,0.0101,unit_proxy,unit_payoff,ok,
matrix_transformer,supervised,10,fold_5,1,20,0.33,1.0,2.0,-4081.0,-4221.7201000000005,3.4481769174222117,7001,0.17890271637748192,0.0201,unit_proxy,unit_payoff,ok,
matrix_transformer,supervised,10,fold_5,1,20,0.33,2.0,0.0,-4081.0,-4082.4002,0.03431021808380399,7001,0.17890271637748192,0.00020000000000000004,unit_proxy,unit_payoff,ok,
matrix_transformer,supervised,10,fold_5,1,20,0.33,2.0,0.5,-4081.0,-4117.4052,0.8920656701788814,7001,0.17890271637748192,0.005199999999999999,unit_proxy,unit_payoff,ok,
matrix_transformer,supervised,10,fold_5,1,20,0.33,2.0,1.0,-4081.0,-4152.4102,1.7498211222739586,7001,0.17890271637748192,0.010199999999999999,unit_proxy,unit_payoff,ok,
matrix_transformer,supervised,10,fold_5,1,20,0.33,2.0,2.0,-4081.0,-4222.4202,3.4653320264640914,7001,0.17890271637748192,0.0202,unit_proxy,unit_payoff,ok,
matrix_transformer,supervised,10,fold_5,1,20,0.33,5.0,0.0,-4081.0,-4084.5005,0.08577554520950997,7001,0.17890271637748192,0.0005000000000000001,unit_proxy,unit_payoff,ok,
matrix_transformer,supervised,10,fold_5,1,20,0.33,5.0,0.5,-4081.0,-4119.5055,0.9435309973045874,7001,0.17890271637748192,0.005499999999999999,unit_proxy,unit_payoff,ok,
matrix_transformer,supervised,10,fold_5,1,20,0.33,5.0,1.0,-4081.0,-4154.5105,1.801286449399665,7001,0.17890271637748192,0.010499999999999997,unit_proxy,unit_payoff,ok,
matrix_transformer,supervised,10,fold_5,1,20,0.33,5.0,2.0,-4081.0,-4224.5205,3.516797353589797,7001,0.17890271637748192,0.0205,unit_proxy,unit_payoff,ok,
matrix_transformer,supervised,10,fold_5,1,20,0.33,10.0,0.0,-4081.0,-4088.001,0.17155109041901995,7001,0.17890271637748192,0.0010000000000000002,unit_proxy,unit_payoff,ok,
matrix_transformer,supervised,10,fold_5,1,20,0.33,10.0,0.5,-4081.0,-4123.006,1.0293065425140973,7001,0.17890271637748192,0.005999999999999999,unit_proxy,unit_payoff,ok,
matrix_transformer,supervised,10,fold_5,1,20,0.33,10.0,1.0,-4081.0,-4158.011,1.887061994609175,7001,0.17890271637748192,0.010999999999999998,unit_proxy,unit_payoff,ok,
matrix_transformer,supervised,10,fold_5,1,20,0.33,10.0,2.0,-4081.0,-4228.021,3.6025728987993078,7001,0.17890271637748192,0.020999999999999994,unit_proxy,unit_payoff,ok,
matrix_transformer,supervised,10,fold_5,2,20,0.33,0.0,0.0,-7294.0,-7294.0,0.0,15424,0.394143050622237,0.0,unit_proxy,unit_payoff,ok,
matrix_transformer,supervised,10,fold_5,2,20,0.33,0.0,0.5,-7294.0,-7371.12,1.0573073759254168,15424,0.394143050622237,0.005,unit_proxy,unit_payoff,ok,
matrix_transformer,supervised,10,fold_5,2,20,0.33,0.0,1.0,-7294.0,-7448.24,2.1146147518508336,15424,0.394143050622237,0.01,unit_proxy,unit_payoff,ok,
matrix_transformer,supervised,10,fold_5,2,20,0.33,0.0,2.0,-7294.0,-7602.48,4.229229503701667,15424,0.394143050622237,0.02,unit_proxy,unit_payoff,ok,
matrix_transformer,supervised,10,fold_5,2,20,0.33,1.0,0.0,-7294.0,-7295.5424,0.021146147518512074,15424,0.394143050622237,0.00010000000000000003,unit_proxy,unit_payoff,ok,
matrix_transformer,supervised,10,fold_5,2,20,0.33,1.0,0.5,-7294.0,-7372.6624,1.0784535234439288,15424,0.394143050622237,0.0051,unit_proxy,unit_payoff,ok,
matrix_transformer,supervised,10,fold_5,2,20,0.33,1.0,1.0,-7294.0,-7449.7824,2.1357608993693455,15424,0.394143050622237,0.010100000000000001,unit_proxy,unit_payoff,ok,
matrix_transformer,supervised,10,fold_5,2,20,0.33,1.0,2.0,-7294.0,-7604.0224,4.250375651220178,15424,0.394143050622237,0.0201,unit_proxy,unit_payoff,ok,
matrix_transformer,supervised,10,fold_5,2,20,0.33,2.0,0.0,-7294.0,-7297.0848,0.04229229503701168,15424,0.394143050622237,0.00020000000000000006,unit_proxy,unit_payoff,ok,
matrix_transformer,supervised,10,fold_5,2,20,0.33,2.0,0.5,-7294.0,-7374.2048,1.099599670962441,15424,0.394143050622237,0.0052,unit_proxy,unit_payoff,ok,
matrix_transformer,supervised,10,fold_5,2,20,0.33,2.0,1.0,-7294.0,-7451.3248,2.1569070468878575,15424,0.394143050622237,0.0102,unit_proxy,unit_payoff,ok,
matrix_transformer,supervised,10,fold_5,2,20,0.33,2.0,2.0,-7294.0,-7605.5648,4.271521798738691,15424,0.394143050622237,0.020200000000000003,unit_proxy,unit_payoff,ok,
matrix_transformer,supervised,10,fold_5,2,20,0.33,5.0,0.0,-7294.0,-7301.712,0.1057307375925479,15424,0.394143050622237,0.0005000000000000001,unit_proxy,unit_payoff,ok,
matrix_transformer,supervised,10,fold_5,2,20,0.33,5.0,0.5,-7294.0,-7378.832,1.1630381135179646,15424,0.394143050622237,0.005499999999999999,unit_proxy,unit_payoff,ok,
matrix_transformer,supervised,10,fold_5,2,20,0.33,5.0,1.0,-7294.0,-7455.952,2.2203454894433814,15424,0.394143050622237,0.010499999999999997,unit_proxy,unit_payoff,ok,
matrix_transformer,supervised,10,fold_5,2,20,0.33,5.0,2.0,-7294.0,-7610.192,4.3349602412942145,15424,0.394143050622237,0.020499999999999997,unit_proxy,unit_payoff,ok,
matrix_transformer,supervised,10,fold_5,2,20,0.33,10.0,0.0,-7294.0,-7309.424,0.21146147518508332,15424,0.394143050622237,0.0010000000000000002,unit_proxy,unit_payoff,ok,
matrix_transformer,supervised,10,fold_5,2,20,0.33,10.0,0.5,-7294.0,-7386.544,1.2687688511105,15424,0.394143050622237,0.006,unit_proxy,unit_payoff,ok,
matrix_transformer,supervised,10,fold_5,2,20,0.33,10.0,1.0,-7294.0,-7463.664,2.3260762270359168,15424,0.394143050622237,0.010999999999999998,unit_proxy,unit_payoff,ok,
matrix_transformer,supervised,10,fold_5,2,20,0.33,10.0,2.0,-7294.0,-7617.9039999999995,4.44069097888675,15424,0.394143050622237,0.020999999999999994,unit_proxy,unit_payoff,ok,
matrix_transformer,supervised,20,fold_1,0,20,0.33,0.0,0.0,-6816.0,-6816.0,0.0,15080,0.39293345145656366,0.0,unit_proxy,unit_payoff,ok,
matrix_transformer,supervised,20,fold_1,0,20,0.33,0.0,0.5,-6816.0,-6891.4,1.10622065727699,15080,0.39293345145656366,0.005,unit_proxy,unit_payoff,ok,
matrix_transformer,supervised,20,fold_1,0,20,0.33,0.0,1.0,-6816.0,-6966.8,2.212441314553993,15080,0.39293345145656366,0.01,unit_proxy,unit_payoff,ok,
matrix_transformer,supervised,20,fold_1,0,20,0.33,0.0,2.0,-6816.0,-7117.6,4.424882629107986,15080,0.39293345145656366,0.02,unit_proxy,unit_payoff,ok,
matrix_transformer,supervised,20,fold_1,0,20,0.33,1.0,0.0,-6816.0,-6817.508,0.02212441314553713,15080,0.39293345145656366,0.00010000000000000003,unit_proxy,unit_payoff,ok,
matrix_transformer,supervised,20,fold_1,0,20,0.33,1.0,0.5,-6816.0,-6892.908,1.1283450704225404,15080,0.39293345145656366,0.0050999999999999995,unit_proxy,unit_payoff,ok,
matrix_transformer,supervised,20,fold_1,0,20,0.33,1.0,1.0,-6816.0,-6968.308,2.2345657276995303,15080,0.39293345145656366,0.0101,unit_proxy,unit_payoff,ok,
matrix_transformer,supervised,20,fold_1,0,20,0.33,1.0,2.0,-6816.0,-7119.108,4.4470070422535235,15080,0.39293345145656366,0.020100000000000003,unit_proxy,unit_payoff,ok,
matrix_transformer,supervised,20,fold_1,0,20,0.33,2.0,0.0,-6816.0,-6819.016,0.04424882629107426,15080,0.39293345145656366,0.00020000000000000006,unit_proxy,unit_payoff,ok,
matrix_transformer,supervised,20,fold_1,0,20,0.33,2.0,0.5,-6816.0,-6894.416,1.1504694835680775,15080,0.39293345145656366,0.005199999999999998,unit_proxy,unit_payoff,ok,
matrix_transformer,supervised,20,fold_1,0,20,0.33,2.0,1.0,-6816.0,-6969.816,2.2566901408450675,15080,0.39293345145656366,0.010199999999999999,unit_proxy,unit_payoff,ok,
matrix_transformer,supervised,20,fold_1,0,20,0.33,2.0,2.0,-6816.0,-7120.616,4.469131455399061,15080,0.39293345145656366,0.0202,unit_proxy,unit_payoff,ok,
matrix_transformer,supervised,20,fold_1,0,20,0.33,5.0,0.0,-6816.0,-6823.54,0.110622065727699,15080,0.39293345145656366,0.0005000000000000002,unit_proxy,unit_payoff,ok,
matrix_transformer,supervised,20,fold_1,0,20,0.33,5.0,0.5,-6816.0,-6898.94,1.216842723004689,15080,0.39293345145656366,0.0055,unit_proxy,unit_payoff,ok,
matrix_transformer,supervised,20,fold_1,0,20,0.33,5.0,1.0,-6816.0,-6974.34,2.3230633802816922,15080,0.39293345145656366,0.0105,unit_proxy,unit_payoff,ok,
matrix_transformer,supervised,20,fold_1,0,20,0.33,5.0,2.0,-6816.0,-7125.14,4.535504694835685,15080,0.39293345145656366,0.020499999999999997,unit_proxy,unit_payoff,ok,
matrix_transformer,supervised,20,fold_1,0,20,0.33,10.0,0.0,-6816.0,-6831.08,0.221244131455398,15080,0.39293345145656366,0.0010000000000000005,unit_proxy,unit_payoff,ok,
matrix_transformer,supervised,20,fold_1,0,20,0.33,10.0,0.5,-6816.0,-6906.48,1.327464788732388,15080,0.39293345145656366,0.006,unit_proxy,unit_payoff,ok,
matrix_transformer,supervised,20,fold_1,0,20,0.33,10.0,1.0,-6816.0,-6981.88,2.4336854460093913,15080,0.39293345145656366,0.011,unit_proxy,unit_payoff,ok,
matrix_transformer,supervised,20,fold_1,0,20,0.33,10.0,2.0,-6816.0,-7132.68,4.6461267605633845,15080,0.39293345145656366,0.021,unit_proxy,unit_payoff,ok,
matrix_transformer,supervised,20,fold_1,1,20,0.33,0.0,0.0,-7785.0,-7785.0,0.0,18827,0.4905675126374485,0.0,unit_proxy,unit_payoff,ok,
matrix_transformer,supervised,20,fold_1,1,20,0.33,0.0,0.5,-7785.0,-7879.135,1.2091843288375108,18827,0.4905675126374485,0.004999999999999999,unit_proxy,unit_payoff,ok,
matrix_transformer,supervised,20,fold_1,1,20,0.33,0.0,1.0,-7785.0,-7973.27,2.4183686576750216,18827,0.4905675126374485,0.009999999999999998,unit_proxy,unit_payoff,ok,
matrix_transformer,supervised,20,fold_1,1,20,0.33,0.0,2.0,-7785.0,-8161.54,4.836737315350032,18827,0.4905675126374485,0.019999999999999997,unit_proxy,unit_payoff,ok,
matrix_transformer,supervised,20,fold_1,1,20,0.33,1.0,0.0,-7785.0,-7786.8827,0.024183686576751618,18827,0.4905675126374485,0.00010000000000000003,unit_proxy,unit_payoff,ok,
matrix_transformer,supervised,20,fold_1,1,20,0.33,1.0,0.5,-7785.0,-7881.0177,1.2333680154142623,18827,0.4905675126374485,0.005099999999999999,unit_proxy,unit_payoff,ok,
matrix_transformer,supervised,20,fold_1,1,20,0.33,1.0,1.0,-7785.0,-7975.1527,2.442552344251762,18827,0.4905675126374485,0.0101,unit_proxy,unit_payoff,ok,
matrix_transformer,supervised,20,fold_1,1,20,0.33,1.0,2.0,-7785.0,-8163.4227,4.8609210019267834,18827,0.4905675126374485,0.020100000000000003,unit_proxy,unit_payoff,ok,
matrix_transformer,supervised,20,fold_1,1,20,0.33,2.0,0.0,-7785.0,-7788.7654,0.048367373153503236,18827,0.4905675126374485,0.00020000000000000006,unit_proxy,unit_payoff,ok,
matrix_transformer,supervised,20,fold_1,1,20,0.33,2.0,0.5,-7785.0,-7882.9003999999995,1.2575517019910025,18827,0.4905675126374485,0.005199999999999998,unit_proxy,unit_payoff,ok,
matrix_transformer,supervised,20,fold_1,1,20,0.33,2.0,1.0,-7785.0,-7977.0354,2.466736030828513,18827,0.4905675126374485,0.010199999999999997,unit_proxy,unit_payoff,ok,
matrix_transformer,supervised,20,fold_1,1,20,0.33,2.0,2.0,-7785.0,-8165.3054,4.885104688503534,18827,0.4905675126374485,0.0202,unit_proxy,unit_payoff,ok,
matrix_transformer,supervised,20,fold_1,1,20,0.33,5.0,0.0,-7785.0,-7794.4135,0.1209184328837464,18827,0.4905675126374485,0.0005000000000000002,unit_proxy,unit_payoff,ok,
matrix_transformer,supervised,20,fold_1,1,20,0.33,5.0,0.5,-7785.0,-7888.5485,1.3301027617212573,18827,0.4905675126374485,0.0055000000000000005,unit_proxy,unit_payoff,ok,
matrix_transformer,supervised,20,fold_1,1,20,0.33,5.0,1.0,-7785.0,-7982.6835,2.539287090558768,18827,0.4905675126374485,0.0105,unit_proxy,unit_payoff,ok,
matrix_transformer,supervised,20,fold_1,1,20,0.33,5.0,2.0,-7785.0,-8170.9535,4.957655748233778,18827,0.4905675126374485,0.0205,unit_proxy,unit_payoff,ok,
matrix_transformer,supervised,20,fold_1,1,20,0.33,10.0,0.0,-7785.0,-7803.827,0.24183686576750452,18827,0.4905675126374485,0.0010000000000000005,unit_proxy,unit_payoff,ok,
matrix_transformer,supervised,20,fold_1,1,20,0.33,10.0,0.5,-7785.0,-7897.962,1.4510211946050153,18827,0.4905675126374485,0.006000000000000001,unit_proxy,unit_payoff,ok,
matrix_transformer,supervised,20,fold_1,1,20,0.33,10.0,1.0,-7785.0,-7992.097,2.6602055234425146,18827,0.4905675126374485,0.011000000000000001,unit_proxy,unit_payoff,ok,
matrix_transformer,supervised,20,fold_1,1,20,0.33,10.0,2.0,-7785.0,-8180.367,5.078574181117536,18827,0.4905675126374485,0.021,unit_proxy,unit_payoff,ok,
matrix_transformer,supervised,20,fold_1,2,20,0.33,0.0,0.0,-7057.0,-7057.0,0.0,18213,0.4745687633540049,0.0,unit_proxy,unit_payoff,ok,
matrix_transformer,supervised,20,fold_1,2,20,0.33,0.0,0.5,-7057.0,-7148.065,1.2904208587218307,18213,0.4745687633540049,0.005,unit_proxy,unit_payoff,ok,
matrix_transformer,supervised,20,fold_1,2,20,0.33,0.0,1.0,-7057.0,-7239.13,2.5808417174436746,18213,0.4745687633540049,0.01,unit_proxy,unit_payoff,ok,
matrix_transformer,supervised,20,fold_1,2,20,0.33,0.0,2.0,-7057.0,-7421.26,5.161683434887349,18213,0.4745687633540049,0.02,unit_proxy,unit_payoff,ok,
matrix_transformer,supervised,20,fold_1,2,20,0.33,1.0,0.0,-7057.0,-7058.8213,0.025808417174431202,18213,0.4745687633540049,0.00010000000000000005,unit_proxy,unit_payoff,ok,
matrix_transformer,supervised,20,fold_1,2,20,0.33,1.0,0.5,-7057.0,-7149.8863,1.316229275896275,18213,0.4745687633540049,0.005099999999999999,unit_proxy,unit_payoff,ok,
matrix_transformer,supervised,20,fold_1,2,20,0.33,1.0,1.0,-7057.0,-7240.9513,2.6066501346181057,18213,0.4745687633540049,0.010099999999999998,unit_proxy,unit_payoff,ok,
matrix_transformer,supervised,20,fold_1,2,20,0.33,1.0,2.0,-7057.0,-7423.0813,5.187491852061781,18213,0.4745687633540049,0.020100000000000003,unit_proxy,unit_payoff,ok,
matrix_transformer,supervised,20,fold_1,2,20,0.33,2.0,0.0,-7057.0,-7060.6426,0.0516168343488753,18213,0.4745687633540049,0.0002000000000000001,unit_proxy,unit_payoff,ok,
matrix_transformer,supervised,20,fold_1,2,20,0.33,2.0,0.5,-7057.0,-7151.7076,1.342037693070706,18213,0.4745687633540049,0.005199999999999998,unit_proxy,unit_payoff,ok,
matrix_transformer,supervised,20,fold_1,2,20,0.33,2.0,1.0,-7057.0,-7242.7726,2.63245855179255,18213,0.4745687633540049,0.010199999999999997,unit_proxy,unit_payoff,ok,
matrix_transformer,supervised,20,fold_1,2,20,0.33,2.0,2.0,-7057.0,-7424.9026,5.213300269236224,18213,0.4745687633540049,0.020199999999999996,unit_proxy,unit_payoff,ok,
matrix_transformer,supervised,20,fold_1,2,20,0.33,5.0,0.0,-7057.0,-7066.1065,0.12904208587218177,18213,0.4745687633540049,0.0005000000000000002,unit_proxy,unit_payoff,ok,
matrix_transformer,supervised,20,fold_1,2,20,0.33,5.0,0.5,-7057.0,-7157.1715,1.4194629445940254,18213,0.4745687633540049,0.0055000000000000005,unit_proxy,unit_payoff,ok,
matrix_transformer,supervised,20,fold_1,2,20,0.33,5.0,1.0,-7057.0,-7248.2365,2.709883803315856,18213,0.4745687633540049,0.0105,unit_proxy,unit_payoff,ok,
matrix_transformer,supervised,20,fold_1,2,20,0.33,5.0,2.0,-7057.0,-7430.3665,5.290725520759531,18213,0.4745687633540049,0.020499999999999997,unit_proxy,unit_payoff,ok,
matrix_transformer,supervised,20,fold_1,2,20,0.33,10.0,0.0,-7057.0,-7075.213,0.25808417174436354,18213,0.4745687633540049,0.0010000000000000005,unit_proxy,unit_payoff,ok,
matrix_transformer,supervised,20,fold_1,2,20,0.33,10.0,0.5,-7057.0,-7166.278,1.5485050304662074,18213,0.4745687633540049,0.006,unit_proxy,unit_payoff,ok,
matrix_transformer,supervised,20,fold_1,2,20,0.33,10.0,1.0,-7057.0,-7257.343,2.838925889188038,18213,0.4745687633540049,0.011000000000000001,unit_proxy,unit_payoff,ok,
matrix_transformer,supervised,20,fold_1,2,20,0.33,10.0,2.0,-7057.0,-7439.473,5.419767606631712,18213,0.4745687633540049,0.021,unit_proxy,unit_payoff,ok,
matrix_transformer,supervised,20,fold_2,0,20,0.33,0.0,0.0,-7439.0,-7439.0,0.0,14929,0.5235306494599523,0.0,unit_proxy,unit_payoff,ok,
matrix_transformer,supervised,20,fold_2,0,20,0.33,0.0,0.5,-7439.0,-7513.645,1.003427880091416,14929,0.5235306494599523,0.005,unit_proxy,unit_payoff,ok,
matrix_transformer,supervised,20,fold_2,0,20,0.33,0.0,1.0,-7439.0,-7588.29,2.00685576018282,14929,0.5235306494599523,0.01,unit_proxy,unit_payoff,ok,
matrix_transformer,supervised,20,fold_2,0,20,0.33,0.0,2.0,-7439.0,-7737.58,4.01371152036564,14929,0.5235306494599523,0.02,unit_proxy,unit_payoff,ok,
matrix_transformer,supervised,20,fold_2,0,20,0.33,1.0,0.0,-7439.0,-7440.4929,0.020068557601830767,14929,0.5235306494599523,0.00010000000000000003,unit_proxy,unit_payoff,ok,
matrix_transformer,supervised,20,fold_2,0,20,0.33,1.0,0.5,-7439.0,-7515.1379,1.0234964376932345,14929,0.5235306494599523,0.005099999999999999,unit_proxy,unit_payoff,ok,
matrix_transformer,supervised,20,fold_2,0,20,0.33,1.0,1.0,-7439.0,-7589.7829,2.0269243177846503,14929,0.5235306494599523,0.0101,unit_proxy,unit_payoff,ok,
matrix_transformer,supervised,20,fold_2,0,20,0.33,1.0,2.0,-7439.0,-7739.0729,4.03378007796747,14929,0.5235306494599523,0.020100000000000003,unit_proxy,unit_payoff,ok,
matrix_transformer,supervised,20,fold_2,0,20,0.33,2.0,0.0,-7439.0,-7441.9858,0.04013711520366153,14929,0.5235306494599523,0.00020000000000000006,unit_proxy,unit_payoff,ok,
matrix_transformer,supervised,20,fold_2,0,20,0.33,2.0,0.5,-7439.0,-7516.6308,1.0435649952950652,14929,0.5235306494599523,0.005199999999999999,unit_proxy,unit_payoff,ok,
matrix_transformer,supervised,20,fold_2,0,20,0.33,2.0,1.0,-7439.0,-7591.2758,2.0469928753864814,14929,0.5235306494599523,0.010199999999999997,unit_proxy,unit_payoff,ok,
matrix_transformer,supervised,20,fold_2,0,20,0.33,2.0,2.0,-7439.0,-7740.5658,4.053848635569301,14929,0.5235306494599523,0.0202,unit_proxy,unit_payoff,ok,
matrix_transformer,supervised,20,fold_2,0,20,0.33,5.0,0.0,-7439.0,-7446.4645,0.1003427880091416,14929,0.5235306494599523,0.0005000000000000002,unit_proxy,unit_payoff,ok,
matrix_transformer,supervised,20,fold_2,0,20,0.33,5.0,0.5,-7439.0,-7521.1095,1.1037706681005452,14929,0.5235306494599523,0.0055,unit_proxy,unit_payoff,ok,
matrix_transformer,supervised,20,fold_2,0,20,0.33,5.0,1.0,-7439.0,-7595.7545,2.1071985481919615,14929,0.5235306494599523,0.010500000000000002,unit_proxy,unit_payoff,ok,
matrix_transformer,supervised,20,fold_2,0,20,0.33,5.0,2.0,-7439.0,-7745.0445,4.114054308374781,14929,0.5235306494599523,0.0205,unit_proxy,unit_payoff,ok,
matrix_transformer,supervised,20,fold_2,0,20,0.33,10.0,0.0,-7439.0,-7453.929,0.2006855760182832,14929,0.5235306494599523,0.0010000000000000005,unit_proxy,unit_payoff,ok,
matrix_transformer,supervised,20,fold_2,0,20,0.33,10.0,0.5,-7439.0,-7528.574,1.2041134561096871,14929,0.5235306494599523,0.006000000000000001,unit_proxy,unit_payoff,ok,
matrix_transformer,supervised,20,fold_2,0,20,0.33,10.0,1.0,-7439.0,-7603.219,2.207541336201103,14929,0.5235306494599523,0.011,unit_proxy,unit_payoff,ok,
matrix_transformer,supervised,20,fold_2,0,20,0.33,10.0,2.0,-7439.0,-7752.509,4.214397096383923,14929,0.5235306494599523,0.021000000000000005,unit_proxy,unit_payoff,ok,
matrix_transformer,supervised,20,fold_2,1,20,0.33,0.0,0.0,-7597.0,-7597.0,0.0,14705,0.5156754102959742,0.0,unit_proxy,unit_payoff,ok,
matrix_transformer,supervised,20,fold_2,1,20,0.33,0.0,0.5,-7597.0,-7670.525,0.9678162432539112,14705,0.5156754102959742,0.005,unit_proxy,unit_payoff,ok,
matrix_transformer,supervised,20,fold_2,1,20,0.33,0.0,1.0,-7597.0,-7744.05,1.9356324865078343,14705,0.5156754102959742,0.01,unit_proxy,unit_payoff,ok,
matrix_transformer,supervised,20,fold_2,1,20,0.33,0.0,2.0,-7597.0,-7891.1,3.8712649730156685,14705,0.5156754102959742,0.02,unit_proxy,unit_payoff,ok,
matrix_transformer,supervised,20,fold_2,1,20,0.33,1.0,0.0,-7597.0,-7598.4705,0.019356324865083013,14705,0.5156754102959742,0.00010000000000000002,unit_proxy,unit_payoff,ok,
matrix_transformer,supervised,20,fold_2,1,20,0.33,1.0,0.5,-7597.0,-7671.9955,0.9871725681189942,14705,0.5156754102959742,0.005099999999999998,unit_proxy,unit_payoff,ok,
matrix_transformer,supervised,20,fold_2,1,20,0.33,1.0,1.0,-7597.0,-7745.5205,1.9549888113729055,14705,0.5156754102959742,0.010100000000000001,unit_proxy,unit_payoff,ok,
matrix_transformer,supervised,20,fold_2,1,20,0.33,1.0,2.0,-7597.0,-7892.5705,3.89062129788074,14705,0.5156754102959742,0.020100000000000003,unit_proxy,unit_payoff,ok,
matrix_transformer,supervised,20,fold_2,1,20,0.33,2.0,0.0,-7597.0,-7599.941,0.03871264973015406,14705,0.5156754102959742,0.00020000000000000004,unit_proxy,unit_payoff,ok,
matrix_transformer,supervised,20,fold_2,1,20,0.33,2.0,0.5,-7597.0,-7673.466,1.0065288929840772,14705,0.5156754102959742,0.005199999999999999,unit_proxy,unit_payoff,ok,
matrix_transformer,supervised,20,fold_2,1,20,0.33,2.0,1.0,-7597.0,-7746.991,1.9743451362379885,14705,0.5156754102959742,0.010199999999999996,unit_proxy,unit_payoff,ok,
matrix_transformer,supervised,20,fold_2,1,20,0.33,2.0,2.0,-7597.0,-7894.041,3.909977622745823,14705,0.5156754102959742,0.020200000000000003,unit_proxy,unit_payoff,ok,
matrix_transformer,supervised,20,fold_2,1,20,0.33,5.0,0.0,-7597.0,-7604.3525,0.09678162432539111,14705,0.5156754102959742,0.0005000000000000002,unit_proxy,unit_payoff,ok,
matrix_transformer,supervised,20,fold_2,1,20,0.33,5.0,0.5,-7597.0,-7677.8775,1.0645978675793024,14705,0.5156754102959742,0.0055,unit_proxy,unit_payoff,ok,
matrix_transformer,supervised,20,fold_2,1,20,0.33,5.0,1.0,-7597.0,-7751.4025,2.032414110833226,14705,0.5156754102959742,0.010500000000000002,unit_proxy,unit_payoff,ok,
matrix_transformer,supervised,20,fold_2,1,20,0.33,5.0,2.0,-7597.0,-7898.4525,3.96804659734106,14705,0.5156754102959742,0.020499999999999997,unit_proxy,unit_payoff,ok,
matrix_transformer,supervised,20,fold_2,1,20,0.33,10.0,0.0,-7597.0,-7611.705,0.19356324865078223,14705,0.5156754102959742,0.0010000000000000005,unit_proxy,unit_payoff,ok,
matrix_transformer,supervised,20,fold_2,1,20,0.33,10.0,0.5,-7597.0,-7685.23,1.1613794919046934,14705,0.5156754102959742,0.006000000000000001,unit_proxy,unit_payoff,ok,
matrix_transformer,supervised,20,fold_2,1,20,0.33,10.0,1.0,-7597.0,-7758.755,2.129195735158617,14705,0.5156754102959742,0.011,unit_proxy,unit_payoff,ok,
matrix_transformer,supervised,20,fold_2,1,20,0.33,10.0,2.0,-7597.0,-7905.805,4.064828221666452,14705,0.5156754102959742,0.021000000000000005,unit_proxy,unit_payoff,ok,
matrix_transformer,supervised,20,fold_2,2,20,0.33,0.0,0.0,-7681.0,-7681.0,0.0,14743,0.517007995511292,0.0,unit_proxy,unit_payoff,ok,
matrix_transformer,supervised,20,fold_2,2,20,0.33,0.0,0.5,-7681.0,-7754.715,0.9597057674781948,14743,0.517007995511292,0.004999999999999999,unit_proxy,unit_payoff,ok,
matrix_transformer,supervised,20,fold_2,2,20,0.33,0.0,1.0,-7681.0,-7828.43,1.9194115349563896,14743,0.517007995511292,0.009999999999999998,unit_proxy,unit_payoff,ok,
matrix_transformer,supervised,20,fold_2,2,20,0.33,0.0,2.0,-7681.0,-7975.86,3.8388230699127677,14743,0.517007995511292,0.019999999999999997,unit_proxy,unit_payoff,ok,
matrix_transformer,supervised,20,fold_2,2,20,0.33,1.0,0.0,-7681.0,-7682.4743,0.019194115349562002,14743,0.517007995511292,0.00010000000000000005,unit_proxy,unit_payoff,ok,
matrix_transformer,supervised,20,fold_2,2,20,0.33,1.0,0.5,-7681.0,-7756.1893,0.9788998828277569,14743,0.517007995511292,0.005099999999999999,unit_proxy,unit_payoff,ok,
matrix_transformer,supervised,20,fold_2,2,20,0.33,1.0,1.0,-7681.0,-7829.9043,1.9386056503059517,14743,0.517007995511292,0.010099999999999998,unit_proxy,unit_payoff,ok,
matrix_transformer,supervised,20,fold_2,2,20,0.33,1.0,2.0,-7681.0,-7977.3343,3.8580171852623413,14743,0.517007995511292,0.020100000000000003,unit_proxy,unit_payoff,ok,
matrix_transformer,supervised,20,fold_2,2,20,0.33,2.0,0.0,-7681.0,-7683.9486,0.038388230699124004,14743,0.517007995511292,0.0002000000000000001,unit_proxy,unit_payoff,ok,
matrix_transformer,supervised,20,fold_2,2,20,0.33,2.0,0.5,-7681.0,-7757.6636,0.9980939981773188,14743,0.517007995511292,0.005199999999999998,unit_proxy,unit_payoff,ok,
matrix_transformer,supervised,20,fold_2,2,20,0.33,2.0,1.0,-7681.0,-7831.3786,1.9577997656555137,14743,0.517007995511292,0.010199999999999997,unit_proxy,unit_payoff,ok,
matrix_transformer,supervised,20,fold_2,2,20,0.33,2.0,2.0,-7681.0,-7978.8086,3.8772113006119033,14743,0.517007995511292,0.020199999999999996,unit_proxy,unit_payoff,ok,
matrix_transformer,supervised,20,fold_2,2,20,0.33,5.0,0.0,-7681.0,-7688.3715,0.09597057674782185,14743,0.517007995511292,0.0005000000000000002,unit_proxy,unit_payoff,ok,
matrix_transformer,supervised,20,fold_2,2,20,0.33,5.0,0.5,-7681.0,-7762.0865,1.0556763442260166,14743,0.517007995511292,0.0055,unit_proxy,unit_payoff,ok,
matrix_transformer,supervised,20,fold_2,2,20,0.33,5.0,1.0,-7681.0,-7835.8015,2.0153821117041995,14743,0.517007995511292,0.0105,unit_proxy,unit_payoff,ok,
matrix_transformer,supervised,20,fold_2,2,20,0.33,5.0,2.0,-7681.0,-7983.2315,3.934793646660589,14743,0.517007995511292,0.020500000000000008,unit_proxy,unit_payoff,ok,
matrix_transformer,supervised,20,fold_2,2,20,0.33,10.0,0.0,-7681.0,-7695.743,0.1919411534956437,14743,0.517007995511292,0.0010000000000000005,unit_proxy,unit_payoff,ok,
matrix_transformer,supervised,20,fold_2,2,20,0.33,10.0,0.5,-7681.0,-7769.458,1.1516469209738267,14743,0.517007995511292,0.006000000000000002,unit_proxy,unit_payoff,ok,
matrix_transformer,supervised,20,fold_2,2,20,0.33,10.0,1.0,-7681.0,-7843.173,2.1113526884520213,14743,0.517007995511292,0.011,unit_proxy,unit_payoff,ok,
matrix_transformer,supervised,20,fold_2,2,20,0.33,10.0,2.0,-7681.0,-7990.603,4.030764223408411,14743,0.517007995511292,0.021,unit_proxy,unit_payoff,ok,
matrix_transformer,supervised,20,fold_3,0,20,0.33,0.0,0.0,-9332.0,-9332.0,0.0,25658,0.693384498973084,0.0,unit_proxy,unit_payoff,ok,
matrix_transformer,supervised,20,fold_3,0,20,0.33,0.0,0.5,-9332.0,-9460.29,1.3747321045863787,25658,0.693384498973084,0.005,unit_proxy,unit_payoff,ok,
matrix_transformer,supervised,20,fold_3,0,20,0.33,0.0,1.0,-9332.0,-9588.58,2.7494642091727384,25658,0.693384498973084,0.01,unit_proxy,unit_payoff,ok,
matrix_transformer,supervised,20,fold_3,0,20,0.33,0.0,2.0,-9332.0,-9845.16,5.498928418345477,25658,0.693384498973084,0.02,unit_proxy,unit_payoff,ok,
matrix_transformer,supervised,20,fold_3,0,20,0.33,1.0,0.0,-9332.0,-9334.5658,0.027494642091730696,25658,0.693384498973084,0.00010000000000000005,unit_proxy,unit_payoff,ok,
matrix_transformer,supervised,20,fold_3,0,20,0.33,1.0,0.5,-9332.0,-9462.8558,1.40222674667809,25658,0.693384498973084,0.0050999999999999995,unit_proxy,unit_payoff,ok,
matrix_transformer,supervised,20,fold_3,0,20,0.33,1.0,1.0,-9332.0,-9591.1458,2.7769588512644687,25658,0.693384498973084,0.0101,unit_proxy,unit_payoff,ok,
matrix_transformer,supervised,20,fold_3,0,20,0.33,1.0,2.0,-9332.0,-9847.7258,5.526423060437207,25658,0.693384498973084,0.020100000000000003,unit_proxy,unit_payoff,ok,
matrix_transformer,supervised,20,fold_3,0,20,0.33,2.0,0.0,-9332.0,-9337.1316,0.05498928418346139,25658,0.693384498973084,0.0002000000000000001,unit_proxy,unit_payoff,ok,
matrix_transformer,supervised,20,fold_3,0,20,0.33,2.0,0.5,-9332.0,-9465.4216,1.4297213887698208,25658,0.693384498973084,0.0052,unit_proxy,unit_payoff,ok,
matrix_transformer,supervised,20,fold_3,0,20,0.33,2.0,1.0,-9332.0,-9593.7116,2.8044534933561995,25658,0.693384498973084,0.010199999999999999,unit_proxy,unit_payoff,ok,
matrix_transformer,supervised,20,fold_3,0,20,0.33,2.0,2.0,-9332.0,-9850.2916,5.5539177025289375,25658,0.693384498973084,0.0202,unit_proxy,unit_payoff,ok,
matrix_transformer,supervised,20,fold_3,0,20,0.33,5.0,0.0,-9332.0,-9344.829,0.13747321045863398,25658,0.693384498973084,0.0005000000000000001,unit_proxy,unit_payoff,ok,
matrix_transformer,supervised,20,fold_3,0,20,0.33,5.0,0.5,-9332.0,-9473.119,1.5122053150450128,25658,0.693384498973084,0.0055,unit_proxy,unit_payoff,ok,
matrix_transformer,supervised,20,fold_3,0,20,0.33,5.0,1.0,-9332.0,-9601.409,2.8869374196313724,25658,0.693384498973084,0.010499999999999999,unit_proxy,unit_payoff,ok,
matrix_transformer,supervised,20,fold_3,0,20,0.33,5.0,2.0,-9332.0,-9857.989,5.63640162880411,25658,0.693384498973084,0.0205,unit_proxy,unit_payoff,ok,
matrix_transformer,supervised,20,fold_3,0,20,0.33,10.0,0.0,-9332.0,-9357.658,0.27494642091726795,25658,0.693384498973084,0.0010000000000000002,unit_proxy,unit_payoff,ok,
matrix_transformer,supervised,20,fold_3,0,20,0.33,10.0,0.5,-9332.0,-9485.948,1.6496785255036468,25658,0.693384498973084,0.006,unit_proxy,unit_payoff,ok,
matrix_transformer,supervised,20,fold_3,0,20,0.33,10.0,1.0,-9332.0,-9614.238,3.024410630090006,25658,0.693384498973084,0.011,unit_proxy,unit_payoff,ok,
matrix_transformer,supervised,20,fold_3,0,20,0.33,10.0,2.0,-9332.0,-9870.818,5.773874839262745,25658,0.693384498973084,0.020999999999999998,unit_proxy,unit_payoff,ok,
matrix_transformer,supervised,20,fold_3,1,20,0.33,0.0,0.0,-9945.0,-9945.0,0.0,27705,0.7487028429358988,0.0,unit_proxy,unit_payoff,ok,
matrix_transformer,supervised,20,fold_3,1,20,0.33,0.0,0.5,-9945.0,-10083.525,1.3929110105580658,27705,0.7487028429358988,0.004999999999999999,unit_proxy,unit_payoff,ok,
matrix_transformer,supervised,20,fold_3,1,20,0.33,0.0,1.0,-9945.0,-10222.05,2.7858220211161315,27705,0.7487028429358988,0.009999999999999998,unit_proxy,unit_payoff,ok,
matrix_transformer,supervised,20,fold_3,1,20,0.33,0.0,2.0,-9945.0,-10499.1,5.571644042232282,27705,0.7487028429358988,0.019999999999999997,unit_proxy,unit_payoff,ok,
matrix_transformer,supervised,20,fold_3,1,20,0.33,1.0,0.0,-9945.0,-9947.7705,0.027858220211166806,27705,0.7487028429358988,0.00010000000000000005,unit_proxy,unit_payoff,ok,
matrix_transformer,supervised,20,fold_3,1,20,0.33,1.0,0.5,-9945.0,-10086.2955,1.4207692307692326,27705,0.7487028429358988,0.0050999999999999995,unit_proxy,unit_payoff,ok,
matrix_transformer,supervised,20,fold_3,1,20,0.33,1.0,1.0,-9945.0,-10224.8205,2.813680241327298,27705,0.7487028429358988,0.0101,unit_proxy,unit_payoff,ok,
matrix_transformer,supervised,20,fold_3,1,20,0.33,1.0,2.0,-9945.0,-10501.8705,5.5995022624434485,27705,0.7487028429358988,0.020100000000000003,unit_proxy,unit_payoff,ok,
matrix_transformer,supervised,20,fold_3,1,20,0.33,2.0,0.0,-9945.0,-9950.541,0.05571644042231532,27705,0.7487028429358988,0.0002000000000000001,unit_proxy,unit_payoff,ok,
matrix_transformer,supervised,20,fold_3,1,20,0.33,2.0,0.5,-9945.0,-10089.066,1.4486274509803994,27705,0.7487028429358988,0.005199999999999999,unit_proxy,unit_payoff,ok,
matrix_transformer,supervised,20,fold_3,1,20,0.33,2.0,1.0,-9945.0,-10227.591,2.841538461538465,27705,0.7487028429358988,0.010199999999999999,unit_proxy,unit_payoff,ok,
matrix_transformer,supervised,20,fold_3,1,20,0.33,2.0,2.0,-9945.0,-10504.641,5.627360482654596,27705,0.7487028429358988,0.0202,unit_proxy,unit_payoff,ok,
matrix_transformer,supervised,20,fold_3,1,20,0.33,5.0,0.0,-9945.0,-9958.8525,0.1392911010558157,27705,0.7487028429358988,0.0005000000000000001,unit_proxy,unit_payoff,ok,
matrix_transformer,supervised,20,fold_3,1,20,0.33,5.0,0.5,-9945.0,-10097.3775,1.5322021116138813,27705,0.7487028429358988,0.0055,unit_proxy,unit_payoff,ok,
matrix_transformer,supervised,20,fold_3,1,20,0.33,5.0,1.0,-9945.0,-10235.9025,2.9251131221719473,27705,0.7487028429358988,0.0105,unit_proxy,unit_payoff,ok,
matrix_transformer,supervised,20,fold_3,1,20,0.33,5.0,2.0,-9945.0,-10512.9525,5.710935143288079,27705,0.7487028429358988,0.020500000000000004,unit_proxy,unit_payoff,ok,
matrix_transformer,supervised,20,fold_3,1,20,0.33,10.0,0.0,-9945.0,-9972.705,0.2785822021116131,27705,0.7487028429358988,0.0010000000000000002,unit_proxy,unit_payoff,ok,
matrix_transformer,supervised,20,fold_3,1,20,0.33,10.0,0.5,-9945.0,-10111.23,1.671493212669679,27705,0.7487028429358988,0.006000000000000001,unit_proxy,unit_payoff,ok,
matrix_transformer,supervised,20,fold_3,1,20,0.33,10.0,1.0,-9945.0,-10249.755,3.064404223227745,27705,0.7487028429358988,0.011,unit_proxy,unit_payoff,ok,
matrix_transformer,supervised,20,fold_3,1,20,0.33,10.0,2.0,-9945.0,-10526.805,5.850226244343895,27705,0.7487028429358988,0.021,unit_proxy,unit_payoff,ok,
matrix_transformer,supervised,20,fold_3,2,20,0.33,0.0,0.0,-10240.0,-10240.0,0.0,26840,0.7253269916765755,0.0,unit_proxy,unit_payoff,ok,
matrix_transformer,supervised,20,fold_3,2,20,0.33,0.0,0.5,-10240.0,-10374.2,1.310546875000007,26840,0.7253269916765755,0.005000000000000001,unit_proxy,unit_payoff,ok,
matrix_transformer,supervised,20,fold_3,2,20,0.33,0.0,1.0,-10240.0,-10508.4,2.6210937499999964,26840,0.7253269916765755,0.010000000000000002,unit_proxy,unit_payoff,ok,
matrix_transformer,supervised,20,fold_3,2,20,0.33,0.0,2.0,-10240.0,-10776.8,5.242187499999993,26840,0.7253269916765755,0.020000000000000004,unit_proxy,unit_payoff,ok,
matrix_transformer,supervised,20,fold_3,2,20,0.33,1.0,0.0,-10240.0,-10242.684,0.026210937499993037,26840,0.7253269916765755,0.00010000000000000002,unit_proxy,unit_payoff,ok,
matrix_transformer,supervised,20,fold_3,2,20,0.33,1.0,0.5,-10240.0,-10376.884,1.3367578125000001,26840,0.7253269916765755,0.0050999999999999995,unit_proxy,unit_payoff,ok,
matrix_transformer,supervised,20,fold_3,2,20,0.33,1.0,1.0,-10240.0,-10511.084,2.6473046875000072,26840,0.7253269916765755,0.010099999999999998,unit_proxy,unit_payoff,ok,
matrix_transformer,supervised,20,fold_3,2,20,0.33,1.0,2.0,-10240.0,-10779.484,5.268398437500004,26840,0.7253269916765755,0.020100000000000007,unit_proxy,unit_payoff,ok,
matrix_transformer,supervised,20,fold_3,2,20,0.33,2.0,0.0,-10240.0,-10245.368,0.05242187500000383,26840,0.7253269916765755,0.00020000000000000004,unit_proxy,unit_payoff,ok,
matrix_transformer,supervised,20,fold_3,2,20,0.33,2.0,0.5,-10240.0,-10379.568,1.3629687499999932,26840,0.7253269916765755,0.005199999999999998,unit_proxy,unit_payoff,ok,
matrix_transformer,supervised,20,fold_3,2,20,0.33,2.0,1.0,-10240.0,-10513.768,2.6735156250000003,26840,0.7253269916765755,0.010199999999999999,unit_proxy,unit_payoff,ok,
matrix_transformer,supervised,20,fold_3,2,20,0.33,2.0,2.0,-10240.0,-10782.168,5.294609374999997,26840,0.7253269916765755,0.020199999999999996,unit_proxy,unit_payoff,ok,
matrix_transformer,supervised,20,fold_3,2,20,0.33,5.0,0.0,-10240.0,-10253.42,0.1310546875000007,26840,0.7253269916765755,0.0005000000000000002,unit_proxy,unit_payoff,ok,
matrix_transformer,supervised,20,fold_3,2,20,0.33,5.0,0.5,-10240.0,-10387.62,1.4416015625000078,26840,0.7253269916765755,0.0055000000000000005,unit_proxy,unit_payoff,ok,
matrix_transformer,supervised,20,fold_3,2,20,0.33,5.0,1.0,-10240.0,-10521.82,2.752148437499997,26840,0.7253269916765755,0.010499999999999999,unit_proxy,unit_payoff,ok,
matrix_transformer,supervised,20,fold_3,2,20,0.33,5.0,2.0,-10240.0,-10790.22,5.373242187499994,26840,0.7253269916765755,0.0205,unit_proxy,unit_payoff,ok,
matrix_transformer,supervised,20,fold_3,2,20,0.33,10.0,0.0,-10240.0,-10266.84,0.2621093750000014,26840,0.7253269916765755,0.0010000000000000005,unit_proxy,unit_payoff,ok,
matrix_transformer,supervised,20,fold_3,2,20,0.33,10.0,0.5,-10240.0,-10401.04,1.5726562500000085,26840,0.7253269916765755,0.006,unit_proxy,unit_payoff,ok,
matrix_transformer,supervised,20,fold_3,2,20,0.33,10.0,1.0,-10240.0,-10535.24,2.883203124999998,26840,0.7253269916765755,0.011000000000000001,unit_proxy,unit_payoff,ok,
matrix_transformer,supervised,20,fold_3,2,20,0.33,10.0,2.0,-10240.0,-10803.64,5.504296874999994,26840,0.7253269916765755,0.020999999999999998,unit_proxy,unit_payoff,ok,
matrix_transformer,supervised,20,fold_4,0,20,0.33,0.0,0.0,-7918.0,-7918.0,0.0,25044,0.7203589714088477,0.0,unit_proxy,unit_payoff,ok,
matrix_transformer,supervised,20,fold_4,0,20,0.33,0.0,0.5,-7918.0,-8043.22,1.5814599646375378,25044,0.7203589714088477,0.005,unit_proxy,unit_payoff,ok,
matrix_transformer,supervised,20,fold_4,0,20,0.33,0.0,1.0,-7918.0,-8168.44,3.1629199292750645,25044,0.7203589714088477,0.01,unit_proxy,unit_payoff,ok,
matrix_transformer,supervised,20,fold_4,0,20,0.33,0.0,2.0,-7918.0,-8418.88,6.325839858550129,25044,0.7203589714088477,0.02,unit_proxy,unit_payoff,ok,
matrix_transformer,supervised,20,fold_4,0,20,0.33,1.0,0.0,-7918.0,-7920.5044,0.03162919929274823,25044,0.7203589714088477,0.00010000000000000002,unit_proxy,unit_payoff,ok,
matrix_transformer,supervised,20,fold_4,0,20,0.33,1.0,0.5,-7918.0,-8045.7244,1.6130891639302862,25044,0.7203589714088477,0.0050999999999999995,unit_proxy,unit_payoff,ok,
matrix_transformer,supervised,20,fold_4,0,20,0.33,1.0,1.0,-7918.0,-8170.9444,3.1945491285678242,25044,0.7203589714088477,0.0101,unit_proxy,unit_payoff,ok,
matrix_transformer,supervised,20,fold_4,0,20,0.33,1.0,2.0,-7918.0,-8421.3844,6.3574690578429,25044,0.7203589714088477,0.020100000000000007,unit_proxy,unit_payoff,ok,
matrix_transformer,supervised,20,fold_4,0,20,0.33,2.0,0.0,-7918.0,-7923.0088,0.06325839858549646,25044,0.7203589714088477,0.00020000000000000004,unit_proxy,unit_payoff,ok,
matrix_transformer,supervised,20,fold_4,0,20,0.33,2.0,0.5,-7918.0,-8048.2288,1.6447183632230344,25044,0.7203589714088477,0.005199999999999999,unit_proxy,unit_payoff,ok,
matrix_transformer,supervised,20,fold_4,0,20,0.33,2.0,1.0,-7918.0,-8173.4488,3.2261783278605725,25044,0.7203589714088477,0.010199999999999999,unit_proxy,unit_payoff,ok,
matrix_transformer,supervised,20,fold_4,0,20,0.33,2.0,2.0,-7918.0,-8423.8888,6.3890982571356485,25044,0.7203589714088477,0.0202,unit_proxy,unit_payoff,ok,
matrix_transformer,supervised,20,fold_4,0,20,0.33,5.0,0.0,-7918.0,-7930.522,0.15814599646375266,25044,0.7203589714088477,0.0005000000000000001,unit_proxy,unit_payoff,ok,
matrix_transformer,supervised,20,fold_4,0,20,0.33,5.0,0.5,-7918.0,-8055.742,1.7396059611012906,25044,0.7203589714088477,0.0055000000000000005,unit_proxy,unit_payoff,ok,
matrix_transformer,supervised,20,fold_4,0,20,0.33,5.0,1.0,-7918.0,-8180.9619999999995,3.321065925738817,25044,0.7203589714088477,0.010499999999999997,unit_proxy,unit_payoff,ok,
matrix_transformer,supervised,20,fold_4,0,20,0.33,5.0,2.0,-7918.0,-8431.402,6.483985855013893,25044,0.7203589714088477,0.0205,unit_proxy,unit_payoff,ok,
matrix_transformer,supervised,20,fold_4,0,20,0.33,10.0,0.0,-7918.0,-7943.044,0.3162919929275053,25044,0.7203589714088477,0.0010000000000000002,unit_proxy,unit_payoff,ok,
matrix_transformer,supervised,20,fold_4,0,20,0.33,10.0,0.5,-7918.0,-8068.264,1.8977519575650432,25044,0.7203589714088477,0.006,unit_proxy,unit_payoff,ok,
matrix_transformer,supervised,20,fold_4,0,20,0.33,10.0,1.0,-7918.0,-8193.484,3.4792119222025812,25044,0.7203589714088477,0.011000000000000001,unit_proxy,unit_payoff,ok,
matrix_transformer,supervised,20,fold_4,0,20,0.33,10.0,2.0,-7918.0,-8443.923999999999,6.642131851477634,25044,0.7203589714088477,0.020999999999999994,unit_proxy,unit_payoff,ok,
matrix_transformer,supervised,20,fold_4,1,20,0.33,0.0,0.0,-8328.0,-8328.0,0.0,25548,0.7348558936892366,0.0,unit_proxy,unit_payoff,ok,
matrix_transformer,supervised,20,fold_4,1,20,0.33,0.0,0.5,-8328.0,-8455.74,1.533861671469738,25548,0.7348558936892366,0.005,unit_proxy,unit_payoff,ok,
matrix_transformer,supervised,20,fold_4,1,20,0.33,0.0,1.0,-8328.0,-8583.48,3.067723342939476,25548,0.7348558936892366,0.01,unit_proxy,unit_payoff,ok,
matrix_transformer,supervised,20,fold_4,1,20,0.33,0.0,2.0,-8328.0,-8838.96,6.135446685878952,25548,0.7348558936892366,0.02,unit_proxy,unit_payoff,ok,
matrix_transformer,supervised,20,fold_4,1,20,0.33,1.0,0.0,-8328.0,-8330.5548,0.030677233429393453,25548,0.7348558936892366,0.00010000000000000002,unit_proxy,unit_payoff,ok,
matrix_transformer,supervised,20,fold_4,1,20,0.33,1.0,0.5,-8328.0,-8458.2948,1.5645389048991314,25548,0.7348558936892366,0.0050999999999999995,unit_proxy,unit_payoff,ok,
matrix_transformer,supervised,20,fold_4,1,20,0.33,1.0,1.0,-8328.0,-8586.0348,3.0984005763688693,25548,0.7348558936892366,0.010100000000000001,unit_proxy,unit_payoff,ok,
matrix_transformer,supervised,20,fold_4,1,20,0.33,1.0,2.0,-8328.0,-8841.5148,6.166123919308367,25548,0.7348558936892366,0.0201,unit_proxy,unit_payoff,ok,
matrix_transformer,supervised,20,fold_4,1,20,0.33,2.0,0.0,-8328.0,-8333.1096,0.061354466858786906,25548,0.7348558936892366,0.00020000000000000004,unit_proxy,unit_payoff,ok,
matrix_transformer,supervised,20,fold_4,1,20,0.33,2.0,0.5,-8328.0,-8460.8496,1.595216138328525,25548,0.7348558936892366,0.005199999999999999,unit_proxy,unit_payoff,ok,
matrix_transformer,supervised,20,fold_4,1,20,0.33,2.0,1.0,-8328.0,-8588.5896,3.1290778097982628,25548,0.7348558936892366,0.010199999999999999,unit_proxy,unit_payoff,ok,
matrix_transformer,supervised,20,fold_4,1,20,0.33,2.0,2.0,-8328.0,-8844.0696,6.196801152737761,25548,0.7348558936892366,0.020200000000000003,unit_proxy,unit_payoff,ok,
matrix_transformer,supervised,20,fold_4,1,20,0.33,5.0,0.0,-8328.0,-8340.774,0.15338616714696723,25548,0.7348558936892366,0.0005000000000000003,unit_proxy,unit_payoff,ok,
matrix_transformer,supervised,20,fold_4,1,20,0.33,5.0,0.5,-8328.0,-8468.514,1.6872478386167054,25548,0.7348558936892366,0.0055,unit_proxy,unit_payoff,ok,
matrix_transformer,supervised,20,fold_4,1,20,0.33,5.0,1.0,-8328.0,-8596.254,3.2211095100864653,25548,0.7348558936892366,0.0105,unit_proxy,unit_payoff,ok,
matrix_transformer,supervised,20,fold_4,1,20,0.33,5.0,2.0,-8328.0,-8851.734,6.288832853025942,25548,0.7348558936892366,0.0205,unit_proxy,unit_payoff,ok,
matrix_transformer,supervised,20,fold_4,1,20,0.33,10.0,0.0,-8328.0,-8353.548,0.30677233429395634,25548,0.7348558936892366,0.0010000000000000007,unit_proxy,unit_payoff,ok,
matrix_transformer,supervised,20,fold_4,1,20,0.33,10.0,0.5,-8328.0,-8481.288,1.8406340057636945,25548,0.7348558936892366,0.006,unit_proxy,unit_payoff,ok,
matrix_transformer,supervised,20,fold_4,1,20,0.33,10.0,1.0,-8328.0,-8609.028,3.374495677233432,25548,0.7348558936892366,0.011,unit_proxy,unit_payoff,ok,
matrix_transformer,supervised,20,fold_4,1,20,0.33,10.0,2.0,-8328.0,-8864.508,6.442219020172908,25548,0.7348558936892366,0.021,unit_proxy,unit_payoff,ok,
matrix_transformer,supervised,20,fold_4,2,20,0.33,0.0,0.0,-9234.0,-9234.0,0.0,27218,0.7828913306103664,0.0,unit_proxy,unit_payoff,ok,
matrix_transformer,supervised,20,fold_4,2,20,0.33,0.0,0.5,-9234.0,-9370.09,1.4737925059562502,27218,0.7828913306103664,0.005,unit_proxy,unit_payoff,ok,
matrix_transformer,supervised,20,fold_4,2,20,0.33,0.0,1.0,-9234.0,-9506.18,2.9475850119125004,27218,0.7828913306103664,0.01,unit_proxy,unit_payoff,ok,
matrix_transformer,supervised,20,fold_4,2,20,0.33,0.0,2.0,-9234.0,-9778.36,5.895170023825001,27218,0.7828913306103664,0.02,unit_proxy,unit_payoff,ok,
matrix_transformer,supervised,20,fold_4,2,20,0.33,1.0,0.0,-9234.0,-9236.7218,0.02947585011911791,27218,0.7828913306103664,0.00010000000000000003,unit_proxy,unit_payoff,ok,
matrix_transformer,supervised,20,fold_4,2,20,0.33,1.0,0.5,-9234.0,-9372.8118,1.5032683560753681,27218,0.7828913306103664,0.0050999999999999995,unit_proxy,unit_payoff,ok,
matrix_transformer,supervised,20,fold_4,2,20,0.33,1.0,1.0,-9234.0,-9508.9018,2.9770608620316183,27218,0.7828913306103664,0.0101,unit_proxy,unit_payoff,ok,
matrix_transformer,supervised,20,fold_4,2,20,0.33,1.0,2.0,-9234.0,-9781.0818,5.924645873944119,27218,0.7828913306103664,0.020100000000000003,unit_proxy,unit_payoff,ok,
matrix_transformer,supervised,20,fold_4,2,20,0.33,2.0,0.0,-9234.0,-9239.4436,0.05895170023825552,27218,0.7828913306103664,0.00020000000000000006,unit_proxy,unit_payoff,ok,
matrix_transformer,supervised,20,fold_4,2,20,0.33,2.0,0.5,-9234.0,-9375.5336,1.5327442061945056,27218,0.7828913306103664,0.005199999999999999,unit_proxy,unit_payoff,ok,
matrix_transformer,supervised,20,fold_4,2,20,0.33,2.0,1.0,-9234.0,-9511.6236,3.006536712150756,27218,0.7828913306103664,0.010199999999999999,unit_proxy,unit_payoff,ok,
matrix_transformer,supervised,20,fold_4,2,20,0.33,2.0,2.0,-9234.0,-9783.8036,5.954121724063237,27218,0.7828913306103664,0.0202,unit_proxy,unit_payoff,ok,
matrix_transformer,supervised,20,fold_4,2,20,0.33,5.0,0.0,-9234.0,-9247.609,0.14737925059562898,27218,0.7828913306103664,0.0005000000000000002,unit_proxy,unit_payoff,ok,
matrix_transformer,supervised,20,fold_4,2,20,0.33,5.0,0.5,-9234.0,-9383.699,1.6211717565518793,27218,0.7828913306103664,0.0055000000000000005,unit_proxy,unit_payoff,ok,
matrix_transformer,supervised,20,fold_4,2,20,0.33,5.0,1.0,-9234.0,-9519.789,3.0949642625081295,27218,0.7828913306103664,0.010499999999999999,unit_proxy,unit_payoff,ok,
matrix_transformer,supervised,20,fold_4,2,20,0.33,5.0,2.0,-9234.0,-9791.969000000001,6.0425492744206295,27218,0.7828913306103664,0.0205,unit_proxy,unit_payoff,ok,
matrix_transformer,supervised,20,fold_4,2,20,0.33,10.0,0.0,-9234.0,-9261.218,0.29475850119125796,27218,0.7828913306103664,0.0010000000000000005,unit_proxy,unit_payoff,ok,
matrix_transformer,supervised,20,fold_4,2,20,0.33,10.0,0.5,-9234.0,-9397.308,1.7685510071475081,27218,0.7828913306103664,0.006000000000000001,unit_proxy,unit_payoff,ok,
matrix_transformer,supervised,20,fold_4,2,20,0.33,10.0,1.0,-9234.0,-9533.398,3.242343513103739,27218,0.7828913306103664,0.011000000000000001,unit_proxy,unit_payoff,ok,
matrix_transformer,supervised,20,fold_4,2,20,0.33,10.0,2.0,-9234.0,-9805.578,6.189928525016239,27218,0.7828913306103664,0.020999999999999998,unit_proxy,unit_payoff,ok,
matrix_transformer,supervised,20,fold_5,0,20,0.33,0.0,0.0,-7143.0,-7143.0,0.0,26085,0.6665729691053587,0.0,unit_proxy,unit_payoff,ok,
matrix_transformer,supervised,20,fold_5,0,20,0.33,0.0,0.5,-7143.0,-7273.425,1.825913481730368,26085,0.6665729691053587,0.005,unit_proxy,unit_payoff,ok,
matrix_transformer,supervised,20,fold_5,0,20,0.33,0.0,1.0,-7143.0,-7403.85,3.651826963460736,26085,0.6665729691053587,0.01,unit_proxy,unit_payoff,ok,
matrix_transformer,supervised,20,fold_5,0,20,0.33,0.0,2.0,-7143.0,-7664.7,7.303653926921459,26085,0.6665729691053587,0.02,unit_proxy,unit_payoff,ok,
matrix_transformer,supervised,20,fold_5,0,20,0.33,1.0,0.0,-7143.0,-7145.6085,0.036518269634611175,26085,0.6665729691053587,0.00010000000000000005,unit_proxy,unit_payoff,ok,
matrix_transformer,supervised,20,fold_5,0,20,0.33,1.0,0.5,-7143.0,-7276.0335,1.8624317513649662,26085,0.6665729691053587,0.0051,unit_proxy,unit_payoff,ok,
matrix_transformer,supervised,20,fold_5,0,20,0.33,1.0,1.0,-7143.0,-7406.4585,3.6883452330953346,26085,0.6665729691053587,0.010100000000000001,unit_proxy,unit_payoff,ok,
matrix_transformer,supervised,20,fold_5,0,20,0.33,1.0,2.0,-7143.0,-7667.3085,7.34017219655607,26085,0.6665729691053587,0.020100000000000003,unit_proxy,unit_payoff,ok,
matrix_transformer,supervised,20,fold_5,0,20,0.33,2.0,0.0,-7143.0,-7148.217,0.07303653926920962,26085,0.6665729691053587,0.0002000000000000001,unit_proxy,unit_payoff,ok,
matrix_transformer,supervised,20,fold_5,0,20,0.33,2.0,0.5,-7143.0,-7278.642,1.8989500209995778,26085,0.6665729691053587,0.005199999999999999,unit_proxy,unit_payoff,ok,
matrix_transformer,supervised,20,fold_5,0,20,0.33,2.0,1.0,-7143.0,-7409.067,3.7248635027299457,26085,0.6665729691053587,0.0102,unit_proxy,unit_payoff,ok,
matrix_transformer,supervised,20,fold_5,0,20,0.33,2.0,2.0,-7143.0,-7669.917,7.376690466190682,26085,0.6665729691053587,0.020200000000000003,unit_proxy,unit_payoff,ok,
matrix_transformer,supervised,20,fold_5,0,20,0.33,5.0,0.0,-7143.0,-7156.0425,0.18259134817303044,26085,0.6665729691053587,0.0005000000000000001,unit_proxy,unit_payoff,ok,
matrix_transformer,supervised,20,fold_5,0,20,0.33,5.0,0.5,-7143.0,-7286.4675,2.0085048299033983,26085,0.6665729691053587,0.0055,unit_proxy,unit_payoff,ok,
matrix_transformer,supervised,20,fold_5,0,20,0.33,5.0,1.0,-7143.0,-7416.8925,3.8344183116337667,26085,0.6665729691053587,0.010499999999999999,unit_proxy,unit_payoff,ok,
matrix_transformer,supervised,20,fold_5,0,20,0.33,5.0,2.0,-7143.0,-7677.7425,7.486245275094502,26085,0.6665729691053587,0.020499999999999997,unit_proxy,unit_payoff,ok,
matrix_transformer,supervised,20,fold_5,0,20,0.33,10.0,0.0,-7143.0,-7169.085,0.3651826963460736,26085,0.6665729691053587,0.0010000000000000002,unit_proxy,unit_payoff,ok,
matrix_transformer,supervised,20,fold_5,0,20,0.33,10.0,0.5,-7143.0,-7299.51,2.1910961780764415,26085,0.6665729691053587,0.005999999999999999,unit_proxy,unit_payoff,ok,
matrix_transformer,supervised,20,fold_5,0,20,0.33,10.0,1.0,-7143.0,-7429.935,4.01700965980681,26085,0.6665729691053587,0.011,unit_proxy,unit_payoff,ok,
matrix_transformer,supervised,20,fold_5,0,20,0.33,10.0,2.0,-7143.0,-7690.785,7.668836623267533,26085,0.6665729691053587,0.020999999999999998,unit_proxy,unit_payoff,ok,
matrix_transformer,supervised,20,fold_5,1,20,0.33,0.0,0.0,-8166.0,-8166.0,0.0,22530,0.5757289244371758,0.0,unit_proxy,unit_payoff,ok,
matrix_transformer,supervised,20,fold_5,1,20,0.33,0.0,0.5,-8166.0,-8278.65,1.3795003673769242,22530,0.5757289244371758,0.005,unit_proxy,unit_payoff,ok,
matrix_transformer,supervised,20,fold_5,1,20,0.33,0.0,1.0,-8166.0,-8391.3,2.7590007347538483,22530,0.5757289244371758,0.01,unit_proxy,unit_payoff,ok,
matrix_transformer,supervised,20,fold_5,1,20,0.33,0.0,2.0,-8166.0,-8616.6,5.51800146950772,22530,0.5757289244371758,0.02,unit_proxy,unit_payoff,ok,
matrix_transformer,supervised,20,fold_5,1,20,0.33,1.0,0.0,-8166.0,-8168.253,0.02759000734753492,22530,0.5757289244371758,0.00010000000000000002,unit_proxy,unit_payoff,ok,
matrix_transformer,supervised,20,fold_5,1,20,0.33,1.0,0.5,-8166.0,-8280.903,1.4070903747244703,22530,0.5757289244371758,0.005099999999999999,unit_proxy,unit_payoff,ok,
matrix_transformer,supervised,20,fold_5,1,20,0.33,1.0,1.0,-8166.0,-8393.553,2.7865907421013945,22530,0.5757289244371758,0.0101,unit_proxy,unit_payoff,ok,
matrix_transformer,supervised,20,fold_5,1,20,0.33,1.0,2.0,-8166.0,-8618.853,5.545591476855243,22530,0.5757289244371758,0.0201,unit_proxy,unit_payoff,ok,
matrix_transformer,supervised,20,fold_5,1,20,0.33,2.0,0.0,-8166.0,-8170.506,0.05518001469508098,22530,0.5757289244371758,0.00020000000000000004,unit_proxy,unit_payoff,ok,
matrix_transformer,supervised,20,fold_5,1,20,0.33,2.0,0.5,-8166.0,-8283.156,1.4346803820720164,22530,0.5757289244371758,0.005199999999999998,unit_proxy,unit_payoff,ok,
matrix_transformer,supervised,20,fold_5,1,20,0.33,2.0,1.0,-8166.0,-8395.806,2.8141807494489406,22530,0.5757289244371758,0.010199999999999997,unit_proxy,unit_payoff,ok,
matrix_transformer,supervised,20,fold_5,1,20,0.33,2.0,2.0,-8166.0,-8621.106,5.573181484202789,22530,0.5757289244371758,0.0202,unit_proxy,unit_payoff,ok,
matrix_transformer,supervised,20,fold_5,1,20,0.33,5.0,0.0,-8166.0,-8177.265,0.13795003673769687,22530,0.5757289244371758,0.0005000000000000002,unit_proxy,unit_payoff,ok,
matrix_transformer,supervised,20,fold_5,1,20,0.33,5.0,0.5,-8166.0,-8289.915,1.5174504041146322,22530,0.5757289244371758,0.0055000000000000005,unit_proxy,unit_payoff,ok,
matrix_transformer,supervised,20,fold_5,1,20,0.33,5.0,1.0,-8166.0,-8402.565,2.8969507714915568,22530,0.5757289244371758,0.0105,unit_proxy,unit_payoff,ok,
matrix_transformer,supervised,20,fold_5,1,20,0.33,5.0,2.0,-8166.0,-8627.865,5.6559515062454055,22530,0.5757289244371758,0.0205,unit_proxy,unit_payoff,ok,
matrix_transformer,supervised,20,fold_5,1,20,0.33,10.0,0.0,-8166.0,-8188.53,0.2759000734753826,22530,0.5757289244371758,0.0010000000000000005,unit_proxy,unit_payoff,ok,
matrix_transformer,supervised,20,fold_5,1,20,0.33,10.0,0.5,-8166.0,-8301.18,1.6554004408523182,22530,0.5757289244371758,0.006000000000000002,unit_proxy,unit_payoff,ok,
matrix_transformer,supervised,20,fold_5,1,20,0.33,10.0,1.0,-8166.0,-8413.83,3.034900808229242,22530,0.5757289244371758,0.011000000000000001,unit_proxy,unit_payoff,ok,
matrix_transformer,supervised,20,fold_5,1,20,0.33,10.0,2.0,-8166.0,-8639.13,5.793901542983091,22530,0.5757289244371758,0.021,unit_proxy,unit_payoff,ok,
matrix_transformer,supervised,20,fold_5,2,20,0.33,0.0,0.0,-8025.0,-8025.0,0.0,25879,0.6613088697518719,0.0,unit_proxy,unit_payoff,ok,
matrix_transformer,supervised,20,fold_5,2,20,0.33,0.0,0.5,-8025.0,-8154.395,1.6123987538940863,25879,0.6613088697518719,0.005,unit_proxy,unit_payoff,ok,
matrix_transformer,supervised,20,fold_5,2,20,0.33,0.0,1.0,-8025.0,-8283.79,3.2247975077881725,25879,0.6613088697518719,0.01,unit_proxy,unit_payoff,ok,
matrix_transformer,supervised,20,fold_5,2,20,0.33,0.0,2.0,-8025.0,-8542.58,6.449595015576323,25879,0.6613088697518719,0.02,unit_proxy,unit_payoff,ok,
matrix_transformer,supervised,20,fold_5,2,20,0.33,1.0,0.0,-8025.0,-8027.5879,0.03224797507788717,25879,0.6613088697518719,0.00010000000000000003,unit_proxy,unit_payoff,ok,
matrix_transformer,supervised,20,fold_5,2,20,0.33,1.0,0.5,-8025.0,-8156.9829,1.6446467289719622,25879,0.6613088697518719,0.005099999999999999,unit_proxy,unit_payoff,ok,
matrix_transformer,supervised,20,fold_5,2,20,0.33,1.0,1.0,-8025.0,-8286.3779,3.2570454828660376,25879,0.6613088697518719,0.0101,unit_proxy,unit_payoff,ok,
matrix_transformer,supervised,20,fold_5,2,20,0.33,1.0,2.0,-8025.0,-8545.1679,6.4818429906542105,25879,0.6613088697518719,0.020100000000000007,unit_proxy,unit_payoff,ok,
matrix_transformer,supervised,20,fold_5,2,20,0.33,2.0,0.0,-8025.0,-8030.1758,0.064495950155763,25879,0.6613088697518719,0.00020000000000000006,unit_proxy,unit_payoff,ok,
matrix_transformer,supervised,20,fold_5,2,20,0.33,2.0,0.5,-8025.0,-8159.5707999999995,1.676894704049838,25879,0.6613088697518719,0.005199999999999999,unit_proxy,unit_payoff,ok,
matrix_transformer,supervised,20,fold_5,2,20,0.33,2.0,1.0,-8025.0,-8288.9658,3.2892934579439244,25879,0.6613088697518719,0.010199999999999997,unit_proxy,unit_payoff,ok,
matrix_transformer,supervised,20,fold_5,2,20,0.33,2.0,2.0,-8025.0,-8547.7558,6.514090965732097,25879,0.6613088697518719,0.0202,unit_proxy,unit_payoff,ok,
matrix_transformer,supervised,20,fold_5,2,20,0.33,5.0,0.0,-8025.0,-8037.9395,0.16123987538941317,25879,0.6613088697518719,0.0005000000000000001,unit_proxy,unit_payoff,ok,
matrix_transformer,supervised,20,fold_5,2,20,0.33,5.0,0.5,-8025.0,-8167.3345,1.773638629283488,25879,0.6613088697518719,0.0055000000000000005,unit_proxy,unit_payoff,ok,
matrix_transformer,supervised,20,fold_5,2,20,0.33,5.0,1.0,-8025.0,-8296.7295,3.3860373831775634,25879,0.6613088697518719,0.0105,unit_proxy,unit_payoff,ok,
matrix_transformer,supervised,20,fold_5,2,20,0.33,5.0,2.0,-8025.0,-8555.5195,6.610834890965736,25879,0.6613088697518719,0.0205,unit_proxy,unit_payoff,ok,
matrix_transformer,supervised,20,fold_5,2,20,0.33,10.0,0.0,-8025.0,-8050.879,0.322479750778815,25879,0.6613088697518719,0.0010000000000000002,unit_proxy,unit_payoff,ok,
matrix_transformer,supervised,20,fold_5,2,20,0.33,10.0,0.5,-8025.0,-8180.274,1.9348785046729013,25879,0.6613088697518719,0.006000000000000001,unit_proxy,unit_payoff,ok,
matrix_transformer,supervised,20,fold_5,2,20,0.33,10.0,1.0,-8025.0,-8309.669,3.547277258566976,25879,0.6613088697518719,0.011000000000000001,unit_proxy,unit_payoff,ok,
matrix_transformer,supervised,20,fold_5,2,20,0.33,10.0,2.0,-8025.0,-8568.459,6.772074766355149,25879,0.6613088697518719,0.021,unit_proxy,unit_payoff,ok,
matrix_transformer,supervised,50,fold_1,0,20,0.33,0.0,0.0,-8320.0,-8320.0,0.0,30560,0.7962895408827975,0.0,unit_proxy,unit_payoff,ok,
matrix_transformer,supervised,50,fold_1,0,20,0.33,0.0,0.5,-8320.0,-8472.8,1.8365384615384526,30560,0.7962895408827975,0.004999999999999999,unit_proxy,unit_payoff,ok,
matrix_transformer,supervised,50,fold_1,0,20,0.33,0.0,1.0,-8320.0,-8625.6,3.6730769230769273,30560,0.7962895408827975,0.009999999999999998,unit_proxy,unit_payoff,ok,
matrix_transformer,supervised,50,fold_1,0,20,0.33,0.0,2.0,-8320.0,-8931.2,7.346153846153855,30560,0.7962895408827975,0.019999999999999997,unit_proxy,unit_payoff,ok,
matrix_transformer,supervised,50,fold_1,0,20,0.33,1.0,0.0,-8320.0,-8323.056,0.03673076923077518,30560,0.7962895408827975,0.00010000000000000003,unit_proxy,unit_payoff,ok,
matrix_transformer,supervised,50,fold_1,0,20,0.33,1.0,0.5,-8320.0,-8475.856,1.873269230769228,30560,0.7962895408827975,0.005099999999999999,unit_proxy,unit_payoff,ok,
matrix_transformer,supervised,50,fold_1,0,20,0.33,1.0,1.0,-8320.0,-8628.656,3.7098076923077024,30560,0.7962895408827975,0.0101,unit_proxy,unit_payoff,ok,
matrix_transformer,supervised,50,fold_1,0,20,0.33,1.0,2.0,-8320.0,-8934.256,7.382884615384608,30560,0.7962895408827975,0.020100000000000003,unit_proxy,unit_payoff,ok,
matrix_transformer,supervised,50,fold_1,0,20,0.33,2.0,0.0,-8320.0,-8326.112,0.07346153846152849,30560,0.7962895408827975,0.00020000000000000006,unit_proxy,unit_payoff,ok,
matrix_transformer,supervised,50,fold_1,0,20,0.33,2.0,0.5,-8320.0,-8478.912,1.910000000000003,30560,0.7962895408827975,0.005199999999999998,unit_proxy,unit_payoff,ok,
matrix_transformer,supervised,50,fold_1,0,20,0.33,2.0,1.0,-8320.0,-8631.712,3.746538461538456,30560,0.7962895408827975,0.010199999999999997,unit_proxy,unit_payoff,ok,
matrix_transformer,supervised,50,fold_1,0,20,0.33,2.0,2.0,-8320.0,-8937.312,7.4196153846153825,30560,0.7962895408827975,0.0202,unit_proxy,unit_payoff,ok,
matrix_transformer,supervised,50,fold_1,0,20,0.33,5.0,0.0,-8320.0,-8335.28,0.18365384615385402,30560,0.7962895408827975,0.0005000000000000001,unit_proxy,unit_payoff,ok,
matrix_transformer,supervised,50,fold_1,0,20,0.33,5.0,0.5,-8320.0,-8488.08,2.020192307692307,30560,0.7962895408827975,0.0055,unit_proxy,unit_payoff,ok,
matrix_transformer,supervised,50,fold_1,0,20,0.33,5.0,1.0,-8320.0,-8640.88,3.8567307692307597,30560,0.7962895408827975,0.010499999999999997,unit_proxy,unit_payoff,ok,
matrix_transformer,supervised,50,fold_1,0,20,0.33,5.0,2.0,-8320.0,-8946.48,7.529807692307687,30560,0.7962895408827975,0.0205,unit_proxy,unit_payoff,ok,
matrix_transformer,supervised,50,fold_1,0,20,0.33,10.0,0.0,-8320.0,-8350.56,0.3673076923076862,30560,0.7962895408827975,0.0010000000000000002,unit_proxy,unit_payoff,ok,
matrix_transformer,supervised,50,fold_1,0,20,0.33,10.0,0.5,-8320.0,-8503.36,2.2038461538461607,30560,0.7962895408827975,0.006,unit_proxy,unit_payoff,ok,
matrix_transformer,supervised,50,fold_1,0,20,0.33,10.0,1.0,-8320.0,-8656.16,4.040384615384614,30560,0.7962895408827975,0.011,unit_proxy,unit_payoff,ok,
matrix_transformer,supervised,50,fold_1,0,20,0.33,10.0,2.0,-8320.0,-8961.76,7.713461538461541,30560,0.7962895408827975,0.020999999999999994,unit_proxy,unit_payoff,ok,
matrix_transformer,supervised,50,fold_1,1,20,0.33,0.0,0.0,-7212.0,-7212.0,0.0,36378,0.9478868101516493,0.0,unit_proxy,unit_payoff,ok,
matrix_transformer,supervised,50,fold_1,1,20,0.33,0.0,0.5,-7212.0,-7393.89,2.5220465890183075,36378,0.9478868101516493,0.004999999999999999,unit_proxy,unit_payoff,ok,
matrix_transformer,supervised,50,fold_1,1,20,0.33,0.0,1.0,-7212.0,-7575.78,5.0440931780366025,36378,0.9478868101516493,0.009999999999999998,unit_proxy,unit_payoff,ok,
matrix_transformer,supervised,50,fold_1,1,20,0.33,0.0,2.0,-7212.0,-7939.5599999999995,10.088186356073205,36378,0.9478868101516493,0.019999999999999997,unit_proxy,unit_payoff,ok,
matrix_transformer,supervised,50,fold_1,1,20,0.33,1.0,0.0,-7212.0,-7215.6378,0.05044093178037195,36378,0.9478868101516493,0.00010000000000000002,unit_proxy,unit_payoff,ok,
matrix_transformer,supervised,50,fold_1,1,20,0.33,1.0,0.5,-7212.0,-7397.5278,2.5724875207986666,36378,0.9478868101516493,0.005099999999999999,unit_proxy,unit_payoff,ok,
matrix_transformer,supervised,50,fold_1,1,20,0.33,1.0,1.0,-7212.0,-7579.4178,5.0945341098169745,36378,0.9478868101516493,0.0101,unit_proxy,unit_payoff,ok,
matrix_transformer,supervised,50,fold_1,1,20,0.33,1.0,2.0,-7212.0,-7943.1978,10.138627287853575,36378,0.9478868101516493,0.0201,unit_proxy,unit_payoff,ok,
matrix_transformer,supervised,50,fold_1,1,20,0.33,2.0,0.0,-7212.0,-7219.2756,0.1008818635607313,36378,0.9478868101516493,0.00020000000000000004,unit_proxy,unit_payoff,ok,
matrix_transformer,supervised,50,fold_1,1,20,0.33,2.0,0.5,-7212.0,-7401.1656,2.6229284525790386,36378,0.9478868101516493,0.005199999999999999,unit_proxy,unit_payoff,ok,
matrix_transformer,supervised,50,fold_1,1,20,0.33,2.0,1.0,-7212.0,-7583.0556,5.144975041597333,36378,0.9478868101516493,0.010199999999999997,unit_proxy,unit_payoff,ok,
matrix_transformer,supervised,50,fold_1,1,20,0.33,2.0,2.0,-7212.0,-7946.8356,10.189068219633949,36378,0.9478868101516493,0.0202,unit_proxy,unit_payoff,ok,
matrix_transformer,supervised,50,fold_1,1,20,0.33,5.0,0.0,-7212.0,-7230.189,0.2522046589018345,36378,0.9478868101516493,0.0005000000000000002,unit_proxy,unit_payoff,ok,
matrix_transformer,supervised,50,fold_1,1,20,0.33,5.0,0.5,-7212.0,-7412.079,2.7742512479201293,36378,0.9478868101516493,0.0055000000000000005,unit_proxy,unit_payoff,ok,
matrix_transformer,supervised,50,fold_1,1,20,0.33,5.0,1.0,-7212.0,-7593.969,5.296297836938437,36378,0.9478868101516493,0.0105,unit_proxy,unit_payoff,ok,
matrix_transformer,supervised,50,fold_1,1,20,0.33,5.0,2.0,-7212.0,-7957.749,10.34039101497504,36378,0.9478868101516493,0.0205,unit_proxy,unit_payoff,ok,
matrix_transformer,supervised,50,fold_1,1,20,0.33,10.0,0.0,-7212.0,-7248.378,0.5044093178036564,36378,0.9478868101516493,0.0010000000000000005,unit_proxy,unit_payoff,ok,
matrix_transformer,supervised,50,fold_1,1,20,0.33,10.0,0.5,-7212.0,-7430.268,3.0264559068219636,36378,0.9478868101516493,0.006,unit_proxy,unit_payoff,ok,
matrix_transformer,supervised,50,fold_1,1,20,0.33,10.0,1.0,-7212.0,-7612.158,5.548502495840271,36378,0.9478868101516493,0.011000000000000001,unit_proxy,unit_payoff,ok,
matrix_transformer,supervised,50,fold_1,1,20,0.33,10.0,2.0,-7212.0,-7975.938,10.592595673876874,36378,0.9478868101516493,0.021,unit_proxy,unit_payoff,ok,
matrix_transformer,supervised,50,fold_1,2,20,0.33,0.0,0.0,-6440.0,-6440.0,0.0,36494,0.9509093751628537,0.0,unit_proxy,unit_payoff,ok,
matrix_transformer,supervised,50,fold_1,2,20,0.33,0.0,0.5,-6440.0,-6622.47,2.833385093167706,36494,0.9509093751628537,0.005,unit_proxy,unit_payoff,ok,
matrix_transformer,supervised,50,fold_1,2,20,0.33,0.0,1.0,-6440.0,-6804.94,5.666770186335397,36494,0.9509093751628537,0.01,unit_proxy,unit_payoff,ok,
matrix_transformer,supervised,50,fold_1,2,20,0.33,0.0,2.0,-6440.0,-7169.88,11.333540372670809,36494,0.9509093751628537,0.02,unit_proxy,unit_payoff,ok,
matrix_transformer,supervised,50,fold_1,2,20,0.33,1.0,0.0,-6440.0,-6443.6494,0.05666770186335779,36494,0.9509093751628537,0.00010000000000000005,unit_proxy,unit_payoff,ok,
matrix_transformer,supervised,50,fold_1,2,20,0.33,1.0,0.5,-6440.0,-6626.1194,2.8900527950310497,36494,0.9509093751628537,0.005099999999999999,unit_proxy,unit_payoff,ok,
matrix_transformer,supervised,50,fold_1,2,20,0.33,1.0,1.0,-6440.0,-6808.5894,5.723437888198755,36494,0.9509093751628537,0.0101,unit_proxy,unit_payoff,ok,
matrix_transformer,supervised,50,fold_1,2,20,0.33,1.0,2.0,-6440.0,-7173.5294,11.390208074534167,36494,0.9509093751628537,0.020100000000000003,unit_proxy,unit_payoff,ok,
matrix_transformer,supervised,50,fold_1,2,20,0.33,2.0,0.0,-6440.0,-6447.2988,0.11333540372670146,36494,0.9509093751628537,0.0002000000000000001,unit_proxy,unit_payoff,ok,
matrix_transformer,supervised,50,fold_1,2,20,0.33,2.0,0.5,-6440.0,-6629.7688,2.946720496894407,36494,0.9509093751628537,0.005199999999999998,unit_proxy,unit_payoff,ok,
matrix_transformer,supervised,50,fold_1,2,20,0.33,2.0,1.0,-6440.0,-6812.2388,5.780105590062113,36494,0.9509093751628537,0.010199999999999997,unit_proxy,unit_payoff,ok,
matrix_transformer,supervised,50,fold_1,2,20,0.33,2.0,2.0,-6440.0,-7177.1788,11.44687577639751,36494,0.9509093751628537,0.0202,unit_proxy,unit_payoff,ok,
matrix_transformer,supervised,50,fold_1,2,20,0.33,5.0,0.0,-6440.0,-6458.247,0.2833385093167748,36494,0.9509093751628537,0.0005000000000000002,unit_proxy,unit_payoff,ok,
matrix_transformer,supervised,50,fold_1,2,20,0.33,5.0,0.5,-6440.0,-6640.717,3.1167236024844667,36494,0.9509093751628537,0.0055000000000000005,unit_proxy,unit_payoff,ok,
matrix_transformer,supervised,50,fold_1,2,20,0.33,5.0,1.0,-6440.0,-6823.187,5.9501086956521725,36494,0.9509093751628537,0.0105,unit_proxy,unit_payoff,ok,
matrix_transformer,supervised,50,fold_1,2,20,0.33,5.0,2.0,-6440.0,-7188.127,11.616878881987585,36494,0.9509093751628537,0.020499999999999997,unit_proxy,unit_payoff,ok,
matrix_transformer,supervised,50,fold_1,2,20,0.33,10.0,0.0,-6440.0,-6476.494,0.5666770186335355,36494,0.9509093751628537,0.0010000000000000005,unit_proxy,unit_payoff,ok,
matrix_transformer,supervised,50,fold_1,2,20,0.33,10.0,0.5,-6440.0,-6658.964,3.4000621118012413,36494,0.9509093751628537,0.006000000000000001,unit_proxy,unit_payoff,ok,
matrix_transformer,supervised,50,fold_1,2,20,0.33,10.0,1.0,-6440.0,-6841.434,6.233447204968947,36494,0.9509093751628537,0.011000000000000001,unit_proxy,unit_payoff,ok,
matrix_transformer,supervised,50,fold_1,2,20,0.33,10.0,2.0,-6440.0,-7206.374,11.900217391304345,36494,0.9509093751628537,0.021,unit_proxy,unit_payoff,ok,
matrix_transformer,supervised,50,fold_2,0,20,0.33,0.0,0.0,-3422.0,-3422.0,0.0,19162,0.6719736288399495,0.0,unit_proxy,unit_payoff,ok,
matrix_transformer,supervised,50,fold_2,0,20,0.33,0.0,0.5,-3422.0,-3517.81,2.7998246639392153,19162,0.6719736288399495,0.005,unit_proxy,unit_payoff,ok,
matrix_transformer,supervised,50,fold_2,0,20,0.33,0.0,1.0,-3422.0,-3613.62,5.5996493278784305,19162,0.6719736288399495,0.01,unit_proxy,unit_payoff,ok,
matrix_transformer,supervised,50,fold_2,0,20,0.33,0.0,2.0,-3422.0,-3805.24,11.199298655756861,19162,0.6719736288399495,0.02,unit_proxy,unit_payoff,ok,
matrix_transformer,supervised,50,fold_2,0,20,0.33,1.0,0.0,-3422.0,-3423.9162,0.05599649327878776,19162,0.6719736288399495,0.00010000000000000003,unit_proxy,unit_payoff,ok,
matrix_transformer,supervised,50,fold_2,0,20,0.33,1.0,0.5,-3422.0,-3519.7262,2.855821157218003,19162,0.6719736288399495,0.005099999999999999,unit_proxy,unit_payoff,ok,
matrix_transformer,supervised,50,fold_2,0,20,0.33,1.0,1.0,-3422.0,-3615.5362,5.6556458211572185,19162,0.6719736288399495,0.0101,unit_proxy,unit_payoff,ok,
matrix_transformer,supervised,50,fold_2,0,20,0.33,1.0,2.0,-3422.0,-3807.1562,11.25529514903565,19162,0.6719736288399495,0.0201,unit_proxy,unit_payoff,ok,
matrix_transformer,supervised,50,fold_2,0,20,0.33,2.0,0.0,-3422.0,-3425.8324,0.11199298655756222,19162,0.6719736288399495,0.00020000000000000006,unit_proxy,unit_payoff,ok,
matrix_transformer,supervised,50,fold_2,0,20,0.33,2.0,0.5,-3422.0,-3521.6424,2.9118176504967908,19162,0.6719736288399495,0.005199999999999998,unit_proxy,unit_payoff,ok,
matrix_transformer,supervised,50,fold_2,0,20,0.33,2.0,1.0,-3422.0,-3617.4524,5.711642314436006,19162,0.6719736288399495,0.010199999999999997,unit_proxy,unit_payoff,ok,
matrix_transformer,supervised,50,fold_2,0,20,0.33,2.0,2.0,-3422.0,-3809.0724,11.311291642314437,19162,0.6719736288399495,0.0202,unit_proxy,unit_payoff,ok,
matrix_transformer,supervised,50,fold_2,0,20,0.33,5.0,0.0,-3422.0,-3431.581,0.2799824663939255,19162,0.6719736288399495,0.0005000000000000001,unit_proxy,unit_payoff,ok,
matrix_transformer,supervised,50,fold_2,0,20,0.33,5.0,0.5,-3422.0,-3527.391,3.079807130333141,19162,0.6719736288399495,0.0055000000000000005,unit_proxy,unit_payoff,ok,
matrix_transformer,supervised,50,fold_2,0,20,0.33,5.0,1.0,-3422.0,-3623.201,5.879631794272356,19162,0.6719736288399495,0.010499999999999999,unit_proxy,unit_payoff,ok,
matrix_transformer,supervised,50,fold_2,0,20,0.33,5.0,2.0,-3422.0,-3814.821,11.479281122150786,19162,0.6719736288399495,0.020499999999999997,unit_proxy,unit_payoff,ok,
matrix_transformer,supervised,50,fold_2,0,20,0.33,10.0,0.0,-3422.0,-3441.162,0.5599649327878378,19162,0.6719736288399495,0.0010000000000000002,unit_proxy,unit_payoff,ok,
matrix_transformer,supervised,50,fold_2,0,20,0.33,10.0,0.5,-3422.0,-3536.972,3.359789596727066,19162,0.6719736288399495,0.006,unit_proxy,unit_payoff,ok,
matrix_transformer,supervised,50,fold_2,0,20,0.33,10.0,1.0,-3422.0,-3632.782,6.159614260666282,19162,0.6719736288399495,0.011000000000000001,unit_proxy,unit_payoff,ok,
matrix_transformer,supervised,50,fold_2,0,20,0.33,10.0,2.0,-3422.0,-3824.402,11.759263588544712,19162,0.6719736288399495,0.020999999999999998,unit_proxy,unit_payoff,ok,
matrix_transformer,supervised,50,fold_2,1,20,0.33,0.0,0.0,-5246.0,-5246.0,0.0,24646,0.8642867162294852,0.0,unit_proxy,unit_payoff,ok,
matrix_transformer,supervised,50,fold_2,1,20,0.33,0.0,0.5,-5246.0,-5369.23,2.3490278307281653,24646,0.8642867162294852,0.005000000000000001,unit_proxy,unit_payoff,ok,
matrix_transformer,supervised,50,fold_2,1,20,0.33,0.0,1.0,-5246.0,-5492.46,4.6980556614563485,24646,0.8642867162294852,0.010000000000000002,unit_proxy,unit_payoff,ok,
matrix_transformer,supervised,50,fold_2,1,20,0.33,0.0,2.0,-5246.0,-5738.92,9.396111322912697,24646,0.8642867162294852,0.020000000000000004,unit_proxy,unit_payoff,ok,
matrix_transformer,supervised,50,fold_2,1,20,0.33,1.0,0.0,-5246.0,-5248.4646,0.04698055661456817,24646,0.8642867162294852,0.00010000000000000002,unit_proxy,unit_payoff,ok,
matrix_transformer,supervised,50,fold_2,1,20,0.33,1.0,0.5,-5246.0,-5371.6946,2.3960083873427336,24646,0.8642867162294852,0.005099999999999999,unit_proxy,unit_payoff,ok,
matrix_transformer,supervised,50,fold_2,1,20,0.33,1.0,1.0,-5246.0,-5494.9246,4.745036218070917,24646,0.8642867162294852,0.0101,unit_proxy,unit_payoff,ok,
matrix_transformer,supervised,50,fold_2,1,20,0.33,1.0,2.0,-5246.0,-5741.3846,9.443091879527266,24646,0.8642867162294852,0.020100000000000003,unit_proxy,unit_payoff,ok,
matrix_transformer,supervised,50,fold_2,1,20,0.33,2.0,0.0,-5246.0,-5250.9292,0.093961113229119,24646,0.8642867162294852,0.00020000000000000004,unit_proxy,unit_payoff,ok,
matrix_transformer,supervised,50,fold_2,1,20,0.33,2.0,0.5,-5246.0,-5374.1592,2.442988943957302,24646,0.8642867162294852,0.005199999999999998,unit_proxy,unit_payoff,ok,
matrix_transformer,supervised,50,fold_2,1,20,0.33,2.0,1.0,-5246.0,-5497.3892,4.792016774685467,24646,0.8642867162294852,0.010199999999999997,unit_proxy,unit_payoff,ok,
matrix_transformer,supervised,50,fold_2,1,20,0.33,2.0,2.0,-5246.0,-5743.8492,9.490072436141816,24646,0.8642867162294852,0.0202,unit_proxy,unit_payoff,ok,
matrix_transformer,supervised,50,fold_2,1,20,0.33,5.0,0.0,-5246.0,-5258.323,0.2349027830728235,24646,0.8642867162294852,0.0005000000000000002,unit_proxy,unit_payoff,ok,
matrix_transformer,supervised,50,fold_2,1,20,0.33,5.0,0.5,-5246.0,-5381.553,2.583930613800989,24646,0.8642867162294852,0.0055,unit_proxy,unit_payoff,ok,
matrix_transformer,supervised,50,fold_2,1,20,0.33,5.0,1.0,-5246.0,-5504.783,4.932958444529172,24646,0.8642867162294852,0.0105,unit_proxy,unit_payoff,ok,
matrix_transformer,supervised,50,fold_2,1,20,0.33,5.0,2.0,-5246.0,-5751.243,9.631014105985521,24646,0.8642867162294852,0.0205,unit_proxy,unit_payoff,ok,
matrix_transformer,supervised,50,fold_2,1,20,0.33,10.0,0.0,-5246.0,-5270.646,0.4698055661456296,24646,0.8642867162294852,0.0010000000000000005,unit_proxy,unit_payoff,ok,
matrix_transformer,supervised,50,fold_2,1,20,0.33,10.0,0.5,-5246.0,-5393.876,2.818833396873812,24646,0.8642867162294852,0.006,unit_proxy,unit_payoff,ok,
matrix_transformer,supervised,50,fold_2,1,20,0.33,10.0,1.0,-5246.0,-5517.106,5.167861227601978,24646,0.8642867162294852,0.011,unit_proxy,unit_payoff,ok,
matrix_transformer,supervised,50,fold_2,1,20,0.33,10.0,2.0,-5246.0,-5763.566,9.865916889058326,24646,0.8642867162294852,0.021,unit_proxy,unit_payoff,ok,
matrix_transformer,supervised,50,fold_2,2,20,0.33,0.0,0.0,-8512.0,-8512.0,0.0,27090,0.9499929863936036,0.0,unit_proxy,unit_payoff,ok,
matrix_transformer,supervised,50,fold_2,2,20,0.33,0.0,0.5,-8512.0,-8647.45,1.5912828947368507,27090,0.9499929863936036,0.004999999999999999,unit_proxy,unit_payoff,ok,
matrix_transformer,supervised,50,fold_2,2,20,0.33,0.0,1.0,-8512.0,-8782.9,3.18256578947368,27090,0.9499929863936036,0.009999999999999998,unit_proxy,unit_payoff,ok,
matrix_transformer,supervised,50,fold_2,2,20,0.33,0.0,2.0,-8512.0,-9053.8,6.36513157894736,27090,0.9499929863936036,0.019999999999999997,unit_proxy,unit_payoff,ok,
matrix_transformer,supervised,50,fold_2,2,20,0.33,1.0,0.0,-8512.0,-8514.709,0.03182565789474556,27090,0.9499929863936036,0.00010000000000000002,unit_proxy,unit_payoff,ok,
matrix_transformer,supervised,50,fold_2,2,20,0.33,1.0,0.5,-8512.0,-8650.159,1.6231085526315747,27090,0.9499929863936036,0.0050999999999999995,unit_proxy,unit_payoff,ok,
matrix_transformer,supervised,50,fold_2,2,20,0.33,1.0,1.0,-8512.0,-8785.609,3.2143914473684254,27090,0.9499929863936036,0.010100000000000001,unit_proxy,unit_payoff,ok,
matrix_transformer,supervised,50,fold_2,2,20,0.33,1.0,2.0,-8512.0,-9056.509,6.396957236842106,27090,0.9499929863936036,0.0201,unit_proxy,unit_payoff,ok,
matrix_transformer,supervised,50,fold_2,2,20,0.33,2.0,0.0,-8512.0,-8517.418,0.06365131578946975,27090,0.9499929863936036,0.00020000000000000004,unit_proxy,unit_payoff,ok,
matrix_transformer,supervised,50,fold_2,2,20,0.33,2.0,0.5,-8512.0,-8652.868,1.6549342105263203,27090,0.9499929863936036,0.005199999999999998,unit_proxy,unit_payoff,ok,
matrix_transformer,supervised,50,fold_2,2,20,0.33,2.0,1.0,-8512.0,-8788.318,3.2462171052631494,27090,0.9499929863936036,0.010199999999999999,unit_proxy,unit_payoff,ok,
matrix_transformer,supervised,50,fold_2,2,20,0.33,2.0,2.0,-8512.0,-9059.218,6.428782894736851,27090,0.9499929863936036,0.020200000000000003,unit_proxy,unit_payoff,ok,
matrix_transformer,supervised,50,fold_2,2,20,0.33,5.0,0.0,-8512.0,-8525.545,0.15912828947368507,27090,0.9499929863936036,0.0005000000000000002,unit_proxy,unit_payoff,ok,
matrix_transformer,supervised,50,fold_2,2,20,0.33,5.0,0.5,-8512.0,-8660.995,1.7504111842105357,27090,0.9499929863936036,0.0055000000000000005,unit_proxy,unit_payoff,ok,
matrix_transformer,supervised,50,fold_2,2,20,0.33,5.0,1.0,-8512.0,-8796.445,3.341694078947365,27090,0.9499929863936036,0.010499999999999999,unit_proxy,unit_payoff,ok,
matrix_transformer,supervised,50,fold_2,2,20,0.33,5.0,2.0,-8512.0,-9067.345,6.524259868421045,27090,0.9499929863936036,0.0205,unit_proxy,unit_payoff,ok,
matrix_transformer,supervised,50,fold_2,2,20,0.33,10.0,0.0,-8512.0,-8539.09,0.31825657894737014,27090,0.9499929863936036,0.0010000000000000005,unit_proxy,unit_payoff,ok,
matrix_transformer,supervised,50,fold_2,2,20,0.33,10.0,0.5,-8512.0,-8674.54,1.9095394736842206,27090,0.9499929863936036,0.006000000000000001,unit_proxy,unit_payoff,ok,
matrix_transformer,supervised,50,fold_2,2,20,0.33,10.0,1.0,-8512.0,-8809.99,3.50082236842105,27090,0.9499929863936036,0.011000000000000001,unit_proxy,unit_payoff,ok,
matrix_transformer,supervised,50,fold_2,2,20,0.33,10.0,2.0,-8512.0,-9080.89,6.68338815789473,27090,0.9499929863936036,0.020999999999999998,unit_proxy,unit_payoff,ok,
matrix_transformer,supervised,50,fold_3,0,20,0.33,0.0,0.0,-4566.0,-4566.0,0.0,28918,0.7814830829099557,0.0,unit_proxy,unit_payoff,ok,
matrix_transformer,supervised,50,fold_3,0,20,0.33,0.0,0.5,-4566.0,-4710.59,3.1666666666666696,28918,0.7814830829099557,0.004999999999999999,unit_proxy,unit_payoff,ok,
matrix_transformer,supervised,50,fold_3,0,20,0.33,0.0,1.0,-4566.0,-4855.18,6.333333333333339,28918,0.7814830829099557,0.009999999999999998,unit_proxy,unit_payoff,ok,
matrix_transformer,supervised,50,fold_3,0,20,0.33,0.0,2.0,-4566.0,-5144.36,12.666666666666659,28918,0.7814830829099557,0.019999999999999997,unit_proxy,unit_payoff,ok,
matrix_transformer,supervised,50,fold_3,0,20,0.33,1.0,0.0,-4566.0,-4568.8918,0.06333333333334057,28918,0.7814830829099557,0.00010000000000000003,unit_proxy,unit_payoff,ok,
matrix_transformer,supervised,50,fold_3,0,20,0.33,1.0,0.5,-4566.0,-4713.4818,3.2299999999999907,28918,0.7814830829099557,0.0050999999999999995,unit_proxy,unit_payoff,ok,
matrix_transformer,supervised,50,fold_3,0,20,0.33,1.0,1.0,-4566.0,-4858.0718,6.39666666666666,28918,0.7814830829099557,0.0101,unit_proxy,unit_payoff,ok,
matrix_transformer,supervised,50,fold_3,0,20,0.33,1.0,2.0,-4566.0,-5147.2518,12.73,28918,0.7814830829099557,0.0201,unit_proxy,unit_payoff,ok,
matrix_transformer,supervised,50,fold_3,0,20,0.33,2.0,0.0,-4566.0,-4571.7836,0.1266666666666612,28918,0.7814830829099557,0.00020000000000000006,unit_proxy,unit_payoff,ok,
matrix_transformer,supervised,50,fold_3,0,20,0.33,2.0,0.5,-4566.0,-4716.3736,3.293333333333331,28918,0.7814830829099557,0.005199999999999998,unit_proxy,unit_payoff,ok,
matrix_transformer,supervised,50,fold_3,0,20,0.33,2.0,1.0,-4566.0,-4860.9636,6.460000000000001,28918,0.7814830829099557,0.010199999999999999,unit_proxy,unit_payoff,ok,
matrix_transformer,supervised,50,fold_3,0,20,0.33,2.0,2.0,-4566.0,-5150.1436,12.79333333333334,28918,0.7814830829099557,0.0202,unit_proxy,unit_payoff,ok,
matrix_transformer,supervised,50,fold_3,0,20,0.33,5.0,0.0,-4566.0,-4580.459,0.316666666666663,28918,0.7814830829099557,0.0005000000000000001,unit_proxy,unit_payoff,ok,
matrix_transformer,supervised,50,fold_3,0,20,0.33,5.0,0.5,-4566.0,-4725.049,3.4833333333333325,28918,0.7814830829099557,0.0055000000000000005,unit_proxy,unit_payoff,ok,
matrix_transformer,supervised,50,fold_3,0,20,0.33,5.0,1.0,-4566.0,-4869.639,6.650000000000003,28918,0.7814830829099557,0.0105,unit_proxy,unit_payoff,ok,
matrix_transformer,supervised,50,fold_3,0,20,0.33,5.0,2.0,-4566.0,-5158.819,12.983333333333341,28918,0.7814830829099557,0.0205,unit_proxy,unit_payoff,ok,
matrix_transformer,supervised,50,fold_3,0,20,0.33,10.0,0.0,-4566.0,-4594.918,0.633333333333326,28918,0.7814830829099557,0.0010000000000000002,unit_proxy,unit_payoff,ok,
matrix_transformer,supervised,50,fold_3,0,20,0.33,10.0,0.5,-4566.0,-4739.508,3.799999999999996,28918,0.7814830829099557,0.006000000000000001,unit_proxy,unit_payoff,ok,
matrix_transformer,supervised,50,fold_3,0,20,0.33,10.0,1.0,-4566.0,-4884.098,6.966666666666665,28918,0.7814830829099557,0.011000000000000001,unit_proxy,unit_payoff,ok,
matrix_transformer,supervised,50,fold_3,0,20,0.33,10.0,2.0,-4566.0,-5173.278,13.300000000000006,28918,0.7814830829099557,0.021,unit_proxy,unit_payoff,ok,
matrix_transformer,supervised,50,fold_3,1,20,0.33,0.0,0.0,-4896.0,-4896.0,0.0,30798,0.8322884012539185,0.0,unit_proxy,unit_payoff,ok,
matrix_transformer,supervised,50,fold_3,1,20,0.33,0.0,0.5,-4896.0,-5049.99,3.1452205882352895,30798,0.8322884012539185,0.005,unit_proxy,unit_payoff,ok,
matrix_transformer,supervised,50,fold_3,1,20,0.33,0.0,1.0,-4896.0,-5203.98,6.290441176470579,30798,0.8322884012539185,0.01,unit_proxy,unit_payoff,ok,
matrix_transformer,supervised,50,fold_3,1,20,0.33,0.0,2.0,-4896.0,-5511.96,12.580882352941178,30798,0.8322884012539185,0.02,unit_proxy,unit_payoff,ok,
matrix_transformer,supervised,50,fold_3,1,20,0.33,1.0,0.0,-4896.0,-4899.0798,0.0629044117647147,30798,0.8322884012539185,0.00010000000000000002,unit_proxy,unit_payoff,ok,
matrix_transformer,supervised,50,fold_3,1,20,0.33,1.0,0.5,-4896.0,-5053.0698,3.208125000000004,30798,0.8322884012539185,0.005099999999999999,unit_proxy,unit_payoff,ok,
matrix_transformer,supervised,50,fold_3,1,20,0.33,1.0,1.0,-4896.0,-5207.0598,6.353345588235294,30798,0.8322884012539185,0.010099999999999998,unit_proxy,unit_payoff,ok,
matrix_transformer,supervised,50,fold_3,1,20,0.33,1.0,2.0,-4896.0,-5515.0398000000005,12.643786764705892,30798,0.8322884012539185,0.0201,unit_proxy,unit_payoff,ok,
matrix_transformer,supervised,50,fold_3,1,20,0.33,2.0,0.0,-4896.0,-4902.1596,0.12580882352941086,30798,0.8322884012539185,0.00020000000000000004,unit_proxy,unit_payoff,ok,
matrix_transformer,supervised,50,fold_3,1,20,0.33,2.0,0.5,-4896.0,-5056.1496,3.2710294117647005,30798,0.8322884012539185,0.005199999999999998,unit_proxy,unit_payoff,ok,
matrix_transformer,supervised,50,fold_3,1,20,0.33,2.0,1.0,-4896.0,-5210.1395999999995,6.41624999999999,30798,0.8322884012539185,0.010199999999999997,unit_proxy,unit_payoff,ok,
matrix_transformer,supervised,50,fold_3,1,20,0.33,2.0,2.0,-4896.0,-5518.1196,12.706691176470589,30798,0.8322884012539185,0.020199999999999996,unit_proxy,unit_payoff,ok,
matrix_transformer,supervised,50,fold_3,1,20,0.33,5.0,0.0,-4896.0,-4911.399,0.3145220588235364,30798,0.8322884012539185,0.0005000000000000002,unit_proxy,unit_payoff,ok,
matrix_transformer,supervised,50,fold_3,1,20,0.33,5.0,0.5,-4896.0,-5065.389,3.4597426470588264,30798,0.8322884012539185,0.0055000000000000005,unit_proxy,unit_payoff,ok,
matrix_transformer,supervised,50,fold_3,1,20,0.33,5.0,1.0,-4896.0,-5219.379,6.604963235294116,30798,0.8322884012539185,0.0105,unit_proxy,unit_payoff,ok,
matrix_transformer,supervised,50,fold_3,1,20,0.33,5.0,2.0,-4896.0,-5527.359,12.895404411764714,30798,0.8322884012539185,0.0205,unit_proxy,unit_payoff,ok,
matrix_transformer,supervised,50,fold_3,1,20,0.33,10.0,0.0,-4896.0,-4926.798,0.6290441176470543,30798,0.8322884012539185,0.0010000000000000005,unit_proxy,unit_payoff,ok,
matrix_transformer,supervised,50,fold_3,1,20,0.33,10.0,0.5,-4896.0,-5080.7880000000005,3.7742647058823624,30798,0.8322884012539185,0.006000000000000001,unit_proxy,unit_payoff,ok,
matrix_transformer,supervised,50,fold_3,1,20,0.33,10.0,1.0,-4896.0,-5234.778,6.919485294117653,30798,0.8322884012539185,0.011000000000000001,unit_proxy,unit_payoff,ok,
matrix_transformer,supervised,50,fold_3,1,20,0.33,10.0,2.0,-4896.0,-5542.758,13.209926470588233,30798,0.8322884012539185,0.021,unit_proxy,unit_payoff,ok,
matrix_transformer,supervised,50,fold_3,2,20,0.33,0.0,0.0,-5049.0,-5049.0,0.0,30247,0.817398119122257,0.0,unit_proxy,unit_payoff,ok,
matrix_transformer,supervised,50,fold_3,2,20,0.33,0.0,0.5,-5049.0,-5200.235,2.9953456129926654,30247,0.817398119122257,0.005,unit_proxy,unit_payoff,ok,
matrix_transformer,supervised,50,fold_3,2,20,0.33,0.0,1.0,-5049.0,-5351.47,5.990691225985349,30247,0.817398119122257,0.01,unit_proxy,unit_payoff,ok,
matrix_transformer,supervised,50,fold_3,2,20,0.33,0.0,2.0,-5049.0,-5653.9400000000005,11.981382451970697,30247,0.817398119122257,0.02,unit_proxy,unit_payoff,ok,
matrix_transformer,supervised,50,fold_3,2,20,0.33,1.0,0.0,-5049.0,-5052.0247,0.05990691225985223,30247,0.817398119122257,0.00010000000000000003,unit_proxy,unit_payoff,ok,
matrix_transformer,supervised,50,fold_3,2,20,0.33,1.0,0.5,-5049.0,-5203.2597,3.0552525252525173,30247,0.817398119122257,0.005099999999999999,unit_proxy,unit_payoff,ok,
matrix_transformer,supervised,50,fold_3,2,20,0.33,1.0,1.0,-5049.0,-5354.4947,6.050598138245201,30247,0.817398119122257,0.0101,unit_proxy,unit_payoff,ok,
matrix_transformer,supervised,50,fold_3,2,20,0.33,1.0,2.0,-5049.0,-5656.9647,12.041289364230549,30247,0.817398119122257,0.0201,unit_proxy,unit_payoff,ok,
matrix_transformer,supervised,50,fold_3,2,20,0.33,2.0,0.0,-5049.0,-5055.0494,0.11981382451970446,30247,0.817398119122257,0.00020000000000000006,unit_proxy,unit_payoff,ok,
matrix_transformer,supervised,50,fold_3,2,20,0.33,2.0,0.5,-5049.0,-5206.2844,3.1151594375123697,30247,0.817398119122257,0.005199999999999998,unit_proxy,unit_payoff,ok,
matrix_transformer,supervised,50,fold_3,2,20,0.33,2.0,1.0,-5049.0,-5357.5194,6.110505050505053,30247,0.817398119122257,0.010199999999999997,unit_proxy,unit_payoff,ok,
matrix_transformer,supervised,50,fold_3,2,20,0.33,2.0,2.0,-5049.0,-5659.9894,12.101196276490402,30247,0.817398119122257,0.0202,unit_proxy,unit_payoff,ok,
matrix_transformer,supervised,50,fold_3,2,20,0.33,5.0,0.0,-5049.0,-5064.1235,0.29953456129926115,30247,0.817398119122257,0.0005000000000000002,unit_proxy,unit_payoff,ok,
matrix_transformer,supervised,50,fold_3,2,20,0.33,5.0,0.5,-5049.0,-5215.3585,3.294880174291945,30247,0.817398119122257,0.0055000000000000005,unit_proxy,unit_payoff,ok,
matrix_transformer,supervised,50,fold_3,2,20,0.33,5.0,1.0,-5049.0,-5366.5935,6.29022578728461,30247,0.817398119122257,0.0105,unit_proxy,unit_payoff,ok,
matrix_transformer,supervised,50,fold_3,2,20,0.33,5.0,2.0,-5049.0,-5669.0635,12.280917013269958,30247,0.817398119122257,0.020500000000000004,unit_proxy,unit_payoff,ok,
matrix_transformer,supervised,50,fold_3,2,20,0.33,10.0,0.0,-5049.0,-5079.247,0.5990691225985403,30247,0.817398119122257,0.0010000000000000005,unit_proxy,unit_payoff,ok,
matrix_transformer,supervised,50,fold_3,2,20,0.33,10.0,0.5,-5049.0,-5230.482,3.594414735591206,30247,0.817398119122257,0.006,unit_proxy,unit_payoff,ok,
matrix_transformer,supervised,50,fold_3,2,20,0.33,10.0,1.0,-5049.0,-5381.717,6.589760348583871,30247,0.817398119122257,0.011000000000000001,unit_proxy,unit_payoff,ok,
matrix_transformer,supervised,50,fold_3,2,20,0.33,10.0,2.0,-5049.0,-5684.187,12.58045157456922,30247,0.817398119122257,0.021,unit_proxy,unit_payoff,ok,
matrix_transformer,supervised,50,fold_4,0,20,0.33,0.0,0.0,-2694.0,-2694.0,0.0,32186,0.9257895645170569,0.0,unit_proxy,unit_payoff,ok,
matrix_transformer,supervised,50,fold_4,0,20,0.33,0.0,0.5,-2694.0,-2854.93,5.973645137342236,32186,0.9257895645170569,0.005000000000000001,unit_proxy,unit_payoff,ok,
matrix_transformer,supervised,50,fold_4,0,20,0.33,0.0,1.0,-2694.0,-3015.86,11.94729027468449,32186,0.9257895645170569,0.010000000000000002,unit_proxy,unit_payoff,ok,
matrix_transformer,supervised,50,fold_4,0,20,0.33,0.0,2.0,-2694.0,-3337.7200000000003,23.89458054936898,32186,0.9257895645170569,0.020000000000000004,unit_proxy,unit_payoff,ok,
matrix_transformer,supervised,50,fold_4,0,20,0.33,1.0,0.0,-2694.0,-2697.2186,0.11947290274685045,32186,0.9257895645170569,0.00010000000000000002,unit_proxy,unit_payoff,ok,
matrix_transformer,supervised,50,fold_4,0,20,0.33,1.0,0.5,-2694.0,-2858.1486,6.093118040089086,32186,0.9257895645170569,0.0050999999999999995,unit_proxy,unit_payoff,ok,
matrix_transformer,supervised,50,fold_4,0,20,0.33,1.0,1.0,-2694.0,-3019.0786,12.066763177431323,32186,0.9257895645170569,0.0101,unit_proxy,unit_payoff,ok,
matrix_transformer,supervised,50,fold_4,0,20,0.33,1.0,2.0,-2694.0,-3340.9386,24.01405345211581,32186,0.9257895645170569,0.020100000000000003,unit_proxy,unit_payoff,ok,
matrix_transformer,supervised,50,fold_4,0,20,0.33,2.0,0.0,-2694.0,-2700.4372,0.23894580549368405,32186,0.9257895645170569,0.00020000000000000004,unit_proxy,unit_payoff,ok,
matrix_transformer,supervised,50,fold_4,0,20,0.33,2.0,0.5,-2694.0,-2861.3672,6.212590942835937,32186,0.9257895645170569,0.005199999999999999,unit_proxy,unit_payoff,ok,
matrix_transformer,supervised,50,fold_4,0,20,0.33,2.0,1.0,-2694.0,-3022.2972,12.186236080178173,32186,0.9257895645170569,0.010199999999999999,unit_proxy,unit_payoff,ok,
matrix_transformer,supervised,50,fold_4,0,20,0.33,2.0,2.0,-2694.0,-3344.1572,24.13352635486266,32186,0.9257895645170569,0.0202,unit_proxy,unit_payoff,ok,
matrix_transformer,supervised,50,fold_4,0,20,0.33,5.0,0.0,-2694.0,-2710.093,0.5973645137342185,32186,0.9257895645170569,0.0005000000000000001,unit_proxy,unit_payoff,ok,
matrix_transformer,supervised,50,fold_4,0,20,0.33,5.0,0.5,-2694.0,-2871.023,6.571009651076472,32186,0.9257895645170569,0.0055000000000000005,unit_proxy,unit_payoff,ok,
matrix_transformer,supervised,50,fold_4,0,20,0.33,5.0,1.0,-2694.0,-3031.953,12.544654788418708,32186,0.9257895645170569,0.0105,unit_proxy,unit_payoff,ok,
matrix_transformer,supervised,50,fold_4,0,20,0.33,5.0,2.0,-2694.0,-3353.813,24.491945063103195,32186,0.9257895645170569,0.020500000000000004,unit_proxy,unit_payoff,ok,
matrix_transformer,supervised,50,fold_4,0,20,0.33,10.0,0.0,-2694.0,-2726.186,1.194729027468454,32186,0.9257895645170569,0.0010000000000000002,unit_proxy,unit_payoff,ok,
matrix_transformer,supervised,50,fold_4,0,20,0.33,10.0,0.5,-2694.0,-2887.116,7.16837416481069,32186,0.9257895645170569,0.006000000000000001,unit_proxy,unit_payoff,ok,
matrix_transformer,supervised,50,fold_4,0,20,0.33,10.0,1.0,-2694.0,-3048.0460000000003,13.142019302152944,32186,0.9257895645170569,0.011000000000000001,unit_proxy,unit_payoff,ok,
matrix_transformer,supervised,50,fold_4,0,20,0.33,10.0,2.0,-2694.0,-3369.906,25.089309576837415,32186,0.9257895645170569,0.021,unit_proxy,unit_payoff,ok,
matrix_transformer,supervised,50,fold_4,1,20,0.33,0.0,0.0,-2095.0,-2095.0,0.0,30533,0.8782431110855433,0.0,unit_proxy,unit_payoff,ok,
matrix_transformer,supervised,50,fold_4,1,20,0.33,0.0,0.5,-2095.0,-2247.665,7.287112171837708,30533,0.8782431110855433,0.004999999999999999,unit_proxy,unit_payoff,ok,
matrix_transformer,supervised,50,fold_4,1,20,0.33,0.0,1.0,-2095.0,-2400.33,14.574224343675416,30533,0.8782431110855433,0.009999999999999998,unit_proxy,unit_payoff,ok,
matrix_transformer,supervised,50,fold_4,1,20,0.33,0.0,2.0,-2095.0,-2705.66,29.148448687350832,30533,0.8782431110855433,0.019999999999999997,unit_proxy,unit_payoff,ok,
matrix_transformer,supervised,50,fold_4,1,20,0.33,1.0,0.0,-2095.0,-2098.0533,0.14574224343675588,30533,0.8782431110855433,0.00010000000000000003,unit_proxy,unit_payoff,ok,
matrix_transformer,supervised,50,fold_4,1,20,0.33,1.0,0.5,-2095.0,-2250.7183,7.4328544152744636,30533,0.8782431110855433,0.0051,unit_proxy,unit_payoff,ok,
matrix_transformer,supervised,50,fold_4,1,20,0.33,1.0,1.0,-2095.0,-2403.3833,14.719966587112172,30533,0.8782431110855433,0.0101,unit_proxy,unit_payoff,ok,
matrix_transformer,supervised,50,fold_4,1,20,0.33,1.0,2.0,-2095.0,-2708.7133000000003,29.294190930787607,30533,0.8782431110855433,0.020100000000000003,unit_proxy,unit_payoff,ok,
matrix_transformer,supervised,50,fold_4,1,20,0.33,2.0,0.0,-2095.0,-2101.1066,0.29148448687351175,30533,0.8782431110855433,0.00020000000000000006,unit_proxy,unit_payoff,ok,
matrix_transformer,supervised,50,fold_4,1,20,0.33,2.0,0.5,-2095.0,-2253.7716,7.578596658711219,30533,0.8782431110855433,0.005199999999999997,unit_proxy,unit_payoff,ok,
matrix_transformer,supervised,50,fold_4,1,20,0.33,2.0,1.0,-2095.0,-2406.4366,14.865708830548927,30533,0.8782431110855433,0.0102,unit_proxy,unit_payoff,ok,
matrix_transformer,supervised,50,fold_4,1,20,0.33,2.0,2.0,-2095.0,-2711.7666,29.439933174224343,30533,0.8782431110855433,0.0202,unit_proxy,unit_payoff,ok,
matrix_transformer,supervised,50,fold_4,1,20,0.33,5.0,0.0,-2095.0,-2110.2665,0.7287112171837794,30533,0.8782431110855433,0.0005000000000000002,unit_proxy,unit_payoff,ok,
matrix_transformer,supervised,50,fold_4,1,20,0.33,5.0,0.5,-2095.0,-2262.9315,8.015823389021486,30533,0.8782431110855433,0.0055,unit_proxy,unit_payoff,ok,
matrix_transformer,supervised,50,fold_4,1,20,0.33,5.0,1.0,-2095.0,-2415.5965,15.302935560859193,30533,0.8782431110855433,0.010499999999999999,unit_proxy,unit_payoff,ok,
matrix_transformer,supervised,50,fold_4,1,20,0.33,5.0,2.0,-2095.0,-2720.9265,29.877159904534604,30533,0.8782431110855433,0.0205,unit_proxy,unit_payoff,ok,
matrix_transformer,supervised,50,fold_4,1,20,0.33,10.0,0.0,-2095.0,-2125.533,1.457422434367537,30533,0.8782431110855433,0.0010000000000000005,unit_proxy,unit_payoff,ok,
matrix_transformer,supervised,50,fold_4,1,20,0.33,10.0,0.5,-2095.0,-2278.198,8.744534606205244,30533,0.8782431110855433,0.006000000000000001,unit_proxy,unit_payoff,ok,
matrix_transformer,supervised,50,fold_4,1,20,0.33,10.0,1.0,-2095.0,-2430.863,16.03164677804295,30533,0.8782431110855433,0.011,unit_proxy,unit_payoff,ok,
matrix_transformer,supervised,50,fold_4,1,20,0.33,10.0,2.0,-2095.0,-2736.193,30.605871121718387,30533,0.8782431110855433,0.020999999999999998,unit_proxy,unit_payoff,ok,
matrix_transformer,supervised,50,fold_4,2,20,0.33,0.0,0.0,-3078.0,-3078.0,0.0,32194,0.9260196743945234,0.0,unit_proxy,unit_payoff,ok,
matrix_transformer,supervised,50,fold_4,2,20,0.33,0.0,0.5,-3078.0,-3238.97,5.229694606887582,32194,0.9260196743945234,0.004999999999999999,unit_proxy,unit_payoff,ok,
matrix_transformer,supervised,50,fold_4,2,20,0.33,0.0,1.0,-3078.0,-3399.94,10.45938921377518,32194,0.9260196743945234,0.009999999999999998,unit_proxy,unit_payoff,ok,
matrix_transformer,supervised,50,fold_4,2,20,0.33,0.0,2.0,-3078.0,-3721.88,20.91877842755036,32194,0.9260196743945234,0.019999999999999997,unit_proxy,unit_payoff,ok,
matrix_transformer,supervised,50,fold_4,2,20,0.33,1.0,0.0,-3078.0,-3081.2194,0.10459389213775018,32194,0.9260196743945234,0.00010000000000000002,unit_proxy,unit_payoff,ok,
matrix_transformer,supervised,50,fold_4,2,20,0.33,1.0,0.5,-3078.0,-3242.1894,5.334288499025348,32194,0.9260196743945234,0.0050999999999999995,unit_proxy,unit_payoff,ok,
matrix_transformer,supervised,50,fold_4,2,20,0.33,1.0,1.0,-3078.0,-3403.1594,10.56398310591293,32194,0.9260196743945234,0.0101,unit_proxy,unit_payoff,ok,
matrix_transformer,supervised,50,fold_4,2,20,0.33,1.0,2.0,-3078.0,-3725.0994,21.02337231968811,32194,0.9260196743945234,0.020100000000000007,unit_proxy,unit_payoff,ok,
matrix_transformer,supervised,50,fold_4,2,20,0.33,2.0,0.0,-3078.0,-3084.4388,0.20918778427550036,32194,0.9260196743945234,0.00020000000000000004,unit_proxy,unit_payoff,ok,
matrix_transformer,supervised,50,fold_4,2,20,0.33,2.0,0.5,-3078.0,-3245.4088,5.438882391163098,32194,0.9260196743945234,0.005199999999999999,unit_proxy,unit_payoff,ok,
matrix_transformer,supervised,50,fold_4,2,20,0.33,2.0,1.0,-3078.0,-3406.3788,10.668576998050682,32194,0.9260196743945234,0.010199999999999999,unit_proxy,unit_payoff,ok,
matrix_transformer,supervised,50,fold_4,2,20,0.33,2.0,2.0,-3078.0,-3728.3188,21.12796621182586,32194,0.9260196743945234,0.0202,unit_proxy,unit_payoff,ok,
matrix_transformer,supervised,50,fold_4,2,20,0.33,5.0,0.0,-3078.0,-3094.097,0.5229694606887656,32194,0.9260196743945234,0.0005000000000000002,unit_proxy,unit_payoff,ok,
matrix_transformer,supervised,50,fold_4,2,20,0.33,5.0,0.5,-3078.0,-3255.067,5.752664067576348,32194,0.9260196743945234,0.0055000000000000005,unit_proxy,unit_payoff,ok,
matrix_transformer,supervised,50,fold_4,2,20,0.33,5.0,1.0,-3078.0,-3416.0370000000003,10.982358674463946,32194,0.9260196743945234,0.0105,unit_proxy,unit_payoff,ok,
matrix_transformer,supervised,50,fold_4,2,20,0.33,5.0,2.0,-3078.0,-3737.977,21.441747888239114,32194,0.9260196743945234,0.0205,unit_proxy,unit_payoff,ok,
matrix_transformer,supervised,50,fold_4,2,20,0.33,10.0,0.0,-3078.0,-3110.194,1.0459389213775165,32194,0.9260196743945234,0.0010000000000000005,unit_proxy,unit_payoff,ok,
matrix_transformer,supervised,50,fold_4,2,20,0.33,10.0,0.5,-3078.0,-3271.164,6.2756335282651134,32194,0.9260196743945234,0.006,unit_proxy,unit_payoff,ok,
matrix_transformer,supervised,50,fold_4,2,20,0.33,10.0,1.0,-3078.0,-3432.134,11.505328135152697,32194,0.9260196743945234,0.011000000000000001,unit_proxy,unit_payoff,ok,
matrix_transformer,supervised,50,fold_4,2,20,0.33,10.0,2.0,-3078.0,-3754.074,21.964717348927877,32194,0.9260196743945234,0.021,unit_proxy,unit_payoff,ok,
matrix_transformer,supervised,50,fold_5,0,20,0.33,0.0,0.0,-3173.0,-3173.0,0.0,32143,0.8213783763064422,0.0,unit_proxy,unit_payoff,ok,
matrix_transformer,supervised,50,fold_5,0,20,0.33,0.0,0.5,-3173.0,-3333.715,5.065080365584625,32143,0.8213783763064422,0.005,unit_proxy,unit_payoff,ok,
matrix_transformer,supervised,50,fold_5,0,20,0.33,0.0,1.0,-3173.0,-3494.43,10.130160731169235,32143,0.8213783763064422,0.01,unit_proxy,unit_payoff,ok,
matrix_transformer,supervised,50,fold_5,0,20,0.33,0.0,2.0,-3173.0,-3815.86,20.260321462338485,32143,0.8213783763064422,0.02,unit_proxy,unit_payoff,ok,
matrix_transformer,supervised,50,fold_5,0,20,0.33,1.0,0.0,-3173.0,-3176.2143,0.10130160731169538,32143,0.8213783763064422,0.00010000000000000003,unit_proxy,unit_payoff,ok,
matrix_transformer,supervised,50,fold_5,0,20,0.33,1.0,0.5,-3173.0,-3336.9293,5.166381972896305,32143,0.8213783763064422,0.0050999999999999995,unit_proxy,unit_payoff,ok,
matrix_transformer,supervised,50,fold_5,0,20,0.33,1.0,1.0,-3173.0,-3497.6443,10.231462338480931,32143,0.8213783763064422,0.0101,unit_proxy,unit_payoff,ok,
matrix_transformer,supervised,50,fold_5,0,20,0.33,1.0,2.0,-3173.0,-3819.0743,20.361623069650182,32143,0.8213783763064422,0.0201,unit_proxy,unit_payoff,ok,
matrix_transformer,supervised,50,fold_5,0,20,0.33,2.0,0.0,-3173.0,-3179.4286,0.20260321462339076,32143,0.8213783763064422,0.00020000000000000006,unit_proxy,unit_payoff,ok,
matrix_transformer,supervised,50,fold_5,0,20,0.33,2.0,0.5,-3173.0,-3340.1436,5.2676835802080015,32143,0.8213783763064422,0.005199999999999998,unit_proxy,unit_payoff,ok,
matrix_transformer,supervised,50,fold_5,0,20,0.33,2.0,1.0,-3173.0,-3500.8586,10.332763945792626,32143,0.8213783763064422,0.010199999999999999,unit_proxy,unit_payoff,ok,
matrix_transformer,supervised,50,fold_5,0,20,0.33,2.0,2.0,-3173.0,-3822.2886,20.462924676961862,32143,0.8213783763064422,0.0202,unit_proxy,unit_payoff,ok,
matrix_transformer,supervised,50,fold_5,0,20,0.33,5.0,0.0,-3173.0,-3189.0715,0.5065080365584624,32143,0.8213783763064422,0.0005000000000000002,unit_proxy,unit_payoff,ok,
matrix_transformer,supervised,50,fold_5,0,20,0.33,5.0,0.5,-3173.0,-3349.7865,5.571588402143087,32143,0.8213783763064422,0.0055000000000000005,unit_proxy,unit_payoff,ok,
matrix_transformer,supervised,50,fold_5,0,20,0.33,5.0,1.0,-3173.0,-3510.5015,10.636668767727697,32143,0.8213783763064422,0.0105,unit_proxy,unit_payoff,ok,
matrix_transformer,supervised,50,fold_5,0,20,0.33,5.0,2.0,-3173.0,-3831.9315,20.766829498896946,32143,0.8213783763064422,0.0205,unit_proxy,unit_payoff,ok,
matrix_transformer,supervised,50,fold_5,0,20,0.33,10.0,0.0,-3173.0,-3205.143,1.0130160731169249,32143,0.8213783763064422,0.0010000000000000005,unit_proxy,unit_payoff,ok,
matrix_transformer,supervised,50,fold_5,0,20,0.33,10.0,0.5,-3173.0,-3365.858,6.078096438701549,32143,0.8213783763064422,0.006,unit_proxy,unit_payoff,ok,
matrix_transformer,supervised,50,fold_5,0,20,0.33,10.0,1.0,-3173.0,-3526.573,11.14317680428616,32143,0.8213783763064422,0.011000000000000001,unit_proxy,unit_payoff,ok,
matrix_transformer,supervised,50,fold_5,0,20,0.33,10.0,2.0,-3173.0,-3848.003,21.27333753545541,32143,0.8213783763064422,0.021,unit_proxy,unit_payoff,ok,
matrix_transformer,supervised,50,fold_5,1,20,0.33,0.0,0.0,-4447.0,-4447.0,0.0,33167,0.8475455497917359,0.0,unit_proxy,unit_payoff,ok,
matrix_transformer,supervised,50,fold_5,1,20,0.33,0.0,0.5,-4447.0,-4612.835,3.7291432426354856,33167,0.8475455497917359,0.005,unit_proxy,unit_payoff,ok,
matrix_transformer,supervised,50,fold_5,1,20,0.33,0.0,1.0,-4447.0,-4778.67,7.458286485270971,33167,0.8475455497917359,0.01,unit_proxy,unit_payoff,ok,
matrix_transformer,supervised,50,fold_5,1,20,0.33,0.0,2.0,-4447.0,-5110.34,14.916572970541942,33167,0.8475455497917359,0.02,unit_proxy,unit_payoff,ok,
matrix_transformer,supervised,50,fold_5,1,20,0.33,1.0,0.0,-4447.0,-4450.3167,0.07458286485271666,33167,0.8475455497917359,0.00010000000000000003,unit_proxy,unit_payoff,ok,
matrix_transformer,supervised,50,fold_5,1,20,0.33,1.0,0.5,-4447.0,-4616.1517,3.803726107488202,33167,0.8475455497917359,0.0051,unit_proxy,unit_payoff,ok,
matrix_transformer,supervised,50,fold_5,1,20,0.33,1.0,1.0,-4447.0,-4781.9867,7.532869350123687,33167,0.8475455497917359,0.010100000000000001,unit_proxy,unit_payoff,ok,
matrix_transformer,supervised,50,fold_5,1,20,0.33,1.0,2.0,-4447.0,-5113.6567,14.991155835394638,33167,0.8475455497917359,0.0201,unit_proxy,unit_payoff,ok,
matrix_transformer,supervised,50,fold_5,1,20,0.33,2.0,0.0,-4447.0,-4453.6334,0.14916572970541286,33167,0.8475455497917359,0.00020000000000000006,unit_proxy,unit_payoff,ok,
matrix_transformer,supervised,50,fold_5,1,20,0.33,2.0,0.5,-4447.0,-4619.4684,3.8783089723408986,33167,0.8475455497917359,0.005199999999999997,unit_proxy,unit_payoff,ok,
matrix_transformer,supervised,50,fold_5,1,20,0.33,2.0,1.0,-4447.0,-4785.3034,7.607452214976383,33167,0.8475455497917359,0.0102,unit_proxy,unit_payoff,ok,
matrix_transformer,supervised,50,fold_5,1,20,0.33,2.0,2.0,-4447.0,-5116.9734,15.065738700247355,33167,0.8475455497917359,0.020200000000000003,unit_proxy,unit_payoff,ok,
matrix_transformer,supervised,50,fold_5,1,20,0.33,5.0,0.0,-4447.0,-4463.5835,0.37291432426354243,33167,0.8475455497917359,0.0005000000000000002,unit_proxy,unit_payoff,ok,
matrix_transformer,supervised,50,fold_5,1,20,0.33,5.0,0.5,-4447.0,-4629.4185,4.102057566899028,33167,0.8475455497917359,0.0055,unit_proxy,unit_payoff,ok,
matrix_transformer,supervised,50,fold_5,1,20,0.33,5.0,1.0,-4447.0,-4795.2535,7.831200809534514,33167,0.8475455497917359,0.010499999999999999,unit_proxy,unit_payoff,ok,
matrix_transformer,supervised,50,fold_5,1,20,0.33,5.0,2.0,-4447.0,-5126.9235,15.289487294805484,33167,0.8475455497917359,0.0205,unit_proxy,unit_payoff,ok,
matrix_transformer,supervised,50,fold_5,1,20,0.33,10.0,0.0,-4447.0,-4480.167,0.7458286485271052,33167,0.8475455497917359,0.0010000000000000005,unit_proxy,unit_payoff,ok,
matrix_transformer,supervised,50,fold_5,1,20,0.33,10.0,0.5,-4447.0,-4646.002,4.474971891162591,33167,0.8475455497917359,0.006000000000000001,unit_proxy,unit_payoff,ok,
matrix_transformer,supervised,50,fold_5,1,20,0.33,10.0,1.0,-4447.0,-4811.8369999999995,8.204115133798055,33167,0.8475455497917359,0.011,unit_proxy,unit_payoff,ok,
matrix_transformer,supervised,50,fold_5,1,20,0.33,10.0,2.0,-4447.0,-5143.507,15.662401619069028,33167,0.8475455497917359,0.020999999999999998,unit_proxy,unit_payoff,ok,
matrix_transformer,supervised,50,fold_5,2,20,0.33,0.0,0.0,-3370.0,-3370.0,0.0,30440,0.7778601180589273,0.0,unit_proxy,unit_payoff,ok,
matrix_transformer,supervised,50,fold_5,2,20,0.33,0.0,0.5,-3370.0,-3522.2,4.516320474777443,30440,0.7778601180589273,0.004999999999999999,unit_proxy,unit_payoff,ok,
matrix_transformer,supervised,50,fold_5,2,20,0.33,0.0,1.0,-3370.0,-3674.4,9.0326409495549,30440,0.7778601180589273,0.009999999999999998,unit_proxy,unit_payoff,ok,
matrix_transformer,supervised,50,fold_5,2,20,0.33,0.0,2.0,-3370.0,-3978.8,18.0652818991098,30440,0.7778601180589273,0.019999999999999997,unit_proxy,unit_payoff,ok,
matrix_transformer,supervised,50,fold_5,2,20,0.33,1.0,0.0,-3370.0,-3373.044,0.09032640949554507,30440,0.7778601180589273,0.00010000000000000005,unit_proxy,unit_payoff,ok,
matrix_transformer,supervised,50,fold_5,2,20,0.33,1.0,0.5,-3370.0,-3525.244,4.606646884273001,30440,0.7778601180589273,0.005099999999999999,unit_proxy,unit_payoff,ok,
matrix_transformer,supervised,50,fold_5,2,20,0.33,1.0,1.0,-3370.0,-3677.444,9.122967359050444,30440,0.7778601180589273,0.010100000000000001,unit_proxy,unit_payoff,ok,
matrix_transformer,supervised,50,fold_5,2,20,0.33,1.0,2.0,-3370.0,-3981.844,18.15560830860534,30440,0.7778601180589273,0.020100000000000003,unit_proxy,unit_payoff,ok,
matrix_transformer,supervised,50,fold_5,2,20,0.33,2.0,0.0,-3370.0,-3376.088,0.18065281899110364,30440,0.7778601180589273,0.0002000000000000001,unit_proxy,unit_payoff,ok,
matrix_transformer,supervised,50,fold_5,2,20,0.33,2.0,0.5,-3370.0,-3528.288,4.696973293768546,30440,0.7778601180589273,0.005199999999999999,unit_proxy,unit_payoff,ok,
matrix_transformer,supervised,50,fold_5,2,20,0.33,2.0,1.0,-3370.0,-3680.488,9.21329376854599,30440,0.7778601180589273,0.010199999999999997,unit_proxy,unit_payoff,ok,
matrix_transformer,supervised,50,fold_5,2,20,0.33,2.0,2.0,-3370.0,-3984.888,18.245934718100887,30440,0.7778601180589273,0.020200000000000003,unit_proxy,unit_payoff,ok,
matrix_transformer,supervised,50,fold_5,2,20,0.33,5.0,0.0,-3370.0,-3385.22,0.45163204747773883,30440,0.7778601180589273,0.0005000000000000001,unit_proxy,unit_payoff,ok,
matrix_transformer,supervised,50,fold_5,2,20,0.33,5.0,0.5,-3370.0,-3537.42,4.967952522255195,30440,0.7778601180589273,0.005499999999999999,unit_proxy,unit_payoff,ok,
matrix_transformer,supervised,50,fold_5,2,20,0.33,5.0,1.0,-3370.0,-3689.62,9.484272997032637,30440,0.7778601180589273,0.0105,unit_proxy,unit_payoff,ok,
matrix_transformer,supervised,50,fold_5,2,20,0.33,5.0,2.0,-3370.0,-3994.02,18.516913946587536,30440,0.7778601180589273,0.0205,unit_proxy,unit_payoff,ok,
matrix_transformer,supervised,50,fold_5,2,20,0.33,10.0,0.0,-3370.0,-3400.44,0.9032640949554912,30440,0.7778601180589273,0.0010000000000000002,unit_proxy,unit_payoff,ok,
matrix_transformer,supervised,50,fold_5,2,20,0.33,10.0,0.5,-3370.0,-3552.64,5.419584569732934,30440,0.7778601180589273,0.006000000000000001,unit_proxy,unit_payoff,ok,
matrix_transformer,supervised,50,fold_5,2,20,0.33,10.0,1.0,-3370.0,-3704.84,9.93590504451039,30440,0.7778601180589273,0.010999999999999998,unit_proxy,unit_payoff,ok,
matrix_transformer,supervised,50,fold_5,2,20,0.33,10.0,2.0,-3370.0,-4009.24,18.968545994065273,30440,0.7778601180589273,0.021,unit_proxy,unit_payoff,ok,
