model_name,source,fold_id,split,confidence_threshold,cost_bps,latency_steps,eligible_predictions,coverage,trade_count_proxy,turnover_proxy,gross_signal_return_proxy,cost_proxy,net_signal_return_proxy,hit_rate_proxy,adverse_selection_proxy,fill_assumption,fill_assumption_proxy,status,skip_reason
majority,classical,fold_1,test,0.0,0.0,0.0,19588.0,1.0,19588.0,19588.0,14.119752929450796,0.0,14.119752929450796,0.5688176434551766,0.0,full_fill_at_mid_no_queue,1.0,ok,
majority,classical,fold_1,test,0.0,0.5,0.0,19588.0,1.0,19588.0,19588.0,14.119752929450796,0.5,13.619752929450796,0.5688176434551766,0.0,full_fill_at_mid_no_queue,1.0,ok,
majority,classical,fold_1,test,0.0,1.0,0.0,19588.0,1.0,19588.0,19588.0,14.119752929450796,1.0,13.119752929450796,0.5688176434551766,0.0,full_fill_at_mid_no_queue,1.0,ok,
majority,classical,fold_1,test,0.0,5.0,0.0,19588.0,1.0,19588.0,19588.0,14.119752929450796,5.0,9.119752929450796,0.5688176434551766,0.0,full_fill_at_mid_no_queue,1.0,ok,
majority,classical,fold_1,test,0.0,0.0,1.0,19587.0,1.0,19587.0,19587.0,14.118318438889924,0.0,14.118318438889924,0.5688977382958085,0.0014344905608716374,full_fill_at_mid_no_queue,1.0,ok,
majority,classical,fold_1,test,0.0,0.5,1.0,19587.0,1.0,19587.0,19587.0,14.118318438889924,0.5,13.618318438889924,0.5688977382958085,0.0014344905608716374,full_fill_at_mid_no_queue,1.0,ok,
majority,classical,fold_1,test,0.0,1.0,1.0,19587.0,1.0,19587.0,19587.0,14.118318438889924,1.0,13.118318438889924,0.5688977382958085,0.0014344905608716374,full_fill_at_mid_no_queue,1.0,ok,
majority,classical,fold_1,test,0.0,5.0,1.0,19587.0,1.0,19587.0,19587.0,14.118318438889924,5.0,9.118318438889924,0.5688977382958085,0.0014344905608716374,full_fill_at_mid_no_queue,1.0,ok,
majority,classical,fold_1,test,0.5,0.0,0.0,19588.0,1.0,19588.0,19588.0,14.119752929450796,0.0,14.119752929450796,0.5688176434551766,0.0,full_fill_at_mid_no_queue,1.0,ok,
majority,classical,fold_1,test,0.5,0.5,0.0,19588.0,1.0,19588.0,19588.0,14.119752929450796,0.5,13.619752929450796,0.5688176434551766,0.0,full_fill_at_mid_no_queue,1.0,ok,
majority,classical,fold_1,test,0.5,1.0,0.0,19588.0,1.0,19588.0,19588.0,14.119752929450796,1.0,13.119752929450796,0.5688176434551766,0.0,full_fill_at_mid_no_queue,1.0,ok,
majority,classical,fold_1,test,0.5,5.0,0.0,19588.0,1.0,19588.0,19588.0,14.119752929450796,5.0,9.119752929450796,0.5688176434551766,0.0,full_fill_at_mid_no_queue,1.0,ok,
majority,classical,fold_1,test,0.5,0.0,1.0,19587.0,1.0,19587.0,19587.0,14.118318438889924,0.0,14.118318438889924,0.5688977382958085,0.0014344905608716374,full_fill_at_mid_no_queue,1.0,ok,
majority,classical,fold_1,test,0.5,0.5,1.0,19587.0,1.0,19587.0,19587.0,14.118318438889924,0.5,13.618318438889924,0.5688977382958085,0.0014344905608716374,full_fill_at_mid_no_queue,1.0,ok,
majority,classical,fold_1,test,0.5,1.0,1.0,19587.0,1.0,19587.0,19587.0,14.118318438889924,1.0,13.118318438889924,0.5688977382958085,0.0014344905608716374,full_fill_at_mid_no_queue,1.0,ok,
majority,classical,fold_1,test,0.5,5.0,1.0,19587.0,1.0,19587.0,19587.0,14.118318438889924,5.0,9.118318438889924,0.5688977382958085,0.0014344905608716374,full_fill_at_mid_no_queue,1.0,ok,
majority,classical,fold_1,test,0.6,0.0,0.0,19588.0,1.0,19588.0,19588.0,14.119752929450796,0.0,14.119752929450796,0.5688176434551766,0.0,full_fill_at_mid_no_queue,1.0,ok,
majority,classical,fold_1,test,0.6,0.5,0.0,19588.0,1.0,19588.0,19588.0,14.119752929450796,0.5,13.619752929450796,0.5688176434551766,0.0,full_fill_at_mid_no_queue,1.0,ok,
majority,classical,fold_1,test,0.6,1.0,0.0,19588.0,1.0,19588.0,19588.0,14.119752929450796,1.0,13.119752929450796,0.5688176434551766,0.0,full_fill_at_mid_no_queue,1.0,ok,
majority,classical,fold_1,test,0.6,5.0,0.0,19588.0,1.0,19588.0,19588.0,14.119752929450796,5.0,9.119752929450796,0.5688176434551766,0.0,full_fill_at_mid_no_queue,1.0,ok,
majority,classical,fold_1,test,0.6,0.0,1.0,19587.0,1.0,19587.0,19587.0,14.118318438889924,0.0,14.118318438889924,0.5688977382958085,0.0014344905608716374,full_fill_at_mid_no_queue,1.0,ok,
majority,classical,fold_1,test,0.6,0.5,1.0,19587.0,1.0,19587.0,19587.0,14.118318438889924,0.5,13.618318438889924,0.5688977382958085,0.0014344905608716374,full_fill_at_mid_no_queue,1.0,ok,
majority,classical,fold_1,test,0.6,1.0,1.0,19587.0,1.0,19587.0,19587.0,14.118318438889924,1.0,13.118318438889924,0.5688977382958085,0.0014344905608716374,full_fill_at_mid_no_queue,1.0,ok,
majority,classical,fold_1,test,0.6,5.0,1.0,19587.0,1.0,19587.0,19587.0,14.118318438889924,5.0,9.118318438889924,0.5688977382958085,0.0014344905608716374,full_fill_at_mid_no_queue,1.0,ok,
majority,classical,fold_1,test,0.7,0.0,0.0,0.0,0.0,0.0,0.0,0.0,0.0,0.0,0.0,0.0,full_fill_at_mid_no_queue,,ok,
majority,classical,fold_1,test,0.7,0.5,0.0,0.0,0.0,0.0,0.0,0.0,0.0,0.0,0.0,0.0,full_fill_at_mid_no_queue,,ok,
majority,classical,fold_1,test,0.7,1.0,0.0,0.0,0.0,0.0,0.0,0.0,0.0,0.0,0.0,0.0,full_fill_at_mid_no_queue,,ok,
majority,classical,fold_1,test,0.7,5.0,0.0,0.0,0.0,0.0,0.0,0.0,0.0,0.0,0.0,0.0,full_fill_at_mid_no_queue,,ok,
majority,classical,fold_1,test,0.7,0.0,1.0,0.0,0.0,0.0,0.0,0.0,0.0,0.0,0.0,0.0,full_fill_at_mid_no_queue,,ok,
majority,classical,fold_1,test,0.7,0.5,1.0,0.0,0.0,0.0,0.0,0.0,0.0,0.0,0.0,0.0,full_fill_at_mid_no_queue,,ok,
majority,classical,fold_1,test,0.7,1.0,1.0,0.0,0.0,0.0,0.0,0.0,0.0,0.0,0.0,0.0,full_fill_at_mid_no_queue,,ok,
majority,classical,fold_1,test,0.7,5.0,1.0,0.0,0.0,0.0,0.0,0.0,0.0,0.0,0.0,0.0,full_fill_at_mid_no_queue,,ok,
logistic,classical,fold_1,test,0.0,0.0,0.0,19588.0,1.0,18132.0,18132.0,15.226320652920824,0.0,15.226320652920824,0.574075964876455,0.0,full_fill_at_mid_no_queue,0.9256687768021238,ok,
logistic,classical,fold_1,test,0.0,0.5,0.0,19588.0,1.0,18132.0,18132.0,15.226320652920824,0.5,14.726320652920824,0.574075964876455,0.0,full_fill_at_mid_no_queue,0.9256687768021238,ok,
logistic,classical,fold_1,test,0.0,1.0,0.0,19588.0,1.0,18132.0,18132.0,15.226320652920824,1.0,14.226320652920824,0.574075964876455,0.0,full_fill_at_mid_no_queue,0.9256687768021238,ok,
logistic,classical,fold_1,test,0.0,5.0,0.0,19588.0,1.0,18132.0,18132.0,15.226320652920824,5.0,10.226320652920824,0.574075964876455,0.0,full_fill_at_mid_no_queue,0.9256687768021238,ok,
logistic,classical,fold_1,test,0.0,0.0,1.0,19587.0,1.0,18131.0,18131.0,14.916864356636165,0.0,14.916864356636165,0.574156328176852,0.30945629628465987,full_fill_at_mid_no_queue,0.9256649818757339,ok,
logistic,classical,fold_1,test,0.0,0.5,1.0,19587.0,1.0,18131.0,18131.0,14.916864356636165,0.5,14.416864356636165,0.574156328176852,0.30945629628465987,full_fill_at_mid_no_queue,0.9256649818757339,ok,
logistic,classical,fold_1,test,0.0,1.0,1.0,19587.0,1.0,18131.0,18131.0,14.916864356636165,1.0,13.916864356636165,0.574156328176852,0.30945629628465987,full_fill_at_mid_no_queue,0.9256649818757339,ok,
logistic,classical,fold_1,test,0.0,5.0,1.0,19587.0,1.0,18131.0,18131.0,14.916864356636165,5.0,9.916864356636165,0.574156328176852,0.30945629628465987,full_fill_at_mid_no_queue,0.9256649818757339,ok,
logistic,classical,fold_1,test,0.5,0.0,0.0,13583.0,0.6934347559730447,13215.0,13215.0,14.358631894600068,0.0,14.358631894600068,0.6453655304424648,0.0,full_fill_at_mid_no_queue,0.9729073106088493,ok,
logistic,classical,fold_1,test,0.5,0.5,0.0,13583.0,0.6934347559730447,13215.0,13215.0,14.358631894600068,0.5,13.858631894600068,0.6453655304424648,0.0,full_fill_at_mid_no_queue,0.9729073106088493,ok,
logistic,classical,fold_1,test,0.5,1.0,0.0,13583.0,0.6934347559730447,13215.0,13215.0,14.358631894600068,1.0,13.358631894600068,0.6453655304424648,0.0,full_fill_at_mid_no_queue,0.9729073106088493,ok,
logistic,classical,fold_1,test,0.5,5.0,0.0,13583.0,0.6934347559730447,13215.0,13215.0,14.358631894600068,5.0,9.358631894600068,0.6453655304424648,0.0,full_fill_at_mid_no_queue,0.9729073106088493,ok,
logistic,classical,fold_1,test,0.5,0.0,1.0,13583.0,0.6934701587787818,13215.0,13215.0,16.30622955444774,0.0,16.30622955444774,0.6454391518810277,-1.9475976598476716,full_fill_at_mid_no_queue,0.9729073106088493,ok,
logistic,classical,fold_1,test,0.5,0.5,1.0,13583.0,0.6934701587787818,13215.0,13215.0,16.30622955444774,0.5,15.80622955444774,0.6454391518810277,-1.9475976598476716,full_fill_at_mid_no_queue,0.9729073106088493,ok,
logistic,classical,fold_1,test,0.5,1.0,1.0,13583.0,0.6934701587787818,13215.0,13215.0,16.30622955444774,1.0,15.30622955444774,0.6454391518810277,-1.9475976598476716,full_fill_at_mid_no_queue,0.9729073106088493,ok,
logistic,classical,fold_1,test,0.5,5.0,1.0,13583.0,0.6934701587787818,13215.0,13215.0,16.30622955444774,5.0,11.30622955444774,0.6454391518810277,-1.9475976598476716,full_fill_at_mid_no_queue,0.9729073106088493,ok,
logistic,classical,fold_1,test,0.6,0.0,0.0,8022.0,0.409536450888299,7849.0,7849.0,24.51382633506251,0.0,24.51382633506251,0.694091249065071,0.0,full_fill_at_mid_no_queue,0.9784343056594366,ok,
logistic,classical,fold_1,test,0.6,0.5,0.0,8022.0,0.409536450888299,7849.0,7849.0,24.51382633506251,0.5,24.01382633506251,0.694091249065071,0.0,full_fill_at_mid_no_queue,0.9784343056594366,ok,
logistic,classical,fold_1,test,0.6,1.0,0.0,8022.0,0.409536450888299,7849.0,7849.0,24.51382633506251,1.0,23.51382633506251,0.694091249065071,0.0,full_fill_at_mid_no_queue,0.9784343056594366,ok,
logistic,classical,fold_1,test,0.6,5.0,0.0,8022.0,0.409536450888299,7849.0,7849.0,24.51382633506251,5.0,19.51382633506251,0.694091249065071,0.0,full_fill_at_mid_no_queue,0.9784343056594366,ok,
logistic,classical,fold_1,test,0.6,0.0,1.0,8022.0,0.40955735947311994,7849.0,7849.0,28.06410731160769,0.0,28.06410731160769,0.694091249065071,-3.550280976545178,full_fill_at_mid_no_queue,0.9784343056594366,ok,
logistic,classical,fold_1,test,0.6,0.5,1.0,8022.0,0.40955735947311994,7849.0,7849.0,28.06410731160769,0.5,27.56410731160769,0.694091249065071,-3.550280976545178,full_fill_at_mid_no_queue,0.9784343056594366,ok,
logistic,classical,fold_1,test,0.6,1.0,1.0,8022.0,0.40955735947311994,7849.0,7849.0,28.06410731160769,1.0,27.06410731160769,0.694091249065071,-3.550280976545178,full_fill_at_mid_no_queue,0.9784343056594366,ok,
logistic,classical,fold_1,test,0.6,5.0,1.0,8022.0,0.40955735947311994,7849.0,7849.0,28.06410731160769,5.0,23.06410731160769,0.694091249065071,-3.550280976545178,full_fill_at_mid_no_queue,0.9784343056594366,ok,
logistic,classical,fold_1,test,0.7,0.0,0.0,3656.0,0.18664488462323872,3564.0,3564.0,54.45143390829343,0.0,54.45143390829343,0.7420678336980306,0.0,full_fill_at_mid_no_queue,0.9748358862144421,ok,
logistic,classical,fold_1,test,0.7,0.5,0.0,3656.0,0.18664488462323872,3564.0,3564.0,54.45143390829343,0.5,53.95143390829343,0.7420678336980306,0.0,full_fill_at_mid_no_queue,0.9748358862144421,ok,
logistic,classical,fold_1,test,0.7,1.0,0.0,3656.0,0.18664488462323872,3564.0,3564.0,54.45143390829343,1.0,53.45143390829343,0.7420678336980306,0.0,full_fill_at_mid_no_queue,0.9748358862144421,ok,
logistic,classical,fold_1,test,0.7,5.0,0.0,3656.0,0.18664488462323872,3564.0,3564.0,54.45143390829343,5.0,49.45143390829343,0.7420678336980306,0.0,full_fill_at_mid_no_queue,0.9748358862144421,ok,
logistic,classical,fold_1,test,0.7,0.0,1.0,3656.0,0.18665441364170113,3564.0,3564.0,54.604109546118906,0.0,54.604109546118906,0.7420678336980306,-0.15267563782547455,full_fill_at_mid_no_queue,0.9748358862144421,ok,
logistic,classical,fold_1,test,0.7,0.5,1.0,3656.0,0.18665441364170113,3564.0,3564.0,54.604109546118906,0.5,54.104109546118906,0.7420678336980306,-0.15267563782547455,full_fill_at_mid_no_queue,0.9748358862144421,ok,
logistic,classical,fold_1,test,0.7,1.0,1.0,3656.0,0.18665441364170113,3564.0,3564.0,54.604109546118906,1.0,53.604109546118906,0.7420678336980306,-0.15267563782547455,full_fill_at_mid_no_queue,0.9748358862144421,ok,
logistic,classical,fold_1,test,0.7,5.0,1.0,3656.0,0.18665441364170113,3564.0,3564.0,54.604109546118906,5.0,49.604109546118906,0.7420678336980306,-0.15267563782547455,full_fill_at_mid_no_queue,0.9748358862144421,ok,
elastic_net,classical,fold_1,test,0.0,0.0,0.0,19588.0,1.0,18136.0,18136.0,15.22179877937845,0.0,15.22179877937845,0.5740249132121708,0.0,full_fill_at_mid_no_queue,0.9258729834592607,ok,
elastic_net,classical,fold_1,test,0.0,0.5,0.0,19588.0,1.0,18136.0,18136.0,15.22179877937845,0.5,14.72179877937845,0.5740249132121708,0.0,full_fill_at_mid_no_queue,0.9258729834592607,ok,
elastic_net,classical,fold_1,test,0.0,1.0,0.0,19588.0,1.0,18136.0,18136.0,15.22179877937845,1.0,14.22179877937845,0.5740249132121708,0.0,full_fill_at_mid_no_queue,0.9258729834592607,ok,
elastic_net,classical,fold_1,test,0.0,5.0,0.0,19588.0,1.0,18136.0,18136.0,15.22179877937845,5.0,10.22179877937845,0.5740249132121708,0.0,full_fill_at_mid_no_queue,0.9258729834592607,ok,
elastic_net,classical,fold_1,test,0.0,0.0,1.0,19587.0,1.0,18135.0,18135.0,14.914625615938546,0.0,14.914625615938546,0.5741052739061623,0.307173163439904,full_fill_at_mid_no_queue,0.9258691989584928,ok,
elastic_net,classical,fold_1,test,0.0,0.5,1.0,19587.0,1.0,18135.0,18135.0,14.914625615938546,0.5,14.414625615938546,0.5741052739061623,0.307173163439904,full_fill_at_mid_no_queue,0.9258691989584928,ok,
elastic_net,classical,fold_1,test,0.0,1.0,1.0,19587.0,1.0,18135.0,18135.0,14.914625615938546,1.0,13.914625615938546,0.5741052739061623,0.307173163439904,full_fill_at_mid_no_queue,0.9258691989584928,ok,
elastic_net,classical,fold_1,test,0.0,5.0,1.0,19587.0,1.0,18135.0,18135.0,14.914625615938546,5.0,9.914625615938546,0.5741052739061623,0.307173163439904,full_fill_at_mid_no_queue,0.9258691989584928,ok,
elastic_net,classical,fold_1,test,0.5,0.0,0.0,13577.0,0.6931284459873391,13209.0,13209.0,16.522814822022998,0.0,16.522814822022998,0.645429770936142,0.0,full_fill_at_mid_no_queue,0.9728953377034691,ok,
elastic_net,classical,fold_1,test,0.5,0.5,0.0,13577.0,0.6931284459873391,13209.0,13209.0,16.522814822022998,0.5,16.022814822022998,0.645429770936142,0.0,full_fill_at_mid_no_queue,0.9728953377034691,ok,
elastic_net,classical,fold_1,test,0.5,1.0,0.0,13577.0,0.6931284459873391,13209.0,13209.0,16.522814822022998,1.0,15.522814822022998,0.645429770936142,0.0,full_fill_at_mid_no_queue,0.9728953377034691,ok,
elastic_net,classical,fold_1,test,0.5,5.0,0.0,13577.0,0.6931284459873391,13209.0,13209.0,16.522814822022998,5.0,11.522814822022998,0.645429770936142,0.0,full_fill_at_mid_no_queue,0.9728953377034691,ok,
elastic_net,classical,fold_1,test,0.5,0.0,1.0,13577.0,0.6931638331546434,13209.0,13209.0,18.479589683581363,0.0,18.479589683581363,0.6455034249097739,-1.9567748615583653,full_fill_at_mid_no_queue,0.9728953377034691,ok,
elastic_net,classical,fold_1,test,0.5,0.5,1.0,13577.0,0.6931638331546434,13209.0,13209.0,18.479589683581363,0.5,17.979589683581363,0.6455034249097739,-1.9567748615583653,full_fill_at_mid_no_queue,0.9728953377034691,ok,
elastic_net,classical,fold_1,test,0.5,1.0,1.0,13577.0,0.6931638331546434,13209.0,13209.0,18.479589683581363,1.0,17.479589683581363,0.6455034249097739,-1.9567748615583653,full_fill_at_mid_no_queue,0.9728953377034691,ok,
elastic_net,classical,fold_1,test,0.5,5.0,1.0,13577.0,0.6931638331546434,13209.0,13209.0,18.479589683581363,5.0,13.479589683581365,0.6455034249097739,-1.9567748615583653,full_fill_at_mid_no_queue,0.9728953377034691,ok,
elastic_net,classical,fold_1,test,0.6,0.0,0.0,8015.0,0.40917908923830915,7847.0,7847.0,24.52447539207868,0.0,24.52447539207868,0.6945726762320649,0.0,full_fill_at_mid_no_queue,0.9790393013100437,ok,
elastic_net,classical,fold_1,test,0.6,0.5,0.0,8015.0,0.40917908923830915,7847.0,7847.0,24.52447539207868,0.5,24.02447539207868,0.6945726762320649,0.0,full_fill_at_mid_no_queue,0.9790393013100437,ok,
elastic_net,classical,fold_1,test,0.6,1.0,0.0,8015.0,0.40917908923830915,7847.0,7847.0,24.52447539207868,1.0,23.52447539207868,0.6945726762320649,0.0,full_fill_at_mid_no_queue,0.9790393013100437,ok,
elastic_net,classical,fold_1,test,0.6,5.0,0.0,8015.0,0.40917908923830915,7847.0,7847.0,24.52447539207868,5.0,19.52447539207868,0.6945726762320649,0.0,full_fill_at_mid_no_queue,0.9790393013100437,ok,
elastic_net,classical,fold_1,test,0.6,0.0,1.0,8015.0,0.40919997957829174,7847.0,7847.0,28.07944114991823,0.0,28.07944114991823,0.6945726762320649,-3.5549657578395504,full_fill_at_mid_no_queue,0.9790393013100437,ok,
elastic_net,classical,fold_1,test,0.6,0.5,1.0,8015.0,0.40919997957829174,7847.0,7847.0,28.07944114991823,0.5,27.57944114991823,0.6945726762320649,-3.5549657578395504,full_fill_at_mid_no_queue,0.9790393013100437,ok,
elastic_net,classical,fold_1,test,0.6,1.0,1.0,8015.0,0.40919997957829174,7847.0,7847.0,28.07944114991823,1.0,27.07944114991823,0.6945726762320649,-3.5549657578395504,full_fill_at_mid_no_queue,0.9790393013100437,ok,
elastic_net,classical,fold_1,test,0.6,5.0,1.0,8015.0,0.40919997957829174,7847.0,7847.0,28.07944114991823,5.0,23.07944114991823,0.6945726762320649,-3.5549657578395504,full_fill_at_mid_no_queue,0.9790393013100437,ok,
elastic_net,classical,fold_1,test,0.7,0.0,0.0,3646.0,0.18613436798039615,3554.0,3554.0,54.58893295024231,0.0,54.58893295024231,0.7416346681294569,0.0,full_fill_at_mid_no_queue,0.9747668678003292,ok,
elastic_net,classical,fold_1,test,0.7,0.5,0.0,3646.0,0.18613436798039615,3554.0,3554.0,54.58893295024231,0.5,54.08893295024231,0.7416346681294569,0.0,full_fill_at_mid_no_queue,0.9747668678003292,ok,
elastic_net,classical,fold_1,test,0.7,1.0,0.0,3646.0,0.18613436798039615,3554.0,3554.0,54.58893295024231,1.0,53.58893295024231,0.7416346681294569,0.0,full_fill_at_mid_no_queue,0.9747668678003292,ok,
elastic_net,classical,fold_1,test,0.7,5.0,0.0,3646.0,0.18613436798039615,3554.0,3554.0,54.58893295024231,5.0,49.58893295024231,0.7416346681294569,0.0,full_fill_at_mid_no_queue,0.9747668678003292,ok,
elastic_net,classical,fold_1,test,0.7,0.0,1.0,3646.0,0.1861438709348037,3554.0,3554.0,54.74547077308691,0.0,54.74547077308691,0.7416346681294569,-0.15653782284459794,full_fill_at_mid_no_queue,0.9747668678003292,ok,
elastic_net,classical,fold_1,test,0.7,0.5,1.0,3646.0,0.1861438709348037,3554.0,3554.0,54.74547077308691,0.5,54.24547077308691,0.7416346681294569,-0.15653782284459794,full_fill_at_mid_no_queue,0.9747668678003292,ok,
elastic_net,classical,fold_1,test,0.7,1.0,1.0,3646.0,0.1861438709348037,3554.0,3554.0,54.74547077308691,1.0,53.74547077308691,0.7416346681294569,-0.15653782284459794,full_fill_at_mid_no_queue,0.9747668678003292,ok,
elastic_net,classical,fold_1,test,0.7,5.0,1.0,3646.0,0.1861438709348037,3554.0,3554.0,54.74547077308691,5.0,49.74547077308691,0.7416346681294569,-0.15653782284459794,full_fill_at_mid_no_queue,0.9747668678003292,ok,
random_forest,classical,fold_1,test,0.0,0.0,0.0,19588.0,1.0,17718.0,17718.0,9.98477679153056,0.0,9.98477679153056,0.5592199305697366,0.0,full_fill_at_mid_no_queue,0.904533387788442,ok,
random_forest,classical,fold_1,test,0.0,0.5,0.0,19588.0,1.0,17718.0,17718.0,9.98477679153056,0.5,9.48477679153056,0.5592199305697366,0.0,full_fill_at_mid_no_queue,0.904533387788442,ok,
random_forest,classical,fold_1,test,0.0,1.0,0.0,19588.0,1.0,17718.0,17718.0,9.98477679153056,1.0,8.984776791530559,0.5592199305697366,0.0,full_fill_at_mid_no_queue,0.904533387788442,ok,
random_forest,classical,fold_1,test,0.0,5.0,0.0,19588.0,1.0,17718.0,17718.0,9.98477679153056,5.0,4.984776791530559,0.5592199305697366,0.0,full_fill_at_mid_no_queue,0.904533387788442,ok,
random_forest,classical,fold_1,test,0.0,0.0,1.0,19587.0,1.0,17717.0,17717.0,9.411487007285166,0.0,9.411487007285166,0.5592995354061367,0.5732897842453948,full_fill_at_mid_no_queue,0.9045285138101802,ok,
random_forest,classical,fold_1,test,0.0,0.5,1.0,19587.0,1.0,17717.0,17717.0,9.411487007285166,0.5,8.911487007285166,0.5592995354061367,0.5732897842453948,full_fill_at_mid_no_queue,0.9045285138101802,ok,
random_forest,classical,fold_1,test,0.0,1.0,1.0,19587.0,1.0,17717.0,17717.0,9.411487007285166,1.0,8.411487007285166,0.5592995354061367,0.5732897842453948,full_fill_at_mid_no_queue,0.9045285138101802,ok,
random_forest,classical,fold_1,test,0.0,5.0,1.0,19587.0,1.0,17717.0,17717.0,9.411487007285166,5.0,4.4114870072851655,0.5592995354061367,0.5732897842453948,full_fill_at_mid_no_queue,0.9045285138101802,ok,
random_forest,classical,fold_1,test,0.5,0.0,0.0,7282.0,0.3717582193179498,7082.0,7082.0,12.051945950460857,0.0,12.051945950460857,0.6956879978028014,0.0,full_fill_at_mid_no_queue,0.9725350178522384,ok,
random_forest,classical,fold_1,test,0.5,0.5,0.0,7282.0,0.3717582193179498,7082.0,7082.0,12.051945950460857,0.5,11.551945950460857,0.6956879978028014,0.0,full_fill_at_mid_no_queue,0.9725350178522384,ok,
random_forest,classical,fold_1,test,0.5,1.0,0.0,7282.0,0.3717582193179498,7082.0,7082.0,12.051945950460857,1.0,11.051945950460857,0.6956879978028014,0.0,full_fill_at_mid_no_queue,0.9725350178522384,ok,
random_forest,classical,fold_1,test,0.5,5.0,0.0,7282.0,0.3717582193179498,7082.0,7082.0,12.051945950460857,5.0,7.051945950460855,0.6956879978028014,0.0,full_fill_at_mid_no_queue,0.9725350178522384,ok,
random_forest,classical,fold_1,test,0.5,0.0,1.0,7282.0,0.37177719916270996,7082.0,7082.0,11.512851293442823,0.0,11.512851293442823,0.6958253227135403,0.5390946570180333,full_fill_at_mid_no_queue,0.9725350178522384,ok,
random_forest,classical,fold_1,test,0.5,0.5,1.0,7282.0,0.37177719916270996,7082.0,7082.0,11.512851293442823,0.5,11.012851293442823,0.6958253227135403,0.5390946570180333,full_fill_at_mid_no_queue,0.9725350178522384,ok,
random_forest,classical,fold_1,test,0.5,1.0,1.0,7282.0,0.37177719916270996,7082.0,7082.0,11.512851293442823,1.0,10.512851293442823,0.6958253227135403,0.5390946570180333,full_fill_at_mid_no_queue,0.9725350178522384,ok,
random_forest,classical,fold_1,test,0.5,5.0,1.0,7282.0,0.37177719916270996,7082.0,7082.0,11.512851293442823,5.0,6.512851293442825,0.6958253227135403,0.5390946570180333,full_fill_at_mid_no_queue,0.9725350178522384,ok,
random_forest,classical,fold_1,test,0.6,0.0,0.0,1677.0,0.08561364100469675,1669.0,1669.0,16.507881220905478,0.0,16.507881220905478,0.7680381633870006,0.0,full_fill_at_mid_no_queue,0.9952295766249255,ok,
random_forest,classical,fold_1,test,0.6,0.5,0.0,1677.0,0.08561364100469675,1669.0,1669.0,16.507881220905478,0.5,16.007881220905478,0.7680381633870006,0.0,full_fill_at_mid_no_queue,0.9952295766249255,ok,
random_forest,classical,fold_1,test,0.6,1.0,0.0,1677.0,0.08561364100469675,1669.0,1669.0,16.507881220905478,1.0,15.507881220905478,0.7680381633870006,0.0,full_fill_at_mid_no_queue,0.9952295766249255,ok,
random_forest,classical,fold_1,test,0.6,5.0,0.0,1677.0,0.08561364100469675,1669.0,1669.0,16.507881220905478,5.0,11.507881220905478,0.7680381633870006,0.0,full_fill_at_mid_no_queue,0.9952295766249255,ok,
random_forest,classical,fold_1,test,0.6,0.0,1.0,1677.0,0.08561801194669934,1669.0,1669.0,15.98718540670453,0.0,15.98718540670453,0.7680381633870006,0.5206958142009483,full_fill_at_mid_no_queue,0.9952295766249255,ok,
random_forest,classical,fold_1,test,0.6,0.5,1.0,1677.0,0.08561801194669934,1669.0,1669.0,15.98718540670453,0.5,15.48718540670453,0.7680381633870006,0.5206958142009483,full_fill_at_mid_no_queue,0.9952295766249255,ok,
random_forest,classical,fold_1,test,0.6,1.0,1.0,1677.0,0.08561801194669934,1669.0,1669.0,15.98718540670453,1.0,14.98718540670453,0.7680381633870006,0.5206958142009483,full_fill_at_mid_no_queue,0.9952295766249255,ok,
random_forest,classical,fold_1,test,0.6,5.0,1.0,1677.0,0.08561801194669934,1669.0,1669.0,15.98718540670453,5.0,10.98718540670453,0.7680381633870006,0.5206958142009483,full_fill_at_mid_no_queue,0.9952295766249255,ok,
random_forest,classical,fold_1,test,0.7,0.0,0.0,142.0,0.007249336328364305,142.0,142.0,199.92708220916296,0.0,199.92708220916296,0.7887323943661971,0.0,full_fill_at_mid_no_queue,1.0,ok,
random_forest,classical,fold_1,test,0.7,0.5,0.0,142.0,0.007249336328364305,142.0,142.0,199.92708220916296,0.5,199.42708220916296,0.7887323943661971,0.0,full_fill_at_mid_no_queue,1.0,ok,
random_forest,classical,fold_1,test,0.7,1.0,0.0,142.0,0.007249336328364305,142.0,142.0,199.92708220916296,1.0,198.92708220916296,0.7887323943661971,0.0,full_fill_at_mid_no_queue,1.0,ok,
random_forest,classical,fold_1,test,0.7,5.0,0.0,142.0,0.007249336328364305,142.0,142.0,199.92708220916296,5.0,194.92708220916296,0.7887323943661971,0.0,full_fill_at_mid_no_queue,1.0,ok,
random_forest,classical,fold_1,test,0.7,0.0,1.0,142.0,0.007249706437943534,142.0,142.0,198.6886213113424,0.0,198.6886213113424,0.7887323943661971,1.2384608978205733,full_fill_at_mid_no_queue,1.0,ok,
random_forest,classical,fold_1,test,0.7,0.5,1.0,142.0,0.007249706437943534,142.0,142.0,198.6886213113424,0.5,198.1886213113424,0.7887323943661971,1.2384608978205733,full_fill_at_mid_no_queue,1.0,ok,
random_forest,classical,fold_1,test,0.7,1.0,1.0,142.0,0.007249706437943534,142.0,142.0,198.6886213113424,1.0,197.6886213113424,0.7887323943661971,1.2384608978205733,full_fill_at_mid_no_queue,1.0,ok,
random_forest,classical,fold_1,test,0.7,5.0,1.0,142.0,0.007249706437943534,142.0,142.0,198.6886213113424,5.0,193.6886213113424,0.7887323943661971,1.2384608978205733,full_fill_at_mid_no_queue,1.0,ok,
gradient_boosting,classical,fold_1,test,0.0,0.0,0.0,19588.0,1.0,18264.0,18264.0,13.060061575362836,0.0,13.060061575362836,0.5641208903410251,0.0,full_fill_at_mid_no_queue,0.9324075964876455,ok,
gradient_boosting,classical,fold_1,test,0.0,0.5,0.0,19588.0,1.0,18264.0,18264.0,13.060061575362836,0.5,12.560061575362836,0.5641208903410251,0.0,full_fill_at_mid_no_queue,0.9324075964876455,ok,
gradient_boosting,classical,fold_1,test,0.0,1.0,0.0,19588.0,1.0,18264.0,18264.0,13.060061575362836,1.0,12.060061575362836,0.5641208903410251,0.0,full_fill_at_mid_no_queue,0.9324075964876455,ok,
gradient_boosting,classical,fold_1,test,0.0,5.0,0.0,19588.0,1.0,18264.0,18264.0,13.060061575362836,5.0,8.060061575362836,0.5641208903410251,0.0,full_fill_at_mid_no_queue,0.9324075964876455,ok,
gradient_boosting,classical,fold_1,test,0.0,0.0,1.0,19587.0,1.0,18263.0,18263.0,9.235994788618036,0.0,9.235994788618036,0.5642007453923521,3.8240667867447993,full_fill_at_mid_no_queue,0.93240414560678,ok,
gradient_boosting,classical,fold_1,test,0.0,0.5,1.0,19587.0,1.0,18263.0,18263.0,9.235994788618036,0.5,8.735994788618036,0.5642007453923521,3.8240667867447993,full_fill_at_mid_no_queue,0.93240414560678,ok,
gradient_boosting,classical,fold_1,test,0.0,1.0,1.0,19587.0,1.0,18263.0,18263.0,9.235994788618036,1.0,8.235994788618036,0.5642007453923521,3.8240667867447993,full_fill_at_mid_no_queue,0.93240414560678,ok,
gradient_boosting,classical,fold_1,test,0.0,5.0,1.0,19587.0,1.0,18263.0,18263.0,9.235994788618036,5.0,4.2359947886180365,0.5642007453923521,3.8240667867447993,full_fill_at_mid_no_queue,0.93240414560678,ok,
gradient_boosting,classical,fold_1,test,0.5,0.0,0.0,13233.0,0.6755666734735553,12806.0,12806.0,13.933440413051766,0.0,13.933440413051766,0.6238948084334618,0.0,full_fill_at_mid_no_queue,0.9677321846897907,ok,
gradient_boosting,classical,fold_1,test,0.5,0.5,0.0,13233.0,0.6755666734735553,12806.0,12806.0,13.933440413051766,0.5,13.433440413051766,0.6238948084334618,0.0,full_fill_at_mid_no_queue,0.9677321846897907,ok,
gradient_boosting,classical,fold_1,test,0.5,1.0,0.0,13233.0,0.6755666734735553,12806.0,12806.0,13.933440413051766,1.0,12.933440413051766,0.6238948084334618,0.0,full_fill_at_mid_no_queue,0.9677321846897907,ok,
gradient_boosting,classical,fold_1,test,0.5,5.0,0.0,13233.0,0.6755666734735553,12806.0,12806.0,13.933440413051766,5.0,8.933440413051766,0.6238948084334618,0.0,full_fill_at_mid_no_queue,0.9677321846897907,ok,
gradient_boosting,classical,fold_1,test,0.5,0.0,1.0,13234.0,0.6756522183080614,12807.0,12807.0,13.130580309645191,0.0,13.130580309645191,0.6239232280489648,0.8028601034065748,full_fill_at_mid_no_queue,0.9677346229409097,ok,
gradient_boosting,classical,fold_1,test,0.5,0.5,1.0,13234.0,0.6756522183080614,12807.0,12807.0,13.130580309645191,0.5,12.630580309645191,0.6239232280489648,0.8028601034065748,full_fill_at_mid_no_queue,0.9677346229409097,ok,
gradient_boosting,classical,fold_1,test,0.5,1.0,1.0,13234.0,0.6756522183080614,12807.0,12807.0,13.130580309645191,1.0,12.130580309645191,0.6239232280489648,0.8028601034065748,full_fill_at_mid_no_queue,0.9677346229409097,ok,
gradient_boosting,classical,fold_1,test,0.5,5.0,1.0,13234.0,0.6756522183080614,12807.0,12807.0,13.130580309645191,5.0,8.130580309645193,0.6239232280489648,0.8028601034065748,full_fill_at_mid_no_queue,0.9677346229409097,ok,
gradient_boosting,classical,fold_1,test,0.6,0.0,0.0,6826.0,0.3484786604043292,6749.0,6749.0,21.42733827252613,0.0,21.42733827252613,0.6752124230881922,0.0,full_fill_at_mid_no_queue,0.9887196015235863,ok,
gradient_boosting,classical,fold_1,test,0.6,0.5,0.0,6826.0,0.3484786604043292,6749.0,6749.0,21.42733827252613,0.5,20.92733827252613,0.6752124230881922,0.0,full_fill_at_mid_no_queue,0.9887196015235863,ok,
gradient_boosting,classical,fold_1,test,0.6,1.0,0.0,6826.0,0.3484786604043292,6749.0,6749.0,21.42733827252613,1.0,20.42733827252613,0.6752124230881922,0.0,full_fill_at_mid_no_queue,0.9887196015235863,ok,
gradient_boosting,classical,fold_1,test,0.6,5.0,0.0,6826.0,0.3484786604043292,6749.0,6749.0,21.42733827252613,5.0,16.42733827252613,0.6752124230881922,0.0,full_fill_at_mid_no_queue,0.9887196015235863,ok,
gradient_boosting,classical,fold_1,test,0.6,0.0,1.0,6827.0,0.3485475059988768,6750.0,6750.0,20.46522169014177,0.0,20.46522169014177,0.6752599970704556,0.9621165823843576,full_fill_at_mid_no_queue,0.9887212538450271,ok,
gradient_boosting,classical,fold_1,test,0.6,0.5,1.0,6827.0,0.3485475059988768,6750.0,6750.0,20.46522169014177,0.5,19.96522169014177,0.6752599970704556,0.9621165823843576,full_fill_at_mid_no_queue,0.9887212538450271,ok,
gradient_boosting,classical,fold_1,test,0.6,1.0,1.0,6827.0,0.3485475059988768,6750.0,6750.0,20.46522169014177,1.0,19.46522169014177,0.6752599970704556,0.9621165823843576,full_fill_at_mid_no_queue,0.9887212538450271,ok,
gradient_boosting,classical,fold_1,test,0.6,5.0,1.0,6827.0,0.3485475059988768,6750.0,6750.0,20.46522169014177,5.0,15.465221690141773,0.6752599970704556,0.9621165823843576,full_fill_at_mid_no_queue,0.9887212538450271,ok,
gradient_boosting,classical,fold_1,test,0.7,0.0,0.0,1920.0,0.09801919542577088,1913.0,1913.0,44.16511920229634,0.0,44.16511920229634,0.7,0.0,full_fill_at_mid_no_queue,0.9963541666666667,ok,
gradient_boosting,classical,fold_1,test,0.7,0.5,0.0,1920.0,0.09801919542577088,1913.0,1913.0,44.16511920229634,0.5,43.66511920229634,0.7,0.0,full_fill_at_mid_no_queue,0.9963541666666667,ok,
gradient_boosting,classical,fold_1,test,0.7,1.0,0.0,1920.0,0.09801919542577088,1913.0,1913.0,44.16511920229634,1.0,43.16511920229634,0.7,0.0,full_fill_at_mid_no_queue,0.9963541666666667,ok,
gradient_boosting,classical,fold_1,test,0.7,5.0,0.0,1920.0,0.09801919542577088,1913.0,1913.0,44.16511920229634,5.0,39.16511920229634,0.7,0.0,full_fill_at_mid_no_queue,0.9963541666666667,ok,
gradient_boosting,classical,fold_1,test,0.7,0.0,1.0,1920.0,0.09802419972430694,1913.0,1913.0,42.377557310085415,0.0,42.377557310085415,0.7,1.787561892210924,full_fill_at_mid_no_queue,0.9963541666666667,ok,
gradient_boosting,classical,fold_1,test,0.7,0.5,1.0,1920.0,0.09802419972430694,1913.0,1913.0,42.377557310085415,0.5,41.877557310085415,0.7,1.787561892210924,full_fill_at_mid_no_queue,0.9963541666666667,ok,
gradient_boosting,classical,fold_1,test,0.7,1.0,1.0,1920.0,0.09802419972430694,1913.0,1913.0,42.377557310085415,1.0,41.377557310085415,0.7,1.787561892210924,full_fill_at_mid_no_queue,0.9963541666666667,ok,
gradient_boosting,classical,fold_1,test,0.7,5.0,1.0,1920.0,0.09802419972430694,1913.0,1913.0,42.377557310085415,5.0,37.377557310085415,0.7,1.787561892210924,full_fill_at_mid_no_queue,0.9963541666666667,ok,
majority,classical,fold_2,test,0.0,0.0,0.0,13901.0,1.0,13901.0,13901.0,22.724863090049755,0.0,22.724863090049755,0.6389468383569528,0.0,full_fill_at_mid_no_queue,1.0,ok,
majority,classical,fold_2,test,0.0,0.5,0.0,13901.0,1.0,13901.0,13901.0,22.724863090049755,0.5,22.224863090049755,0.6389468383569528,0.0,full_fill_at_mid_no_queue,1.0,ok,
majority,classical,fold_2,test,0.0,1.0,0.0,13901.0,1.0,13901.0,13901.0,22.724863090049755,1.0,21.724863090049755,0.6389468383569528,0.0,full_fill_at_mid_no_queue,1.0,ok,
majority,classical,fold_2,test,0.0,5.0,0.0,13901.0,1.0,13901.0,13901.0,22.724863090049755,5.0,17.724863090049755,0.6389468383569528,0.0,full_fill_at_mid_no_queue,1.0,ok,
majority,classical,fold_2,test,0.0,0.0,1.0,13900.0,1.0,13900.0,13900.0,22.726497972286456,0.0,22.726497972286456,0.6389208633093525,-0.0016348822367007187,full_fill_at_mid_no_queue,1.0,ok,
majority,classical,fold_2,test,0.0,0.5,1.0,13900.0,1.0,13900.0,13900.0,22.726497972286456,0.5,22.226497972286456,0.6389208633093525,-0.0016348822367007187,full_fill_at_mid_no_queue,1.0,ok,
majority,classical,fold_2,test,0.0,1.0,1.0,13900.0,1.0,13900.0,13900.0,22.726497972286456,1.0,21.726497972286456,0.6389208633093525,-0.0016348822367007187,full_fill_at_mid_no_queue,1.0,ok,
majority,classical,fold_2,test,0.0,5.0,1.0,13900.0,1.0,13900.0,13900.0,22.726497972286456,5.0,17.726497972286456,0.6389208633093525,-0.0016348822367007187,full_fill_at_mid_no_queue,1.0,ok,
majority,classical,fold_2,test,0.5,0.0,0.0,13901.0,1.0,13901.0,13901.0,22.724863090049755,0.0,22.724863090049755,0.6389468383569528,0.0,full_fill_at_mid_no_queue,1.0,ok,
majority,classical,fold_2,test,0.5,0.5,0.0,13901.0,1.0,13901.0,13901.0,22.724863090049755,0.5,22.224863090049755,0.6389468383569528,0.0,full_fill_at_mid_no_queue,1.0,ok,
majority,classical,fold_2,test,0.5,1.0,0.0,13901.0,1.0,13901.0,13901.0,22.724863090049755,1.0,21.724863090049755,0.6389468383569528,0.0,full_fill_at_mid_no_queue,1.0,ok,
majority,classical,fold_2,test,0.5,5.0,0.0,13901.0,1.0,13901.0,13901.0,22.724863090049755,5.0,17.724863090049755,0.6389468383569528,0.0,full_fill_at_mid_no_queue,1.0,ok,
majority,classical,fold_2,test,0.5,0.0,1.0,13900.0,1.0,13900.0,13900.0,22.726497972286456,0.0,22.726497972286456,0.6389208633093525,-0.0016348822367007187,full_fill_at_mid_no_queue,1.0,ok,
majority,classical,fold_2,test,0.5,0.5,1.0,13900.0,1.0,13900.0,13900.0,22.726497972286456,0.5,22.226497972286456,0.6389208633093525,-0.0016348822367007187,full_fill_at_mid_no_queue,1.0,ok,
majority,classical,fold_2,test,0.5,1.0,1.0,13900.0,1.0,13900.0,13900.0,22.726497972286456,1.0,21.726497972286456,0.6389208633093525,-0.0016348822367007187,full_fill_at_mid_no_queue,1.0,ok,
majority,classical,fold_2,test,0.5,5.0,1.0,13900.0,1.0,13900.0,13900.0,22.726497972286456,5.0,17.726497972286456,0.6389208633093525,-0.0016348822367007187,full_fill_at_mid_no_queue,1.0,ok,
majority,classical,fold_2,test,0.6,0.0,0.0,13901.0,1.0,13901.0,13901.0,22.724863090049755,0.0,22.724863090049755,0.6389468383569528,0.0,full_fill_at_mid_no_queue,1.0,ok,
majority,classical,fold_2,test,0.6,0.5,0.0,13901.0,1.0,13901.0,13901.0,22.724863090049755,0.5,22.224863090049755,0.6389468383569528,0.0,full_fill_at_mid_no_queue,1.0,ok,
majority,classical,fold_2,test,0.6,1.0,0.0,13901.0,1.0,13901.0,13901.0,22.724863090049755,1.0,21.724863090049755,0.6389468383569528,0.0,full_fill_at_mid_no_queue,1.0,ok,
majority,classical,fold_2,test,0.6,5.0,0.0,13901.0,1.0,13901.0,13901.0,22.724863090049755,5.0,17.724863090049755,0.6389468383569528,0.0,full_fill_at_mid_no_queue,1.0,ok,
majority,classical,fold_2,test,0.6,0.0,1.0,13900.0,1.0,13900.0,13900.0,22.726497972286456,0.0,22.726497972286456,0.6389208633093525,-0.0016348822367007187,full_fill_at_mid_no_queue,1.0,ok,
majority,classical,fold_2,test,0.6,0.5,1.0,13900.0,1.0,13900.0,13900.0,22.726497972286456,0.5,22.226497972286456,0.6389208633093525,-0.0016348822367007187,full_fill_at_mid_no_queue,1.0,ok,
majority,classical,fold_2,test,0.6,1.0,1.0,13900.0,1.0,13900.0,13900.0,22.726497972286456,1.0,21.726497972286456,0.6389208633093525,-0.0016348822367007187,full_fill_at_mid_no_queue,1.0,ok,
majority,classical,fold_2,test,0.6,5.0,1.0,13900.0,1.0,13900.0,13900.0,22.726497972286456,5.0,17.726497972286456,0.6389208633093525,-0.0016348822367007187,full_fill_at_mid_no_queue,1.0,ok,
majority,classical,fold_2,test,0.7,0.0,0.0,0.0,0.0,0.0,0.0,0.0,0.0,0.0,0.0,0.0,full_fill_at_mid_no_queue,,ok,
majority,classical,fold_2,test,0.7,0.5,0.0,0.0,0.0,0.0,0.0,0.0,0.0,0.0,0.0,0.0,full_fill_at_mid_no_queue,,ok,
majority,classical,fold_2,test,0.7,1.0,0.0,0.0,0.0,0.0,0.0,0.0,0.0,0.0,0.0,0.0,full_fill_at_mid_no_queue,,ok,
majority,classical,fold_2,test,0.7,5.0,0.0,0.0,0.0,0.0,0.0,0.0,0.0,0.0,0.0,0.0,full_fill_at_mid_no_queue,,ok,
majority,classical,fold_2,test,0.7,0.0,1.0,0.0,0.0,0.0,0.0,0.0,0.0,0.0,0.0,0.0,full_fill_at_mid_no_queue,,ok,
majority,classical,fold_2,test,0.7,0.5,1.0,0.0,0.0,0.0,0.0,0.0,0.0,0.0,0.0,0.0,full_fill_at_mid_no_queue,,ok,
majority,classical,fold_2,test,0.7,1.0,1.0,0.0,0.0,0.0,0.0,0.0,0.0,0.0,0.0,0.0,full_fill_at_mid_no_queue,,ok,
majority,classical,fold_2,test,0.7,5.0,1.0,0.0,0.0,0.0,0.0,0.0,0.0,0.0,0.0,0.0,full_fill_at_mid_no_queue,,ok,
logistic,classical,fold_2,test,0.0,0.0,0.0,13901.0,1.0,13411.0,13411.0,21.141062943204076,0.0,21.141062943204076,0.6395223365225523,0.0,full_fill_at_mid_no_queue,0.9647507373570247,ok,
logistic,classical,fold_2,test,0.0,0.5,0.0,13901.0,1.0,13411.0,13411.0,21.141062943204076,0.5,20.641062943204076,0.6395223365225523,0.0,full_fill_at_mid_no_queue,0.9647507373570247,ok,
logistic,classical,fold_2,test,0.0,1.0,0.0,13901.0,1.0,13411.0,13411.0,21.141062943204076,1.0,20.141062943204076,0.6395223365225523,0.0,full_fill_at_mid_no_queue,0.9647507373570247,ok,
logistic,classical,fold_2,test,0.0,5.0,0.0,13901.0,1.0,13411.0,13411.0,21.141062943204076,5.0,16.141062943204073,0.6395223365225523,0.0,full_fill_at_mid_no_queue,0.9647507373570247,ok,
logistic,classical,fold_2,test,0.0,0.0,1.0,13900.0,1.0,13410.0,13410.0,21.07028257077593,0.0,21.07028257077593,0.6394964028776978,0.07078037242814617,full_fill_at_mid_no_queue,0.9647482014388489,ok,
logistic,classical,fold_2,test,0.0,0.5,1.0,13900.0,1.0,13410.0,13410.0,21.07028257077593,0.5,20.57028257077593,0.6394964028776978,0.07078037242814617,full_fill_at_mid_no_queue,0.9647482014388489,ok,
logistic,classical,fold_2,test,0.0,1.0,1.0,13900.0,1.0,13410.0,13410.0,21.07028257077593,1.0,20.07028257077593,0.6394964028776978,0.07078037242814617,full_fill_at_mid_no_queue,0.9647482014388489,ok,
logistic,classical,fold_2,test,0.0,5.0,1.0,13900.0,1.0,13410.0,13410.0,21.07028257077593,5.0,16.07028257077593,0.6394964028776978,0.07078037242814617,full_fill_at_mid_no_queue,0.9647482014388489,ok,
logistic,classical,fold_2,test,0.5,0.0,0.0,11298.0,0.8127472843680311,11152.0,11152.0,19.382465289992275,0.0,19.382465289992275,0.6869357408390866,0.0,full_fill_at_mid_no_queue,0.9870773588245707,ok,
logistic,classical,fold_2,test,0.5,0.5,0.0,11298.0,0.8127472843680311,11152.0,11152.0,19.382465289992275,0.5,18.882465289992275,0.6869357408390866,0.0,full_fill_at_mid_no_queue,0.9870773588245707,ok,
logistic,classical,fold_2,test,0.5,1.0,0.0,11298.0,0.8127472843680311,11152.0,11152.0,19.382465289992275,1.0,18.382465289992275,0.6869357408390866,0.0,full_fill_at_mid_no_queue,0.9870773588245707,ok,
logistic,classical,fold_2,test,0.5,5.0,0.0,11298.0,0.8127472843680311,11152.0,11152.0,19.382465289992275,5.0,14.382465289992275,0.6869357408390866,0.0,full_fill_at_mid_no_queue,0.9870773588245707,ok,
logistic,classical,fold_2,test,0.5,0.0,1.0,11297.0,0.8127338129496403,11151.0,11151.0,19.361827471662263,0.0,19.361827471662263,0.6869080286801805,0.020637818330012436,full_fill_at_mid_no_queue,0.9870762149243162,ok,
logistic,classical,fold_2,test,0.5,0.5,1.0,11297.0,0.8127338129496403,11151.0,11151.0,19.361827471662263,0.5,18.861827471662263,0.6869080286801805,0.020637818330012436,full_fill_at_mid_no_queue,0.9870762149243162,ok,
logistic,classical,fold_2,test,0.5,1.0,1.0,11297.0,0.8127338129496403,11151.0,11151.0,19.361827471662263,1.0,18.361827471662263,0.6869080286801805,0.020637818330012436,full_fill_at_mid_no_queue,0.9870762149243162,ok,
logistic,classical,fold_2,test,0.5,5.0,1.0,11297.0,0.8127338129496403,11151.0,11151.0,19.361827471662263,5.0,14.361827471662265,0.6869080286801805,0.020637818330012436,full_fill_at_mid_no_queue,0.9870762149243162,ok,
logistic,classical,fold_2,test,0.6,0.0,0.0,7403.0,0.5325516149917272,7341.0,7341.0,12.479011648414406,0.0,12.479011648414406,0.7379440767256518,0.0,full_fill_at_mid_no_queue,0.9916250168850466,ok,
logistic,classical,fold_2,test,0.6,0.5,0.0,7403.0,0.5325516149917272,7341.0,7341.0,12.479011648414406,0.5,11.979011648414406,0.7379440767256518,0.0,full_fill_at_mid_no_queue,0.9916250168850466,ok,
logistic,classical,fold_2,test,0.6,1.0,0.0,7403.0,0.5325516149917272,7341.0,7341.0,12.479011648414406,1.0,11.479011648414406,0.7379440767256518,0.0,full_fill_at_mid_no_queue,0.9916250168850466,ok,
logistic,classical,fold_2,test,0.6,5.0,0.0,7403.0,0.5325516149917272,7341.0,7341.0,12.479011648414406,5.0,7.4790116484144065,0.7379440767256518,0.0,full_fill_at_mid_no_queue,0.9916250168850466,ok,
logistic,classical,fold_2,test,0.6,0.0,1.0,7404.0,0.5326618705035971,7342.0,7342.0,16.79009635226387,0.0,16.79009635226387,0.737979470556456,-4.311084703849463,full_fill_at_mid_no_queue,0.9916261480280929,ok,
logistic,classical,fold_2,test,0.6,0.5,1.0,7404.0,0.5326618705035971,7342.0,7342.0,16.79009635226387,0.5,16.29009635226387,0.737979470556456,-4.311084703849463,full_fill_at_mid_no_queue,0.9916261480280929,ok,
logistic,classical,fold_2,test,0.6,1.0,1.0,7404.0,0.5326618705035971,7342.0,7342.0,16.79009635226387,1.0,15.79009635226387,0.737979470556456,-4.311084703849463,full_fill_at_mid_no_queue,0.9916261480280929,ok,
logistic,classical,fold_2,test,0.6,5.0,1.0,7404.0,0.5326618705035971,7342.0,7342.0,16.79009635226387,5.0,11.79009635226387,0.737979470556456,-4.311084703849463,full_fill_at_mid_no_queue,0.9916261480280929,ok,
logistic,classical,fold_2,test,0.7,0.0,0.0,3469.0,0.24955039205812532,3457.0,3457.0,17.54819766026802,0.0,17.54819766026802,0.7910060536177573,0.0,full_fill_at_mid_no_queue,0.9965407898529836,ok,
logistic,classical,fold_2,test,0.7,0.5,0.0,3469.0,0.24955039205812532,3457.0,3457.0,17.54819766026802,0.5,17.04819766026802,0.7910060536177573,0.0,full_fill_at_mid_no_queue,0.9965407898529836,ok,
logistic,classical,fold_2,test,0.7,1.0,0.0,3469.0,0.24955039205812532,3457.0,3457.0,17.54819766026802,1.0,16.54819766026802,0.7910060536177573,0.0,full_fill_at_mid_no_queue,0.9965407898529836,ok,
logistic,classical,fold_2,test,0.7,5.0,0.0,3469.0,0.24955039205812532,3457.0,3457.0,17.54819766026802,5.0,12.54819766026802,0.7910060536177573,0.0,full_fill_at_mid_no_queue,0.9965407898529836,ok,
logistic,classical,fold_2,test,0.7,0.0,1.0,3470.0,0.24964028776978417,3458.0,3458.0,17.6947157494807,0.0,17.6947157494807,0.7910662824207493,-0.14651808921268028,full_fill_at_mid_no_queue,0.9965417867435159,ok,
logistic,classical,fold_2,test,0.7,0.5,1.0,3470.0,0.24964028776978417,3458.0,3458.0,17.6947157494807,0.5,17.1947157494807,0.7910662824207493,-0.14651808921268028,full_fill_at_mid_no_queue,0.9965417867435159,ok,
logistic,classical,fold_2,test,0.7,1.0,1.0,3470.0,0.24964028776978417,3458.0,3458.0,17.6947157494807,1.0,16.6947157494807,0.7910662824207493,-0.14651808921268028,full_fill_at_mid_no_queue,0.9965417867435159,ok,
logistic,classical,fold_2,test,0.7,5.0,1.0,3470.0,0.24964028776978417,3458.0,3458.0,17.6947157494807,5.0,12.6947157494807,0.7910662824207493,-0.14651808921268028,full_fill_at_mid_no_queue,0.9965417867435159,ok,
elastic_net,classical,fold_2,test,0.0,0.0,0.0,13901.0,1.0,13411.0,13411.0,21.13963515271724,0.0,21.13963515271724,0.6395942737932523,0.0,full_fill_at_mid_no_queue,0.9647507373570247,ok,
elastic_net,classical,fold_2,test,0.0,0.5,0.0,13901.0,1.0,13411.0,13411.0,21.13963515271724,0.5,20.63963515271724,0.6395942737932523,0.0,full_fill_at_mid_no_queue,0.9647507373570247,ok,
elastic_net,classical,fold_2,test,0.0,1.0,0.0,13901.0,1.0,13411.0,13411.0,21.13963515271724,1.0,20.13963515271724,0.6395942737932523,0.0,full_fill_at_mid_no_queue,0.9647507373570247,ok,
elastic_net,classical,fold_2,test,0.0,5.0,0.0,13901.0,1.0,13411.0,13411.0,21.13963515271724,5.0,16.139635152717236,0.6395942737932523,0.0,full_fill_at_mid_no_queue,0.9647507373570247,ok,
elastic_net,classical,fold_2,test,0.0,0.0,1.0,13900.0,1.0,13410.0,13410.0,21.06913628778287,0.0,21.06913628778287,0.639568345323741,0.0704988649343683,full_fill_at_mid_no_queue,0.9647482014388489,ok,
elastic_net,classical,fold_2,test,0.0,0.5,1.0,13900.0,1.0,13410.0,13410.0,21.06913628778287,0.5,20.56913628778287,0.639568345323741,0.0704988649343683,full_fill_at_mid_no_queue,0.9647482014388489,ok,
elastic_net,classical,fold_2,test,0.0,1.0,1.0,13900.0,1.0,13410.0,13410.0,21.06913628778287,1.0,20.06913628778287,0.639568345323741,0.0704988649343683,full_fill_at_mid_no_queue,0.9647482014388489,ok,
elastic_net,classical,fold_2,test,0.0,5.0,1.0,13900.0,1.0,13410.0,13410.0,21.06913628778287,5.0,16.06913628778287,0.639568345323741,0.0704988649343683,full_fill_at_mid_no_queue,0.9647482014388489,ok,
elastic_net,classical,fold_2,test,0.5,0.0,0.0,11291.0,0.8122437234731315,11146.0,11146.0,19.40460520670571,0.0,19.40460520670571,0.6869187848729076,0.0,full_fill_at_mid_no_queue,0.9871579133823399,ok,
elastic_net,classical,fold_2,test,0.5,0.5,0.0,11291.0,0.8122437234731315,11146.0,11146.0,19.40460520670571,0.5,18.90460520670571,0.6869187848729076,0.0,full_fill_at_mid_no_queue,0.9871579133823399,ok,
elastic_net,classical,fold_2,test,0.5,1.0,0.0,11291.0,0.8122437234731315,11146.0,11146.0,19.40460520670571,1.0,18.40460520670571,0.6869187848729076,0.0,full_fill_at_mid_no_queue,0.9871579133823399,ok,
elastic_net,classical,fold_2,test,0.5,5.0,0.0,11291.0,0.8122437234731315,11146.0,11146.0,19.40460520670571,5.0,14.40460520670571,0.6869187848729076,0.0,full_fill_at_mid_no_queue,0.9871579133823399,ok,
elastic_net,classical,fold_2,test,0.5,0.0,1.0,11290.0,0.8122302158273381,11145.0,11145.0,19.38034151383218,0.0,19.38034151383218,0.6868910540301152,0.024263692873528697,full_fill_at_mid_no_queue,0.9871567759078831,ok,
elastic_net,classical,fold_2,test,0.5,0.5,1.0,11290.0,0.8122302158273381,11145.0,11145.0,19.38034151383218,0.5,18.88034151383218,0.6868910540301152,0.024263692873528697,full_fill_at_mid_no_queue,0.9871567759078831,ok,
elastic_net,classical,fold_2,test,0.5,1.0,1.0,11290.0,0.8122302158273381,11145.0,11145.0,19.38034151383218,1.0,18.38034151383218,0.6868910540301152,0.024263692873528697,full_fill_at_mid_no_queue,0.9871567759078831,ok,
elastic_net,classical,fold_2,test,0.5,5.0,1.0,11290.0,0.8122302158273381,11145.0,11145.0,19.38034151383218,5.0,14.380341513832182,0.6868910540301152,0.024263692873528697,full_fill_at_mid_no_queue,0.9871567759078831,ok,
elastic_net,classical,fold_2,test,0.6,0.0,0.0,7396.0,0.5320480540968275,7334.0,7334.0,12.484342162572329,0.0,12.484342162572329,0.7383720930232558,0.0,full_fill_at_mid_no_queue,0.9916170903190914,ok,
elastic_net,classical,fold_2,test,0.6,0.5,0.0,7396.0,0.5320480540968275,7334.0,7334.0,12.484342162572329,0.5,11.984342162572329,0.7383720930232558,0.0,full_fill_at_mid_no_queue,0.9916170903190914,ok,
elastic_net,classical,fold_2,test,0.6,1.0,0.0,7396.0,0.5320480540968275,7334.0,7334.0,12.484342162572329,1.0,11.484342162572329,0.7383720930232558,0.0,full_fill_at_mid_no_queue,0.9916170903190914,ok,
elastic_net,classical,fold_2,test,0.6,5.0,0.0,7396.0,0.5320480540968275,7334.0,7334.0,12.484342162572329,5.0,7.484342162572327,0.7383720930232558,0.0,full_fill_at_mid_no_queue,0.9916170903190914,ok,
elastic_net,classical,fold_2,test,0.6,0.0,1.0,7397.0,0.532158273381295,7335.0,7335.0,16.806608677615404,0.0,16.806608677615404,0.7384074624847912,-4.322266515043076,full_fill_at_mid_no_queue,0.9916182236041639,ok,
elastic_net,classical,fold_2,test,0.6,0.5,1.0,7397.0,0.532158273381295,7335.0,7335.0,16.806608677615404,0.5,16.306608677615404,0.7384074624847912,-4.322266515043076,full_fill_at_mid_no_queue,0.9916182236041639,ok,
elastic_net,classical,fold_2,test,0.6,1.0,1.0,7397.0,0.532158273381295,7335.0,7335.0,16.806608677615404,1.0,15.806608677615404,0.7384074624847912,-4.322266515043076,full_fill_at_mid_no_queue,0.9916182236041639,ok,
elastic_net,classical,fold_2,test,0.6,5.0,1.0,7397.0,0.532158273381295,7335.0,7335.0,16.806608677615404,5.0,11.806608677615404,0.7384074624847912,-4.322266515043076,full_fill_at_mid_no_queue,0.9916182236041639,ok,
elastic_net,classical,fold_2,test,0.7,0.0,0.0,3462.0,0.24904683116322568,3450.0,3450.0,17.577252487805197,0.0,17.577252487805197,0.7908723281340265,0.0,full_fill_at_mid_no_queue,0.9965337954939342,ok,
elastic_net,classical,fold_2,test,0.7,0.5,0.0,3462.0,0.24904683116322568,3450.0,3450.0,17.577252487805197,0.5,17.077252487805197,0.7908723281340265,0.0,full_fill_at_mid_no_queue,0.9965337954939342,ok,
elastic_net,classical,fold_2,test,0.7,1.0,0.0,3462.0,0.24904683116322568,3450.0,3450.0,17.577252487805197,1.0,16.577252487805197,0.7908723281340265,0.0,full_fill_at_mid_no_queue,0.9965337954939342,ok,
elastic_net,classical,fold_2,test,0.7,5.0,0.0,3462.0,0.24904683116322568,3450.0,3450.0,17.577252487805197,5.0,12.577252487805197,0.7908723281340265,0.0,full_fill_at_mid_no_queue,0.9965337954939342,ok,
elastic_net,classical,fold_2,test,0.7,0.0,1.0,3463.0,0.249136690647482,3451.0,3451.0,17.722967346499537,0.0,17.722967346499537,0.7909327172971412,-0.14571485869434042,full_fill_at_mid_no_queue,0.9965347964192897,ok,
elastic_net,classical,fold_2,test,0.7,0.5,1.0,3463.0,0.249136690647482,3451.0,3451.0,17.722967346499537,0.5,17.222967346499537,0.7909327172971412,-0.14571485869434042,full_fill_at_mid_no_queue,0.9965347964192897,ok,
elastic_net,classical,fold_2,test,0.7,1.0,1.0,3463.0,0.249136690647482,3451.0,3451.0,17.722967346499537,1.0,16.722967346499537,0.7909327172971412,-0.14571485869434042,full_fill_at_mid_no_queue,0.9965347964192897,ok,
elastic_net,classical,fold_2,test,0.7,5.0,1.0,3463.0,0.249136690647482,3451.0,3451.0,17.722967346499537,5.0,12.722967346499535,0.7909327172971412,-0.14571485869434042,full_fill_at_mid_no_queue,0.9965347964192897,ok,
random_forest,classical,fold_2,test,0.0,0.0,0.0,13901.0,1.0,12460.0,12460.0,7.430888517660123,0.0,7.430888517660123,0.6249910078411625,0.0,full_fill_at_mid_no_queue,0.8963383929213725,ok,
random_forest,classical,fold_2,test,0.0,0.5,0.0,13901.0,1.0,12460.0,12460.0,7.430888517660123,0.5,6.930888517660123,0.6249910078411625,0.0,full_fill_at_mid_no_queue,0.8963383929213725,ok,
random_forest,classical,fold_2,test,0.0,1.0,0.0,13901.0,1.0,12460.0,12460.0,7.430888517660123,1.0,6.430888517660123,0.6249910078411625,0.0,full_fill_at_mid_no_queue,0.8963383929213725,ok,
random_forest,classical,fold_2,test,0.0,5.0,0.0,13901.0,1.0,12460.0,12460.0,7.430888517660123,5.0,2.430888517660123,0.6249910078411625,0.0,full_fill_at_mid_no_queue,0.8963383929213725,ok,
random_forest,classical,fold_2,test,0.0,0.0,1.0,13900.0,1.0,12459.0,12459.0,9.769680723323733,0.0,9.769680723323733,0.6250359712230216,-2.3387922056636095,full_fill_at_mid_no_queue,0.8963309352517985,ok,
random_forest,classical,fold_2,test,0.0,0.5,1.0,13900.0,1.0,12459.0,12459.0,9.769680723323733,0.5,9.269680723323733,0.6250359712230216,-2.3387922056636095,full_fill_at_mid_no_queue,0.8963309352517985,ok,
random_forest,classical,fold_2,test,0.0,1.0,1.0,13900.0,1.0,12459.0,12459.0,9.769680723323733,1.0,8.769680723323733,0.6250359712230216,-2.3387922056636095,full_fill_at_mid_no_queue,0.8963309352517985,ok,
random_forest,classical,fold_2,test,0.0,5.0,1.0,13900.0,1.0,12459.0,12459.0,9.769680723323733,5.0,4.769680723323733,0.6250359712230216,-2.3387922056636095,full_fill_at_mid_no_queue,0.8963309352517985,ok,
random_forest,classical,fold_2,test,0.5,0.0,0.0,6172.0,0.4439968347600892,5992.0,5992.0,4.567196559882352,0.0,4.567196559882352,0.7516202203499676,0.0,full_fill_at_mid_no_queue,0.9708360337005832,ok,
random_forest,classical,fold_2,test,0.5,0.5,0.0,6172.0,0.4439968347600892,5992.0,5992.0,4.567196559882352,0.5,4.067196559882352,0.7516202203499676,0.0,full_fill_at_mid_no_queue,0.9708360337005832,ok,
random_forest,classical,fold_2,test,0.5,1.0,0.0,6172.0,0.4439968347600892,5992.0,5992.0,4.567196559882352,1.0,3.567196559882352,0.7516202203499676,0.0,full_fill_at_mid_no_queue,0.9708360337005832,ok,
random_forest,classical,fold_2,test,0.5,5.0,0.0,6172.0,0.4439968347600892,5992.0,5992.0,4.567196559882352,5.0,-0.4328034401176479,0.7516202203499676,0.0,full_fill_at_mid_no_queue,0.9708360337005832,ok,
random_forest,classical,fold_2,test,0.5,0.0,1.0,6173.0,0.44410071942446044,5993.0,5993.0,4.527752892149749,0.0,4.527752892149749,0.7516604568281224,0.03944366773260288,full_fill_at_mid_no_queue,0.9708407581402884,ok,
random_forest,classical,fold_2,test,0.5,0.5,1.0,6173.0,0.44410071942446044,5993.0,5993.0,4.527752892149749,0.5,4.027752892149749,0.7516604568281224,0.03944366773260288,full_fill_at_mid_no_queue,0.9708407581402884,ok,
random_forest,classical,fold_2,test,0.5,1.0,1.0,6173.0,0.44410071942446044,5993.0,5993.0,4.527752892149749,1.0,3.527752892149749,0.7516604568281224,0.03944366773260288,full_fill_at_mid_no_queue,0.9708407581402884,ok,
random_forest,classical,fold_2,test,0.5,5.0,1.0,6173.0,0.44410071942446044,5993.0,5993.0,4.527752892149749,5.0,-0.4722471078502508,0.7516604568281224,0.03944366773260288,full_fill_at_mid_no_queue,0.9708407581402884,ok,
random_forest,classical,fold_2,test,0.6,0.0,0.0,2169.0,0.15603194014819077,2158.0,2158.0,-0.0464880486882658,0.0,-0.0464880486882658,0.81005071461503,0.0,full_fill_at_mid_no_queue,0.9949285384970032,ok,
random_forest,classical,fold_2,test,0.6,0.5,0.0,2169.0,0.15603194014819077,2158.0,2158.0,-0.0464880486882658,0.5,-0.5464880486882658,0.81005071461503,0.0,full_fill_at_mid_no_queue,0.9949285384970032,ok,
random_forest,classical,fold_2,test,0.6,1.0,0.0,2169.0,0.15603194014819077,2158.0,2158.0,-0.0464880486882658,1.0,-1.046488048688266,0.81005071461503,0.0,full_fill_at_mid_no_queue,0.9949285384970032,ok,
random_forest,classical,fold_2,test,0.6,5.0,0.0,2169.0,0.15603194014819077,2158.0,2158.0,-0.0464880486882658,5.0,-5.046488048688266,0.81005071461503,0.0,full_fill_at_mid_no_queue,0.9949285384970032,ok,
random_forest,classical,fold_2,test,0.6,0.0,1.0,2170.0,0.15611510791366906,2159.0,2159.0,-0.1802306042057425,0.0,-0.1802306042057425,0.8101382488479263,0.13374255551747669,full_fill_at_mid_no_queue,0.9949308755760369,ok,
random_forest,classical,fold_2,test,0.6,0.5,1.0,2170.0,0.15611510791366906,2159.0,2159.0,-0.1802306042057425,0.5,-0.6802306042057426,0.8101382488479263,0.13374255551747669,full_fill_at_mid_no_queue,0.9949308755760369,ok,
random_forest,classical,fold_2,test,0.6,1.0,1.0,2170.0,0.15611510791366906,2159.0,2159.0,-0.1802306042057425,1.0,-1.1802306042057429,0.8101382488479263,0.13374255551747669,full_fill_at_mid_no_queue,0.9949308755760369,ok,
random_forest,classical,fold_2,test,0.6,5.0,1.0,2170.0,0.15611510791366906,2159.0,2159.0,-0.1802306042057425,5.0,-5.180230604205742,0.8101382488479263,0.13374255551747669,full_fill_at_mid_no_queue,0.9949308755760369,ok,
random_forest,classical,fold_2,test,0.7,0.0,0.0,364.0,0.02618516653478167,363.0,363.0,0.0694847647976577,0.0,0.0694847647976577,0.8351648351648352,0.0,full_fill_at_mid_no_queue,0.9972527472527473,ok,
random_forest,classical,fold_2,test,0.7,0.5,0.0,364.0,0.02618516653478167,363.0,363.0,0.0694847647976577,0.5,-0.4305152352023422,0.8351648351648352,0.0,full_fill_at_mid_no_queue,0.9972527472527473,ok,
random_forest,classical,fold_2,test,0.7,1.0,0.0,364.0,0.02618516653478167,363.0,363.0,0.0694847647976577,1.0,-0.9305152352023424,0.8351648351648352,0.0,full_fill_at_mid_no_queue,0.9972527472527473,ok,
random_forest,classical,fold_2,test,0.7,5.0,0.0,364.0,0.02618516653478167,363.0,363.0,0.0694847647976577,5.0,-4.930515235202343,0.8351648351648352,0.0,full_fill_at_mid_no_queue,0.9972527472527473,ok,
random_forest,classical,fold_2,test,0.7,0.0,1.0,365.0,0.026258992805755395,364.0,364.0,-0.3653523657007569,0.0,-0.3653523657007569,0.8356164383561644,0.4348371304984146,full_fill_at_mid_no_queue,0.9972602739726028,ok,
random_forest,classical,fold_2,test,0.7,0.5,1.0,365.0,0.026258992805755395,364.0,364.0,-0.3653523657007569,0.5,-0.8653523657007569,0.8356164383561644,0.4348371304984146,full_fill_at_mid_no_queue,0.9972602739726028,ok,
random_forest,classical,fold_2,test,0.7,1.0,1.0,365.0,0.026258992805755395,364.0,364.0,-0.3653523657007569,1.0,-1.365352365700757,0.8356164383561644,0.4348371304984146,full_fill_at_mid_no_queue,0.9972602739726028,ok,
random_forest,classical,fold_2,test,0.7,5.0,1.0,365.0,0.026258992805755395,364.0,364.0,-0.3653523657007569,5.0,-5.3653523657007565,0.8356164383561644,0.4348371304984146,full_fill_at_mid_no_queue,0.9972602739726028,ok,
gradient_boosting,classical,fold_2,test,0.0,0.0,0.0,13901.0,1.0,13059.0,13059.0,22.291512684678825,0.0,22.291512684678825,0.6622545140637365,0.0,full_fill_at_mid_no_queue,0.9394288180706424,ok,
gradient_boosting,classical,fold_2,test,0.0,0.5,0.0,13901.0,1.0,13059.0,13059.0,22.291512684678825,0.5,21.791512684678825,0.6622545140637365,0.0,full_fill_at_mid_no_queue,0.9394288180706424,ok,
gradient_boosting,classical,fold_2,test,0.0,1.0,0.0,13901.0,1.0,13059.0,13059.0,22.291512684678825,1.0,21.291512684678825,0.6622545140637365,0.0,full_fill_at_mid_no_queue,0.9394288180706424,ok,
gradient_boosting,classical,fold_2,test,0.0,5.0,0.0,13901.0,1.0,13059.0,13059.0,22.291512684678825,5.0,17.291512684678825,0.6622545140637365,0.0,full_fill_at_mid_no_queue,0.9394288180706424,ok,
gradient_boosting,classical,fold_2,test,0.0,0.0,1.0,13900.0,1.0,13059.0,13059.0,21.758683561987173,0.0,21.758683561987173,0.6623021582733813,0.532829122691652,full_fill_at_mid_no_queue,0.9394964028776979,ok,
gradient_boosting,classical,fold_2,test,0.0,0.5,1.0,13900.0,1.0,13059.0,13059.0,21.758683561987173,0.5,21.258683561987173,0.6623021582733813,0.532829122691652,full_fill_at_mid_no_queue,0.9394964028776979,ok,
gradient_boosting,classical,fold_2,test,0.0,1.0,1.0,13900.0,1.0,13059.0,13059.0,21.758683561987173,1.0,20.758683561987173,0.6623021582733813,0.532829122691652,full_fill_at_mid_no_queue,0.9394964028776979,ok,
gradient_boosting,classical,fold_2,test,0.0,5.0,1.0,13900.0,1.0,13059.0,13059.0,21.758683561987173,5.0,16.758683561987173,0.6623021582733813,0.532829122691652,full_fill_at_mid_no_queue,0.9394964028776979,ok,
gradient_boosting,classical,fold_2,test,0.5,0.0,0.0,10477.0,0.7536867851233724,10316.0,10316.0,15.399576519422624,0.0,15.399576519422624,0.7405745919633483,0.0,full_fill_at_mid_no_queue,0.984633005631383,ok,
gradient_boosting,classical,fold_2,test,0.5,0.5,0.0,10477.0,0.7536867851233724,10316.0,10316.0,15.399576519422624,0.5,14.899576519422624,0.7405745919633483,0.0,full_fill_at_mid_no_queue,0.984633005631383,ok,
gradient_boosting,classical,fold_2,test,0.5,1.0,0.0,10477.0,0.7536867851233724,10316.0,10316.0,15.399576519422624,1.0,14.399576519422624,0.7405745919633483,0.0,full_fill_at_mid_no_queue,0.984633005631383,ok,
gradient_boosting,classical,fold_2,test,0.5,5.0,0.0,10477.0,0.7536867851233724,10316.0,10316.0,15.399576519422624,5.0,10.399576519422624,0.7405745919633483,0.0,full_fill_at_mid_no_queue,0.984633005631383,ok,
gradient_boosting,classical,fold_2,test,0.5,0.0,1.0,10477.0,0.7537410071942446,10316.0,10316.0,15.119197314616963,0.0,15.119197314616963,0.7405745919633483,0.28037920480566036,full_fill_at_mid_no_queue,0.984633005631383,ok,
gradient_boosting,classical,fold_2,test,0.5,0.5,1.0,10477.0,0.7537410071942446,10316.0,10316.0,15.119197314616963,0.5,14.619197314616963,0.7405745919633483,0.28037920480566036,full_fill_at_mid_no_queue,0.984633005631383,ok,
gradient_boosting,classical,fold_2,test,0.5,1.0,1.0,10477.0,0.7537410071942446,10316.0,10316.0,15.119197314616963,1.0,14.119197314616963,0.7405745919633483,0.28037920480566036,full_fill_at_mid_no_queue,0.984633005631383,ok,
gradient_boosting,classical,fold_2,test,0.5,5.0,1.0,10477.0,0.7537410071942446,10316.0,10316.0,15.119197314616963,5.0,10.119197314616963,0.7405745919633483,0.28037920480566036,full_fill_at_mid_no_queue,0.984633005631383,ok,
gradient_boosting,classical,fold_2,test,0.6,0.0,0.0,7701.0,0.5539889216603122,7683.0,7683.0,16.04552050384304,0.0,16.04552050384304,0.7898974159200104,0.0,full_fill_at_mid_no_queue,0.9976626412154266,ok,
gradient_boosting,classical,fold_2,test,0.6,0.5,0.0,7701.0,0.5539889216603122,7683.0,7683.0,16.04552050384304,0.5,15.54552050384304,0.7898974159200104,0.0,full_fill_at_mid_no_queue,0.9976626412154266,ok,
gradient_boosting,classical,fold_2,test,0.6,1.0,0.0,7701.0,0.5539889216603122,7683.0,7683.0,16.04552050384304,1.0,15.04552050384304,0.7898974159200104,0.0,full_fill_at_mid_no_queue,0.9976626412154266,ok,
gradient_boosting,classical,fold_2,test,0.6,5.0,0.0,7701.0,0.5539889216603122,7683.0,7683.0,16.04552050384304,5.0,11.04552050384304,0.7898974159200104,0.0,full_fill_at_mid_no_queue,0.9976626412154266,ok,
gradient_boosting,classical,fold_2,test,0.6,0.0,1.0,7701.0,0.5540287769784172,7683.0,7683.0,15.9969278286795,0.0,15.9969278286795,0.7898974159200104,0.04859267516354038,full_fill_at_mid_no_queue,0.9976626412154266,ok,
gradient_boosting,classical,fold_2,test,0.6,0.5,1.0,7701.0,0.5540287769784172,7683.0,7683.0,15.9969278286795,0.5,15.4969278286795,0.7898974159200104,0.04859267516354038,full_fill_at_mid_no_queue,0.9976626412154266,ok,
gradient_boosting,classical,fold_2,test,0.6,1.0,1.0,7701.0,0.5540287769784172,7683.0,7683.0,15.9969278286795,1.0,14.9969278286795,0.7898974159200104,0.04859267516354038,full_fill_at_mid_no_queue,0.9976626412154266,ok,
gradient_boosting,classical,fold_2,test,0.6,5.0,1.0,7701.0,0.5540287769784172,7683.0,7683.0,15.9969278286795,5.0,10.9969278286795,0.7898974159200104,0.04859267516354038,full_fill_at_mid_no_queue,0.9976626412154266,ok,
gradient_boosting,classical,fold_2,test,0.7,0.0,0.0,3717.0,0.2673908351917128,3715.0,3715.0,-0.275335685968047,0.0,-0.275335685968047,0.8568738229755178,0.0,full_fill_at_mid_no_queue,0.9994619316653215,ok,
gradient_boosting,classical,fold_2,test,0.7,0.5,0.0,3717.0,0.2673908351917128,3715.0,3715.0,-0.275335685968047,0.5,-0.775335685968047,0.8568738229755178,0.0,full_fill_at_mid_no_queue,0.9994619316653215,ok,
gradient_boosting,classical,fold_2,test,0.7,1.0,0.0,3717.0,0.2673908351917128,3715.0,3715.0,-0.275335685968047,1.0,-1.275335685968047,0.8568738229755178,0.0,full_fill_at_mid_no_queue,0.9994619316653215,ok,
gradient_boosting,classical,fold_2,test,0.7,5.0,0.0,3717.0,0.2673908351917128,3715.0,3715.0,-0.275335685968047,5.0,-5.275335685968047,0.8568738229755178,0.0,full_fill_at_mid_no_queue,0.9994619316653215,ok,
gradient_boosting,classical,fold_2,test,0.7,0.0,1.0,3718.0,0.26748201438848923,3716.0,3716.0,-0.2991064673828195,0.0,-0.2991064673828195,0.85691231845078,0.023770781414772513,full_fill_at_mid_no_queue,0.9994620763851533,ok,
gradient_boosting,classical,fold_2,test,0.7,0.5,1.0,3718.0,0.26748201438848923,3716.0,3716.0,-0.2991064673828195,0.5,-0.7991064673828195,0.85691231845078,0.023770781414772513,full_fill_at_mid_no_queue,0.9994620763851533,ok,
gradient_boosting,classical,fold_2,test,0.7,1.0,1.0,3718.0,0.26748201438848923,3716.0,3716.0,-0.2991064673828195,1.0,-1.2991064673828197,0.85691231845078,0.023770781414772513,full_fill_at_mid_no_queue,0.9994620763851533,ok,
gradient_boosting,classical,fold_2,test,0.7,5.0,1.0,3718.0,0.26748201438848923,3716.0,3716.0,-0.2991064673828195,5.0,-5.29910646738282,0.85691231845078,0.023770781414772513,full_fill_at_mid_no_queue,0.9994620763851533,ok,
majority,classical,fold_3,test,0.0,0.0,0.0,13860.0,1.0,13860.0,13860.0,26.393222553504373,0.0,26.393222553504373,0.5805194805194805,0.0,full_fill_at_mid_no_queue,1.0,ok,
majority,classical,fold_3,test,0.0,0.5,0.0,13860.0,1.0,13860.0,13860.0,26.393222553504373,0.5,25.893222553504373,0.5805194805194805,0.0,full_fill_at_mid_no_queue,1.0,ok,
majority,classical,fold_3,test,0.0,1.0,0.0,13860.0,1.0,13860.0,13860.0,26.393222553504373,1.0,25.393222553504373,0.5805194805194805,0.0,full_fill_at_mid_no_queue,1.0,ok,
majority,classical,fold_3,test,0.0,5.0,0.0,13860.0,1.0,13860.0,13860.0,26.393222553504373,5.0,21.393222553504373,0.5805194805194805,0.0,full_fill_at_mid_no_queue,1.0,ok,
majority,classical,fold_3,test,0.0,0.0,1.0,13859.0,1.0,13859.0,13859.0,26.39512296830737,0.0,26.39512296830737,0.5805613680640739,-0.0019004148029964085,full_fill_at_mid_no_queue,1.0,ok,
majority,classical,fold_3,test,0.0,0.5,1.0,13859.0,1.0,13859.0,13859.0,26.39512296830737,0.5,25.89512296830737,0.5805613680640739,-0.0019004148029964085,full_fill_at_mid_no_queue,1.0,ok,
majority,classical,fold_3,test,0.0,1.0,1.0,13859.0,1.0,13859.0,13859.0,26.39512296830737,1.0,25.39512296830737,0.5805613680640739,-0.0019004148029964085,full_fill_at_mid_no_queue,1.0,ok,
majority,classical,fold_3,test,0.0,5.0,1.0,13859.0,1.0,13859.0,13859.0,26.39512296830737,5.0,21.39512296830737,0.5805613680640739,-0.0019004148029964085,full_fill_at_mid_no_queue,1.0,ok,
majority,classical,fold_3,test,0.5,0.0,0.0,13860.0,1.0,13860.0,13860.0,26.393222553504373,0.0,26.393222553504373,0.5805194805194805,0.0,full_fill_at_mid_no_queue,1.0,ok,
majority,classical,fold_3,test,0.5,0.5,0.0,13860.0,1.0,13860.0,13860.0,26.393222553504373,0.5,25.893222553504373,0.5805194805194805,0.0,full_fill_at_mid_no_queue,1.0,ok,
majority,classical,fold_3,test,0.5,1.0,0.0,13860.0,1.0,13860.0,13860.0,26.393222553504373,1.0,25.393222553504373,0.5805194805194805,0.0,full_fill_at_mid_no_queue,1.0,ok,
majority,classical,fold_3,test,0.5,5.0,0.0,13860.0,1.0,13860.0,13860.0,26.393222553504373,5.0,21.393222553504373,0.5805194805194805,0.0,full_fill_at_mid_no_queue,1.0,ok,
majority,classical,fold_3,test,0.5,0.0,1.0,13859.0,1.0,13859.0,13859.0,26.39512296830737,0.0,26.39512296830737,0.5805613680640739,-0.0019004148029964085,full_fill_at_mid_no_queue,1.0,ok,
majority,classical,fold_3,test,0.5,0.5,1.0,13859.0,1.0,13859.0,13859.0,26.39512296830737,0.5,25.89512296830737,0.5805613680640739,-0.0019004148029964085,full_fill_at_mid_no_queue,1.0,ok,
majority,classical,fold_3,test,0.5,1.0,1.0,13859.0,1.0,13859.0,13859.0,26.39512296830737,1.0,25.39512296830737,0.5805613680640739,-0.0019004148029964085,full_fill_at_mid_no_queue,1.0,ok,
majority,classical,fold_3,test,0.5,5.0,1.0,13859.0,1.0,13859.0,13859.0,26.39512296830737,5.0,21.39512296830737,0.5805613680640739,-0.0019004148029964085,full_fill_at_mid_no_queue,1.0,ok,
majority,classical,fold_3,test,0.6,0.0,0.0,13860.0,1.0,13860.0,13860.0,26.393222553504373,0.0,26.393222553504373,0.5805194805194805,0.0,full_fill_at_mid_no_queue,1.0,ok,
majority,classical,fold_3,test,0.6,0.5,0.0,13860.0,1.0,13860.0,13860.0,26.393222553504373,0.5,25.893222553504373,0.5805194805194805,0.0,full_fill_at_mid_no_queue,1.0,ok,
majority,classical,fold_3,test,0.6,1.0,0.0,13860.0,1.0,13860.0,13860.0,26.393222553504373,1.0,25.393222553504373,0.5805194805194805,0.0,full_fill_at_mid_no_queue,1.0,ok,
majority,classical,fold_3,test,0.6,5.0,0.0,13860.0,1.0,13860.0,13860.0,26.393222553504373,5.0,21.393222553504373,0.5805194805194805,0.0,full_fill_at_mid_no_queue,1.0,ok,
majority,classical,fold_3,test,0.6,0.0,1.0,13859.0,1.0,13859.0,13859.0,26.39512296830737,0.0,26.39512296830737,0.5805613680640739,-0.0019004148029964085,full_fill_at_mid_no_queue,1.0,ok,
majority,classical,fold_3,test,0.6,0.5,1.0,13859.0,1.0,13859.0,13859.0,26.39512296830737,0.5,25.89512296830737,0.5805613680640739,-0.0019004148029964085,full_fill_at_mid_no_queue,1.0,ok,
majority,classical,fold_3,test,0.6,1.0,1.0,13859.0,1.0,13859.0,13859.0,26.39512296830737,1.0,25.39512296830737,0.5805613680640739,-0.0019004148029964085,full_fill_at_mid_no_queue,1.0,ok,
majority,classical,fold_3,test,0.6,5.0,1.0,13859.0,1.0,13859.0,13859.0,26.39512296830737,5.0,21.39512296830737,0.5805613680640739,-0.0019004148029964085,full_fill_at_mid_no_queue,1.0,ok,
majority,classical,fold_3,test,0.7,0.0,0.0,0.0,0.0,0.0,0.0,0.0,0.0,0.0,0.0,0.0,full_fill_at_mid_no_queue,,ok,
majority,classical,fold_3,test,0.7,0.5,0.0,0.0,0.0,0.0,0.0,0.0,0.0,0.0,0.0,0.0,full_fill_at_mid_no_queue,,ok,
majority,classical,fold_3,test,0.7,1.0,0.0,0.0,0.0,0.0,0.0,0.0,0.0,0.0,0.0,0.0,full_fill_at_mid_no_queue,,ok,
majority,classical,fold_3,test,0.7,5.0,0.0,0.0,0.0,0.0,0.0,0.0,0.0,0.0,0.0,0.0,full_fill_at_mid_no_queue,,ok,
majority,classical,fold_3,test,0.7,0.0,1.0,0.0,0.0,0.0,0.0,0.0,0.0,0.0,0.0,0.0,full_fill_at_mid_no_queue,,ok,
majority,classical,fold_3,test,0.7,0.5,1.0,0.0,0.0,0.0,0.0,0.0,0.0,0.0,0.0,0.0,full_fill_at_mid_no_queue,,ok,
majority,classical,fold_3,test,0.7,1.0,1.0,0.0,0.0,0.0,0.0,0.0,0.0,0.0,0.0,0.0,full_fill_at_mid_no_queue,,ok,
majority,classical,fold_3,test,0.7,5.0,1.0,0.0,0.0,0.0,0.0,0.0,0.0,0.0,0.0,0.0,full_fill_at_mid_no_queue,,ok,
logistic,classical,fold_3,test,0.0,0.0,0.0,13860.0,1.0,13229.0,13229.0,22.34658201785259,0.0,22.34658201785259,0.5983405483405484,0.0,full_fill_at_mid_no_queue,0.9544733044733045,ok,
logistic,classical,fold_3,test,0.0,0.5,0.0,13860.0,1.0,13229.0,13229.0,22.34658201785259,0.5,21.84658201785259,0.5983405483405484,0.0,full_fill_at_mid_no_queue,0.9544733044733045,ok,
logistic,classical,fold_3,test,0.0,1.0,0.0,13860.0,1.0,13229.0,13229.0,22.34658201785259,1.0,21.34658201785259,0.5983405483405484,0.0,full_fill_at_mid_no_queue,0.9544733044733045,ok,
logistic,classical,fold_3,test,0.0,5.0,0.0,13860.0,1.0,13229.0,13229.0,22.34658201785259,5.0,17.34658201785259,0.5983405483405484,0.0,full_fill_at_mid_no_queue,0.9544733044733045,ok,
logistic,classical,fold_3,test,0.0,0.0,1.0,13859.0,1.0,13228.0,13228.0,22.19332262385091,0.0,22.19332262385091,0.5983837217692474,0.15325939400167954,full_fill_at_mid_no_queue,0.9544700194819251,ok,
logistic,classical,fold_3,test,0.0,0.5,1.0,13859.0,1.0,13228.0,13228.0,22.19332262385091,0.5,21.69332262385091,0.5983837217692474,0.15325939400167954,full_fill_at_mid_no_queue,0.9544700194819251,ok,
logistic,classical,fold_3,test,0.0,1.0,1.0,13859.0,1.0,13228.0,13228.0,22.19332262385091,1.0,21.19332262385091,0.5983837217692474,0.15325939400167954,full_fill_at_mid_no_queue,0.9544700194819251,ok,
logistic,classical,fold_3,test,0.0,5.0,1.0,13859.0,1.0,13228.0,13228.0,22.19332262385091,5.0,17.19332262385091,0.5983837217692474,0.15325939400167954,full_fill_at_mid_no_queue,0.9544700194819251,ok,
logistic,classical,fold_3,test,0.5,0.0,0.0,9817.0,0.7082972582972583,9675.0,9675.0,25.92695211037126,0.0,25.92695211037126,0.6546806560048894,0.0,full_fill_at_mid_no_queue,0.985535295915249,ok,
logistic,classical,fold_3,test,0.5,0.5,0.0,9817.0,0.7082972582972583,9675.0,9675.0,25.92695211037126,0.5,25.42695211037126,0.6546806560048894,0.0,full_fill_at_mid_no_queue,0.985535295915249,ok,
logistic,classical,fold_3,test,0.5,1.0,0.0,9817.0,0.7082972582972583,9675.0,9675.0,25.92695211037126,1.0,24.92695211037126,0.6546806560048894,0.0,full_fill_at_mid_no_queue,0.985535295915249,ok,
logistic,classical,fold_3,test,0.5,5.0,0.0,9817.0,0.7082972582972583,9675.0,9675.0,25.92695211037126,5.0,20.92695211037126,0.6546806560048894,0.0,full_fill_at_mid_no_queue,0.985535295915249,ok,
logistic,classical,fold_3,test,0.5,0.0,1.0,9815.0,0.7082040551266325,9673.0,9673.0,25.84035110046475,0.0,25.84035110046475,0.6547121752419766,0.08660100990650932,full_fill_at_mid_no_queue,0.9855323484462557,ok,
logistic,classical,fold_3,test,0.5,0.5,1.0,9815.0,0.7082040551266325,9673.0,9673.0,25.84035110046475,0.5,25.34035110046475,0.6547121752419766,0.08660100990650932,full_fill_at_mid_no_queue,0.9855323484462557,ok,
logistic,classical,fold_3,test,0.5,1.0,1.0,9815.0,0.7082040551266325,9673.0,9673.0,25.84035110046475,1.0,24.84035110046475,0.6547121752419766,0.08660100990650932,full_fill_at_mid_no_queue,0.9855323484462557,ok,
logistic,classical,fold_3,test,0.5,5.0,1.0,9815.0,0.7082040551266325,9673.0,9673.0,25.84035110046475,5.0,20.84035110046475,0.6547121752419766,0.08660100990650932,full_fill_at_mid_no_queue,0.9855323484462557,ok,
logistic,classical,fold_3,test,0.6,0.0,0.0,6496.0,0.4686868686868687,6430.0,6430.0,26.54433729523796,0.0,26.54433729523796,0.6985837438423645,0.0,full_fill_at_mid_no_queue,0.9898399014778325,ok,
logistic,classical,fold_3,test,0.6,0.5,0.0,6496.0,0.4686868686868687,6430.0,6430.0,26.54433729523796,0.5,26.04433729523796,0.6985837438423645,0.0,full_fill_at_mid_no_queue,0.9898399014778325,ok,
logistic,classical,fold_3,test,0.6,1.0,0.0,6496.0,0.4686868686868687,6430.0,6430.0,26.54433729523796,1.0,25.54433729523796,0.6985837438423645,0.0,full_fill_at_mid_no_queue,0.9898399014778325,ok,
logistic,classical,fold_3,test,0.6,5.0,0.0,6496.0,0.4686868686868687,6430.0,6430.0,26.54433729523796,5.0,21.54433729523796,0.6985837438423645,0.0,full_fill_at_mid_no_queue,0.9898399014778325,ok,
logistic,classical,fold_3,test,0.6,0.0,1.0,6495.0,0.46864853164008946,6429.0,6429.0,21.02194643343294,0.0,21.02194643343294,0.6986913010007698,5.522390861805018,full_fill_at_mid_no_queue,0.9898383371824481,ok,
logistic,classical,fold_3,test,0.6,0.5,1.0,6495.0,0.46864853164008946,6429.0,6429.0,21.02194643343294,0.5,20.52194643343294,0.6986913010007698,5.522390861805018,full_fill_at_mid_no_queue,0.9898383371824481,ok,
logistic,classical,fold_3,test,0.6,1.0,1.0,6495.0,0.46864853164008946,6429.0,6429.0,21.02194643343294,1.0,20.02194643343294,0.6986913010007698,5.522390861805018,full_fill_at_mid_no_queue,0.9898383371824481,ok,
logistic,classical,fold_3,test,0.6,5.0,1.0,6495.0,0.46864853164008946,6429.0,6429.0,21.02194643343294,5.0,16.02194643343294,0.6986913010007698,5.522390861805018,full_fill_at_mid_no_queue,0.9898383371824481,ok,
logistic,classical,fold_3,test,0.7,0.0,0.0,3288.0,0.23722943722943723,3250.0,3250.0,31.96117270763948,0.0,31.96117270763948,0.7609489051094891,0.0,full_fill_at_mid_no_queue,0.9884428223844283,ok,
logistic,classical,fold_3,test,0.7,0.5,0.0,3288.0,0.23722943722943723,3250.0,3250.0,31.96117270763948,0.5,31.46117270763948,0.7609489051094891,0.0,full_fill_at_mid_no_queue,0.9884428223844283,ok,
logistic,classical,fold_3,test,0.7,1.0,0.0,3288.0,0.23722943722943723,3250.0,3250.0,31.96117270763948,1.0,30.96117270763948,0.7609489051094891,0.0,full_fill_at_mid_no_queue,0.9884428223844283,ok,
logistic,classical,fold_3,test,0.7,5.0,0.0,3288.0,0.23722943722943723,3250.0,3250.0,31.96117270763948,5.0,26.96117270763948,0.7609489051094891,0.0,full_fill_at_mid_no_queue,0.9884428223844283,ok,
logistic,classical,fold_3,test,0.7,0.0,1.0,3287.0,0.23717439930730932,3249.0,3249.0,20.834704777230684,0.0,20.834704777230684,0.7611804076665653,11.126467930408797,full_fill_at_mid_no_queue,0.9884393063583815,ok,
logistic,classical,fold_3,test,0.7,0.5,1.0,3287.0,0.23717439930730932,3249.0,3249.0,20.834704777230684,0.5,20.334704777230684,0.7611804076665653,11.126467930408797,full_fill_at_mid_no_queue,0.9884393063583815,ok,
logistic,classical,fold_3,test,0.7,1.0,1.0,3287.0,0.23717439930730932,3249.0,3249.0,20.834704777230684,1.0,19.834704777230684,0.7611804076665653,11.126467930408797,full_fill_at_mid_no_queue,0.9884393063583815,ok,
logistic,classical,fold_3,test,0.7,5.0,1.0,3287.0,0.23717439930730932,3249.0,3249.0,20.834704777230684,5.0,15.834704777230684,0.7611804076665653,11.126467930408797,full_fill_at_mid_no_queue,0.9884393063583815,ok,
elastic_net,classical,fold_3,test,0.0,0.0,0.0,13860.0,1.0,13232.0,13232.0,22.34417084570848,0.0,22.34417084570848,0.5983405483405484,0.0,full_fill_at_mid_no_queue,0.9546897546897547,ok,
elastic_net,classical,fold_3,test,0.0,0.5,0.0,13860.0,1.0,13232.0,13232.0,22.34417084570848,0.5,21.84417084570848,0.5983405483405484,0.0,full_fill_at_mid_no_queue,0.9546897546897547,ok,
elastic_net,classical,fold_3,test,0.0,1.0,0.0,13860.0,1.0,13232.0,13232.0,22.34417084570848,1.0,21.34417084570848,0.5983405483405484,0.0,full_fill_at_mid_no_queue,0.9546897546897547,ok,
elastic_net,classical,fold_3,test,0.0,5.0,0.0,13860.0,1.0,13232.0,13232.0,22.34417084570848,5.0,17.344170845708476,0.5983405483405484,0.0,full_fill_at_mid_no_queue,0.9546897546897547,ok,
elastic_net,classical,fold_3,test,0.0,0.0,1.0,13859.0,1.0,13231.0,13231.0,22.169788811944105,0.0,22.169788811944105,0.5983837217692474,0.174382033764374,full_fill_at_mid_no_queue,0.9546864853164009,ok,
elastic_net,classical,fold_3,test,0.0,0.5,1.0,13859.0,1.0,13231.0,13231.0,22.169788811944105,0.5,21.669788811944105,0.5983837217692474,0.174382033764374,full_fill_at_mid_no_queue,0.9546864853164009,ok,
elastic_net,classical,fold_3,test,0.0,1.0,1.0,13859.0,1.0,13231.0,13231.0,22.169788811944105,1.0,21.169788811944105,0.5983837217692474,0.174382033764374,full_fill_at_mid_no_queue,0.9546864853164009,ok,
elastic_net,classical,fold_3,test,0.0,5.0,1.0,13859.0,1.0,13231.0,13231.0,22.169788811944105,5.0,17.169788811944102,0.5983837217692474,0.174382033764374,full_fill_at_mid_no_queue,0.9546864853164009,ok,
elastic_net,classical,fold_3,test,0.5,0.0,0.0,9811.0,0.7078643578643579,9672.0,9672.0,25.939381928475356,0.0,25.939381928475356,0.6549791050861278,0.0,full_fill_at_mid_no_queue,0.9858322291305678,ok,
elastic_net,classical,fold_3,test,0.5,0.5,0.0,9811.0,0.7078643578643579,9672.0,9672.0,25.939381928475356,0.5,25.439381928475356,0.6549791050861278,0.0,full_fill_at_mid_no_queue,0.9858322291305678,ok,
elastic_net,classical,fold_3,test,0.5,1.0,0.0,9811.0,0.7078643578643579,9672.0,9672.0,25.939381928475356,1.0,24.939381928475356,0.6549791050861278,0.0,full_fill_at_mid_no_queue,0.9858322291305678,ok,
elastic_net,classical,fold_3,test,0.5,5.0,0.0,9811.0,0.7078643578643579,9672.0,9672.0,25.939381928475356,5.0,20.939381928475356,0.6549791050861278,0.0,full_fill_at_mid_no_queue,0.9858322291305678,ok,
elastic_net,classical,fold_3,test,0.5,0.0,1.0,9809.0,0.7077711234576809,9670.0,9670.0,25.862488666451227,0.0,25.862488666451227,0.6550107044550922,0.07689326202412872,full_fill_at_mid_no_queue,0.9858293404016719,ok,
elastic_net,classical,fold_3,test,0.5,0.5,1.0,9809.0,0.7077711234576809,9670.0,9670.0,25.862488666451227,0.5,25.362488666451227,0.6550107044550922,0.07689326202412872,full_fill_at_mid_no_queue,0.9858293404016719,ok,
elastic_net,classical,fold_3,test,0.5,1.0,1.0,9809.0,0.7077711234576809,9670.0,9670.0,25.862488666451227,1.0,24.862488666451227,0.6550107044550922,0.07689326202412872,full_fill_at_mid_no_queue,0.9858293404016719,ok,
elastic_net,classical,fold_3,test,0.5,5.0,1.0,9809.0,0.7077711234576809,9670.0,9670.0,25.862488666451227,5.0,20.862488666451227,0.6550107044550922,0.07689326202412872,full_fill_at_mid_no_queue,0.9858293404016719,ok,
elastic_net,classical,fold_3,test,0.6,0.0,0.0,6500.0,0.468975468975469,6434.0,6434.0,26.56309602668152,0.0,26.56309602668152,0.6989230769230769,0.0,full_fill_at_mid_no_queue,0.9898461538461538,ok,
elastic_net,classical,fold_3,test,0.6,0.5,0.0,6500.0,0.468975468975469,6434.0,6434.0,26.56309602668152,0.5,26.06309602668152,0.6989230769230769,0.0,full_fill_at_mid_no_queue,0.9898461538461538,ok,
elastic_net,classical,fold_3,test,0.6,1.0,0.0,6500.0,0.468975468975469,6434.0,6434.0,26.56309602668152,1.0,25.56309602668152,0.6989230769230769,0.0,full_fill_at_mid_no_queue,0.9898461538461538,ok,
elastic_net,classical,fold_3,test,0.6,5.0,0.0,6500.0,0.468975468975469,6434.0,6434.0,26.56309602668152,5.0,21.56309602668152,0.6989230769230769,0.0,full_fill_at_mid_no_queue,0.9898461538461538,ok,
elastic_net,classical,fold_3,test,0.6,0.0,1.0,6499.0,0.46893715275272385,6433.0,6433.0,21.015762040823287,0.0,21.015762040823287,0.6990306200953993,5.547333985858234,full_fill_at_mid_no_queue,0.9898445914756117,ok,
elastic_net,classical,fold_3,test,0.6,0.5,1.0,6499.0,0.46893715275272385,6433.0,6433.0,21.015762040823287,0.5,20.515762040823287,0.6990306200953993,5.547333985858234,full_fill_at_mid_no_queue,0.9898445914756117,ok,
elastic_net,classical,fold_3,test,0.6,1.0,1.0,6499.0,0.46893715275272385,6433.0,6433.0,21.015762040823287,1.0,20.015762040823287,0.6990306200953993,5.547333985858234,full_fill_at_mid_no_queue,0.9898445914756117,ok,
elastic_net,classical,fold_3,test,0.6,5.0,1.0,6499.0,0.46893715275272385,6433.0,6433.0,21.015762040823287,5.0,16.015762040823287,0.6990306200953993,5.547333985858234,full_fill_at_mid_no_queue,0.9898445914756117,ok,
elastic_net,classical,fold_3,test,0.7,0.0,0.0,3286.0,0.2370851370851371,3248.0,3248.0,31.99666769014166,0.0,31.99666769014166,0.7601947656725502,0.0,full_fill_at_mid_no_queue,0.9884357881923311,ok,
elastic_net,classical,fold_3,test,0.7,0.5,0.0,3286.0,0.2370851370851371,3248.0,3248.0,31.99666769014166,0.5,31.49666769014166,0.7601947656725502,0.0,full_fill_at_mid_no_queue,0.9884357881923311,ok,
elastic_net,classical,fold_3,test,0.7,1.0,0.0,3286.0,0.2370851370851371,3248.0,3248.0,31.99666769014166,1.0,30.99666769014166,0.7601947656725502,0.0,full_fill_at_mid_no_queue,0.9884357881923311,ok,
elastic_net,classical,fold_3,test,0.7,5.0,0.0,3286.0,0.2370851370851371,3248.0,3248.0,31.99666769014166,5.0,26.99666769014166,0.7601947656725502,0.0,full_fill_at_mid_no_queue,0.9884357881923311,ok,
elastic_net,classical,fold_3,test,0.7,0.0,1.0,3285.0,0.23703008875099213,3247.0,3247.0,20.863355306693155,0.0,20.863355306693155,0.7604261796042618,11.133312383448505,full_fill_at_mid_no_queue,0.9884322678843227,ok,
elastic_net,classical,fold_3,test,0.7,0.5,1.0,3285.0,0.23703008875099213,3247.0,3247.0,20.863355306693155,0.5,20.363355306693155,0.7604261796042618,11.133312383448505,full_fill_at_mid_no_queue,0.9884322678843227,ok,
elastic_net,classical,fold_3,test,0.7,1.0,1.0,3285.0,0.23703008875099213,3247.0,3247.0,20.863355306693155,1.0,19.863355306693155,0.7604261796042618,11.133312383448505,full_fill_at_mid_no_queue,0.9884322678843227,ok,
elastic_net,classical,fold_3,test,0.7,5.0,1.0,3285.0,0.23703008875099213,3247.0,3247.0,20.863355306693155,5.0,15.863355306693157,0.7604261796042618,11.133312383448505,full_fill_at_mid_no_queue,0.9884322678843227,ok,
random_forest,classical,fold_3,test,0.0,0.0,0.0,13860.0,1.0,12906.0,12906.0,11.47657138863418,0.0,11.47657138863418,0.5839826839826839,0.0,full_fill_at_mid_no_queue,0.9311688311688312,ok,
random_forest,classical,fold_3,test,0.0,0.5,0.0,13860.0,1.0,12906.0,12906.0,11.47657138863418,0.5,10.97657138863418,0.5839826839826839,0.0,full_fill_at_mid_no_queue,0.9311688311688312,ok,
random_forest,classical,fold_3,test,0.0,1.0,0.0,13860.0,1.0,12906.0,12906.0,11.47657138863418,1.0,10.47657138863418,0.5839826839826839,0.0,full_fill_at_mid_no_queue,0.9311688311688312,ok,
random_forest,classical,fold_3,test,0.0,5.0,0.0,13860.0,1.0,12906.0,12906.0,11.47657138863418,5.0,6.476571388634179,0.5839826839826839,0.0,full_fill_at_mid_no_queue,0.9311688311688312,ok,
random_forest,classical,fold_3,test,0.0,0.0,1.0,13859.0,1.0,12905.0,12905.0,11.093769224413364,0.0,11.093769224413364,0.5840248214156866,0.38280216422081637,full_fill_at_mid_no_queue,0.9311638646366982,ok,
random_forest,classical,fold_3,test,0.0,0.5,1.0,13859.0,1.0,12905.0,12905.0,11.093769224413364,0.5,10.593769224413364,0.5840248214156866,0.38280216422081637,full_fill_at_mid_no_queue,0.9311638646366982,ok,
random_forest,classical,fold_3,test,0.0,1.0,1.0,13859.0,1.0,12905.0,12905.0,11.093769224413364,1.0,10.093769224413364,0.5840248214156866,0.38280216422081637,full_fill_at_mid_no_queue,0.9311638646366982,ok,
random_forest,classical,fold_3,test,0.0,5.0,1.0,13859.0,1.0,12905.0,12905.0,11.093769224413364,5.0,6.0937692244133626,0.5840248214156866,0.38280216422081637,full_fill_at_mid_no_queue,0.9311638646366982,ok,
random_forest,classical,fold_3,test,0.5,0.0,0.0,6390.0,0.461038961038961,6286.0,6286.0,11.25900879000422,0.0,11.25900879000422,0.687793427230047,0.0,full_fill_at_mid_no_queue,0.9837245696400626,ok,
random_forest,classical,fold_3,test,0.5,0.5,0.0,6390.0,0.461038961038961,6286.0,6286.0,11.25900879000422,0.5,10.75900879000422,0.687793427230047,0.0,full_fill_at_mid_no_queue,0.9837245696400626,ok,
random_forest,classical,fold_3,test,0.5,1.0,0.0,6390.0,0.461038961038961,6286.0,6286.0,11.25900879000422,1.0,10.25900879000422,0.687793427230047,0.0,full_fill_at_mid_no_queue,0.9837245696400626,ok,
random_forest,classical,fold_3,test,0.5,5.0,0.0,6390.0,0.461038961038961,6286.0,6286.0,11.25900879000422,5.0,6.25900879000422,0.687793427230047,0.0,full_fill_at_mid_no_queue,0.9837245696400626,ok,
random_forest,classical,fold_3,test,0.5,0.0,1.0,6389.0,0.46100007215527816,6285.0,6285.0,5.396465753483159,0.0,5.396465753483159,0.6879010799812177,5.862543036521061,full_fill_at_mid_no_queue,0.9837220222257004,ok,
random_forest,classical,fold_3,test,0.5,0.5,1.0,6389.0,0.46100007215527816,6285.0,6285.0,5.396465753483159,0.5,4.896465753483159,0.6879010799812177,5.862543036521061,full_fill_at_mid_no_queue,0.9837220222257004,ok,
random_forest,classical,fold_3,test,0.5,1.0,1.0,6389.0,0.46100007215527816,6285.0,6285.0,5.396465753483159,1.0,4.396465753483159,0.6879010799812177,5.862543036521061,full_fill_at_mid_no_queue,0.9837220222257004,ok,
random_forest,classical,fold_3,test,0.5,5.0,1.0,6389.0,0.46100007215527816,6285.0,6285.0,5.396465753483159,5.0,0.3964657534831586,0.6879010799812177,5.862543036521061,full_fill_at_mid_no_queue,0.9837220222257004,ok,
random_forest,classical,fold_3,test,0.6,0.0,0.0,2361.0,0.17034632034632036,2352.0,2352.0,15.003956558179077,0.0,15.003956558179077,0.7530707327403643,0.0,full_fill_at_mid_no_queue,0.9961880559085133,ok,
random_forest,classical,fold_3,test,0.6,0.5,0.0,2361.0,0.17034632034632036,2352.0,2352.0,15.003956558179077,0.5,14.503956558179077,0.7530707327403643,0.0,full_fill_at_mid_no_queue,0.9961880559085133,ok,
random_forest,classical,fold_3,test,0.6,1.0,0.0,2361.0,0.17034632034632036,2352.0,2352.0,15.003956558179077,1.0,14.003956558179077,0.7530707327403643,0.0,full_fill_at_mid_no_queue,0.9961880559085133,ok,
random_forest,classical,fold_3,test,0.6,5.0,0.0,2361.0,0.17034632034632036,2352.0,2352.0,15.003956558179077,5.0,10.003956558179077,0.7530707327403643,0.0,full_fill_at_mid_no_queue,0.9961880559085133,ok,
random_forest,classical,fold_3,test,0.6,0.0,1.0,2361.0,0.17035861173244823,2352.0,2352.0,0.0290798117596329,0.0,0.0290798117596329,0.7534942820838628,14.974876746419444,full_fill_at_mid_no_queue,0.9961880559085133,ok,
random_forest,classical,fold_3,test,0.6,0.5,1.0,2361.0,0.17035861173244823,2352.0,2352.0,0.0290798117596329,0.5,-0.470920188240367,0.7534942820838628,14.974876746419444,full_fill_at_mid_no_queue,0.9961880559085133,ok,
random_forest,classical,fold_3,test,0.6,1.0,1.0,2361.0,0.17035861173244823,2352.0,2352.0,0.0290798117596329,1.0,-0.9709201882403672,0.7534942820838628,14.974876746419444,full_fill_at_mid_no_queue,0.9961880559085133,ok,
random_forest,classical,fold_3,test,0.6,5.0,1.0,2361.0,0.17035861173244823,2352.0,2352.0,0.0290798117596329,5.0,-4.970920188240367,0.7534942820838628,14.974876746419444,full_fill_at_mid_no_queue,0.9961880559085133,ok,
random_forest,classical,fold_3,test,0.7,0.0,0.0,424.0,0.030591630591630593,423.0,423.0,1.0854064697771693,0.0,1.0854064697771693,0.7735849056603774,0.0,full_fill_at_mid_no_queue,0.9976415094339622,ok,
random_forest,classical,fold_3,test,0.7,0.5,0.0,424.0,0.030591630591630593,423.0,423.0,1.0854064697771693,0.5,0.5854064697771693,0.7735849056603774,0.0,full_fill_at_mid_no_queue,0.9976415094339622,ok,
random_forest,classical,fold_3,test,0.7,1.0,0.0,424.0,0.030591630591630593,423.0,423.0,1.0854064697771693,1.0,0.0854064697771692,0.7735849056603774,0.0,full_fill_at_mid_no_queue,0.9976415094339622,ok,
random_forest,classical,fold_3,test,0.7,5.0,0.0,424.0,0.030591630591630593,423.0,423.0,1.0854064697771693,5.0,-3.914593530222831,0.7735849056603774,0.0,full_fill_at_mid_no_queue,0.9976415094339622,ok,
random_forest,classical,fold_3,test,0.7,0.0,1.0,425.0,0.030665993217403854,424.0,424.0,0.9714433310154243,0.0,0.9714433310154243,0.7741176470588236,0.11396313876174491,full_fill_at_mid_no_queue,0.9976470588235294,ok,
random_forest,classical,fold_3,test,0.7,0.5,1.0,425.0,0.030665993217403854,424.0,424.0,0.9714433310154243,0.5,0.4714433310154244,0.7741176470588236,0.11396313876174491,full_fill_at_mid_no_queue,0.9976470588235294,ok,
random_forest,classical,fold_3,test,0.7,1.0,1.0,425.0,0.030665993217403854,424.0,424.0,0.9714433310154243,1.0,-0.0285566689845755,0.7741176470588236,0.11396313876174491,full_fill_at_mid_no_queue,0.9976470588235294,ok,
random_forest,classical,fold_3,test,0.7,5.0,1.0,425.0,0.030665993217403854,424.0,424.0,0.9714433310154243,5.0,-4.028556668984575,0.7741176470588236,0.11396313876174491,full_fill_at_mid_no_queue,0.9976470588235294,ok,
gradient_boosting,classical,fold_3,test,0.0,0.0,0.0,13860.0,1.0,13130.0,13130.0,14.82879194225714,0.0,14.82879194225714,0.617027417027417,0.0,full_fill_at_mid_no_queue,0.9473304473304474,ok,
gradient_boosting,classical,fold_3,test,0.0,0.5,0.0,13860.0,1.0,13130.0,13130.0,14.82879194225714,0.5,14.32879194225714,0.617027417027417,0.0,full_fill_at_mid_no_queue,0.9473304473304474,ok,
gradient_boosting,classical,fold_3,test,0.0,1.0,0.0,13860.0,1.0,13130.0,13130.0,14.82879194225714,1.0,13.82879194225714,0.617027417027417,0.0,full_fill_at_mid_no_queue,0.9473304473304474,ok,
gradient_boosting,classical,fold_3,test,0.0,5.0,0.0,13860.0,1.0,13130.0,13130.0,14.82879194225714,5.0,9.82879194225714,0.617027417027417,0.0,full_fill_at_mid_no_queue,0.9473304473304474,ok,
gradient_boosting,classical,fold_3,test,0.0,0.0,1.0,13859.0,1.0,13129.0,13129.0,8.612036942258756,0.0,8.612036942258756,0.6170719388123241,6.216754999998384,full_fill_at_mid_no_queue,0.947326646944224,ok,
gradient_boosting,classical,fold_3,test,0.0,0.5,1.0,13859.0,1.0,13129.0,13129.0,8.612036942258756,0.5,8.112036942258756,0.6170719388123241,6.216754999998384,full_fill_at_mid_no_queue,0.947326646944224,ok,
gradient_boosting,classical,fold_3,test,0.0,1.0,1.0,13859.0,1.0,13129.0,13129.0,8.612036942258756,1.0,7.612036942258756,0.6170719388123241,6.216754999998384,full_fill_at_mid_no_queue,0.947326646944224,ok,
gradient_boosting,classical,fold_3,test,0.0,5.0,1.0,13859.0,1.0,13129.0,13129.0,8.612036942258756,5.0,3.612036942258756,0.6170719388123241,6.216754999998384,full_fill_at_mid_no_queue,0.947326646944224,ok,
gradient_boosting,classical,fold_3,test,0.5,0.0,0.0,10071.0,0.7266233766233766,9945.0,9945.0,15.493299083811822,0.0,15.493299083811822,0.6980438883924138,0.0,full_fill_at_mid_no_queue,0.9874888293118856,ok,
gradient_boosting,classical,fold_3,test,0.5,0.5,0.0,10071.0,0.7266233766233766,9945.0,9945.0,15.493299083811822,0.5,14.993299083811822,0.6980438883924138,0.0,full_fill_at_mid_no_queue,0.9874888293118856,ok,
gradient_boosting,classical,fold_3,test,0.5,1.0,0.0,10071.0,0.7266233766233766,9945.0,9945.0,15.493299083811822,1.0,14.493299083811822,0.6980438883924138,0.0,full_fill_at_mid_no_queue,0.9874888293118856,ok,
gradient_boosting,classical,fold_3,test,0.5,5.0,0.0,10071.0,0.7266233766233766,9945.0,9945.0,15.493299083811822,5.0,10.493299083811822,0.6980438883924138,0.0,full_fill_at_mid_no_queue,0.9874888293118856,ok,
gradient_boosting,classical,fold_3,test,0.5,0.0,1.0,10070.0,0.7266036510570748,9944.0,9944.0,11.388546849143458,0.0,11.388546849143458,0.6981132075471698,4.104752234668364,full_fill_at_mid_no_queue,0.9874875868917578,ok,
gradient_boosting,classical,fold_3,test,0.5,0.5,1.0,10070.0,0.7266036510570748,9944.0,9944.0,11.388546849143458,0.5,10.888546849143458,0.6981132075471698,4.104752234668364,full_fill_at_mid_no_queue,0.9874875868917578,ok,
gradient_boosting,classical,fold_3,test,0.5,1.0,1.0,10070.0,0.7266036510570748,9944.0,9944.0,11.388546849143458,1.0,10.388546849143458,0.6981132075471698,4.104752234668364,full_fill_at_mid_no_queue,0.9874875868917578,ok,
gradient_boosting,classical,fold_3,test,0.5,5.0,1.0,10070.0,0.7266036510570748,9944.0,9944.0,11.388546849143458,5.0,6.388546849143458,0.6981132075471698,4.104752234668364,full_fill_at_mid_no_queue,0.9874875868917578,ok,
gradient_boosting,classical,fold_3,test,0.6,0.0,0.0,7082.0,0.510966810966811,7064.0,7064.0,15.67236732953192,0.0,15.67236732953192,0.7478113527252188,0.0,full_fill_at_mid_no_queue,0.9974583451002542,ok,
gradient_boosting,classical,fold_3,test,0.6,0.5,0.0,7082.0,0.510966810966811,7064.0,7064.0,15.67236732953192,0.5,15.17236732953192,0.7478113527252188,0.0,full_fill_at_mid_no_queue,0.9974583451002542,ok,
gradient_boosting,classical,fold_3,test,0.6,1.0,0.0,7082.0,0.510966810966811,7064.0,7064.0,15.67236732953192,1.0,14.67236732953192,0.7478113527252188,0.0,full_fill_at_mid_no_queue,0.9974583451002542,ok,
gradient_boosting,classical,fold_3,test,0.6,5.0,0.0,7082.0,0.510966810966811,7064.0,7064.0,15.67236732953192,5.0,10.67236732953192,0.7478113527252188,0.0,full_fill_at_mid_no_queue,0.9974583451002542,ok,
gradient_boosting,classical,fold_3,test,0.6,0.0,1.0,7081.0,0.5109315246410275,7063.0,7063.0,10.665236793511534,0.0,10.665236793511534,0.7479169608812315,5.0071305360203855,full_fill_at_mid_no_queue,0.9974579861601469,ok,
gradient_boosting,classical,fold_3,test,0.6,0.5,1.0,7081.0,0.5109315246410275,7063.0,7063.0,10.665236793511534,0.5,10.165236793511534,0.7479169608812315,5.0071305360203855,full_fill_at_mid_no_queue,0.9974579861601469,ok,
gradient_boosting,classical,fold_3,test,0.6,1.0,1.0,7081.0,0.5109315246410275,7063.0,7063.0,10.665236793511534,1.0,9.665236793511534,0.7479169608812315,5.0071305360203855,full_fill_at_mid_no_queue,0.9974579861601469,ok,
gradient_boosting,classical,fold_3,test,0.6,5.0,1.0,7081.0,0.5109315246410275,7063.0,7063.0,10.665236793511534,5.0,5.665236793511534,0.7479169608812315,5.0071305360203855,full_fill_at_mid_no_queue,0.9974579861601469,ok,
gradient_boosting,classical,fold_3,test,0.7,0.0,0.0,3383.0,0.2440836940836941,3381.0,3381.0,10.319677825582753,0.0,10.319677825582753,0.8173219036358262,0.0,full_fill_at_mid_no_queue,0.9994088087496305,ok,
gradient_boosting,classical,fold_3,test,0.7,0.5,0.0,3383.0,0.2440836940836941,3381.0,3381.0,10.319677825582753,0.5,9.819677825582753,0.8173219036358262,0.0,full_fill_at_mid_no_queue,0.9994088087496305,ok,
gradient_boosting,classical,fold_3,test,0.7,1.0,0.0,3383.0,0.2440836940836941,3381.0,3381.0,10.319677825582753,1.0,9.319677825582753,0.8173219036358262,0.0,full_fill_at_mid_no_queue,0.9994088087496305,ok,
gradient_boosting,classical,fold_3,test,0.7,5.0,0.0,3383.0,0.2440836940836941,3381.0,3381.0,10.319677825582753,5.0,5.319677825582753,0.8173219036358262,0.0,full_fill_at_mid_no_queue,0.9994088087496305,ok,
gradient_boosting,classical,fold_3,test,0.7,0.0,1.0,3383.0,0.24410130601053467,3381.0,3381.0,-0.0768527044054832,0.0,-0.0768527044054832,0.8176174992610109,10.396530529988237,full_fill_at_mid_no_queue,0.9994088087496305,ok,
gradient_boosting,classical,fold_3,test,0.7,0.5,1.0,3383.0,0.24410130601053467,3381.0,3381.0,-0.0768527044054832,0.5,-0.5768527044054832,0.8176174992610109,10.396530529988237,full_fill_at_mid_no_queue,0.9994088087496305,ok,
gradient_boosting,classical,fold_3,test,0.7,1.0,1.0,3383.0,0.24410130601053467,3381.0,3381.0,-0.0768527044054832,1.0,-1.0768527044054832,0.8176174992610109,10.396530529988237,full_fill_at_mid_no_queue,0.9994088087496305,ok,
gradient_boosting,classical,fold_3,test,0.7,5.0,1.0,3383.0,0.24410130601053467,3381.0,3381.0,-0.0768527044054832,5.0,-5.076852704405483,0.8176174992610109,10.396530529988237,full_fill_at_mid_no_queue,0.9994088087496305,ok,
majority,classical,fold_4,test,0.0,0.0,0.0,15723.0,1.0,15723.0,15723.0,23.49018148103733,0.0,23.49018148103733,0.5402276919163009,0.0,full_fill_at_mid_no_queue,1.0,ok,
majority,classical,fold_4,test,0.0,0.5,0.0,15723.0,1.0,15723.0,15723.0,23.49018148103733,0.5,22.99018148103733,0.5402276919163009,0.0,full_fill_at_mid_no_queue,1.0,ok,
majority,classical,fold_4,test,0.0,1.0,0.0,15723.0,1.0,15723.0,15723.0,23.49018148103733,1.0,22.49018148103733,0.5402276919163009,0.0,full_fill_at_mid_no_queue,1.0,ok,
majority,classical,fold_4,test,0.0,5.0,0.0,15723.0,1.0,15723.0,15723.0,23.49018148103733,5.0,18.49018148103733,0.5402276919163009,0.0,full_fill_at_mid_no_queue,1.0,ok,
majority,classical,fold_4,test,0.0,0.0,1.0,15722.0,1.0,15722.0,15722.0,23.48137373497028,0.0,23.48137373497028,0.5401984480346012,0.008807746067049038,full_fill_at_mid_no_queue,1.0,ok,
majority,classical,fold_4,test,0.0,0.5,1.0,15722.0,1.0,15722.0,15722.0,23.48137373497028,0.5,22.98137373497028,0.5401984480346012,0.008807746067049038,full_fill_at_mid_no_queue,1.0,ok,
majority,classical,fold_4,test,0.0,1.0,1.0,15722.0,1.0,15722.0,15722.0,23.48137373497028,1.0,22.48137373497028,0.5401984480346012,0.008807746067049038,full_fill_at_mid_no_queue,1.0,ok,
majority,classical,fold_4,test,0.0,5.0,1.0,15722.0,1.0,15722.0,15722.0,23.48137373497028,5.0,18.48137373497028,0.5401984480346012,0.008807746067049038,full_fill_at_mid_no_queue,1.0,ok,
majority,classical,fold_4,test,0.5,0.0,0.0,15723.0,1.0,15723.0,15723.0,23.49018148103733,0.0,23.49018148103733,0.5402276919163009,0.0,full_fill_at_mid_no_queue,1.0,ok,
majority,classical,fold_4,test,0.5,0.5,0.0,15723.0,1.0,15723.0,15723.0,23.49018148103733,0.5,22.99018148103733,0.5402276919163009,0.0,full_fill_at_mid_no_queue,1.0,ok,
majority,classical,fold_4,test,0.5,1.0,0.0,15723.0,1.0,15723.0,15723.0,23.49018148103733,1.0,22.49018148103733,0.5402276919163009,0.0,full_fill_at_mid_no_queue,1.0,ok,
majority,classical,fold_4,test,0.5,5.0,0.0,15723.0,1.0,15723.0,15723.0,23.49018148103733,5.0,18.49018148103733,0.5402276919163009,0.0,full_fill_at_mid_no_queue,1.0,ok,
majority,classical,fold_4,test,0.5,0.0,1.0,15722.0,1.0,15722.0,15722.0,23.48137373497028,0.0,23.48137373497028,0.5401984480346012,0.008807746067049038,full_fill_at_mid_no_queue,1.0,ok,
majority,classical,fold_4,test,0.5,0.5,1.0,15722.0,1.0,15722.0,15722.0,23.48137373497028,0.5,22.98137373497028,0.5401984480346012,0.008807746067049038,full_fill_at_mid_no_queue,1.0,ok,
majority,classical,fold_4,test,0.5,1.0,1.0,15722.0,1.0,15722.0,15722.0,23.48137373497028,1.0,22.48137373497028,0.5401984480346012,0.008807746067049038,full_fill_at_mid_no_queue,1.0,ok,
majority,classical,fold_4,test,0.5,5.0,1.0,15722.0,1.0,15722.0,15722.0,23.48137373497028,5.0,18.48137373497028,0.5401984480346012,0.008807746067049038,full_fill_at_mid_no_queue,1.0,ok,
majority,classical,fold_4,test,0.6,0.0,0.0,15723.0,1.0,15723.0,15723.0,23.49018148103733,0.0,23.49018148103733,0.5402276919163009,0.0,full_fill_at_mid_no_queue,1.0,ok,
majority,classical,fold_4,test,0.6,0.5,0.0,15723.0,1.0,15723.0,15723.0,23.49018148103733,0.5,22.99018148103733,0.5402276919163009,0.0,full_fill_at_mid_no_queue,1.0,ok,
majority,classical,fold_4,test,0.6,1.0,0.0,15723.0,1.0,15723.0,15723.0,23.49018148103733,1.0,22.49018148103733,0.5402276919163009,0.0,full_fill_at_mid_no_queue,1.0,ok,
majority,classical,fold_4,test,0.6,5.0,0.0,15723.0,1.0,15723.0,15723.0,23.49018148103733,5.0,18.49018148103733,0.5402276919163009,0.0,full_fill_at_mid_no_queue,1.0,ok,
majority,classical,fold_4,test,0.6,0.0,1.0,15722.0,1.0,15722.0,15722.0,23.48137373497028,0.0,23.48137373497028,0.5401984480346012,0.008807746067049038,full_fill_at_mid_no_queue,1.0,ok,
majority,classical,fold_4,test,0.6,0.5,1.0,15722.0,1.0,15722.0,15722.0,23.48137373497028,0.5,22.98137373497028,0.5401984480346012,0.008807746067049038,full_fill_at_mid_no_queue,1.0,ok,
majority,classical,fold_4,test,0.6,1.0,1.0,15722.0,1.0,15722.0,15722.0,23.48137373497028,1.0,22.48137373497028,0.5401984480346012,0.008807746067049038,full_fill_at_mid_no_queue,1.0,ok,
majority,classical,fold_4,test,0.6,5.0,1.0,15722.0,1.0,15722.0,15722.0,23.48137373497028,5.0,18.48137373497028,0.5401984480346012,0.008807746067049038,full_fill_at_mid_no_queue,1.0,ok,
majority,classical,fold_4,test,0.7,0.0,0.0,0.0,0.0,0.0,0.0,0.0,0.0,0.0,0.0,0.0,full_fill_at_mid_no_queue,,ok,
majority,classical,fold_4,test,0.7,0.5,0.0,0.0,0.0,0.0,0.0,0.0,0.0,0.0,0.0,0.0,full_fill_at_mid_no_queue,,ok,
majority,classical,fold_4,test,0.7,1.0,0.0,0.0,0.0,0.0,0.0,0.0,0.0,0.0,0.0,0.0,full_fill_at_mid_no_queue,,ok,
majority,classical,fold_4,test,0.7,5.0,0.0,0.0,0.0,0.0,0.0,0.0,0.0,0.0,0.0,0.0,full_fill_at_mid_no_queue,,ok,
majority,classical,fold_4,test,0.7,0.0,1.0,0.0,0.0,0.0,0.0,0.0,0.0,0.0,0.0,0.0,full_fill_at_mid_no_queue,,ok,
majority,classical,fold_4,test,0.7,0.5,1.0,0.0,0.0,0.0,0.0,0.0,0.0,0.0,0.0,0.0,full_fill_at_mid_no_queue,,ok,
majority,classical,fold_4,test,0.7,1.0,1.0,0.0,0.0,0.0,0.0,0.0,0.0,0.0,0.0,0.0,full_fill_at_mid_no_queue,,ok,
majority,classical,fold_4,test,0.7,5.0,1.0,0.0,0.0,0.0,0.0,0.0,0.0,0.0,0.0,0.0,full_fill_at_mid_no_queue,,ok,
logistic,classical,fold_4,test,0.0,0.0,0.0,15723.0,1.0,15080.0,15080.0,25.0383907090698,0.0,25.0383907090698,0.5651593207403167,0.0,full_fill_at_mid_no_queue,0.9591044965973414,ok,
logistic,classical,fold_4,test,0.0,0.5,0.0,15723.0,1.0,15080.0,15080.0,25.0383907090698,0.5,24.5383907090698,0.5651593207403167,0.0,full_fill_at_mid_no_queue,0.9591044965973414,ok,
logistic,classical,fold_4,test,0.0,1.0,0.0,15723.0,1.0,15080.0,15080.0,25.0383907090698,1.0,24.0383907090698,0.5651593207403167,0.0,full_fill_at_mid_no_queue,0.9591044965973414,ok,
logistic,classical,fold_4,test,0.0,5.0,0.0,15723.0,1.0,15080.0,15080.0,25.0383907090698,5.0,20.0383907090698,0.5651593207403167,0.0,full_fill_at_mid_no_queue,0.9591044965973414,ok,
logistic,classical,fold_4,test,0.0,0.0,1.0,15722.0,1.0,15079.0,15079.0,24.764012684777747,0.0,24.764012684777747,0.5651316626383411,0.27437802429205504,full_fill_at_mid_no_queue,0.959101895433151,ok,
logistic,classical,fold_4,test,0.0,0.5,1.0,15722.0,1.0,15079.0,15079.0,24.764012684777747,0.5,24.264012684777747,0.5651316626383411,0.27437802429205504,full_fill_at_mid_no_queue,0.959101895433151,ok,
logistic,classical,fold_4,test,0.0,1.0,1.0,15722.0,1.0,15079.0,15079.0,24.764012684777747,1.0,23.764012684777747,0.5651316626383411,0.27437802429205504,full_fill_at_mid_no_queue,0.959101895433151,ok,
logistic,classical,fold_4,test,0.0,5.0,1.0,15722.0,1.0,15079.0,15079.0,24.764012684777747,5.0,19.764012684777747,0.5651316626383411,0.27437802429205504,full_fill_at_mid_no_queue,0.959101895433151,ok,
logistic,classical,fold_4,test,0.5,0.0,0.0,10886.0,0.6923615086179482,10820.0,10820.0,17.218246572995405,0.0,17.218246572995405,0.6312695204850266,0.0,full_fill_at_mid_no_queue,0.9939371670034908,ok,
logistic,classical,fold_4,test,0.5,0.5,0.0,10886.0,0.6923615086179482,10820.0,10820.0,17.218246572995405,0.5,16.718246572995405,0.6312695204850266,0.0,full_fill_at_mid_no_queue,0.9939371670034908,ok,
logistic,classical,fold_4,test,0.5,1.0,0.0,10886.0,0.6923615086179482,10820.0,10820.0,17.218246572995405,1.0,16.218246572995405,0.6312695204850266,0.0,full_fill_at_mid_no_queue,0.9939371670034908,ok,
logistic,classical,fold_4,test,0.5,5.0,0.0,10886.0,0.6923615086179482,10820.0,10820.0,17.218246572995405,5.0,12.218246572995405,0.6312695204850266,0.0,full_fill_at_mid_no_queue,0.9939371670034908,ok,
logistic,classical,fold_4,test,0.5,0.0,1.0,10885.0,0.6923419412288513,10819.0,10819.0,17.107467037259617,0.0,17.107467037259617,0.6312356453835554,0.11077953573578725,full_fill_at_mid_no_queue,0.9939366100137804,ok,
logistic,classical,fold_4,test,0.5,0.5,1.0,10885.0,0.6923419412288513,10819.0,10819.0,17.107467037259617,0.5,16.607467037259617,0.6312356453835554,0.11077953573578725,full_fill_at_mid_no_queue,0.9939366100137804,ok,
logistic,classical,fold_4,test,0.5,1.0,1.0,10885.0,0.6923419412288513,10819.0,10819.0,17.107467037259617,1.0,16.107467037259617,0.6312356453835554,0.11077953573578725,full_fill_at_mid_no_queue,0.9939366100137804,ok,
logistic,classical,fold_4,test,0.5,5.0,1.0,10885.0,0.6923419412288513,10819.0,10819.0,17.107467037259617,5.0,12.107467037259616,0.6312356453835554,0.11077953573578725,full_fill_at_mid_no_queue,0.9939366100137804,ok,
logistic,classical,fold_4,test,0.6,0.0,0.0,6766.0,0.43032500159002735,6738.0,6738.0,22.14480624542336,0.0,22.14480624542336,0.6956843038723027,0.0,full_fill_at_mid_no_queue,0.9958616612474135,ok,
logistic,classical,fold_4,test,0.6,0.5,0.0,6766.0,0.43032500159002735,6738.0,6738.0,22.14480624542336,0.5,21.64480624542336,0.6956843038723027,0.0,full_fill_at_mid_no_queue,0.9958616612474135,ok,
logistic,classical,fold_4,test,0.6,1.0,0.0,6766.0,0.43032500159002735,6738.0,6738.0,22.14480624542336,1.0,21.14480624542336,0.6956843038723027,0.0,full_fill_at_mid_no_queue,0.9958616612474135,ok,
logistic,classical,fold_4,test,0.6,5.0,0.0,6766.0,0.43032500159002735,6738.0,6738.0,22.14480624542336,5.0,17.14480624542336,0.6956843038723027,0.0,full_fill_at_mid_no_queue,0.9958616612474135,ok,
logistic,classical,fold_4,test,0.6,0.0,1.0,6765.0,0.43028876733240046,6737.0,6737.0,22.013157701949645,0.0,22.013157701949645,0.695639320029564,0.13164854347371602,full_fill_at_mid_no_queue,0.9958610495195861,ok,
logistic,classical,fold_4,test,0.6,0.5,1.0,6765.0,0.43028876733240046,6737.0,6737.0,22.013157701949645,0.5,21.513157701949645,0.695639320029564,0.13164854347371602,full_fill_at_mid_no_queue,0.9958610495195861,ok,
logistic,classical,fold_4,test,0.6,1.0,1.0,6765.0,0.43028876733240046,6737.0,6737.0,22.013157701949645,1.0,21.013157701949645,0.695639320029564,0.13164854347371602,full_fill_at_mid_no_queue,0.9958610495195861,ok,
logistic,classical,fold_4,test,0.6,5.0,1.0,6765.0,0.43028876733240046,6737.0,6737.0,22.013157701949645,5.0,17.013157701949645,0.695639320029564,0.13164854347371602,full_fill_at_mid_no_queue,0.9958610495195861,ok,
logistic,classical,fold_4,test,0.7,0.0,0.0,2928.0,0.1862240030528525,2908.0,2908.0,12.58314706340863,0.0,12.58314706340863,0.7616120218579235,0.0,full_fill_at_mid_no_queue,0.9931693989071039,ok,
logistic,classical,fold_4,test,0.7,0.5,0.0,2928.0,0.1862240030528525,2908.0,2908.0,12.58314706340863,0.5,12.08314706340863,0.7616120218579235,0.0,full_fill_at_mid_no_queue,0.9931693989071039,ok,
logistic,classical,fold_4,test,0.7,1.0,0.0,2928.0,0.1862240030528525,2908.0,2908.0,12.58314706340863,1.0,11.58314706340863,0.7616120218579235,0.0,full_fill_at_mid_no_queue,0.9931693989071039,ok,
logistic,classical,fold_4,test,0.7,5.0,0.0,2928.0,0.1862240030528525,2908.0,2908.0,12.58314706340863,5.0,7.58314706340863,0.7616120218579235,0.0,full_fill_at_mid_no_queue,0.9931693989071039,ok,
logistic,classical,fold_4,test,0.7,0.0,1.0,2927.0,0.18617224271721156,2907.0,2907.0,12.536729589029784,0.0,12.536729589029784,0.761530577382986,0.04641747437884547,full_fill_at_mid_no_queue,0.9931670652545268,ok,
logistic,classical,fold_4,test,0.7,0.5,1.0,2927.0,0.18617224271721156,2907.0,2907.0,12.536729589029784,0.5,12.036729589029784,0.761530577382986,0.04641747437884547,full_fill_at_mid_no_queue,0.9931670652545268,ok,
logistic,classical,fold_4,test,0.7,1.0,1.0,2927.0,0.18617224271721156,2907.0,2907.0,12.536729589029784,1.0,11.536729589029784,0.761530577382986,0.04641747437884547,full_fill_at_mid_no_queue,0.9931670652545268,ok,
logistic,classical,fold_4,test,0.7,5.0,1.0,2927.0,0.18617224271721156,2907.0,2907.0,12.536729589029784,5.0,7.5367295890297825,0.761530577382986,0.04641747437884547,full_fill_at_mid_no_queue,0.9931670652545268,ok,
elastic_net,classical,fold_4,test,0.0,0.0,0.0,15723.0,1.0,15081.0,15081.0,25.033863340014275,0.0,25.033863340014275,0.5651593207403167,0.0,full_fill_at_mid_no_queue,0.9591680976912803,ok,
elastic_net,classical,fold_4,test,0.0,0.5,0.0,15723.0,1.0,15081.0,15081.0,25.033863340014275,0.5,24.533863340014275,0.5651593207403167,0.0,full_fill_at_mid_no_queue,0.9591680976912803,ok,
elastic_net,classical,fold_4,test,0.0,1.0,0.0,15723.0,1.0,15081.0,15081.0,25.033863340014275,1.0,24.033863340014275,0.5651593207403167,0.0,full_fill_at_mid_no_queue,0.9591680976912803,ok,
elastic_net,classical,fold_4,test,0.0,5.0,0.0,15723.0,1.0,15081.0,15081.0,25.033863340014275,5.0,20.033863340014275,0.5651593207403167,0.0,full_fill_at_mid_no_queue,0.9591680976912803,ok,
elastic_net,classical,fold_4,test,0.0,0.0,1.0,15722.0,1.0,15080.0,15080.0,24.766386980568782,0.0,24.766386980568782,0.5651316626383411,0.2674763594454923,full_fill_at_mid_no_queue,0.9591655005724462,ok,
elastic_net,classical,fold_4,test,0.0,0.5,1.0,15722.0,1.0,15080.0,15080.0,24.766386980568782,0.5,24.266386980568782,0.5651316626383411,0.2674763594454923,full_fill_at_mid_no_queue,0.9591655005724462,ok,
elastic_net,classical,fold_4,test,0.0,1.0,1.0,15722.0,1.0,15080.0,15080.0,24.766386980568782,1.0,23.766386980568782,0.5651316626383411,0.2674763594454923,full_fill_at_mid_no_queue,0.9591655005724462,ok,
elastic_net,classical,fold_4,test,0.0,5.0,1.0,15722.0,1.0,15080.0,15080.0,24.766386980568782,5.0,19.766386980568782,0.5651316626383411,0.2674763594454923,full_fill_at_mid_no_queue,0.9591655005724462,ok,
elastic_net,classical,fold_4,test,0.5,0.0,0.0,10881.0,0.6920435031482541,10815.0,10815.0,17.230880853747774,0.0,17.230880853747774,0.6312838893484055,0.0,full_fill_at_mid_no_queue,0.9939343810311553,ok,
elastic_net,classical,fold_4,test,0.5,0.5,0.0,10881.0,0.6920435031482541,10815.0,10815.0,17.230880853747774,0.5,16.730880853747774,0.6312838893484055,0.0,full_fill_at_mid_no_queue,0.9939343810311553,ok,
elastic_net,classical,fold_4,test,0.5,1.0,0.0,10881.0,0.6920435031482541,10815.0,10815.0,17.230880853747774,1.0,16.230880853747774,0.6312838893484055,0.0,full_fill_at_mid_no_queue,0.9939343810311553,ok,
elastic_net,classical,fold_4,test,0.5,5.0,0.0,10881.0,0.6920435031482541,10815.0,10815.0,17.230880853747774,5.0,12.230880853747774,0.6312838893484055,0.0,full_fill_at_mid_no_queue,0.9939343810311553,ok,
elastic_net,classical,fold_4,test,0.5,0.0,1.0,10880.0,0.692023915532375,10814.0,10814.0,17.115832266719117,0.0,17.115832266719117,0.63125,0.11504858702865661,full_fill_at_mid_no_queue,0.9939338235294117,ok,
elastic_net,classical,fold_4,test,0.5,0.5,1.0,10880.0,0.692023915532375,10814.0,10814.0,17.115832266719117,0.5,16.615832266719117,0.63125,0.11504858702865661,full_fill_at_mid_no_queue,0.9939338235294117,ok,
elastic_net,classical,fold_4,test,0.5,1.0,1.0,10880.0,0.692023915532375,10814.0,10814.0,17.115832266719117,1.0,16.115832266719117,0.63125,0.11504858702865661,full_fill_at_mid_no_queue,0.9939338235294117,ok,
elastic_net,classical,fold_4,test,0.5,5.0,1.0,10880.0,0.692023915532375,10814.0,10814.0,17.115832266719117,5.0,12.115832266719115,0.63125,0.11504858702865661,full_fill_at_mid_no_queue,0.9939338235294117,ok,
elastic_net,classical,fold_4,test,0.6,0.0,0.0,6770.0,0.4305794059657826,6743.0,6743.0,22.13161381262571,0.0,22.13161381262571,0.6954209748892172,0.0,full_fill_at_mid_no_queue,0.9960118168389955,ok,
elastic_net,classical,fold_4,test,0.6,0.5,0.0,6770.0,0.4305794059657826,6743.0,6743.0,22.13161381262571,0.5,21.63161381262571,0.6954209748892172,0.0,full_fill_at_mid_no_queue,0.9960118168389955,ok,
elastic_net,classical,fold_4,test,0.6,1.0,0.0,6770.0,0.4305794059657826,6743.0,6743.0,22.13161381262571,1.0,21.13161381262571,0.6954209748892172,0.0,full_fill_at_mid_no_queue,0.9960118168389955,ok,
elastic_net,classical,fold_4,test,0.6,5.0,0.0,6770.0,0.4305794059657826,6743.0,6743.0,22.13161381262571,5.0,17.13161381262571,0.6954209748892172,0.0,full_fill_at_mid_no_queue,0.9960118168389955,ok,
elastic_net,classical,fold_4,test,0.6,0.0,1.0,6769.0,0.43054318788958146,6742.0,6742.0,22.002375602528016,0.0,22.002375602528016,0.6953759787265476,0.12923821009769298,full_fill_at_mid_no_queue,0.9960112276554882,ok,
elastic_net,classical,fold_4,test,0.6,0.5,1.0,6769.0,0.43054318788958146,6742.0,6742.0,22.002375602528016,0.5,21.502375602528016,0.6953759787265476,0.12923821009769298,full_fill_at_mid_no_queue,0.9960112276554882,ok,
elastic_net,classical,fold_4,test,0.6,1.0,1.0,6769.0,0.43054318788958146,6742.0,6742.0,22.002375602528016,1.0,21.002375602528016,0.6953759787265476,0.12923821009769298,full_fill_at_mid_no_queue,0.9960112276554882,ok,
elastic_net,classical,fold_4,test,0.6,5.0,1.0,6769.0,0.43054318788958146,6742.0,6742.0,22.002375602528016,5.0,17.002375602528016,0.6953759787265476,0.12923821009769298,full_fill_at_mid_no_queue,0.9960112276554882,ok,
elastic_net,classical,fold_4,test,0.7,0.0,0.0,2928.0,0.1862240030528525,2908.0,2908.0,12.5601459450174,0.0,12.5601459450174,0.7616120218579235,0.0,full_fill_at_mid_no_queue,0.9931693989071039,ok,
elastic_net,classical,fold_4,test,0.7,0.5,0.0,2928.0,0.1862240030528525,2908.0,2908.0,12.5601459450174,0.5,12.0601459450174,0.7616120218579235,0.0,full_fill_at_mid_no_queue,0.9931693989071039,ok,
elastic_net,classical,fold_4,test,0.7,1.0,0.0,2928.0,0.1862240030528525,2908.0,2908.0,12.5601459450174,1.0,11.5601459450174,0.7616120218579235,0.0,full_fill_at_mid_no_queue,0.9931693989071039,ok,
elastic_net,classical,fold_4,test,0.7,5.0,0.0,2928.0,0.1862240030528525,2908.0,2908.0,12.5601459450174,5.0,7.5601459450174,0.7616120218579235,0.0,full_fill_at_mid_no_queue,0.9931693989071039,ok,
elastic_net,classical,fold_4,test,0.7,0.0,1.0,2927.0,0.18617224271721156,2907.0,2907.0,12.500759131908524,0.0,12.500759131908524,0.761530577382986,0.05938681310887617,full_fill_at_mid_no_queue,0.9931670652545268,ok,
elastic_net,classical,fold_4,test,0.7,0.5,1.0,2927.0,0.18617224271721156,2907.0,2907.0,12.500759131908524,0.5,12.000759131908524,0.761530577382986,0.05938681310887617,full_fill_at_mid_no_queue,0.9931670652545268,ok,
elastic_net,classical,fold_4,test,0.7,1.0,1.0,2927.0,0.18617224271721156,2907.0,2907.0,12.500759131908524,1.0,11.500759131908524,0.761530577382986,0.05938681310887617,full_fill_at_mid_no_queue,0.9931670652545268,ok,
elastic_net,classical,fold_4,test,0.7,5.0,1.0,2927.0,0.18617224271721156,2907.0,2907.0,12.500759131908524,5.0,7.500759131908524,0.761530577382986,0.05938681310887617,full_fill_at_mid_no_queue,0.9931670652545268,ok,
random_forest,classical,fold_4,test,0.0,0.0,0.0,15723.0,1.0,14183.0,14183.0,18.436380779852197,0.0,18.436380779852197,0.5930802009794568,0.0,full_fill_at_mid_no_queue,0.9020543153342238,ok,
random_forest,classical,fold_4,test,0.0,0.5,0.0,15723.0,1.0,14183.0,14183.0,18.436380779852197,0.5,17.936380779852193,0.5930802009794568,0.0,full_fill_at_mid_no_queue,0.9020543153342238,ok,
random_forest,classical,fold_4,test,0.0,1.0,0.0,15723.0,1.0,14183.0,14183.0,18.436380779852197,1.0,17.436380779852193,0.5930802009794568,0.0,full_fill_at_mid_no_queue,0.9020543153342238,ok,
random_forest,classical,fold_4,test,0.0,5.0,0.0,15723.0,1.0,14183.0,14183.0,18.436380779852197,5.0,13.436380779852191,0.5930802009794568,0.0,full_fill_at_mid_no_queue,0.9020543153342238,ok,
random_forest,classical,fold_4,test,0.0,0.0,1.0,15722.0,1.0,14182.0,14182.0,18.085463003938845,0.0,18.085463003938845,0.5930543187889582,0.35091777591335216,full_fill_at_mid_no_queue,0.9020480854853072,ok,
random_forest,classical,fold_4,test,0.0,0.5,1.0,15722.0,1.0,14182.0,14182.0,18.085463003938845,0.5,17.585463003938845,0.5930543187889582,0.35091777591335216,full_fill_at_mid_no_queue,0.9020480854853072,ok,
random_forest,classical,fold_4,test,0.0,1.0,1.0,15722.0,1.0,14182.0,14182.0,18.085463003938845,1.0,17.085463003938845,0.5930543187889582,0.35091777591335216,full_fill_at_mid_no_queue,0.9020480854853072,ok,
random_forest,classical,fold_4,test,0.0,5.0,1.0,15722.0,1.0,14182.0,14182.0,18.085463003938845,5.0,13.085463003938845,0.5930543187889582,0.35091777591335216,full_fill_at_mid_no_queue,0.9020480854853072,ok,
random_forest,classical,fold_4,test,0.5,0.0,0.0,10431.0,0.663423010875787,10017.0,10017.0,14.850214828034108,0.0,14.850214828034108,0.6683922922059247,0.0,full_fill_at_mid_no_queue,0.9603106125970664,ok,
random_forest,classical,fold_4,test,0.5,0.5,0.0,10431.0,0.663423010875787,10017.0,10017.0,14.850214828034108,0.5,14.350214828034108,0.6683922922059247,0.0,full_fill_at_mid_no_queue,0.9603106125970664,ok,
random_forest,classical,fold_4,test,0.5,1.0,0.0,10431.0,0.663423010875787,10017.0,10017.0,14.850214828034108,1.0,13.850214828034108,0.6683922922059247,0.0,full_fill_at_mid_no_queue,0.9603106125970664,ok,
random_forest,classical,fold_4,test,0.5,5.0,0.0,10431.0,0.663423010875787,10017.0,10017.0,14.850214828034108,5.0,9.850214828034108,0.6683922922059247,0.0,full_fill_at_mid_no_queue,0.9603106125970664,ok,
random_forest,classical,fold_4,test,0.5,0.0,1.0,10430.0,0.6634016028495102,10016.0,10016.0,14.691313415349777,0.0,14.691313415349777,0.6683604985618409,0.15890141268433133,full_fill_at_mid_no_queue,0.9603068072866731,ok,
random_forest,classical,fold_4,test,0.5,0.5,1.0,10430.0,0.6634016028495102,10016.0,10016.0,14.691313415349777,0.5,14.191313415349777,0.6683604985618409,0.15890141268433133,full_fill_at_mid_no_queue,0.9603068072866731,ok,
random_forest,classical,fold_4,test,0.5,1.0,1.0,10430.0,0.6634016028495102,10016.0,10016.0,14.691313415349777,1.0,13.691313415349777,0.6683604985618409,0.15890141268433133,full_fill_at_mid_no_queue,0.9603068072866731,ok,
random_forest,classical,fold_4,test,0.5,5.0,1.0,10430.0,0.6634016028495102,10016.0,10016.0,14.691313415349777,5.0,9.691313415349777,0.6683604985618409,0.15890141268433133,full_fill_at_mid_no_queue,0.9603068072866731,ok,
random_forest,classical,fold_4,test,0.6,0.0,0.0,6940.0,0.4413915919353813,6877.0,6877.0,10.30593815428112,0.0,10.30593815428112,0.7246397694524496,0.0,full_fill_at_mid_no_queue,0.9909221902017291,ok,
random_forest,classical,fold_4,test,0.6,0.5,0.0,6940.0,0.4413915919353813,6877.0,6877.0,10.30593815428112,0.5,9.80593815428112,0.7246397694524496,0.0,full_fill_at_mid_no_queue,0.9909221902017291,ok,
random_forest,classical,fold_4,test,0.6,1.0,0.0,6940.0,0.4413915919353813,6877.0,6877.0,10.30593815428112,1.0,9.30593815428112,0.7246397694524496,0.0,full_fill_at_mid_no_queue,0.9909221902017291,ok,
random_forest,classical,fold_4,test,0.6,5.0,0.0,6940.0,0.4413915919353813,6877.0,6877.0,10.30593815428112,5.0,5.305938154281121,0.7246397694524496,0.0,full_fill_at_mid_no_queue,0.9909221902017291,ok,
random_forest,classical,fold_4,test,0.6,0.0,1.0,6938.0,0.4412924564304796,6875.0,6875.0,5.207479328035188,0.0,5.207479328035188,0.7245603920438166,5.098458826245933,full_fill_at_mid_no_queue,0.9909195733640819,ok,
random_forest,classical,fold_4,test,0.6,0.5,1.0,6938.0,0.4412924564304796,6875.0,6875.0,5.207479328035188,0.5,4.707479328035188,0.7245603920438166,5.098458826245933,full_fill_at_mid_no_queue,0.9909195733640819,ok,
random_forest,classical,fold_4,test,0.6,1.0,1.0,6938.0,0.4412924564304796,6875.0,6875.0,5.207479328035188,1.0,4.207479328035188,0.7245603920438166,5.098458826245933,full_fill_at_mid_no_queue,0.9909195733640819,ok,
random_forest,classical,fold_4,test,0.6,5.0,1.0,6938.0,0.4412924564304796,6875.0,6875.0,5.207479328035188,5.0,0.2074793280351876,0.7245603920438166,5.098458826245933,full_fill_at_mid_no_queue,0.9909195733640819,ok,
random_forest,classical,fold_4,test,0.7,0.0,0.0,3726.0,0.23697767601602748,3721.0,3721.0,19.524416553253136,0.0,19.524416553253136,0.7788513150831992,0.0,full_fill_at_mid_no_queue,0.9986580783682233,ok,
random_forest,classical,fold_4,test,0.7,0.5,0.0,3726.0,0.23697767601602748,3721.0,3721.0,19.524416553253136,0.5,19.024416553253136,0.7788513150831992,0.0,full_fill_at_mid_no_queue,0.9986580783682233,ok,
random_forest,classical,fold_4,test,0.7,1.0,0.0,3726.0,0.23697767601602748,3721.0,3721.0,19.524416553253136,1.0,18.524416553253136,0.7788513150831992,0.0,full_fill_at_mid_no_queue,0.9986580783682233,ok,
random_forest,classical,fold_4,test,0.7,5.0,0.0,3726.0,0.23697767601602748,3721.0,3721.0,19.524416553253136,5.0,14.524416553253136,0.7788513150831992,0.0,full_fill_at_mid_no_queue,0.9986580783682233,ok,
random_forest,classical,fold_4,test,0.7,0.0,1.0,3724.0,0.23686553873552982,3719.0,3719.0,9.772115625318232,0.0,9.772115625318232,0.7787325456498388,9.752300927934904,full_fill_at_mid_no_queue,0.998657357679914,ok,
random_forest,classical,fold_4,test,0.7,0.5,1.0,3724.0,0.23686553873552982,3719.0,3719.0,9.772115625318232,0.5,9.272115625318232,0.7787325456498388,9.752300927934904,full_fill_at_mid_no_queue,0.998657357679914,ok,
random_forest,classical,fold_4,test,0.7,1.0,1.0,3724.0,0.23686553873552982,3719.0,3719.0,9.772115625318232,1.0,8.772115625318232,0.7787325456498388,9.752300927934904,full_fill_at_mid_no_queue,0.998657357679914,ok,
random_forest,classical,fold_4,test,0.7,5.0,1.0,3724.0,0.23686553873552982,3719.0,3719.0,9.772115625318232,5.0,4.772115625318232,0.7787325456498388,9.752300927934904,full_fill_at_mid_no_queue,0.998657357679914,ok,
gradient_boosting,classical,fold_4,test,0.0,0.0,0.0,15723.0,1.0,13937.0,13937.0,19.70370074206396,0.0,19.70370074206396,0.596832665521847,0.0,full_fill_at_mid_no_queue,0.886408446225275,ok,
gradient_boosting,classical,fold_4,test,0.0,0.5,0.0,15723.0,1.0,13937.0,13937.0,19.70370074206396,0.5,19.20370074206396,0.596832665521847,0.0,full_fill_at_mid_no_queue,0.886408446225275,ok,
gradient_boosting,classical,fold_4,test,0.0,1.0,0.0,15723.0,1.0,13937.0,13937.0,19.70370074206396,1.0,18.70370074206396,0.596832665521847,0.0,full_fill_at_mid_no_queue,0.886408446225275,ok,
gradient_boosting,classical,fold_4,test,0.0,5.0,0.0,15723.0,1.0,13937.0,13937.0,19.70370074206396,5.0,14.703700742063962,0.596832665521847,0.0,full_fill_at_mid_no_queue,0.886408446225275,ok,
gradient_boosting,classical,fold_4,test,0.0,0.0,1.0,15722.0,1.0,13936.0,13936.0,18.748422604601185,0.0,18.748422604601185,0.5968070220073782,0.9552781374627735,full_fill_at_mid_no_queue,0.8864012212186745,ok,
gradient_boosting,classical,fold_4,test,0.0,0.5,1.0,15722.0,1.0,13936.0,13936.0,18.748422604601185,0.5,18.248422604601185,0.5968070220073782,0.9552781374627735,full_fill_at_mid_no_queue,0.8864012212186745,ok,
gradient_boosting,classical,fold_4,test,0.0,1.0,1.0,15722.0,1.0,13936.0,13936.0,18.748422604601185,1.0,17.748422604601185,0.5968070220073782,0.9552781374627735,full_fill_at_mid_no_queue,0.8864012212186745,ok,
gradient_boosting,classical,fold_4,test,0.0,5.0,1.0,15722.0,1.0,13936.0,13936.0,18.748422604601185,5.0,13.748422604601185,0.5968070220073782,0.9552781374627735,full_fill_at_mid_no_queue,0.8864012212186745,ok,
gradient_boosting,classical,fold_4,test,0.5,0.0,0.0,11214.0,0.7132226674298798,10731.0,10731.0,17.4333041510439,0.0,17.4333041510439,0.6659532726948457,0.0,full_fill_at_mid_no_queue,0.9569288389513109,ok,
gradient_boosting,classical,fold_4,test,0.5,0.5,0.0,11214.0,0.7132226674298798,10731.0,10731.0,17.4333041510439,0.5,16.9333041510439,0.6659532726948457,0.0,full_fill_at_mid_no_queue,0.9569288389513109,ok,
gradient_boosting,classical,fold_4,test,0.5,1.0,0.0,11214.0,0.7132226674298798,10731.0,10731.0,17.4333041510439,1.0,16.4333041510439,0.6659532726948457,0.0,full_fill_at_mid_no_queue,0.9569288389513109,ok,
gradient_boosting,classical,fold_4,test,0.5,5.0,0.0,11214.0,0.7132226674298798,10731.0,10731.0,17.4333041510439,5.0,12.4333041510439,0.6659532726948457,0.0,full_fill_at_mid_no_queue,0.9569288389513109,ok,
gradient_boosting,classical,fold_4,test,0.5,0.0,1.0,11213.0,0.7132044269176949,10730.0,10730.0,16.829811592445658,0.0,16.829811592445658,0.665923481673058,0.6034925585982407,full_fill_at_mid_no_queue,0.956924997770445,ok,
gradient_boosting,classical,fold_4,test,0.5,0.5,1.0,11213.0,0.7132044269176949,10730.0,10730.0,16.829811592445658,0.5,16.329811592445658,0.665923481673058,0.6034925585982407,full_fill_at_mid_no_queue,0.956924997770445,ok,
gradient_boosting,classical,fold_4,test,0.5,1.0,1.0,11213.0,0.7132044269176949,10730.0,10730.0,16.829811592445658,1.0,15.829811592445658,0.665923481673058,0.6034925585982407,full_fill_at_mid_no_queue,0.956924997770445,ok,
gradient_boosting,classical,fold_4,test,0.5,5.0,1.0,11213.0,0.7132044269176949,10730.0,10730.0,16.829811592445658,5.0,11.829811592445658,0.665923481673058,0.6034925585982407,full_fill_at_mid_no_queue,0.956924997770445,ok,
gradient_boosting,classical,fold_4,test,0.6,0.0,0.0,8590.0,0.5463333969344273,8497.0,8497.0,21.538248639944324,0.0,21.538248639944324,0.7125727590221187,0.0,full_fill_at_mid_no_queue,0.9891734575087311,ok,
gradient_boosting,classical,fold_4,test,0.6,0.5,0.0,8590.0,0.5463333969344273,8497.0,8497.0,21.538248639944324,0.5,21.038248639944324,0.7125727590221187,0.0,full_fill_at_mid_no_queue,0.9891734575087311,ok,
gradient_boosting,classical,fold_4,test,0.6,1.0,0.0,8590.0,0.5463333969344273,8497.0,8497.0,21.538248639944324,1.0,20.538248639944324,0.7125727590221187,0.0,full_fill_at_mid_no_queue,0.9891734575087311,ok,
gradient_boosting,classical,fold_4,test,0.6,5.0,0.0,8590.0,0.5463333969344273,8497.0,8497.0,21.538248639944324,5.0,16.538248639944324,0.7125727590221187,0.0,full_fill_at_mid_no_queue,0.9891734575087311,ok,
gradient_boosting,classical,fold_4,test,0.6,0.0,1.0,8589.0,0.5463045414069457,8496.0,8496.0,21.37956619101033,0.0,21.37956619101033,0.7125392944463849,0.15868244893399464,full_fill_at_mid_no_queue,0.9891721969961579,ok,
gradient_boosting,classical,fold_4,test,0.6,0.5,1.0,8589.0,0.5463045414069457,8496.0,8496.0,21.37956619101033,0.5,20.87956619101033,0.7125392944463849,0.15868244893399464,full_fill_at_mid_no_queue,0.9891721969961579,ok,
gradient_boosting,classical,fold_4,test,0.6,1.0,1.0,8589.0,0.5463045414069457,8496.0,8496.0,21.37956619101033,1.0,20.37956619101033,0.7125392944463849,0.15868244893399464,full_fill_at_mid_no_queue,0.9891721969961579,ok,
gradient_boosting,classical,fold_4,test,0.6,5.0,1.0,8589.0,0.5463045414069457,8496.0,8496.0,21.37956619101033,5.0,16.37956619101033,0.7125392944463849,0.15868244893399464,full_fill_at_mid_no_queue,0.9891721969961579,ok,
gradient_boosting,classical,fold_4,test,0.7,0.0,0.0,5532.0,0.35184125166952873,5526.0,5526.0,12.753402590673666,0.0,12.753402590673666,0.7677151120751988,0.0,full_fill_at_mid_no_queue,0.9989154013015185,ok,
gradient_boosting,classical,fold_4,test,0.7,0.5,0.0,5532.0,0.35184125166952873,5526.0,5526.0,12.753402590673666,0.5,12.253402590673666,0.7677151120751988,0.0,full_fill_at_mid_no_queue,0.9989154013015185,ok,
gradient_boosting,classical,fold_4,test,0.7,1.0,0.0,5532.0,0.35184125166952873,5526.0,5526.0,12.753402590673666,1.0,11.753402590673666,0.7677151120751988,0.0,full_fill_at_mid_no_queue,0.9989154013015185,ok,
gradient_boosting,classical,fold_4,test,0.7,5.0,0.0,5532.0,0.35184125166952873,5526.0,5526.0,12.753402590673666,5.0,7.753402590673666,0.7677151120751988,0.0,full_fill_at_mid_no_queue,0.9989154013015185,ok,
gradient_boosting,classical,fold_4,test,0.7,0.0,1.0,5531.0,0.35180002544205574,5525.0,5525.0,6.112811642188705,0.0,6.112811642188705,0.7676731151690472,6.640590948484961,full_fill_at_mid_no_queue,0.998915205207015,ok,
gradient_boosting,classical,fold_4,test,0.7,0.5,1.0,5531.0,0.35180002544205574,5525.0,5525.0,6.112811642188705,0.5,5.612811642188705,0.7676731151690472,6.640590948484961,full_fill_at_mid_no_queue,0.998915205207015,ok,
gradient_boosting,classical,fold_4,test,0.7,1.0,1.0,5531.0,0.35180002544205574,5525.0,5525.0,6.112811642188705,1.0,5.112811642188705,0.7676731151690472,6.640590948484961,full_fill_at_mid_no_queue,0.998915205207015,ok,
gradient_boosting,classical,fold_4,test,0.7,5.0,1.0,5531.0,0.35180002544205574,5525.0,5525.0,6.112811642188705,5.0,1.1128116421887049,0.7676731151690472,6.640590948484961,full_fill_at_mid_no_queue,0.998915205207015,ok,
majority,classical,fold_5,test,0.0,0.0,0.0,20285.0,1.0,20285.0,20285.0,19.7031291811114,0.0,19.7031291811114,0.6183386738969682,0.0,full_fill_at_mid_no_queue,1.0,ok,
majority,classical,fold_5,test,0.0,0.5,0.0,20285.0,1.0,20285.0,20285.0,19.7031291811114,0.5,19.2031291811114,0.6183386738969682,0.0,full_fill_at_mid_no_queue,1.0,ok,
majority,classical,fold_5,test,0.0,1.0,0.0,20285.0,1.0,20285.0,20285.0,19.7031291811114,1.0,18.7031291811114,0.6183386738969682,0.0,full_fill_at_mid_no_queue,1.0,ok,
majority,classical,fold_5,test,0.0,5.0,0.0,20285.0,1.0,20285.0,20285.0,19.7031291811114,5.0,14.703129181111397,0.6183386738969682,0.0,full_fill_at_mid_no_queue,1.0,ok,
majority,classical,fold_5,test,0.0,0.0,1.0,20284.0,1.0,20284.0,20284.0,19.70781088333363,0.0,19.70781088333363,0.6182705580753303,-0.004681702222228523,full_fill_at_mid_no_queue,1.0,ok,
majority,classical,fold_5,test,0.0,0.5,1.0,20284.0,1.0,20284.0,20284.0,19.70781088333363,0.5,19.20781088333363,0.6182705580753303,-0.004681702222228523,full_fill_at_mid_no_queue,1.0,ok,
majority,classical,fold_5,test,0.0,1.0,1.0,20284.0,1.0,20284.0,20284.0,19.70781088333363,1.0,18.70781088333363,0.6182705580753303,-0.004681702222228523,full_fill_at_mid_no_queue,1.0,ok,
majority,classical,fold_5,test,0.0,5.0,1.0,20284.0,1.0,20284.0,20284.0,19.70781088333363,5.0,14.707810883333629,0.6182705580753303,-0.004681702222228523,full_fill_at_mid_no_queue,1.0,ok,
majority,classical,fold_5,test,0.5,0.0,0.0,20285.0,1.0,20285.0,20285.0,19.7031291811114,0.0,19.7031291811114,0.6183386738969682,0.0,full_fill_at_mid_no_queue,1.0,ok,
majority,classical,fold_5,test,0.5,0.5,0.0,20285.0,1.0,20285.0,20285.0,19.7031291811114,0.5,19.2031291811114,0.6183386738969682,0.0,full_fill_at_mid_no_queue,1.0,ok,
majority,classical,fold_5,test,0.5,1.0,0.0,20285.0,1.0,20285.0,20285.0,19.7031291811114,1.0,18.7031291811114,0.6183386738969682,0.0,full_fill_at_mid_no_queue,1.0,ok,
majority,classical,fold_5,test,0.5,5.0,0.0,20285.0,1.0,20285.0,20285.0,19.7031291811114,5.0,14.703129181111397,0.6183386738969682,0.0,full_fill_at_mid_no_queue,1.0,ok,
majority,classical,fold_5,test,0.5,0.0,1.0,20284.0,1.0,20284.0,20284.0,19.70781088333363,0.0,19.70781088333363,0.6182705580753303,-0.004681702222228523,full_fill_at_mid_no_queue,1.0,ok,
majority,classical,fold_5,test,0.5,0.5,1.0,20284.0,1.0,20284.0,20284.0,19.70781088333363,0.5,19.20781088333363,0.6182705580753303,-0.004681702222228523,full_fill_at_mid_no_queue,1.0,ok,
majority,classical,fold_5,test,0.5,1.0,1.0,20284.0,1.0,20284.0,20284.0,19.70781088333363,1.0,18.70781088333363,0.6182705580753303,-0.004681702222228523,full_fill_at_mid_no_queue,1.0,ok,
majority,classical,fold_5,test,0.5,5.0,1.0,20284.0,1.0,20284.0,20284.0,19.70781088333363,5.0,14.707810883333629,0.6182705580753303,-0.004681702222228523,full_fill_at_mid_no_queue,1.0,ok,
majority,classical,fold_5,test,0.6,0.0,0.0,20285.0,1.0,20285.0,20285.0,19.7031291811114,0.0,19.7031291811114,0.6183386738969682,0.0,full_fill_at_mid_no_queue,1.0,ok,
majority,classical,fold_5,test,0.6,0.5,0.0,20285.0,1.0,20285.0,20285.0,19.7031291811114,0.5,19.2031291811114,0.6183386738969682,0.0,full_fill_at_mid_no_queue,1.0,ok,
majority,classical,fold_5,test,0.6,1.0,0.0,20285.0,1.0,20285.0,20285.0,19.7031291811114,1.0,18.7031291811114,0.6183386738969682,0.0,full_fill_at_mid_no_queue,1.0,ok,
majority,classical,fold_5,test,0.6,5.0,0.0,20285.0,1.0,20285.0,20285.0,19.7031291811114,5.0,14.703129181111397,0.6183386738969682,0.0,full_fill_at_mid_no_queue,1.0,ok,
majority,classical,fold_5,test,0.6,0.0,1.0,20284.0,1.0,20284.0,20284.0,19.70781088333363,0.0,19.70781088333363,0.6182705580753303,-0.004681702222228523,full_fill_at_mid_no_queue,1.0,ok,
majority,classical,fold_5,test,0.6,0.5,1.0,20284.0,1.0,20284.0,20284.0,19.70781088333363,0.5,19.20781088333363,0.6182705580753303,-0.004681702222228523,full_fill_at_mid_no_queue,1.0,ok,
majority,classical,fold_5,test,0.6,1.0,1.0,20284.0,1.0,20284.0,20284.0,19.70781088333363,1.0,18.70781088333363,0.6182705580753303,-0.004681702222228523,full_fill_at_mid_no_queue,1.0,ok,
majority,classical,fold_5,test,0.6,5.0,1.0,20284.0,1.0,20284.0,20284.0,19.70781088333363,5.0,14.707810883333629,0.6182705580753303,-0.004681702222228523,full_fill_at_mid_no_queue,1.0,ok,
majority,classical,fold_5,test,0.7,0.0,0.0,0.0,0.0,0.0,0.0,0.0,0.0,0.0,0.0,0.0,full_fill_at_mid_no_queue,,ok,
majority,classical,fold_5,test,0.7,0.5,0.0,0.0,0.0,0.0,0.0,0.0,0.0,0.0,0.0,0.0,full_fill_at_mid_no_queue,,ok,
majority,classical,fold_5,test,0.7,1.0,0.0,0.0,0.0,0.0,0.0,0.0,0.0,0.0,0.0,0.0,full_fill_at_mid_no_queue,,ok,
majority,classical,fold_5,test,0.7,5.0,0.0,0.0,0.0,0.0,0.0,0.0,0.0,0.0,0.0,0.0,full_fill_at_mid_no_queue,,ok,
majority,classical,fold_5,test,0.7,0.0,1.0,0.0,0.0,0.0,0.0,0.0,0.0,0.0,0.0,0.0,full_fill_at_mid_no_queue,,ok,
majority,classical,fold_5,test,0.7,0.5,1.0,0.0,0.0,0.0,0.0,0.0,0.0,0.0,0.0,0.0,full_fill_at_mid_no_queue,,ok,
majority,classical,fold_5,test,0.7,1.0,1.0,0.0,0.0,0.0,0.0,0.0,0.0,0.0,0.0,0.0,full_fill_at_mid_no_queue,,ok,
majority,classical,fold_5,test,0.7,5.0,1.0,0.0,0.0,0.0,0.0,0.0,0.0,0.0,0.0,0.0,full_fill_at_mid_no_queue,,ok,
logistic,classical,fold_5,test,0.0,0.0,0.0,20285.0,1.0,19194.0,19194.0,14.7402195453105,0.0,14.7402195453105,0.6336209021444417,0.0,full_fill_at_mid_no_queue,0.9462164160709884,ok,
logistic,classical,fold_5,test,0.0,0.5,0.0,20285.0,1.0,19194.0,19194.0,14.7402195453105,0.5,14.2402195453105,0.6336209021444417,0.0,full_fill_at_mid_no_queue,0.9462164160709884,ok,
logistic,classical,fold_5,test,0.0,1.0,0.0,20285.0,1.0,19194.0,19194.0,14.7402195453105,1.0,13.7402195453105,0.6336209021444417,0.0,full_fill_at_mid_no_queue,0.9462164160709884,ok,
logistic,classical,fold_5,test,0.0,5.0,0.0,20285.0,1.0,19194.0,19194.0,14.7402195453105,5.0,9.7402195453105,0.6336209021444417,0.0,full_fill_at_mid_no_queue,0.9462164160709884,ok,
logistic,classical,fold_5,test,0.0,0.0,1.0,20284.0,1.0,19193.0,19193.0,14.768741141468531,0.0,14.768741141468531,0.6335535397357523,-0.02852159615803096,full_fill_at_mid_no_queue,0.9462137645434825,ok,
logistic,classical,fold_5,test,0.0,0.5,1.0,20284.0,1.0,19193.0,19193.0,14.768741141468531,0.5,14.268741141468531,0.6335535397357523,-0.02852159615803096,full_fill_at_mid_no_queue,0.9462137645434825,ok,
logistic,classical,fold_5,test,0.0,1.0,1.0,20284.0,1.0,19193.0,19193.0,14.768741141468531,1.0,13.768741141468531,0.6335535397357523,-0.02852159615803096,full_fill_at_mid_no_queue,0.9462137645434825,ok,
logistic,classical,fold_5,test,0.0,5.0,1.0,20284.0,1.0,19193.0,19193.0,14.768741141468531,5.0,9.768741141468531,0.6335535397357523,-0.02852159615803096,full_fill_at_mid_no_queue,0.9462137645434825,ok,
logistic,classical,fold_5,test,0.5,0.0,0.0,13510.0,0.6660093665269904,13411.0,13411.0,11.933347074868808,0.0,11.933347074868808,0.7048852701702443,0.0,full_fill_at_mid_no_queue,0.9926720947446336,ok,
logistic,classical,fold_5,test,0.5,0.5,0.0,13510.0,0.6660093665269904,13411.0,13411.0,11.933347074868808,0.5,11.433347074868808,0.7048852701702443,0.0,full_fill_at_mid_no_queue,0.9926720947446336,ok,
logistic,classical,fold_5,test,0.5,1.0,0.0,13510.0,0.6660093665269904,13411.0,13411.0,11.933347074868808,1.0,10.933347074868808,0.7048852701702443,0.0,full_fill_at_mid_no_queue,0.9926720947446336,ok,
logistic,classical,fold_5,test,0.5,5.0,0.0,13510.0,0.6660093665269904,13411.0,13411.0,11.933347074868808,5.0,6.933347074868808,0.7048852701702443,0.0,full_fill_at_mid_no_queue,0.9926720947446336,ok,
logistic,classical,fold_5,test,0.5,0.0,1.0,13510.0,0.666042200749359,13411.0,13411.0,12.009296186048624,0.0,12.009296186048624,0.7048112509252406,-0.07594911117981695,full_fill_at_mid_no_queue,0.9926720947446336,ok,
logistic,classical,fold_5,test,0.5,0.5,1.0,13510.0,0.666042200749359,13411.0,13411.0,12.009296186048624,0.5,11.509296186048624,0.7048112509252406,-0.07594911117981695,full_fill_at_mid_no_queue,0.9926720947446336,ok,
logistic,classical,fold_5,test,0.5,1.0,1.0,13510.0,0.666042200749359,13411.0,13411.0,12.009296186048624,1.0,11.009296186048624,0.7048112509252406,-0.07594911117981695,full_fill_at_mid_no_queue,0.9926720947446336,ok,
logistic,classical,fold_5,test,0.5,5.0,1.0,13510.0,0.666042200749359,13411.0,13411.0,12.009296186048624,5.0,7.009296186048623,0.7048112509252406,-0.07594911117981695,full_fill_at_mid_no_queue,0.9926720947446336,ok,
logistic,classical,fold_5,test,0.6,0.0,0.0,7668.0,0.3780133103278284,7652.0,7652.0,5.791154624974063,0.0,5.791154624974063,0.7430881585811163,0.0,full_fill_at_mid_no_queue,0.9979134063641106,ok,
logistic,classical,fold_5,test,0.6,0.5,0.0,7668.0,0.3780133103278284,7652.0,7652.0,5.791154624974063,0.5,5.291154624974063,0.7430881585811163,0.0,full_fill_at_mid_no_queue,0.9979134063641106,ok,
logistic,classical,fold_5,test,0.6,1.0,0.0,7668.0,0.3780133103278284,7652.0,7652.0,5.791154624974063,1.0,4.791154624974063,0.7430881585811163,0.0,full_fill_at_mid_no_queue,0.9979134063641106,ok,
logistic,classical,fold_5,test,0.6,5.0,0.0,7668.0,0.3780133103278284,7652.0,7652.0,5.791154624974063,5.0,0.7911546249740633,0.7430881585811163,0.0,full_fill_at_mid_no_queue,0.9979134063641106,ok,
logistic,classical,fold_5,test,0.6,0.0,1.0,7669.0,0.37808124630250445,7653.0,7653.0,10.979630928283832,0.0,10.979630928283832,0.7429912635284913,-5.188476303309769,full_fill_at_mid_no_queue,0.9979136784456905,ok,
logistic,classical,fold_5,test,0.6,0.5,1.0,7669.0,0.37808124630250445,7653.0,7653.0,10.979630928283832,0.5,10.479630928283832,0.7429912635284913,-5.188476303309769,full_fill_at_mid_no_queue,0.9979136784456905,ok,
logistic,classical,fold_5,test,0.6,1.0,1.0,7669.0,0.37808124630250445,7653.0,7653.0,10.979630928283832,1.0,9.979630928283832,0.7429912635284913,-5.188476303309769,full_fill_at_mid_no_queue,0.9979136784456905,ok,
logistic,classical,fold_5,test,0.6,5.0,1.0,7669.0,0.37808124630250445,7653.0,7653.0,10.979630928283832,5.0,5.979630928283832,0.7429912635284913,-5.188476303309769,full_fill_at_mid_no_queue,0.9979136784456905,ok,
logistic,classical,fold_5,test,0.7,0.0,0.0,3306.0,0.16297756963273355,3303.0,3303.0,0.4427549906301787,0.0,0.4427549906301787,0.7931034482758621,0.0,full_fill_at_mid_no_queue,0.9990925589836661,ok,
logistic,classical,fold_5,test,0.7,0.5,0.0,3306.0,0.16297756963273355,3303.0,3303.0,0.4427549906301787,0.5,-0.0572450093698212,0.7931034482758621,0.0,full_fill_at_mid_no_queue,0.9990925589836661,ok,
logistic,classical,fold_5,test,0.7,1.0,0.0,3306.0,0.16297756963273355,3303.0,3303.0,0.4427549906301787,1.0,-0.5572450093698212,0.7931034482758621,0.0,full_fill_at_mid_no_queue,0.9990925589836661,ok,
logistic,classical,fold_5,test,0.7,5.0,0.0,3306.0,0.16297756963273355,3303.0,3303.0,0.4427549906301787,5.0,-4.557245009369821,0.7931034482758621,0.0,full_fill_at_mid_no_queue,0.9990925589836661,ok,
logistic,classical,fold_5,test,0.7,0.0,1.0,3307.0,0.16303490435811477,3304.0,3304.0,12.296071116524658,0.0,12.296071116524658,0.7928636226186876,-11.853316125894478,full_fill_at_mid_no_queue,0.9990928333837314,ok,
logistic,classical,fold_5,test,0.7,0.5,1.0,3307.0,0.16303490435811477,3304.0,3304.0,12.296071116524658,0.5,11.796071116524658,0.7928636226186876,-11.853316125894478,full_fill_at_mid_no_queue,0.9990928333837314,ok,
logistic,classical,fold_5,test,0.7,1.0,1.0,3307.0,0.16303490435811477,3304.0,3304.0,12.296071116524658,1.0,11.296071116524658,0.7928636226186876,-11.853316125894478,full_fill_at_mid_no_queue,0.9990928333837314,ok,
logistic,classical,fold_5,test,0.7,5.0,1.0,3307.0,0.16303490435811477,3304.0,3304.0,12.296071116524658,5.0,7.296071116524658,0.7928636226186876,-11.853316125894478,full_fill_at_mid_no_queue,0.9990928333837314,ok,
elastic_net,classical,fold_5,test,0.0,0.0,0.0,20285.0,1.0,19195.0,19195.0,14.748250781917475,0.0,14.748250781917475,0.6338673896968203,0.0,full_fill_at_mid_no_queue,0.9462657135814642,ok,
elastic_net,classical,fold_5,test,0.0,0.5,0.0,20285.0,1.0,19195.0,19195.0,14.748250781917475,0.5,14.248250781917475,0.6338673896968203,0.0,full_fill_at_mid_no_queue,0.9462657135814642,ok,
elastic_net,classical,fold_5,test,0.0,1.0,0.0,20285.0,1.0,19195.0,19195.0,14.748250781917475,1.0,13.748250781917475,0.6338673896968203,0.0,full_fill_at_mid_no_queue,0.9462657135814642,ok,
elastic_net,classical,fold_5,test,0.0,5.0,0.0,20285.0,1.0,19195.0,19195.0,14.748250781917475,5.0,9.748250781917475,0.6338673896968203,0.0,full_fill_at_mid_no_queue,0.9462657135814642,ok,
elastic_net,classical,fold_5,test,0.0,0.0,1.0,20284.0,1.0,19194.0,19194.0,14.771914566098072,0.0,14.771914566098072,0.6338000394399527,-0.023663784180596892,full_fill_at_mid_no_queue,0.9462630644843226,ok,
elastic_net,classical,fold_5,test,0.0,0.5,1.0,20284.0,1.0,19194.0,19194.0,14.771914566098072,0.5,14.271914566098072,0.6338000394399527,-0.023663784180596892,full_fill_at_mid_no_queue,0.9462630644843226,ok,
elastic_net,classical,fold_5,test,0.0,1.0,1.0,20284.0,1.0,19194.0,19194.0,14.771914566098072,1.0,13.771914566098072,0.6338000394399527,-0.023663784180596892,full_fill_at_mid_no_queue,0.9462630644843226,ok,
elastic_net,classical,fold_5,test,0.0,5.0,1.0,20284.0,1.0,19194.0,19194.0,14.771914566098072,5.0,9.771914566098072,0.6338000394399527,-0.023663784180596892,full_fill_at_mid_no_queue,0.9462630644843226,ok,
elastic_net,classical,fold_5,test,0.5,0.0,0.0,13517.0,0.6663544491003204,13419.0,13419.0,11.92110169867466,0.0,11.92110169867466,0.7048161574313827,0.0,full_fill_at_mid_no_queue,0.9927498705334024,ok,
elastic_net,classical,fold_5,test,0.5,0.5,0.0,13517.0,0.6663544491003204,13419.0,13419.0,11.92110169867466,0.5,11.42110169867466,0.7048161574313827,0.0,full_fill_at_mid_no_queue,0.9927498705334024,ok,
elastic_net,classical,fold_5,test,0.5,1.0,0.0,13517.0,0.6663544491003204,13419.0,13419.0,11.92110169867466,1.0,10.92110169867466,0.7048161574313827,0.0,full_fill_at_mid_no_queue,0.9927498705334024,ok,
elastic_net,classical,fold_5,test,0.5,5.0,0.0,13517.0,0.6663544491003204,13419.0,13419.0,11.92110169867466,5.0,6.921101698674661,0.7048161574313827,0.0,full_fill_at_mid_no_queue,0.9927498705334024,ok,
elastic_net,classical,fold_5,test,0.5,0.0,1.0,13517.0,0.6663873003352396,13419.0,13419.0,11.99925307016605,0.0,11.99925307016605,0.7047421765184583,-0.07815137149139062,full_fill_at_mid_no_queue,0.9927498705334024,ok,
elastic_net,classical,fold_5,test,0.5,0.5,1.0,13517.0,0.6663873003352396,13419.0,13419.0,11.99925307016605,0.5,11.49925307016605,0.7047421765184583,-0.07815137149139062,full_fill_at_mid_no_queue,0.9927498705334024,ok,
elastic_net,classical,fold_5,test,0.5,1.0,1.0,13517.0,0.6663873003352396,13419.0,13419.0,11.99925307016605,1.0,10.99925307016605,0.7047421765184583,-0.07815137149139062,full_fill_at_mid_no_queue,0.9927498705334024,ok,
elastic_net,classical,fold_5,test,0.5,5.0,1.0,13517.0,0.6663873003352396,13419.0,13419.0,11.99925307016605,5.0,6.99925307016605,0.7047421765184583,-0.07815137149139062,full_fill_at_mid_no_queue,0.9927498705334024,ok,
elastic_net,classical,fold_5,test,0.6,0.0,0.0,7670.0,0.37811190534877986,7654.0,7654.0,5.786771620421406,0.0,5.786771620421406,0.7427640156453715,0.0,full_fill_at_mid_no_queue,0.9979139504563234,ok,
elastic_net,classical,fold_5,test,0.6,0.5,0.0,7670.0,0.37811190534877986,7654.0,7654.0,5.786771620421406,0.5,5.286771620421406,0.7427640156453715,0.0,full_fill_at_mid_no_queue,0.9979139504563234,ok,
elastic_net,classical,fold_5,test,0.6,1.0,0.0,7670.0,0.37811190534877986,7654.0,7654.0,5.786771620421406,1.0,4.786771620421406,0.7427640156453715,0.0,full_fill_at_mid_no_queue,0.9979139504563234,ok,
elastic_net,classical,fold_5,test,0.6,5.0,0.0,7670.0,0.37811190534877986,7654.0,7654.0,5.786771620421406,5.0,0.7867716204214057,0.7427640156453715,0.0,full_fill_at_mid_no_queue,0.9979139504563234,ok,
elastic_net,classical,fold_5,test,0.6,0.0,1.0,7671.0,0.3781798461841846,7655.0,7655.0,10.97331551386132,0.0,10.97331551386132,0.7426671881110677,-5.1865438934399135,full_fill_at_mid_no_queue,0.997914222396037,ok,
elastic_net,classical,fold_5,test,0.6,0.5,1.0,7671.0,0.3781798461841846,7655.0,7655.0,10.97331551386132,0.5,10.47331551386132,0.7426671881110677,-5.1865438934399135,full_fill_at_mid_no_queue,0.997914222396037,ok,
elastic_net,classical,fold_5,test,0.6,1.0,1.0,7671.0,0.3781798461841846,7655.0,7655.0,10.97331551386132,1.0,9.97331551386132,0.7426671881110677,-5.1865438934399135,full_fill_at_mid_no_queue,0.997914222396037,ok,
elastic_net,classical,fold_5,test,0.6,5.0,1.0,7671.0,0.3781798461841846,7655.0,7655.0,10.97331551386132,5.0,5.973315513861319,0.7426671881110677,-5.1865438934399135,full_fill_at_mid_no_queue,0.997914222396037,ok,
elastic_net,classical,fold_5,test,0.7,0.0,0.0,3309.0,0.1631254621641607,3306.0,3306.0,0.4436371661470122,0.0,0.4436371661470122,0.7932910244786945,0.0,full_fill_at_mid_no_queue,0.99909338168631,ok,
elastic_net,classical,fold_5,test,0.7,0.5,0.0,3309.0,0.1631254621641607,3306.0,3306.0,0.4436371661470122,0.5,-0.0563628338529877,0.7932910244786945,0.0,full_fill_at_mid_no_queue,0.99909338168631,ok,
elastic_net,classical,fold_5,test,0.7,1.0,0.0,3309.0,0.1631254621641607,3306.0,3306.0,0.4436371661470122,1.0,-0.5563628338529878,0.7932910244786945,0.0,full_fill_at_mid_no_queue,0.99909338168631,ok,
elastic_net,classical,fold_5,test,0.7,5.0,0.0,3309.0,0.1631254621641607,3306.0,3306.0,0.4436371661470122,5.0,-4.556362833852988,0.7932910244786945,0.0,full_fill_at_mid_no_queue,0.99909338168631,ok,
elastic_net,classical,fold_5,test,0.7,0.0,1.0,3310.0,0.163182804180635,3307.0,3307.0,12.272969115477624,0.0,12.272969115477624,0.7930513595166163,-11.829331949330612,full_fill_at_mid_no_queue,0.9990936555891239,ok,
elastic_net,classical,fold_5,test,0.7,0.5,1.0,3310.0,0.163182804180635,3307.0,3307.0,12.272969115477624,0.5,11.772969115477624,0.7930513595166163,-11.829331949330612,full_fill_at_mid_no_queue,0.9990936555891239,ok,
elastic_net,classical,fold_5,test,0.7,1.0,1.0,3310.0,0.163182804180635,3307.0,3307.0,12.272969115477624,1.0,11.272969115477624,0.7930513595166163,-11.829331949330612,full_fill_at_mid_no_queue,0.9990936555891239,ok,
elastic_net,classical,fold_5,test,0.7,5.0,1.0,3310.0,0.163182804180635,3307.0,3307.0,12.272969115477624,5.0,7.2729691154776255,0.7930513595166163,-11.829331949330612,full_fill_at_mid_no_queue,0.9990936555891239,ok,
random_forest,classical,fold_5,test,0.0,0.0,0.0,20285.0,1.0,18688.0,18688.0,1.793212342316086,0.0,1.793212342316086,0.6485580478185852,0.0,full_fill_at_mid_no_queue,0.9212718757702736,ok,
random_forest,classical,fold_5,test,0.0,0.5,0.0,20285.0,1.0,18688.0,18688.0,1.793212342316086,0.5,1.293212342316086,0.6485580478185852,0.0,full_fill_at_mid_no_queue,0.9212718757702736,ok,
random_forest,classical,fold_5,test,0.0,1.0,0.0,20285.0,1.0,18688.0,18688.0,1.793212342316086,1.0,0.793212342316086,0.6485580478185852,0.0,full_fill_at_mid_no_queue,0.9212718757702736,ok,
random_forest,classical,fold_5,test,0.0,5.0,0.0,20285.0,1.0,18688.0,18688.0,1.793212342316086,5.0,-3.206787657683914,0.6485580478185852,0.0,full_fill_at_mid_no_queue,0.9212718757702736,ok,
random_forest,classical,fold_5,test,0.0,0.0,1.0,20284.0,1.0,18687.0,18687.0,1.457553036062249,0.0,1.457553036062249,0.6484914218102938,0.3356593062538369,full_fill_at_mid_no_queue,0.9212679944784066,ok,
random_forest,classical,fold_5,test,0.0,0.5,1.0,20284.0,1.0,18687.0,18687.0,1.457553036062249,0.5,0.9575530360622492,0.6484914218102938,0.3356593062538369,full_fill_at_mid_no_queue,0.9212679944784066,ok,
random_forest,classical,fold_5,test,0.0,1.0,1.0,20284.0,1.0,18687.0,18687.0,1.457553036062249,1.0,0.457553036062249,0.6484914218102938,0.3356593062538369,full_fill_at_mid_no_queue,0.9212679944784066,ok,
random_forest,classical,fold_5,test,0.0,5.0,1.0,20284.0,1.0,18687.0,18687.0,1.457553036062249,5.0,-3.542446963937751,0.6484914218102938,0.3356593062538369,full_fill_at_mid_no_queue,0.9212679944784066,ok,
random_forest,classical,fold_5,test,0.5,0.0,0.0,14011.0,0.6907074192753266,13727.0,13727.0,1.445053312917341,0.0,1.445053312917341,0.7394904003996859,0.0,full_fill_at_mid_no_queue,0.9797302119763043,ok,
random_forest,classical,fold_5,test,0.5,0.5,0.0,14011.0,0.6907074192753266,13727.0,13727.0,1.445053312917341,0.5,0.9450533129173412,0.7394904003996859,0.0,full_fill_at_mid_no_queue,0.9797302119763043,ok,
random_forest,classical,fold_5,test,0.5,1.0,0.0,14011.0,0.6907074192753266,13727.0,13727.0,1.445053312917341,1.0,0.445053312917341,0.7394904003996859,0.0,full_fill_at_mid_no_queue,0.9797302119763043,ok,
random_forest,classical,fold_5,test,0.5,5.0,0.0,14011.0,0.6907074192753266,13727.0,13727.0,1.445053312917341,5.0,-3.554946687082659,0.7394904003996859,0.0,full_fill_at_mid_no_queue,0.9797302119763043,ok,
random_forest,classical,fold_5,test,0.5,0.0,1.0,14010.0,0.6906921711693946,13726.0,13726.0,4.151622609590719,0.0,4.151622609590719,0.7394718058529621,-2.706569296673378,full_fill_at_mid_no_queue,0.9797287651677373,ok,
random_forest,classical,fold_5,test,0.5,0.5,1.0,14010.0,0.6906921711693946,13726.0,13726.0,4.151622609590719,0.5,3.651622609590719,0.7394718058529621,-2.706569296673378,full_fill_at_mid_no_queue,0.9797287651677373,ok,
random_forest,classical,fold_5,test,0.5,1.0,1.0,14010.0,0.6906921711693946,13726.0,13726.0,4.151622609590719,1.0,3.151622609590719,0.7394718058529621,-2.706569296673378,full_fill_at_mid_no_queue,0.9797287651677373,ok,
random_forest,classical,fold_5,test,0.5,5.0,1.0,14010.0,0.6906921711693946,13726.0,13726.0,4.151622609590719,5.0,-0.8483773904092811,0.7394718058529621,-2.706569296673378,full_fill_at_mid_no_queue,0.9797287651677373,ok,
random_forest,classical,fold_5,test,0.6,0.0,0.0,9352.0,0.46103031796894256,9326.0,9326.0,1.1655949324535564,0.0,1.1655949324535564,0.7959794696321643,0.0,full_fill_at_mid_no_queue,0.9972198460222412,ok,
random_forest,classical,fold_5,test,0.6,0.5,0.0,9352.0,0.46103031796894256,9326.0,9326.0,1.1655949324535564,0.5,0.6655949324535564,0.7959794696321643,0.0,full_fill_at_mid_no_queue,0.9972198460222412,ok,
random_forest,classical,fold_5,test,0.6,1.0,0.0,9352.0,0.46103031796894256,9326.0,9326.0,1.1655949324535564,1.0,0.1655949324535564,0.7959794696321643,0.0,full_fill_at_mid_no_queue,0.9972198460222412,ok,
random_forest,classical,fold_5,test,0.6,5.0,0.0,9352.0,0.46103031796894256,9326.0,9326.0,1.1655949324535564,5.0,-3.8344050675464434,0.7959794696321643,0.0,full_fill_at_mid_no_queue,0.9972198460222412,ok,
random_forest,classical,fold_5,test,0.6,0.0,1.0,9351.0,0.4610037467955038,9325.0,9325.0,5.461753166447303,0.0,5.461753166447303,0.7959576515880654,-4.296158233993746,full_fill_at_mid_no_queue,0.9972195487113678,ok,
random_forest,classical,fold_5,test,0.6,0.5,1.0,9351.0,0.4610037467955038,9325.0,9325.0,5.461753166447303,0.5,4.961753166447303,0.7959576515880654,-4.296158233993746,full_fill_at_mid_no_queue,0.9972195487113678,ok,
random_forest,classical,fold_5,test,0.6,1.0,1.0,9351.0,0.4610037467955038,9325.0,9325.0,5.461753166447303,1.0,4.461753166447303,0.7959576515880654,-4.296158233993746,full_fill_at_mid_no_queue,0.9972195487113678,ok,
random_forest,classical,fold_5,test,0.6,5.0,1.0,9351.0,0.4610037467955038,9325.0,9325.0,5.461753166447303,5.0,0.4617531664473029,0.7959576515880654,-4.296158233993746,full_fill_at_mid_no_queue,0.9972195487113678,ok,
random_forest,classical,fold_5,test,0.7,0.0,0.0,5056.0,0.24924821296524524,5056.0,5056.0,0.8325767197857232,0.0,0.8325767197857232,0.8552215189873418,0.0,full_fill_at_mid_no_queue,1.0,ok,
random_forest,classical,fold_5,test,0.7,0.5,0.0,5056.0,0.24924821296524524,5056.0,5056.0,0.8325767197857232,0.5,0.3325767197857232,0.8552215189873418,0.0,full_fill_at_mid_no_queue,1.0,ok,
random_forest,classical,fold_5,test,0.7,1.0,0.0,5056.0,0.24924821296524524,5056.0,5056.0,0.8325767197857232,1.0,-0.1674232802142767,0.8552215189873418,0.0,full_fill_at_mid_no_queue,1.0,ok,
random_forest,classical,fold_5,test,0.7,5.0,0.0,5056.0,0.24924821296524524,5056.0,5056.0,0.8325767197857232,5.0,-4.167423280214277,0.8552215189873418,0.0,full_fill_at_mid_no_queue,1.0,ok,
random_forest,classical,fold_5,test,0.7,0.0,1.0,5056.0,0.24926050088739893,5056.0,5056.0,8.674349173191214,0.0,8.674349173191214,0.8552215189873418,-7.841772453405491,full_fill_at_mid_no_queue,1.0,ok,
random_forest,classical,fold_5,test,0.7,0.5,1.0,5056.0,0.24926050088739893,5056.0,5056.0,8.674349173191214,0.5,8.174349173191214,0.8552215189873418,-7.841772453405491,full_fill_at_mid_no_queue,1.0,ok,
random_forest,classical,fold_5,test,0.7,1.0,1.0,5056.0,0.24926050088739893,5056.0,5056.0,8.674349173191214,1.0,7.674349173191214,0.8552215189873418,-7.841772453405491,full_fill_at_mid_no_queue,1.0,ok,
random_forest,classical,fold_5,test,0.7,5.0,1.0,5056.0,0.24926050088739893,5056.0,5056.0,8.674349173191214,5.0,3.6743491731912137,0.8552215189873418,-7.841772453405491,full_fill_at_mid_no_queue,1.0,ok,
gradient_boosting,classical,fold_5,test,0.0,0.0,0.0,20285.0,1.0,18342.0,18342.0,-4.740023717907377,0.0,-4.740023717907377,0.6587626324870594,0.0,full_fill_at_mid_no_queue,0.9042149371456741,ok,
gradient_boosting,classical,fold_5,test,0.0,0.5,0.0,20285.0,1.0,18342.0,18342.0,-4.740023717907377,0.5,-5.240023717907377,0.6587626324870594,0.0,full_fill_at_mid_no_queue,0.9042149371456741,ok,
gradient_boosting,classical,fold_5,test,0.0,1.0,0.0,20285.0,1.0,18342.0,18342.0,-4.740023717907377,1.0,-5.740023717907377,0.6587626324870594,0.0,full_fill_at_mid_no_queue,0.9042149371456741,ok,
gradient_boosting,classical,fold_5,test,0.0,5.0,0.0,20285.0,1.0,18342.0,18342.0,-4.740023717907377,5.0,-9.740023717907375,0.6587626324870594,0.0,full_fill_at_mid_no_queue,0.9042149371456741,ok,
gradient_boosting,classical,fold_5,test,0.0,0.0,1.0,20284.0,1.0,18341.0,18341.0,-5.367769588334111,0.0,-5.367769588334111,0.6586965095641886,0.6277458704267342,full_fill_at_mid_no_queue,0.904210214947742,ok,
gradient_boosting,classical,fold_5,test,0.0,0.5,1.0,20284.0,1.0,18341.0,18341.0,-5.367769588334111,0.5,-5.867769588334111,0.6586965095641886,0.6277458704267342,full_fill_at_mid_no_queue,0.904210214947742,ok,
gradient_boosting,classical,fold_5,test,0.0,1.0,1.0,20284.0,1.0,18341.0,18341.0,-5.367769588334111,1.0,-6.367769588334111,0.6586965095641886,0.6277458704267342,full_fill_at_mid_no_queue,0.904210214947742,ok,
gradient_boosting,classical,fold_5,test,0.0,5.0,1.0,20284.0,1.0,18341.0,18341.0,-5.367769588334111,5.0,-10.367769588334111,0.6586965095641886,0.6277458704267342,full_fill_at_mid_no_queue,0.904210214947742,ok,
gradient_boosting,classical,fold_5,test,0.5,0.0,0.0,15065.0,0.7426669953167365,14602.0,14602.0,-1.3892558089581204,0.0,-1.3892558089581204,0.7383338864918686,0.0,full_fill_at_mid_no_queue,0.9692665117822769,ok,
gradient_boosting,classical,fold_5,test,0.5,0.5,0.0,15065.0,0.7426669953167365,14602.0,14602.0,-1.3892558089581204,0.5,-1.8892558089581204,0.7383338864918686,0.0,full_fill_at_mid_no_queue,0.9692665117822769,ok,
gradient_boosting,classical,fold_5,test,0.5,1.0,0.0,15065.0,0.7426669953167365,14602.0,14602.0,-1.3892558089581204,1.0,-2.3892558089581204,0.7383338864918686,0.0,full_fill_at_mid_no_queue,0.9692665117822769,ok,
gradient_boosting,classical,fold_5,test,0.5,5.0,0.0,15065.0,0.7426669953167365,14602.0,14602.0,-1.3892558089581204,5.0,-6.38925580895812,0.7383338864918686,0.0,full_fill_at_mid_no_queue,0.9692665117822769,ok,
gradient_boosting,classical,fold_5,test,0.5,0.0,1.0,15064.0,0.7426543088148294,14601.0,14601.0,-1.649747193588919,0.0,-1.649747193588919,0.7382501327668614,0.2604913846307986,full_fill_at_mid_no_queue,0.9692644715878916,ok,
gradient_boosting,classical,fold_5,test,0.5,0.5,1.0,15064.0,0.7426543088148294,14601.0,14601.0,-1.649747193588919,0.5,-2.1497471935889187,0.7382501327668614,0.2604913846307986,full_fill_at_mid_no_queue,0.9692644715878916,ok,
gradient_boosting,classical,fold_5,test,0.5,1.0,1.0,15064.0,0.7426543088148294,14601.0,14601.0,-1.649747193588919,1.0,-2.6497471935889187,0.7382501327668614,0.2604913846307986,full_fill_at_mid_no_queue,0.9692644715878916,ok,
gradient_boosting,classical,fold_5,test,0.5,5.0,1.0,15064.0,0.7426543088148294,14601.0,14601.0,-1.649747193588919,5.0,-6.649747193588919,0.7382501327668614,0.2604913846307986,full_fill_at_mid_no_queue,0.9692644715878916,ok,
gradient_boosting,classical,fold_5,test,0.6,0.0,0.0,12028.0,0.5929504560019719,11943.0,11943.0,-2.3035260610570583,0.0,-2.3035260610570583,0.7860824742268041,0.0,full_fill_at_mid_no_queue,0.9929331559694047,ok,
gradient_boosting,classical,fold_5,test,0.6,0.5,0.0,12028.0,0.5929504560019719,11943.0,11943.0,-2.3035260610570583,0.5,-2.8035260610570583,0.7860824742268041,0.0,full_fill_at_mid_no_queue,0.9929331559694047,ok,
gradient_boosting,classical,fold_5,test,0.6,1.0,0.0,12028.0,0.5929504560019719,11943.0,11943.0,-2.3035260610570583,1.0,-3.3035260610570583,0.7860824742268041,0.0,full_fill_at_mid_no_queue,0.9929331559694047,ok,
gradient_boosting,classical,fold_5,test,0.6,5.0,0.0,12028.0,0.5929504560019719,11943.0,11943.0,-2.3035260610570583,5.0,-7.303526061057058,0.7860824742268041,0.0,full_fill_at_mid_no_queue,0.9929331559694047,ok,
gradient_boosting,classical,fold_5,test,0.6,0.0,1.0,12028.0,0.5929796884243739,11943.0,11943.0,1.011059411393075,0.0,1.011059411393075,0.7859993348852677,-3.3145854724501334,full_fill_at_mid_no_queue,0.9929331559694047,ok,
gradient_boosting,classical,fold_5,test,0.6,0.5,1.0,12028.0,0.5929796884243739,11943.0,11943.0,1.011059411393075,0.5,0.5110594113930753,0.7859993348852677,-3.3145854724501334,full_fill_at_mid_no_queue,0.9929331559694047,ok,
gradient_boosting,classical,fold_5,test,0.6,1.0,1.0,12028.0,0.5929796884243739,11943.0,11943.0,1.011059411393075,1.0,0.0110594113930753,0.7859993348852677,-3.3145854724501334,full_fill_at_mid_no_queue,0.9929331559694047,ok,
gradient_boosting,classical,fold_5,test,0.6,5.0,1.0,12028.0,0.5929796884243739,11943.0,11943.0,1.011059411393075,5.0,-3.988940588606925,0.7859993348852677,-3.3145854724501334,full_fill_at_mid_no_queue,0.9929331559694047,ok,
gradient_boosting,classical,fold_5,test,0.7,0.0,0.0,7851.0,0.38703475474488536,7840.0,7840.0,0.413767106558161,0.0,0.413767106558161,0.8388740287861419,0.0,full_fill_at_mid_no_queue,0.9985989045981404,ok,
gradient_boosting,classical,fold_5,test,0.7,0.5,0.0,7851.0,0.38703475474488536,7840.0,7840.0,0.413767106558161,0.5,-0.0862328934418389,0.8388740287861419,0.0,full_fill_at_mid_no_queue,0.9985989045981404,ok,
gradient_boosting,classical,fold_5,test,0.7,1.0,0.0,7851.0,0.38703475474488536,7840.0,7840.0,0.413767106558161,1.0,-0.586232893441839,0.8388740287861419,0.0,full_fill_at_mid_no_queue,0.9985989045981404,ok,
gradient_boosting,classical,fold_5,test,0.7,5.0,0.0,7851.0,0.38703475474488536,7840.0,7840.0,0.413767106558161,5.0,-4.586232893441839,0.8388740287861419,0.0,full_fill_at_mid_no_queue,0.9985989045981404,ok,
gradient_boosting,classical,fold_5,test,0.7,0.0,1.0,7852.0,0.3871031354762374,7841.0,7841.0,0.5207104862748875,0.0,0.5207104862748875,0.8387671930718288,-0.10694337971672646,full_fill_at_mid_no_queue,0.9985990830361692,ok,
gradient_boosting,classical,fold_5,test,0.7,0.5,1.0,7852.0,0.3871031354762374,7841.0,7841.0,0.5207104862748875,0.5,0.0207104862748874,0.8387671930718288,-0.10694337971672646,full_fill_at_mid_no_queue,0.9985990830361692,ok,
gradient_boosting,classical,fold_5,test,0.7,1.0,1.0,7852.0,0.3871031354762374,7841.0,7841.0,0.5207104862748875,1.0,-0.4792895137251125,0.8387671930718288,-0.10694337971672646,full_fill_at_mid_no_queue,0.9985990830361692,ok,
gradient_boosting,classical,fold_5,test,0.7,5.0,1.0,7852.0,0.3871031354762374,7841.0,7841.0,0.5207104862748875,5.0,-4.479289513725113,0.8387671930718288,-0.10694337971672646,full_fill_at_mid_no_queue,0.9985990830361692,ok,
deeplob_style,neural,aggregate,test,,,,,,,,,,,,,unavailable,,skipped,"neural runs ship no stored execution proxy rows; the execution-aware diagnostics are skipped, not fabricated"
matrix_transformer,neural,aggregate,test,,,,,,,,,,,,,unavailable,,skipped,"neural runs ship no stored execution proxy rows; the execution-aware diagnostics are skipped, not fabricated"
