ablation_family,ablation_name,fold_id,model_name,split,metric_name,metric_value,baseline_value,delta_vs_baseline,status,skip_reason
feature_groups,all_features,fold_1,logistic,validation,accuracy,0.6166694786569934,0.6166694786569934,0.0,ok,
feature_groups,all_features,fold_1,logistic,validation,macro_f1,0.31122033278641087,0.31122033278641087,0.0,ok,
feature_groups,all_features,fold_1,logistic,validation,mcc,0.09601141106438442,0.09601141106438442,0.0,ok,
feature_groups,all_features,fold_1,logistic,test,accuracy,0.594343308070943,0.594343308070943,0.0,ok,
feature_groups,all_features,fold_1,logistic,test,macro_f1,0.33282132091497396,0.33282132091497396,0.0,ok,
feature_groups,all_features,fold_1,logistic,test,mcc,0.11839941945666792,0.11839941945666792,0.0,ok,
feature_groups,top_of_book_only,fold_1,logistic,validation,accuracy,0.6149822844609415,0.6166694786569934,-0.0016871941960519,ok,
feature_groups,top_of_book_only,fold_1,logistic,validation,macro_f1,0.2538654408692019,0.31122033278641087,-0.057354891917208994,ok,
feature_groups,top_of_book_only,fold_1,logistic,validation,mcc,0.0,0.09601141106438442,-0.09601141106438442,ok,
feature_groups,top_of_book_only,fold_1,logistic,test,accuracy,0.5911659765085814,0.594343308070943,-0.0031773315623616627,ok,
feature_groups,top_of_book_only,fold_1,logistic,test,macro_f1,0.24768670071144863,0.33282132091497396,-0.08513462020352533,ok,
feature_groups,top_of_book_only,fold_1,logistic,test,mcc,0.0,0.11839941945666792,-0.11839941945666792,ok,
feature_groups,depth_features,fold_1,logistic,validation,accuracy,0.6149822844609415,0.6166694786569934,-0.0016871941960519,ok,
feature_groups,depth_features,fold_1,logistic,validation,macro_f1,0.2538654408692019,0.31122033278641087,-0.057354891917208994,ok,
feature_groups,depth_features,fold_1,logistic,validation,mcc,0.0,0.09601141106438442,-0.09601141106438442,ok,
feature_groups,depth_features,fold_1,logistic,test,accuracy,0.5911920202099122,0.594343308070943,-0.003151287861030805,ok,
feature_groups,depth_features,fold_1,logistic,test,macro_f1,0.25108837482962093,0.33282132091497396,-0.08173294608535303,ok,
feature_groups,depth_features,fold_1,logistic,test,mcc,0.02081651639585715,0.11839941945666792,-0.09758290306081077,ok,
feature_groups,liquidity_depth_features,fold_1,logistic,validation,accuracy,0.6149822844609415,0.6166694786569934,-0.0016871941960519,ok,
feature_groups,liquidity_depth_features,fold_1,logistic,validation,macro_f1,0.2538654408692019,0.31122033278641087,-0.057354891917208994,ok,
feature_groups,liquidity_depth_features,fold_1,logistic,validation,mcc,0.0,0.09601141106438442,-0.09601141106438442,ok,
feature_groups,liquidity_depth_features,fold_1,logistic,test,accuracy,0.5906971898846264,0.594343308070943,-0.0036461181863166603,ok,
feature_groups,liquidity_depth_features,fold_1,logistic,test,macro_f1,0.24905670602420302,0.33282132091497396,-0.08376461489077094,ok,
feature_groups,liquidity_depth_features,fold_1,logistic,test,mcc,0.002979811431890538,0.11839941945666792,-0.11541960802477738,ok,
feature_groups,price_only,fold_1,logistic,validation,accuracy,0.6149822844609415,0.6166694786569934,-0.0016871941960519,ok,
feature_groups,price_only,fold_1,logistic,validation,macro_f1,0.2538654408692019,0.31122033278641087,-0.057354891917208994,ok,
feature_groups,price_only,fold_1,logistic,validation,mcc,0.0,0.09601141106438442,-0.09601141106438442,ok,
feature_groups,price_only,fold_1,logistic,test,accuracy,0.5911659765085814,0.594343308070943,-0.0031773315623616627,ok,
feature_groups,price_only,fold_1,logistic,test,macro_f1,0.24779140157690624,0.33282132091497396,-0.08502991933806772,ok,
feature_groups,price_only,fold_1,logistic,test,mcc,0.005187412117908834,0.11839941945666792,-0.11321200733875908,ok,
feature_groups,labels_excluded,fold_1,logistic,validation,accuracy,0.6166694786569934,0.6166694786569934,0.0,ok,
feature_groups,labels_excluded,fold_1,logistic,validation,macro_f1,0.31122033278641087,0.31122033278641087,0.0,ok,
feature_groups,labels_excluded,fold_1,logistic,validation,mcc,0.09601141106438442,0.09601141106438442,0.0,ok,
feature_groups,labels_excluded,fold_1,logistic,test,accuracy,0.594343308070943,0.594343308070943,0.0,ok,
feature_groups,labels_excluded,fold_1,logistic,test,macro_f1,0.33282132091497396,0.33282132091497396,0.0,ok,
feature_groups,labels_excluded,fold_1,logistic,test,mcc,0.11839941945666792,0.11839941945666792,0.0,ok,
horizon,horizon_10,fold_1,logistic,validation,accuracy,0.6166694786569934,0.6166694786569934,0.0,ok,
horizon,horizon_10,fold_1,logistic,validation,macro_f1,0.31122033278641087,0.31122033278641087,0.0,ok,
horizon,horizon_10,fold_1,logistic,validation,mcc,0.09601141106438442,0.09601141106438442,0.0,ok,
horizon,horizon_10,fold_1,logistic,test,accuracy,0.594343308070943,0.594343308070943,0.0,ok,
horizon,horizon_10,fold_1,logistic,test,macro_f1,0.33282132091497396,0.33282132091497396,0.0,ok,
horizon,horizon_10,fold_1,logistic,test,mcc,0.11839941945666792,0.11839941945666792,0.0,ok,
horizon,horizon_50,fold_1,logistic,validation,accuracy,0.44896237556942803,0.6166694786569934,-0.16770710308756537,ok,
horizon,horizon_50,fold_1,logistic,validation,macro_f1,0.4405348114385165,0.31122033278641087,0.12931447865210566,ok,
horizon,horizon_50,fold_1,logistic,validation,mcc,0.1770970771096052,0.09601141106438442,0.08108566604522079,ok,
horizon,horizon_50,fold_1,logistic,test,accuracy,0.4419355678829075,0.594343308070943,-0.15240774018803555,ok,
horizon,horizon_50,fold_1,logistic,test,macro_f1,0.43945640693667487,0.33282132091497396,0.10663508602170091,ok,
horizon,horizon_50,fold_1,logistic,test,mcc,0.16127240971133025,0.11839941945666792,0.04287299025466233,ok,
horizon,horizon_100,fold_1,logistic,validation,accuracy,0.5059895393959845,0.6166694786569934,-0.11067993926100894,ok,
horizon,horizon_100,fold_1,logistic,validation,macro_f1,0.42123030201079814,0.31122033278641087,0.11000996922438727,ok,
horizon,horizon_100,fold_1,logistic,validation,mcc,0.20393885837237336,0.09601141106438442,0.10792744730798894,ok,
horizon,horizon_100,fold_1,logistic,test,accuracy,0.505221762116832,0.594343308070943,-0.08912154595411104,ok,
horizon,horizon_100,fold_1,logistic,test,macro_f1,0.401032077784693,0.33282132091497396,0.06821075686971906,ok,
horizon,horizon_100,fold_1,logistic,test,mcc,0.18548640583516274,0.11839941945666792,0.06708698637849482,ok,
feature_groups,all_features,fold_2,logistic,validation,accuracy,0.6255668691708737,0.6255668691708737,0.0,ok,
feature_groups,all_features,fold_2,logistic,validation,macro_f1,0.34718089930972457,0.34718089930972457,0.0,ok,
feature_groups,all_features,fold_2,logistic,validation,mcc,0.12127658328419835,0.12127658328419835,0.0,ok,
feature_groups,all_features,fold_2,logistic,test,accuracy,0.6447520588750657,0.6447520588750657,0.0,ok,
feature_groups,all_features,fold_2,logistic,test,macro_f1,0.31135009744071246,0.31135009744071246,0.0,ok,
feature_groups,all_features,fold_2,logistic,test,mcc,0.09594275620858116,0.09594275620858116,0.0,ok,
feature_groups,top_of_book_only,fold_2,logistic,validation,accuracy,0.6286472148541115,0.6255668691708737,0.003080345683237784,ok,
feature_groups,top_of_book_only,fold_2,logistic,validation,macro_f1,0.25732899022801303,0.34718089930972457,-0.08985190908171153,ok,
feature_groups,top_of_book_only,fold_2,logistic,validation,mcc,0.0,0.12127658328419835,-0.12127658328419835,ok,
feature_groups,top_of_book_only,fold_2,logistic,test,accuracy,0.6435955843700718,0.6447520588750657,-0.0011564745049938985,ok,
feature_groups,top_of_book_only,fold_2,logistic,test,macro_f1,0.2610518834399432,0.31135009744071246,-0.05029821400076928,ok,
feature_groups,top_of_book_only,fold_2,logistic,test,mcc,0.0,0.09594275620858116,-0.09594275620858116,ok,
feature_groups,depth_features,fold_2,logistic,validation,accuracy,0.6281338239069051,0.6255668691708737,0.0025669547360314127,ok,
feature_groups,depth_features,fold_2,logistic,validation,macro_f1,0.26440403096302884,0.34718089930972457,-0.08277686834669573,ok,
feature_groups,depth_features,fold_2,logistic,validation,mcc,0.02968794888442314,0.12127658328419835,-0.09158863439977522,ok,
feature_groups,depth_features,fold_2,logistic,test,accuracy,0.6434554056421938,0.6447520588750657,-0.0012966532328718694,ok,
feature_groups,depth_features,fold_2,logistic,test,macro_f1,0.2620976067219481,0.31135009744071246,-0.04925249071876436,ok,
feature_groups,depth_features,fold_2,logistic,test,mcc,0.009986222025062108,0.09594275620858116,-0.08595653418351905,ok,
feature_groups,liquidity_depth_features,fold_2,logistic,validation,accuracy,0.6286472148541115,0.6255668691708737,0.003080345683237784,ok,
feature_groups,liquidity_depth_features,fold_2,logistic,validation,macro_f1,0.25732899022801303,0.34718089930972457,-0.08985190908171153,ok,
feature_groups,liquidity_depth_features,fold_2,logistic,validation,mcc,0.0,0.12127658328419835,-0.12127658328419835,ok,
feature_groups,liquidity_depth_features,fold_2,logistic,test,accuracy,0.6434554056421938,0.6447520588750657,-0.0012966532328718694,ok,
feature_groups,liquidity_depth_features,fold_2,logistic,test,macro_f1,0.2612783723725877,0.31135009744071246,-0.05007172506812474,ok,
feature_groups,liquidity_depth_features,fold_2,logistic,test,mcc,-0.0005073328892055143,0.09594275620858116,-0.09645008909778667,ok,
feature_groups,price_only,fold_2,logistic,validation,accuracy,0.628476084538376,0.6255668691708737,0.002909215367502327,ok,
feature_groups,price_only,fold_2,logistic,validation,macro_f1,0.267800908142202,0.34718089930972457,-0.07937999116752259,ok,
feature_groups,price_only,fold_2,logistic,validation,mcc,0.035358162277513705,0.12127658328419835,-0.08591842100668465,ok,
feature_groups,price_only,fold_2,logistic,test,accuracy,0.6431400035044682,0.6447520588750657,-0.0016120553705974983,ok,
feature_groups,price_only,fold_2,logistic,test,macro_f1,0.26408521002815893,0.31135009744071246,-0.047264887412553525,ok,
feature_groups,price_only,fold_2,logistic,test,mcc,0.01405672760947784,0.09594275620858116,-0.08188602859910332,ok,
feature_groups,labels_excluded,fold_2,logistic,validation,accuracy,0.6255668691708737,0.6255668691708737,0.0,ok,
feature_groups,labels_excluded,fold_2,logistic,validation,macro_f1,0.34718089930972457,0.34718089930972457,0.0,ok,
feature_groups,labels_excluded,fold_2,logistic,validation,mcc,0.12127658328419835,0.12127658328419835,0.0,ok,
feature_groups,labels_excluded,fold_2,logistic,test,accuracy,0.6447520588750657,0.6447520588750657,0.0,ok,
feature_groups,labels_excluded,fold_2,logistic,test,macro_f1,0.31135009744071246,0.31135009744071246,0.0,ok,
feature_groups,labels_excluded,fold_2,logistic,test,mcc,0.09594275620858116,0.09594275620858116,0.0,ok,
horizon,horizon_10,fold_2,logistic,validation,accuracy,0.6255668691708737,0.6255668691708737,0.0,ok,
horizon,horizon_10,fold_2,logistic,validation,macro_f1,0.34718089930972457,0.34718089930972457,0.0,ok,
horizon,horizon_10,fold_2,logistic,validation,mcc,0.12127658328419835,0.12127658328419835,0.0,ok,
horizon,horizon_10,fold_2,logistic,test,accuracy,0.6447520588750657,0.6447520588750657,0.0,ok,
horizon,horizon_10,fold_2,logistic,test,macro_f1,0.31135009744071246,0.31135009744071246,0.0,ok,
horizon,horizon_10,fold_2,logistic,test,mcc,0.09594275620858116,0.09594275620858116,0.0,ok,
horizon,horizon_50,fold_2,logistic,validation,accuracy,0.4551210746983828,0.6255668691708737,-0.17044579447249086,ok,
horizon,horizon_50,fold_2,logistic,validation,macro_f1,0.4545716314415158,0.34718089930972457,0.10739073213179123,ok,
horizon,horizon_50,fold_2,logistic,validation,mcc,0.19020467543493294,0.12127658328419835,0.06892809215073459,ok,
horizon,horizon_50,fold_2,logistic,test,accuracy,0.4204660942701945,0.6447520588750657,-0.2242859646048712,ok,
horizon,horizon_50,fold_2,logistic,test,macro_f1,0.4169050694098709,0.31135009744071246,0.10555497196915842,ok,
horizon,horizon_50,fold_2,logistic,test,mcc,0.13226925075096965,0.09594275620858116,0.036326494542388496,ok,
horizon,horizon_100,fold_2,logistic,validation,accuracy,0.48951826816120475,0.6255668691708737,-0.13604860100966892,ok,
horizon,horizon_100,fold_2,logistic,validation,macro_f1,0.39919515839469977,0.34718089930972457,0.0520142590849752,ok,
horizon,horizon_100,fold_2,logistic,validation,mcc,0.21131079179089277,0.12127658328419835,0.09003420850669441,ok,
horizon,horizon_100,fold_2,logistic,test,accuracy,0.43693709479586473,0.6447520588750657,-0.20781496407920097,ok,
horizon,horizon_100,fold_2,logistic,test,macro_f1,0.3446370747496273,0.31135009744071246,0.033286977308914834,ok,
horizon,horizon_100,fold_2,logistic,test,mcc,0.09407456979827876,0.09594275620858116,-0.001868186410302397,ok,
feature_groups,all_features,fold_3,logistic,validation,accuracy,0.6755808855765015,0.6755808855765015,0.0,ok,
feature_groups,all_features,fold_3,logistic,validation,macro_f1,0.3196867845286192,0.3196867845286192,0.0,ok,
feature_groups,all_features,fold_3,logistic,validation,mcc,0.09375924442566622,0.09375924442566622,0.0,ok,
feature_groups,all_features,fold_3,logistic,test,accuracy,0.6069740431623585,0.6069740431623585,0.0,ok,
feature_groups,all_features,fold_3,logistic,test,macro_f1,0.3255002225412065,0.3255002225412065,0.0,ok,
feature_groups,all_features,fold_3,logistic,test,mcc,0.12785368394134666,0.12785368394134666,0.0,ok,
feature_groups,top_of_book_only,fold_3,logistic,validation,accuracy,0.6774597607565604,0.6755808855765015,0.0018788751800589143,ok,
feature_groups,top_of_book_only,fold_3,logistic,validation,macro_f1,0.2692403424930307,0.3196867845286192,-0.05044644203558851,ok,
feature_groups,top_of_book_only,fold_3,logistic,validation,mcc,0.0,0.09375924442566622,-0.09375924442566622,ok,
feature_groups,top_of_book_only,fold_3,logistic,test,accuracy,0.5981146854657915,0.6069740431623585,-0.008859357696566983,ok,
feature_groups,top_of_book_only,fold_3,logistic,test,macro_f1,0.24950845347350156,0.3255002225412065,-0.07599176906770491,ok,
feature_groups,top_of_book_only,fold_3,logistic,test,mcc,0.0,0.12785368394134666,-0.12785368394134666,ok,
feature_groups,depth_features,fold_3,logistic,validation,accuracy,0.6767708398572055,0.6755808855765015,0.0011899542807040087,ok,
feature_groups,depth_features,fold_3,logistic,validation,macro_f1,0.2731628418917508,0.3196867845286192,-0.04652394263686843,ok,
feature_groups,depth_features,fold_3,logistic,validation,mcc,0.021795966764338183,0.09375924442566622,-0.07196327766132804,ok,
feature_groups,depth_features,fold_3,logistic,test,accuracy,0.6001134429948951,0.6069740431623585,-0.006860600167463371,ok,
feature_groups,depth_features,fold_3,logistic,test,macro_f1,0.26247976368211506,0.3255002225412065,-0.06302045885909141,ok,
feature_groups,depth_features,fold_3,logistic,test,mcc,0.056530402757326834,0.12785368394134666,-0.07132328118401983,ok,
feature_groups,liquidity_depth_features,fold_3,logistic,validation,accuracy,0.6774597607565604,0.6755808855765015,0.0018788751800589143,ok,
feature_groups,liquidity_depth_features,fold_3,logistic,validation,macro_f1,0.2692403424930307,0.3196867845286192,-0.05044644203558851,ok,
feature_groups,liquidity_depth_features,fold_3,logistic,validation,mcc,0.0,0.09375924442566622,-0.09375924442566622,ok,
feature_groups,liquidity_depth_features,fold_3,logistic,test,accuracy,0.5982497366501904,0.6069740431623585,-0.008724306512168045,ok,
feature_groups,liquidity_depth_features,fold_3,logistic,test,macro_f1,0.2500606176543975,0.3255002225412065,-0.07543960488680895,ok,
feature_groups,liquidity_depth_features,fold_3,logistic,test,mcc,0.013940700146689874,0.12785368394134666,-0.1139129837946568,ok,
feature_groups,price_only,fold_3,logistic,validation,accuracy,0.6773971315838918,0.6755808855765015,0.0018162460073902764,ok,
feature_groups,price_only,fold_3,logistic,validation,macro_f1,0.2720535325696248,0.3196867845286192,-0.04763325195899443,ok,
feature_groups,price_only,fold_3,logistic,validation,mcc,0.022563563233650854,0.09375924442566622,-0.07119568119201536,ok,
feature_groups,price_only,fold_3,logistic,test,accuracy,0.6005996272587311,0.6069740431623585,-0.006374415903627417,ok,
feature_groups,price_only,fold_3,logistic,test,macro_f1,0.26271172647030827,0.3255002225412065,-0.0627884960708982,ok,
feature_groups,price_only,fold_3,logistic,test,mcc,0.060588702627801035,0.12785368394134666,-0.06726498131354564,ok,
feature_groups,labels_excluded,fold_3,logistic,validation,accuracy,0.6755808855765015,0.6755808855765015,0.0,ok,
feature_groups,labels_excluded,fold_3,logistic,validation,macro_f1,0.3196867845286192,0.3196867845286192,0.0,ok,
feature_groups,labels_excluded,fold_3,logistic,validation,mcc,0.09375924442566622,0.09375924442566622,0.0,ok,
feature_groups,labels_excluded,fold_3,logistic,test,accuracy,0.6069740431623585,0.6069740431623585,0.0,ok,
feature_groups,labels_excluded,fold_3,logistic,test,macro_f1,0.3255002225412065,0.3255002225412065,0.0,ok,
feature_groups,labels_excluded,fold_3,logistic,test,mcc,0.12785368394134666,0.12785368394134666,0.0,ok,
horizon,horizon_10,fold_3,logistic,validation,accuracy,0.6755808855765015,0.6755808855765015,0.0,ok,
horizon,horizon_10,fold_3,logistic,validation,macro_f1,0.3196867845286192,0.3196867845286192,0.0,ok,
horizon,horizon_10,fold_3,logistic,validation,mcc,0.09375924442566622,0.09375924442566622,0.0,ok,
horizon,horizon_10,fold_3,logistic,test,accuracy,0.6069740431623585,0.6069740431623585,0.0,ok,
horizon,horizon_10,fold_3,logistic,test,macro_f1,0.3255002225412065,0.3255002225412065,0.0,ok,
horizon,horizon_10,fold_3,logistic,test,mcc,0.12785368394134666,0.12785368394134666,0.0,ok,
horizon,horizon_50,fold_3,logistic,validation,accuracy,0.4642074278198785,0.6755808855765015,-0.21137345775662303,ok,
horizon,horizon_50,fold_3,logistic,validation,macro_f1,0.45379911366762316,0.3196867845286192,0.13411232913900395,ok,
horizon,horizon_50,fold_3,logistic,validation,mcc,0.18257450137022668,0.09375924442566622,0.08881525694456047,ok,
horizon,horizon_50,fold_3,logistic,test,accuracy,0.4429408745914702,0.6069740431623585,-0.1640331685708883,ok,
horizon,horizon_50,fold_3,logistic,test,macro_f1,0.4414561957984257,0.3255002225412065,0.11595597325721924,ok,
horizon,horizon_50,fold_3,logistic,test,mcc,0.1632216298788415,0.12785368394134666,0.035367945937494844,ok,
horizon,horizon_100,fold_3,logistic,validation,accuracy,0.44360243001189953,0.6755808855765015,-0.231978455564602,ok,
horizon,horizon_100,fold_3,logistic,validation,macro_f1,0.37456822927449834,0.3196867845286192,0.05488144474587914,ok,
horizon,horizon_100,fold_3,logistic,validation,mcc,0.16606758303908045,0.09375924442566622,0.07230833861341424,ok,
horizon,horizon_100,fold_3,logistic,test,accuracy,0.4967722766928666,0.6069740431623585,-0.11020176646949187,ok,
horizon,horizon_100,fold_3,logistic,test,macro_f1,0.38948738387172344,0.3255002225412065,0.06398716133051696,ok,
horizon,horizon_100,fold_3,logistic,test,mcc,0.1621954297059801,0.12785368394134666,0.03434174576463345,ok,
feature_groups,all_features,fold_4,logistic,validation,accuracy,0.6641884670786673,0.6641884670786673,0.0,ok,
feature_groups,all_features,fold_4,logistic,validation,macro_f1,0.34610236672458944,0.34610236672458944,0.0,ok,
feature_groups,all_features,fold_4,logistic,validation,mcc,0.1374370891239947,0.1374370891239947,0.0,ok,
feature_groups,all_features,fold_4,logistic,test,accuracy,0.5945091274974845,0.5945091274974845,0.0,ok,
feature_groups,all_features,fold_4,logistic,test,macro_f1,0.31890180798174184,0.31890180798174184,0.0,ok,
feature_groups,all_features,fold_4,logistic,test,mcc,0.12976720989395235,0.12976720989395235,0.0,ok,
feature_groups,top_of_book_only,fold_4,logistic,validation,accuracy,0.6600529715161935,0.6641884670786673,-0.004135495562473834,ok,
feature_groups,top_of_book_only,fold_4,logistic,validation,macro_f1,0.26507305603761966,0.34610236672458944,-0.08102931068696978,ok,
feature_groups,top_of_book_only,fold_4,logistic,validation,mcc,0.0,0.1374370891239947,-0.1374370891239947,ok,
feature_groups,top_of_book_only,fold_4,logistic,test,accuracy,0.583096162138853,0.5945091274974845,-0.011412965358631566,ok,
feature_groups,top_of_book_only,fold_4,logistic,test,macro_f1,0.24555095518268322,0.31890180798174184,-0.07335085279905862,ok,
feature_groups,top_of_book_only,fold_4,logistic,test,mcc,0.0,0.12976720989395235,-0.12976720989395235,ok,
feature_groups,depth_features,fold_4,logistic,validation,accuracy,0.6622368849031179,0.6641884670786673,-0.00195158217554936,ok,
feature_groups,depth_features,fold_4,logistic,validation,macro_f1,0.28727364936668237,0.34610236672458944,-0.05882871735790707,ok,
feature_groups,depth_features,fold_4,logistic,validation,mcc,0.07825033415781746,0.1374370891239947,-0.05918675496617723,ok,
feature_groups,depth_features,fold_4,logistic,test,accuracy,0.5839873508696277,0.5945091274974845,-0.010521776627856805,ok,
feature_groups,depth_features,fold_4,logistic,test,macro_f1,0.2536907986551717,0.31890180798174184,-0.06521100932657015,ok,
feature_groups,depth_features,fold_4,logistic,test,mcc,0.038311872222576815,0.12976720989395235,-0.09145533767137554,ok,
feature_groups,liquidity_depth_features,fold_4,logistic,validation,accuracy,0.6600529715161935,0.6641884670786673,-0.004135495562473834,ok,
feature_groups,liquidity_depth_features,fold_4,logistic,validation,macro_f1,0.26507305603761966,0.34610236672458944,-0.08102931068696978,ok,
feature_groups,liquidity_depth_features,fold_4,logistic,validation,mcc,0.0,0.1374370891239947,-0.1374370891239947,ok,
feature_groups,liquidity_depth_features,fold_4,logistic,test,accuracy,0.5832111542331465,0.5945091274974845,-0.011297973264338013,ok,
feature_groups,liquidity_depth_features,fold_4,logistic,test,macro_f1,0.24603512077210546,0.31890180798174184,-0.07286668720963638,ok,
feature_groups,liquidity_depth_features,fold_4,logistic,test,mcc,0.012399852046353915,0.12976720989395235,-0.11736735784759844,ok,
feature_groups,price_only,fold_4,logistic,validation,accuracy,0.6640955345941174,0.6641884670786673,-9.293248454989023e-05,ok,
feature_groups,price_only,fold_4,logistic,validation,macro_f1,0.2948430000824504,0.34610236672458944,-0.05125936664213904,ok,
feature_groups,price_only,fold_4,logistic,validation,mcc,0.09348903922514099,0.1374370891239947,-0.0439480498988537,ok,
feature_groups,price_only,fold_4,logistic,test,accuracy,0.5851660198361363,0.5945091274974845,-0.009343107661348271,ok,
feature_groups,price_only,fold_4,logistic,test,macro_f1,0.2566762093794004,0.31890180798174184,-0.06222559860234145,ok,
feature_groups,price_only,fold_4,logistic,test,mcc,0.052332797535014096,0.12976720989395235,-0.07743441235893825,ok,
feature_groups,labels_excluded,fold_4,logistic,validation,accuracy,0.6641884670786673,0.6641884670786673,0.0,ok,
feature_groups,labels_excluded,fold_4,logistic,validation,macro_f1,0.34610236672458944,0.34610236672458944,0.0,ok,
feature_groups,labels_excluded,fold_4,logistic,validation,mcc,0.1374370891239947,0.1374370891239947,0.0,ok,
feature_groups,labels_excluded,fold_4,logistic,test,accuracy,0.5945091274974845,0.5945091274974845,0.0,ok,
feature_groups,labels_excluded,fold_4,logistic,test,macro_f1,0.31890180798174184,0.31890180798174184,0.0,ok,
feature_groups,labels_excluded,fold_4,logistic,test,mcc,0.12976720989395235,0.12976720989395235,0.0,ok,
horizon,horizon_10,fold_4,logistic,validation,accuracy,0.6641884670786673,0.6641884670786673,0.0,ok,
horizon,horizon_10,fold_4,logistic,validation,macro_f1,0.34610236672458944,0.34610236672458944,0.0,ok,
horizon,horizon_10,fold_4,logistic,validation,mcc,0.1374370891239947,0.1374370891239947,0.0,ok,
horizon,horizon_10,fold_4,logistic,test,accuracy,0.5945091274974845,0.5945091274974845,0.0,ok,
horizon,horizon_10,fold_4,logistic,test,macro_f1,0.31890180798174184,0.31890180798174184,0.0,ok,
horizon,horizon_10,fold_4,logistic,test,mcc,0.12976720989395235,0.12976720989395235,0.0,ok,
horizon,horizon_50,fold_4,logistic,validation,accuracy,0.46921611449282097,0.6641884670786673,-0.19497235258584633,ok,
horizon,horizon_50,fold_4,logistic,validation,macro_f1,0.4603192868222459,0.34610236672458944,0.11421692009765644,ok,
horizon,horizon_50,fold_4,logistic,validation,mcc,0.1935663750315018,0.1374370891239947,0.0561292859075071,ok,
horizon,horizon_50,fold_4,logistic,test,accuracy,0.46821905993962915,0.5945091274974845,-0.12629006755785538,ok,
horizon,horizon_50,fold_4,logistic,test,macro_f1,0.46429037131159756,0.31890180798174184,0.14538856332985572,ok,
horizon,horizon_50,fold_4,logistic,test,mcc,0.19805214644955985,0.12976720989395235,0.0682849365556075,ok,
horizon,horizon_100,fold_4,logistic,validation,accuracy,0.4427303563960783,0.6641884670786673,-0.22145811068258903,ok,
horizon,horizon_100,fold_4,logistic,validation,macro_f1,0.3795899366228952,0.34610236672458944,0.03348756989830576,ok,
horizon,horizon_100,fold_4,logistic,validation,mcc,0.14726910061693765,0.1374370891239947,0.009832011492942966,ok,
horizon,horizon_100,fold_4,logistic,test,accuracy,0.5453787552105793,0.5945091274974845,-0.0491303722869052,ok,
horizon,horizon_100,fold_4,logistic,test,macro_f1,0.41776847635305064,0.31890180798174184,0.09886666837130881,ok,
horizon,horizon_100,fold_4,logistic,test,mcc,0.22273372359950366,0.12976720989395235,0.09296651370555131,ok,
feature_groups,all_features,fold_5,logistic,validation,accuracy,0.6327698406761912,0.6327698406761912,0.0,ok,
feature_groups,all_features,fold_5,logistic,validation,macro_f1,0.35152156743414315,0.35152156743414315,0.0,ok,
feature_groups,all_features,fold_5,logistic,validation,mcc,0.1348538475405057,0.1348538475405057,0.0,ok,
feature_groups,all_features,fold_5,logistic,test,accuracy,0.6218583980384144,0.6218583980384144,0.0,ok,
feature_groups,all_features,fold_5,logistic,test,macro_f1,0.3417645413774361,0.3417645413774361,0.0,ok,
feature_groups,all_features,fold_5,logistic,test,mcc,0.14147865764471945,0.14147865764471945,0.0,ok,
feature_groups,top_of_book_only,fold_5,logistic,validation,accuracy,0.6288428453885855,0.6327698406761912,-0.003926995287605761,ok,
feature_groups,top_of_book_only,fold_5,logistic,validation,macro_f1,0.2573781533186383,0.35152156743414315,-0.09414341411550486,ok,
feature_groups,top_of_book_only,fold_5,logistic,validation,mcc,0.0,0.1348538475405057,-0.1348538475405057,ok,
feature_groups,top_of_book_only,fold_5,logistic,test,accuracy,0.6129444217409072,0.6218583980384144,-0.00891397629750712,ok,
feature_groups,top_of_book_only,fold_5,logistic,test,macro_f1,0.2533438902084983,0.3417645413774361,-0.08842065116893782,ok,
feature_groups,top_of_book_only,fold_5,logistic,test,mcc,0.0,0.14147865764471945,-0.14147865764471945,ok,
feature_groups,depth_features,fold_5,logistic,validation,accuracy,0.6300770439075473,0.6327698406761912,-0.002692796768643979,ok,
feature_groups,depth_features,fold_5,logistic,validation,macro_f1,0.27540453115737196,0.35152156743414315,-0.07611703627677119,ok,
feature_groups,depth_features,fold_5,logistic,validation,mcc,0.06120592620206999,0.1348538475405057,-0.0736479213384357,ok,
feature_groups,depth_features,fold_5,logistic,test,accuracy,0.6128933387821822,0.6218583980384144,-0.008965059256232144,ok,
feature_groups,depth_features,fold_5,logistic,test,macro_f1,0.2593998041804536,0.3417645413774361,-0.08236473719698251,ok,
feature_groups,depth_features,fold_5,logistic,test,mcc,0.02968914375331118,0.14147865764471945,-0.11178951389140827,ok,
feature_groups,liquidity_depth_features,fold_5,logistic,validation,accuracy,0.6288428453885855,0.6327698406761912,-0.003926995287605761,ok,
feature_groups,liquidity_depth_features,fold_5,logistic,validation,macro_f1,0.2573781533186383,0.35152156743414315,-0.09414341411550486,ok,
feature_groups,liquidity_depth_features,fold_5,logistic,validation,mcc,0.0,0.1348538475405057,-0.1348538475405057,ok,
feature_groups,liquidity_depth_features,fold_5,logistic,test,accuracy,0.6123569677155701,0.6218583980384144,-0.009501430322844229,ok,
feature_groups,liquidity_depth_features,fold_5,logistic,test,macro_f1,0.2544169564573632,0.3417645413774361,-0.08734758492007294,ok,
feature_groups,liquidity_depth_features,fold_5,logistic,test,mcc,0.0013352938127015183,0.14147865764471945,-0.14014336383201795,ok,
feature_groups,price_only,fold_5,logistic,validation,accuracy,0.6308998429201885,0.6327698406761912,-0.001869997756002717,ok,
feature_groups,price_only,fold_5,logistic,validation,macro_f1,0.27845072845278346,0.35152156743414315,-0.07307083898135969,ok,
feature_groups,price_only,fold_5,logistic,validation,mcc,0.06826601285293503,0.1348538475405057,-0.06658783468757067,ok,
feature_groups,price_only,fold_5,logistic,test,accuracy,0.6139405394360441,0.6218583980384144,-0.007917858602370265,ok,
feature_groups,price_only,fold_5,logistic,test,macro_f1,0.26084141529630334,0.3417645413774361,-0.08092312608113278,ok,
feature_groups,price_only,fold_5,logistic,test,mcc,0.04095669958674632,0.14147865764471945,-0.10052195805797313,ok,
feature_groups,labels_excluded,fold_5,logistic,validation,accuracy,0.6327698406761912,0.6327698406761912,0.0,ok,
feature_groups,labels_excluded,fold_5,logistic,validation,macro_f1,0.35152156743414315,0.35152156743414315,0.0,ok,
feature_groups,labels_excluded,fold_5,logistic,validation,mcc,0.1348538475405057,0.1348538475405057,0.0,ok,
feature_groups,labels_excluded,fold_5,logistic,test,accuracy,0.6218583980384144,0.6218583980384144,0.0,ok,
feature_groups,labels_excluded,fold_5,logistic,test,macro_f1,0.3417645413774361,0.3417645413774361,0.0,ok,
feature_groups,labels_excluded,fold_5,logistic,test,mcc,0.14147865764471945,0.14147865764471945,0.0,ok,
horizon,horizon_10,fold_5,logistic,validation,accuracy,0.6327698406761912,0.6327698406761912,0.0,ok,
horizon,horizon_10,fold_5,logistic,validation,macro_f1,0.35152156743414315,0.35152156743414315,0.0,ok,
horizon,horizon_10,fold_5,logistic,validation,mcc,0.1348538475405057,0.1348538475405057,0.0,ok,
horizon,horizon_10,fold_5,logistic,test,accuracy,0.6218583980384144,0.6218583980384144,0.0,ok,
horizon,horizon_10,fold_5,logistic,test,macro_f1,0.3417645413774361,0.3417645413774361,0.0,ok,
horizon,horizon_10,fold_5,logistic,test,mcc,0.14147865764471945,0.14147865764471945,0.0,ok,
horizon,horizon_50,fold_5,logistic,validation,accuracy,0.4664522402573117,0.6327698406761912,-0.16631760041887955,ok,
horizon,horizon_50,fold_5,logistic,validation,macro_f1,0.4640068965114499,0.35152156743414315,0.11248532907730674,ok,
horizon,horizon_50,fold_5,logistic,validation,mcc,0.1992776991875729,0.1348538475405057,0.06442385164706721,ok,
horizon,horizon_50,fold_5,logistic,test,accuracy,0.4308336738863915,0.6218583980384144,-0.19102472415202287,ok,
horizon,horizon_50,fold_5,logistic,test,macro_f1,0.4298652977460331,0.3417645413774361,0.08810075636859699,ok,
horizon,horizon_50,fold_5,logistic,test,mcc,0.14753893885428337,0.14147865764471945,0.0060602812095639225,ok,
horizon,horizon_100,fold_5,logistic,validation,accuracy,0.4989902012117585,0.6327698406761912,-0.13377963946443272,ok,
horizon,horizon_100,fold_5,logistic,validation,macro_f1,0.4385931569730337,0.35152156743414315,0.08707158953889055,ok,
horizon,horizon_100,fold_5,logistic,validation,mcc,0.20939016143393419,0.1348538475405057,0.07453631389342849,ok,
horizon,horizon_100,fold_5,logistic,test,accuracy,0.473385778504291,0.6218583980384144,-0.14847261953412338,ok,
horizon,horizon_100,fold_5,logistic,test,macro_f1,0.37833713927411283,0.3417645413774361,0.03657259789667672,ok,
horizon,horizon_100,fold_5,logistic,test,mcc,0.1506899049043961,0.14147865764471945,0.009211247259676647,ok,
model_class,elastic_net,fold_1,elastic_net,test,accuracy,0.5943693517722739,0.6067140662030888,-0.012344714430814863,ok,
model_class,gradient_boosting,fold_1,gradient_boosting,test,accuracy,0.6067140662030888,0.6067140662030888,0.0,ok,
model_class,logistic,fold_1,logistic,test,accuracy,0.594343308070943,0.6067140662030888,-0.01237075813214572,ok,
model_class,majority,fold_1,majority,test,accuracy,0.5911659765085814,0.6067140662030888,-0.015548089694507383,ok,
model_class,random_forest,fold_1,random_forest,test,accuracy,0.5980154699585906,0.6067140662030888,-0.008698596244498202,ok,
model_class,ridge,fold_1,ridge,test,accuracy,0.596062192358778,0.6067140662030888,-0.010651873844310766,ok,
model_class,elastic_net,fold_2,elastic_net,test,accuracy,0.6447520588750657,0.6685123532503943,-0.02376029437532856,ok,
model_class,gradient_boosting,fold_2,gradient_boosting,test,accuracy,0.6685123532503943,0.6685123532503943,0.0,ok,
model_class,logistic,fold_2,logistic,test,accuracy,0.6447520588750657,0.6685123532503943,-0.02376029437532856,ok,
model_class,majority,fold_2,majority,test,accuracy,0.6435955843700718,0.6685123532503943,-0.02491676888032246,ok,
model_class,random_forest,fold_2,random_forest,test,accuracy,0.6420536183634133,0.6685123532503943,-0.026458734886980917,ok,
model_class,ridge,fold_2,ridge,test,accuracy,0.6454529525144559,0.6685123532503943,-0.023059400735938373,ok,
model_class,elastic_net,fold_3,elastic_net,test,accuracy,0.6067579612673203,0.6414120951840747,-0.034654133916754426,ok,
model_class,gradient_boosting,fold_3,gradient_boosting,test,accuracy,0.6414120951840747,0.6414120951840747,0.0,ok,
model_class,logistic,fold_3,logistic,test,accuracy,0.6069740431623585,0.6414120951840747,-0.03443805202171624,ok,
model_class,majority,fold_3,majority,test,accuracy,0.5981146854657915,0.6414120951840747,-0.04329740971828322,ok,
model_class,random_forest,fold_3,random_forest,test,accuracy,0.6265834751370769,0.6414120951840747,-0.014828620046997809,ok,
model_class,ridge,fold_3,ridge,test,accuracy,0.6063798179510035,0.6414120951840747,-0.03503227723307123,ok,
model_class,elastic_net,fold_4,elastic_net,test,accuracy,0.5945953715682046,0.6311916055771166,-0.03659623400891199,ok,
model_class,gradient_boosting,fold_4,gradient_boosting,test,accuracy,0.6311916055771166,0.6311916055771166,0.0,ok,
model_class,logistic,fold_4,logistic,test,accuracy,0.5945091274974845,0.6311916055771166,-0.0366824780796321,ok,
model_class,majority,fold_4,majority,test,accuracy,0.583096162138853,0.6311916055771166,-0.04809544343826366,ok,
model_class,random_forest,fold_4,random_forest,test,accuracy,0.6183699870633894,0.6311916055771166,-0.012821618513727207,ok,
model_class,ridge,fold_4,ridge,test,accuracy,0.5936466867902832,0.6311916055771166,-0.037544918786833414,ok,
model_class,elastic_net,fold_5,elastic_net,test,accuracy,0.6220882713526767,0.6569268492031058,-0.0348385778504291,ok,
model_class,gradient_boosting,fold_5,gradient_boosting,test,accuracy,0.6569268492031058,0.6569268492031058,0.0,ok,
model_class,logistic,fold_5,logistic,test,accuracy,0.6218583980384144,0.6569268492031058,-0.03506845116469148,ok,
model_class,majority,fold_5,majority,test,accuracy,0.6129444217409072,0.6569268492031058,-0.0439824274621986,ok,
model_class,random_forest,fold_5,random_forest,test,accuracy,0.6464548426644872,0.6569268492031058,-0.010472006538618683,ok,
model_class,ridge,fold_5,ridge,test,accuracy,0.621679607682877,0.6569268492031058,-0.035247241520228845,ok,
model_class,elastic_net,fold_1,elastic_net,test,macro_f1,0.3325417187831567,0.4599921205226184,-0.1274504017394617,ok,
model_class,gradient_boosting,fold_1,gradient_boosting,test,macro_f1,0.4599921205226184,0.4599921205226184,0.0,ok,
model_class,logistic,fold_1,logistic,test,macro_f1,0.3328213209149739,0.4599921205226184,-0.1271707996076445,ok,
model_class,majority,fold_1,majority,test,macro_f1,0.2476867007114486,0.4599921205226184,-0.2123054198111698,ok,
model_class,random_forest,fold_1,random_forest,test,macro_f1,0.4436232278425603,0.4599921205226184,-0.01636889268005809,ok,
model_class,ridge,fold_1,ridge,test,macro_f1,0.3122164597534258,0.4599921205226184,-0.14777566076919257,ok,
model_class,elastic_net,fold_2,elastic_net,test,macro_f1,0.3113644356096977,0.4664817243728837,-0.15511728876318603,ok,
model_class,gradient_boosting,fold_2,gradient_boosting,test,macro_f1,0.4664817243728837,0.4664817243728837,0.0,ok,
model_class,logistic,fold_2,logistic,test,macro_f1,0.3113500974407124,0.4664817243728837,-0.1551316269321713,ok,
model_class,majority,fold_2,majority,test,macro_f1,0.2610518834399432,0.4664817243728837,-0.20542984093294053,ok,
model_class,random_forest,fold_2,random_forest,test,macro_f1,0.4504374930952047,0.4664817243728837,-0.01604423127767901,ok,
model_class,ridge,fold_2,ridge,test,macro_f1,0.2971012488041877,0.4664817243728837,-0.169380475568696,ok,
model_class,elastic_net,fold_3,elastic_net,test,macro_f1,0.3249415624447181,0.463843416975055,-0.13890185453033688,ok,
model_class,gradient_boosting,fold_3,gradient_boosting,test,macro_f1,0.463843416975055,0.463843416975055,0.0,ok,
model_class,logistic,fold_3,logistic,test,macro_f1,0.3255002225412065,0.463843416975055,-0.13834319443384852,ok,
model_class,majority,fold_3,majority,test,macro_f1,0.2495084534735015,0.463843416975055,-0.21433496350155348,ok,
model_class,random_forest,fold_3,random_forest,test,macro_f1,0.4511883262098428,0.463843416975055,-0.012655090765212207,ok,
model_class,ridge,fold_3,ridge,test,macro_f1,0.3090852518407341,0.463843416975055,-0.1547581651343209,ok,
model_class,elastic_net,fold_4,elastic_net,test,macro_f1,0.3190778540280845,0.464657144144019,-0.1455792901159345,ok,
model_class,gradient_boosting,fold_4,gradient_boosting,test,macro_f1,0.464657144144019,0.464657144144019,0.0,ok,
model_class,logistic,fold_4,logistic,test,macro_f1,0.3189018079817418,0.464657144144019,-0.1457553361622772,ok,
model_class,majority,fold_4,majority,test,macro_f1,0.2455509551826832,0.464657144144019,-0.2191061889613358,ok,
model_class,random_forest,fold_4,random_forest,test,macro_f1,0.4644540843218941,0.464657144144019,-0.0002030598221248736,ok,
model_class,ridge,fold_4,ridge,test,macro_f1,0.3034260689024967,0.464657144144019,-0.1612310752415223,ok,
model_class,elastic_net,fold_5,elastic_net,test,macro_f1,0.341993764286145,0.4719662227480547,-0.12997245846190975,ok,
model_class,gradient_boosting,fold_5,gradient_boosting,test,macro_f1,0.4719662227480547,0.4719662227480547,0.0,ok,
model_class,logistic,fold_5,logistic,test,macro_f1,0.3417645413774361,0.4719662227480547,-0.1302016813706186,ok,
model_class,majority,fold_5,majority,test,macro_f1,0.2533438902084983,0.4719662227480547,-0.21862233253955643,ok,
model_class,random_forest,fold_5,random_forest,test,macro_f1,0.4636472509528079,0.4719662227480547,-0.008318971795246821,ok,
model_class,ridge,fold_5,ridge,test,macro_f1,0.3215018702398506,0.4719662227480547,-0.1504643525082041,ok,
model_class,elastic_net,fold_1,elastic_net,test,mcc,0.1182872578915984,0.2490021932840827,-0.1307149353924843,ok,
model_class,gradient_boosting,fold_1,gradient_boosting,test,mcc,0.2490021932840827,0.2490021932840827,0.0,ok,
model_class,logistic,fold_1,logistic,test,mcc,0.1183994194566679,0.2490021932840827,-0.1306027738274148,ok,
model_class,majority,fold_1,majority,test,mcc,0.0,0.2490021932840827,-0.2490021932840827,ok,
model_class,random_forest,fold_1,random_forest,test,mcc,0.2212771282000258,0.2490021932840827,-0.02772506508405692,ok,
model_class,ridge,fold_1,ridge,test,mcc,0.1082255565487344,0.2490021932840827,-0.1407766367353483,ok,
model_class,elastic_net,fold_2,elastic_net,test,mcc,0.0959036245261458,0.2704567807921451,-0.17455315626599927,ok,
model_class,gradient_boosting,fold_2,gradient_boosting,test,mcc,0.2704567807921451,0.2704567807921451,0.0,ok,
model_class,logistic,fold_2,logistic,test,mcc,0.0959427562085811,0.2704567807921451,-0.17451402458356396,ok,
model_class,majority,fold_2,majority,test,mcc,0.0,0.2704567807921451,-0.2704567807921451,ok,
model_class,random_forest,fold_2,random_forest,test,mcc,0.2258528793188267,0.2704567807921451,-0.044603901473318386,ok,
model_class,ridge,fold_2,ridge,test,mcc,0.0839007449132368,0.2704567807921451,-0.1865560358789083,ok,
model_class,elastic_net,fold_3,elastic_net,test,mcc,0.1269474560056485,0.2777568013483258,-0.15080934534267731,ok,
model_class,gradient_boosting,fold_3,gradient_boosting,test,mcc,0.2777568013483258,0.2777568013483258,0.0,ok,
model_class,logistic,fold_3,logistic,test,mcc,0.1278536839413466,0.2777568013483258,-0.1499031174069792,ok,
model_class,majority,fold_3,majority,test,mcc,0.0,0.2777568013483258,-0.2777568013483258,ok,
model_class,random_forest,fold_3,random_forest,test,mcc,0.2462268020796165,0.2777568013483258,-0.03152999926870931,ok,
model_class,ridge,fold_3,ridge,test,mcc,0.1167139148807057,0.2777568013483258,-0.1610428864676201,ok,
model_class,elastic_net,fold_4,elastic_net,test,mcc,0.1301216959077118,0.2763509779371429,-0.1462292820294311,ok,
model_class,gradient_boosting,fold_4,gradient_boosting,test,mcc,0.2763509779371429,0.2763509779371429,0.0,ok,
model_class,logistic,fold_4,logistic,test,mcc,0.1297672098939523,0.2763509779371429,-0.14658376804319062,ok,
model_class,majority,fold_4,majority,test,mcc,0.0,0.2763509779371429,-0.2763509779371429,ok,
model_class,random_forest,fold_4,random_forest,test,mcc,0.256775508422591,0.2763509779371429,-0.019575469514551913,ok,
model_class,ridge,fold_4,ridge,test,mcc,0.1206739043255066,0.2763509779371429,-0.1556770736116363,ok,
model_class,elastic_net,fold_5,elastic_net,test,mcc,0.1422422266539718,0.2881982864388251,-0.14595605978485332,ok,
model_class,gradient_boosting,fold_5,gradient_boosting,test,mcc,0.2881982864388251,0.2881982864388251,0.0,ok,
model_class,logistic,fold_5,logistic,test,mcc,0.1414786576447194,0.2881982864388251,-0.14671962879410572,ok,
model_class,majority,fold_5,majority,test,mcc,0.0,0.2881982864388251,-0.2881982864388251,ok,
model_class,random_forest,fold_5,random_forest,test,mcc,0.2655949786960263,0.2881982864388251,-0.02260330774279884,ok,
model_class,ridge,fold_5,ridge,test,mcc,0.1284154898943473,0.2881982864388251,-0.1597827965444778,ok,
model_class,elastic_net,fold_1,elastic_net,validation,accuracy,0.6165007592373882,0.6030032056689725,0.013497553568415754,ok,
model_class,gradient_boosting,fold_1,gradient_boosting,validation,accuracy,0.6030032056689725,0.6030032056689725,0.0,ok,
model_class,logistic,fold_1,logistic,validation,accuracy,0.6166694786569934,0.6030032056689725,0.013666272988020922,ok,
model_class,majority,fold_1,majority,validation,accuracy,0.6149822844609415,0.6030032056689725,0.011979078791969022,ok,
model_class,random_forest,fold_1,random_forest,validation,accuracy,0.599122659018053,0.6030032056689725,-0.0038805466509195252,ok,
model_class,ridge,fold_1,ridge,validation,accuracy,0.6158258815589674,0.6030032056689725,0.012822675889994972,ok,
model_class,elastic_net,fold_2,elastic_net,validation,accuracy,0.625737999486609,0.6461880722169933,-0.02045007273038424,ok,
model_class,gradient_boosting,fold_2,gradient_boosting,validation,accuracy,0.6461880722169933,0.6461880722169933,0.0,ok,
model_class,logistic,fold_2,logistic,validation,accuracy,0.6255668691708737,0.6461880722169933,-0.020621203046119585,ok,
model_class,majority,fold_2,majority,validation,accuracy,0.6286472148541115,0.6461880722169933,-0.0175408573628818,ok,
model_class,random_forest,fold_2,random_forest,validation,accuracy,0.6283049542226405,0.6461880722169933,-0.017883117994352715,ok,
model_class,ridge,fold_2,ridge,validation,accuracy,0.6293317361170532,0.6461880722169933,-0.016856336099940084,ok,
model_class,elastic_net,fold_3,elastic_net,validation,accuracy,0.6756435147491702,0.688169349282896,-0.0125258345337258,ok,
model_class,gradient_boosting,fold_3,gradient_boosting,validation,accuracy,0.688169349282896,0.688169349282896,0.0,ok,
model_class,logistic,fold_3,logistic,validation,accuracy,0.6755808855765015,0.688169349282896,-0.012588463706394437,ok,
model_class,majority,fold_3,majority,validation,accuracy,0.6774597607565604,0.688169349282896,-0.010709588526335523,ok,
model_class,random_forest,fold_3,random_forest,validation,accuracy,0.6604246257906933,0.688169349282896,-0.027744723492202694,ok,
model_class,ridge,fold_3,ridge,validation,accuracy,0.6776476482745662,0.688169349282896,-0.01052170100832972,ok,
model_class,elastic_net,fold_4,elastic_net,validation,accuracy,0.6641884670786673,0.6739463779564147,-0.009757910877747356,ok,
model_class,gradient_boosting,fold_4,gradient_boosting,validation,accuracy,0.6739463779564147,0.6739463779564147,0.0,ok,
model_class,logistic,fold_4,logistic,validation,accuracy,0.6641884670786673,0.6739463779564147,-0.009757910877747356,ok,
model_class,majority,fold_4,majority,validation,accuracy,0.6600529715161935,0.6739463779564147,-0.01389340644022119,ok,
model_class,random_forest,fold_4,random_forest,validation,accuracy,0.6017843037033596,0.6739463779564147,-0.0721620742530551,ok,
model_class,ridge,fold_4,ridge,validation,accuracy,0.6658147855582919,0.6739463779564147,-0.008131592398122778,ok,
model_class,elastic_net,fold_5,elastic_net,validation,accuracy,0.6328820405415514,0.6467574238910914,-0.013875383349539971,ok,
model_class,gradient_boosting,fold_5,gradient_boosting,validation,accuracy,0.6467574238910914,0.6467574238910914,0.0,ok,
model_class,logistic,fold_5,logistic,validation,accuracy,0.6327698406761912,0.6467574238910914,-0.013987583214900123,ok,
model_class,majority,fold_5,majority,validation,accuracy,0.6288428453885855,0.6467574238910914,-0.017914578502505885,ok,
model_class,random_forest,fold_5,random_forest,validation,accuracy,0.6327698406761912,0.6467574238910914,-0.013987583214900123,ok,
model_class,ridge,fold_5,ridge,validation,accuracy,0.6344902386117137,0.6467574238910914,-0.012267185279377646,ok,
model_class,elastic_net,fold_1,elastic_net,validation,macro_f1,0.3107250483051771,0.411139020038419,-0.1004139717332419,ok,
model_class,gradient_boosting,fold_1,gradient_boosting,validation,macro_f1,0.411139020038419,0.411139020038419,0.0,ok,
model_class,logistic,fold_1,logistic,validation,macro_f1,0.3112203327864108,0.411139020038419,-0.0999186872520082,ok,
model_class,majority,fold_1,majority,validation,macro_f1,0.2538654408692019,0.411139020038419,-0.15727357916921714,ok,
model_class,random_forest,fold_1,random_forest,validation,macro_f1,0.3924954464834502,0.411139020038419,-0.018643573554968818,ok,
model_class,ridge,fold_1,ridge,validation,macro_f1,0.2948280325148483,0.411139020038419,-0.11631098752357072,ok,
model_class,elastic_net,fold_2,elastic_net,validation,macro_f1,0.3475002202655253,0.440480517431431,-0.09298029716590572,ok,
model_class,gradient_boosting,fold_2,gradient_boosting,validation,macro_f1,0.440480517431431,0.440480517431431,0.0,ok,
model_class,logistic,fold_2,logistic,validation,macro_f1,0.3471808993097245,0.440480517431431,-0.0932996181217065,ok,
model_class,majority,fold_2,majority,validation,macro_f1,0.257328990228013,0.440480517431431,-0.18315152720341804,ok,
model_class,random_forest,fold_2,random_forest,validation,macro_f1,0.4040332124050307,0.440480517431431,-0.03644730502640031,ok,
model_class,ridge,fold_2,ridge,validation,macro_f1,0.3287159108930106,0.440480517431431,-0.11176460653842041,ok,
model_class,elastic_net,fold_3,elastic_net,validation,macro_f1,0.3203446027585914,0.4189741115945937,-0.0986295088360023,ok,
model_class,gradient_boosting,fold_3,gradient_boosting,validation,macro_f1,0.4189741115945937,0.4189741115945937,0.0,ok,
model_class,logistic,fold_3,logistic,validation,macro_f1,0.3196867845286192,0.4189741115945937,-0.09928732706597448,ok,
model_class,majority,fold_3,majority,validation,macro_f1,0.2692403424930307,0.4189741115945937,-0.149733769101563,ok,
model_class,random_forest,fold_3,random_forest,validation,macro_f1,0.3924233490177897,0.4189741115945937,-0.026550762576804,ok,
model_class,ridge,fold_3,ridge,validation,macro_f1,0.3083157349285011,0.4189741115945937,-0.11065837666609257,ok,
model_class,elastic_net,fold_4,elastic_net,validation,macro_f1,0.3463809036676584,0.4343045289775407,-0.08792362530988229,ok,
model_class,gradient_boosting,fold_4,gradient_boosting,validation,macro_f1,0.4343045289775407,0.4343045289775407,0.0,ok,
model_class,logistic,fold_4,logistic,validation,macro_f1,0.3461023667245894,0.4343045289775407,-0.0882021622529513,ok,
model_class,majority,fold_4,majority,validation,macro_f1,0.2650730560376196,0.4343045289775407,-0.16923147293992108,ok,
model_class,random_forest,fold_4,random_forest,validation,macro_f1,0.4045186719216784,0.4343045289775407,-0.029785857055862286,ok,
model_class,ridge,fold_4,ridge,validation,macro_f1,0.3371706699504799,0.4343045289775407,-0.09713385902706079,ok,
model_class,elastic_net,fold_5,elastic_net,validation,macro_f1,0.3517541463039286,0.4132477502249129,-0.0614936039209843,ok,
model_class,gradient_boosting,fold_5,gradient_boosting,validation,macro_f1,0.4132477502249129,0.4132477502249129,0.0,ok,
model_class,logistic,fold_5,logistic,validation,macro_f1,0.3515215674341431,0.4132477502249129,-0.0617261827907698,ok,
model_class,majority,fold_5,majority,validation,macro_f1,0.2573781533186383,0.4132477502249129,-0.1558695969062746,ok,
model_class,random_forest,fold_5,random_forest,validation,macro_f1,0.3898690220800145,0.4132477502249129,-0.023378728144898386,ok,
model_class,ridge,fold_5,ridge,validation,macro_f1,0.3344670276213164,0.4132477502249129,-0.07878072260359648,ok,
model_class,elastic_net,fold_1,elastic_net,validation,mcc,0.0950860297145298,0.1942128365522771,-0.09912680683774731,ok,
model_class,gradient_boosting,fold_1,gradient_boosting,validation,mcc,0.1942128365522771,0.1942128365522771,0.0,ok,
model_class,logistic,fold_1,logistic,validation,mcc,0.0960114110643844,0.1942128365522771,-0.09820142548789271,ok,
model_class,majority,fold_1,majority,validation,mcc,0.0,0.1942128365522771,-0.1942128365522771,ok,
model_class,random_forest,fold_1,random_forest,validation,mcc,0.156573066118182,0.1942128365522771,-0.03763977043409511,ok,
model_class,ridge,fold_1,ridge,validation,mcc,0.0779952417437412,0.1942128365522771,-0.11621759480853591,ok,
model_class,elastic_net,fold_2,elastic_net,validation,mcc,0.1218413050262075,0.2358800438308247,-0.11403873880461719,ok,
model_class,gradient_boosting,fold_2,gradient_boosting,validation,mcc,0.2358800438308247,0.2358800438308247,0.0,ok,
model_class,logistic,fold_2,logistic,validation,mcc,0.1212765832841983,0.2358800438308247,-0.1146034605466264,ok,
model_class,majority,fold_2,majority,validation,mcc,0.0,0.2358800438308247,-0.2358800438308247,ok,
model_class,random_forest,fold_2,random_forest,validation,mcc,0.1788094611073062,0.2358800438308247,-0.057070582723518504,ok,
model_class,ridge,fold_2,ridge,validation,mcc,0.1133683321631689,0.2358800438308247,-0.1225117116676558,ok,
model_class,elastic_net,fold_3,elastic_net,validation,mcc,0.0944636526143303,0.2253159944039386,-0.1308523417896083,ok,
model_class,gradient_boosting,fold_3,gradient_boosting,validation,mcc,0.2253159944039386,0.2253159944039386,0.0,ok,
model_class,logistic,fold_3,logistic,validation,mcc,0.0937592444256662,0.2253159944039386,-0.13155674997827238,ok,
model_class,majority,fold_3,majority,validation,mcc,0.0,0.2253159944039386,-0.2253159944039386,ok,
model_class,random_forest,fold_3,random_forest,validation,mcc,0.1526499761700578,0.2253159944039386,-0.0726660182338808,ok,
model_class,ridge,fold_3,ridge,validation,mcc,0.0880392936716679,0.2253159944039386,-0.1372767007322707,ok,
model_class,elastic_net,fold_4,elastic_net,validation,mcc,0.1375665561305858,0.2396108950930724,-0.1020443389624866,ok,
model_class,gradient_boosting,fold_4,gradient_boosting,validation,mcc,0.2396108950930724,0.2396108950930724,0.0,ok,
model_class,logistic,fold_4,logistic,validation,mcc,0.1374370891239947,0.2396108950930724,-0.10217380596907771,ok,
model_class,majority,fold_4,majority,validation,mcc,0.0,0.2396108950930724,-0.2396108950930724,ok,
model_class,random_forest,fold_4,random_forest,validation,mcc,0.1579133373473408,0.2396108950930724,-0.08169755774573159,ok,
model_class,ridge,fold_4,ridge,validation,mcc,0.1332945639184061,0.2396108950930724,-0.1063163311746663,ok,
model_class,elastic_net,fold_5,elastic_net,validation,mcc,0.1352077697513017,0.2107171922751775,-0.0755094225238758,ok,
model_class,gradient_boosting,fold_5,gradient_boosting,validation,mcc,0.2107171922751775,0.2107171922751775,0.0,ok,
model_class,logistic,fold_5,logistic,validation,mcc,0.1348538475405057,0.2107171922751775,-0.0758633447346718,ok,
model_class,majority,fold_5,majority,validation,mcc,0.0,0.2107171922751775,-0.2107171922751775,ok,
model_class,random_forest,fold_5,random_forest,validation,mcc,0.1695961673893257,0.2107171922751775,-0.04112102488585179,ok,
model_class,ridge,fold_5,ridge,validation,mcc,0.1265976487987953,0.2107171922751775,-0.0841195434763822,ok,
calibration,reliability_ece,fold_1,majority,test,ece,0.0428968491576386,0.0,0.0428968491576386,ok,
calibration,reliability_ece,fold_1,logistic,test,ece,0.0168628525383493,0.0,0.0168628525383493,ok,
calibration,reliability_ece,fold_1,elastic_net,test,ece,0.0164750283273894,0.0,0.0164750283273894,ok,
calibration,reliability_ece,fold_1,random_forest,test,ece,0.0666190587806338,0.0,0.0666190587806338,ok,
calibration,reliability_ece,fold_1,gradient_boosting,test,ece,0.013114348871054,0.0,0.013114348871054,ok,
calibration,reliability_ece,fold_2,majority,test,ece,0.0351573010201277,0.0,0.0351573010201277,ok,
calibration,reliability_ece,fold_2,logistic,test,ece,0.0258402076806807,0.0,0.0258402076806807,ok,
calibration,reliability_ece,fold_2,elastic_net,test,ece,0.0258505754256958,0.0,0.0258505754256958,ok,
calibration,reliability_ece,fold_2,random_forest,test,ece,0.1151959053348575,0.0,0.1151959053348575,ok,
calibration,reliability_ece,fold_2,gradient_boosting,test,ece,0.0528040891867683,0.0,0.0528040891867683,ok,
calibration,reliability_ece,fold_3,majority,test,ece,0.0118414359794377,0.0,0.0118414359794377,ok,
calibration,reliability_ece,fold_3,logistic,test,ece,0.0164673389855873,0.0,0.0164673389855873,ok,
calibration,reliability_ece,fold_3,elastic_net,test,ece,0.0161582876547837,0.0,0.0161582876547837,ok,
calibration,reliability_ece,fold_3,random_forest,test,ece,0.0564019555294573,0.0,0.0564019555294573,ok,
calibration,reliability_ece,fold_3,gradient_boosting,test,ece,0.0179871692673461,0.0,0.0179871692673461,ok,
calibration,reliability_ece,fold_4,majority,test,ece,0.023262390007179,0.0,0.023262390007179,ok,
calibration,reliability_ece,fold_4,logistic,test,ece,0.0114112712959569,0.0,0.0114112712959569,ok,
calibration,reliability_ece,fold_4,elastic_net,test,ece,0.0110730349559398,0.0,0.0110730349559398,ok,
calibration,reliability_ece,fold_4,random_forest,test,ece,0.0509567968437739,0.0,0.0509567968437739,ok,
calibration,reliability_ece,fold_4,gradient_boosting,test,ece,0.0170744355089913,0.0,0.0170744355089913,ok,
calibration,reliability_ece,fold_5,majority,test,ece,0.0082676261972609,0.0,0.0082676261972609,ok,
calibration,reliability_ece,fold_5,logistic,test,ece,0.0322408793566029,0.0,0.0322408793566029,ok,
calibration,reliability_ece,fold_5,elastic_net,test,ece,0.0324410279217518,0.0,0.0324410279217518,ok,
calibration,reliability_ece,fold_5,random_forest,test,ece,0.075574118277173,0.0,0.075574118277173,ok,
calibration,reliability_ece,fold_5,gradient_boosting,test,ece,0.0217419218673298,0.0,0.0217419218673298,ok,
calibration,confidence_threshold_0,fold_1,elastic_net,test,hit_rate_proxy,0.5740249132121708,0.5740249132121708,0.0,ok,
calibration,confidence_threshold_0.5,fold_1,elastic_net,test,hit_rate_proxy,0.645429770936142,0.5740249132121708,0.0714048577239712,ok,
calibration,confidence_threshold_0.6,fold_1,elastic_net,test,hit_rate_proxy,0.6945726762320649,0.5740249132121708,0.12054776301989412,ok,
calibration,confidence_threshold_0.7,fold_1,elastic_net,test,hit_rate_proxy,0.7416346681294569,0.5740249132121708,0.16760975491728614,ok,
calibration,confidence_threshold_0,fold_1,elastic_net,test,eligible_predictions,19588.0,19588.0,0.0,ok,
calibration,confidence_threshold_0.5,fold_1,elastic_net,test,eligible_predictions,13577.0,19588.0,-6011.0,ok,
calibration,confidence_threshold_0.6,fold_1,elastic_net,test,eligible_predictions,8015.0,19588.0,-11573.0,ok,
calibration,confidence_threshold_0.7,fold_1,elastic_net,test,eligible_predictions,3646.0,19588.0,-15942.0,ok,
calibration,confidence_threshold_0,fold_2,elastic_net,test,hit_rate_proxy,0.6395942737932523,0.6395942737932523,0.0,ok,
calibration,confidence_threshold_0.5,fold_2,elastic_net,test,hit_rate_proxy,0.6869187848729076,0.6395942737932523,0.047324511079655296,ok,
calibration,confidence_threshold_0.6,fold_2,elastic_net,test,hit_rate_proxy,0.7383720930232558,0.6395942737932523,0.0987778192300035,ok,
calibration,confidence_threshold_0.7,fold_2,elastic_net,test,hit_rate_proxy,0.7908723281340265,0.6395942737932523,0.15127805434077424,ok,
calibration,confidence_threshold_0,fold_2,elastic_net,test,eligible_predictions,13901.0,13901.0,0.0,ok,
calibration,confidence_threshold_0.5,fold_2,elastic_net,test,eligible_predictions,11291.0,13901.0,-2610.0,ok,
calibration,confidence_threshold_0.6,fold_2,elastic_net,test,eligible_predictions,7396.0,13901.0,-6505.0,ok,
calibration,confidence_threshold_0.7,fold_2,elastic_net,test,eligible_predictions,3462.0,13901.0,-10439.0,ok,
calibration,confidence_threshold_0,fold_3,elastic_net,test,hit_rate_proxy,0.5983405483405484,0.5983405483405484,0.0,ok,
calibration,confidence_threshold_0.5,fold_3,elastic_net,test,hit_rate_proxy,0.6549791050861278,0.5983405483405484,0.05663855674557938,ok,
calibration,confidence_threshold_0.6,fold_3,elastic_net,test,hit_rate_proxy,0.6989230769230769,0.5983405483405484,0.10058252858252847,ok,
calibration,confidence_threshold_0.7,fold_3,elastic_net,test,hit_rate_proxy,0.7601947656725502,0.5983405483405484,0.16185421733200178,ok,
calibration,confidence_threshold_0,fold_3,elastic_net,test,eligible_predictions,13860.0,13860.0,0.0,ok,
calibration,confidence_threshold_0.5,fold_3,elastic_net,test,eligible_predictions,9811.0,13860.0,-4049.0,ok,
calibration,confidence_threshold_0.6,fold_3,elastic_net,test,eligible_predictions,6500.0,13860.0,-7360.0,ok,
calibration,confidence_threshold_0.7,fold_3,elastic_net,test,eligible_predictions,3286.0,13860.0,-10574.0,ok,
calibration,confidence_threshold_0,fold_4,elastic_net,test,hit_rate_proxy,0.5651593207403167,0.5651593207403167,0.0,ok,
calibration,confidence_threshold_0.5,fold_4,elastic_net,test,hit_rate_proxy,0.6312838893484055,0.5651593207403167,0.0661245686080888,ok,
calibration,confidence_threshold_0.6,fold_4,elastic_net,test,hit_rate_proxy,0.6954209748892172,0.5651593207403167,0.13026165414890045,ok,
calibration,confidence_threshold_0.7,fold_4,elastic_net,test,hit_rate_proxy,0.7616120218579235,0.5651593207403167,0.19645270111760682,ok,
calibration,confidence_threshold_0,fold_4,elastic_net,test,eligible_predictions,15723.0,15723.0,0.0,ok,
calibration,confidence_threshold_0.5,fold_4,elastic_net,test,eligible_predictions,10881.0,15723.0,-4842.0,ok,
calibration,confidence_threshold_0.6,fold_4,elastic_net,test,eligible_predictions,6770.0,15723.0,-8953.0,ok,
calibration,confidence_threshold_0.7,fold_4,elastic_net,test,eligible_predictions,2928.0,15723.0,-12795.0,ok,
calibration,confidence_threshold_0,fold_5,elastic_net,test,hit_rate_proxy,0.6338673896968203,0.6338673896968203,0.0,ok,
calibration,confidence_threshold_0.5,fold_5,elastic_net,test,hit_rate_proxy,0.7048161574313827,0.6338673896968203,0.07094876773456238,ok,
calibration,confidence_threshold_0.6,fold_5,elastic_net,test,hit_rate_proxy,0.7427640156453715,0.6338673896968203,0.1088966259485512,ok,
calibration,confidence_threshold_0.7,fold_5,elastic_net,test,hit_rate_proxy,0.7932910244786945,0.6338673896968203,0.15942363478187416,ok,
calibration,confidence_threshold_0,fold_5,elastic_net,test,eligible_predictions,20285.0,20285.0,0.0,ok,
calibration,confidence_threshold_0.5,fold_5,elastic_net,test,eligible_predictions,13517.0,20285.0,-6768.0,ok,
calibration,confidence_threshold_0.6,fold_5,elastic_net,test,eligible_predictions,7670.0,20285.0,-12615.0,ok,
calibration,confidence_threshold_0.7,fold_5,elastic_net,test,eligible_predictions,3309.0,20285.0,-16976.0,ok,
calibration,confidence_threshold_0,fold_1,gradient_boosting,test,hit_rate_proxy,0.5641208903410251,0.5641208903410251,0.0,ok,
calibration,confidence_threshold_0.5,fold_1,gradient_boosting,test,hit_rate_proxy,0.6238948084334618,0.5641208903410251,0.059773918092436706,ok,
calibration,confidence_threshold_0.6,fold_1,gradient_boosting,test,hit_rate_proxy,0.6752124230881922,0.5641208903410251,0.1110915327471671,ok,
calibration,confidence_threshold_0.7,fold_1,gradient_boosting,test,hit_rate_proxy,0.7,0.5641208903410251,0.13587910965897487,ok,
calibration,confidence_threshold_0,fold_1,gradient_boosting,test,eligible_predictions,19588.0,19588.0,0.0,ok,
calibration,confidence_threshold_0.5,fold_1,gradient_boosting,test,eligible_predictions,13233.0,19588.0,-6355.0,ok,
calibration,confidence_threshold_0.6,fold_1,gradient_boosting,test,eligible_predictions,6826.0,19588.0,-12762.0,ok,
calibration,confidence_threshold_0.7,fold_1,gradient_boosting,test,eligible_predictions,1920.0,19588.0,-17668.0,ok,
calibration,confidence_threshold_0,fold_2,gradient_boosting,test,hit_rate_proxy,0.6622545140637365,0.6622545140637365,0.0,ok,
calibration,confidence_threshold_0.5,fold_2,gradient_boosting,test,hit_rate_proxy,0.7405745919633483,0.6622545140637365,0.07832007789961182,ok,
calibration,confidence_threshold_0.6,fold_2,gradient_boosting,test,hit_rate_proxy,0.7898974159200104,0.6622545140637365,0.12764290185627392,ok,
calibration,confidence_threshold_0.7,fold_2,gradient_boosting,test,hit_rate_proxy,0.8568738229755178,0.6622545140637365,0.19461930891178136,ok,
calibration,confidence_threshold_0,fold_2,gradient_boosting,test,eligible_predictions,13901.0,13901.0,0.0,ok,
calibration,confidence_threshold_0.5,fold_2,gradient_boosting,test,eligible_predictions,10477.0,13901.0,-3424.0,ok,
calibration,confidence_threshold_0.6,fold_2,gradient_boosting,test,eligible_predictions,7701.0,13901.0,-6200.0,ok,
calibration,confidence_threshold_0.7,fold_2,gradient_boosting,test,eligible_predictions,3717.0,13901.0,-10184.0,ok,
calibration,confidence_threshold_0,fold_3,gradient_boosting,test,hit_rate_proxy,0.617027417027417,0.617027417027417,0.0,ok,
calibration,confidence_threshold_0.5,fold_3,gradient_boosting,test,hit_rate_proxy,0.6980438883924138,0.617027417027417,0.08101647136499679,ok,
calibration,confidence_threshold_0.6,fold_3,gradient_boosting,test,hit_rate_proxy,0.7478113527252188,0.617027417027417,0.13078393569780178,ok,
calibration,confidence_threshold_0.7,fold_3,gradient_boosting,test,hit_rate_proxy,0.8173219036358262,0.617027417027417,0.2002944866084092,ok,
calibration,confidence_threshold_0,fold_3,gradient_boosting,test,eligible_predictions,13860.0,13860.0,0.0,ok,
calibration,confidence_threshold_0.5,fold_3,gradient_boosting,test,eligible_predictions,10071.0,13860.0,-3789.0,ok,
calibration,confidence_threshold_0.6,fold_3,gradient_boosting,test,eligible_predictions,7082.0,13860.0,-6778.0,ok,
calibration,confidence_threshold_0.7,fold_3,gradient_boosting,test,eligible_predictions,3383.0,13860.0,-10477.0,ok,
calibration,confidence_threshold_0,fold_4,gradient_boosting,test,hit_rate_proxy,0.596832665521847,0.596832665521847,0.0,ok,
calibration,confidence_threshold_0.5,fold_4,gradient_boosting,test,hit_rate_proxy,0.6659532726948457,0.596832665521847,0.06912060717299873,ok,
calibration,confidence_threshold_0.6,fold_4,gradient_boosting,test,hit_rate_proxy,0.7125727590221187,0.596832665521847,0.1157400935002717,ok,
calibration,confidence_threshold_0.7,fold_4,gradient_boosting,test,hit_rate_proxy,0.7677151120751988,0.596832665521847,0.17088244655335183,ok,
calibration,confidence_threshold_0,fold_4,gradient_boosting,test,eligible_predictions,15723.0,15723.0,0.0,ok,
calibration,confidence_threshold_0.5,fold_4,gradient_boosting,test,eligible_predictions,11214.0,15723.0,-4509.0,ok,
calibration,confidence_threshold_0.6,fold_4,gradient_boosting,test,eligible_predictions,8590.0,15723.0,-7133.0,ok,
calibration,confidence_threshold_0.7,fold_4,gradient_boosting,test,eligible_predictions,5532.0,15723.0,-10191.0,ok,
calibration,confidence_threshold_0,fold_5,gradient_boosting,test,hit_rate_proxy,0.6587626324870594,0.6587626324870594,0.0,ok,
calibration,confidence_threshold_0.5,fold_5,gradient_boosting,test,hit_rate_proxy,0.7383338864918686,0.6587626324870594,0.07957125400480924,ok,
calibration,confidence_threshold_0.6,fold_5,gradient_boosting,test,hit_rate_proxy,0.7860824742268041,0.6587626324870594,0.12731984173974475,ok,
calibration,confidence_threshold_0.7,fold_5,gradient_boosting,test,hit_rate_proxy,0.8388740287861419,0.6587626324870594,0.18011139629908257,ok,
calibration,confidence_threshold_0,fold_5,gradient_boosting,test,eligible_predictions,20285.0,20285.0,0.0,ok,
calibration,confidence_threshold_0.5,fold_5,gradient_boosting,test,eligible_predictions,15065.0,20285.0,-5220.0,ok,
calibration,confidence_threshold_0.6,fold_5,gradient_boosting,test,eligible_predictions,12028.0,20285.0,-8257.0,ok,
calibration,confidence_threshold_0.7,fold_5,gradient_boosting,test,eligible_predictions,7851.0,20285.0,-12434.0,ok,
calibration,confidence_threshold_0,fold_1,logistic,test,hit_rate_proxy,0.574075964876455,0.574075964876455,0.0,ok,
calibration,confidence_threshold_0.5,fold_1,logistic,test,hit_rate_proxy,0.6453655304424648,0.574075964876455,0.07128956556600985,ok,
calibration,confidence_threshold_0.6,fold_1,logistic,test,hit_rate_proxy,0.694091249065071,0.574075964876455,0.12001528418861607,ok,
calibration,confidence_threshold_0.7,fold_1,logistic,test,hit_rate_proxy,0.7420678336980306,0.574075964876455,0.16799186882157569,ok,
calibration,confidence_threshold_0,fold_1,logistic,test,eligible_predictions,19588.0,19588.0,0.0,ok,
calibration,confidence_threshold_0.5,fold_1,logistic,test,eligible_predictions,13583.0,19588.0,-6005.0,ok,
calibration,confidence_threshold_0.6,fold_1,logistic,test,eligible_predictions,8022.0,19588.0,-11566.0,ok,
calibration,confidence_threshold_0.7,fold_1,logistic,test,eligible_predictions,3656.0,19588.0,-15932.0,ok,
calibration,confidence_threshold_0,fold_2,logistic,test,hit_rate_proxy,0.6395223365225523,0.6395223365225523,0.0,ok,
calibration,confidence_threshold_0.5,fold_2,logistic,test,hit_rate_proxy,0.6869357408390866,0.6395223365225523,0.04741340431653429,ok,
calibration,confidence_threshold_0.6,fold_2,logistic,test,hit_rate_proxy,0.7379440767256518,0.6395223365225523,0.09842174020309946,ok,
calibration,confidence_threshold_0.7,fold_2,logistic,test,hit_rate_proxy,0.7910060536177573,0.6395223365225523,0.15148371709520503,ok,
calibration,confidence_threshold_0,fold_2,logistic,test,eligible_predictions,13901.0,13901.0,0.0,ok,
calibration,confidence_threshold_0.5,fold_2,logistic,test,eligible_predictions,11298.0,13901.0,-2603.0,ok,
calibration,confidence_threshold_0.6,fold_2,logistic,test,eligible_predictions,7403.0,13901.0,-6498.0,ok,
calibration,confidence_threshold_0.7,fold_2,logistic,test,eligible_predictions,3469.0,13901.0,-10432.0,ok,
calibration,confidence_threshold_0,fold_3,logistic,test,hit_rate_proxy,0.5983405483405484,0.5983405483405484,0.0,ok,
calibration,confidence_threshold_0.5,fold_3,logistic,test,hit_rate_proxy,0.6546806560048894,0.5983405483405484,0.056340107664341055,ok,
calibration,confidence_threshold_0.6,fold_3,logistic,test,hit_rate_proxy,0.6985837438423645,0.5983405483405484,0.10024319550181615,ok,
calibration,confidence_threshold_0.7,fold_3,logistic,test,hit_rate_proxy,0.7609489051094891,0.5983405483405484,0.1626083567689407,ok,
calibration,confidence_threshold_0,fold_3,logistic,test,eligible_predictions,13860.0,13860.0,0.0,ok,
calibration,confidence_threshold_0.5,fold_3,logistic,test,eligible_predictions,9817.0,13860.0,-4043.0,ok,
calibration,confidence_threshold_0.6,fold_3,logistic,test,eligible_predictions,6496.0,13860.0,-7364.0,ok,
calibration,confidence_threshold_0.7,fold_3,logistic,test,eligible_predictions,3288.0,13860.0,-10572.0,ok,
calibration,confidence_threshold_0,fold_4,logistic,test,hit_rate_proxy,0.5651593207403167,0.5651593207403167,0.0,ok,
calibration,confidence_threshold_0.5,fold_4,logistic,test,hit_rate_proxy,0.6312695204850266,0.5651593207403167,0.06611019974470989,ok,
calibration,confidence_threshold_0.6,fold_4,logistic,test,hit_rate_proxy,0.6956843038723027,0.5651593207403167,0.13052498313198602,ok,
calibration,confidence_threshold_0.7,fold_4,logistic,test,hit_rate_proxy,0.7616120218579235,0.5651593207403167,0.19645270111760682,ok,
calibration,confidence_threshold_0,fold_4,logistic,test,eligible_predictions,15723.0,15723.0,0.0,ok,
calibration,confidence_threshold_0.5,fold_4,logistic,test,eligible_predictions,10886.0,15723.0,-4837.0,ok,
calibration,confidence_threshold_0.6,fold_4,logistic,test,eligible_predictions,6766.0,15723.0,-8957.0,ok,
calibration,confidence_threshold_0.7,fold_4,logistic,test,eligible_predictions,2928.0,15723.0,-12795.0,ok,
calibration,confidence_threshold_0,fold_5,logistic,test,hit_rate_proxy,0.6336209021444417,0.6336209021444417,0.0,ok,
calibration,confidence_threshold_0.5,fold_5,logistic,test,hit_rate_proxy,0.7048852701702443,0.6336209021444417,0.0712643680258026,ok,
calibration,confidence_threshold_0.6,fold_5,logistic,test,hit_rate_proxy,0.7430881585811163,0.6336209021444417,0.10946725643667465,ok,
calibration,confidence_threshold_0.7,fold_5,logistic,test,hit_rate_proxy,0.7931034482758621,0.6336209021444417,0.15948254613142043,ok,
calibration,confidence_threshold_0,fold_5,logistic,test,eligible_predictions,20285.0,20285.0,0.0,ok,
calibration,confidence_threshold_0.5,fold_5,logistic,test,eligible_predictions,13510.0,20285.0,-6775.0,ok,
calibration,confidence_threshold_0.6,fold_5,logistic,test,eligible_predictions,7668.0,20285.0,-12617.0,ok,
calibration,confidence_threshold_0.7,fold_5,logistic,test,eligible_predictions,3306.0,20285.0,-16979.0,ok,
calibration,confidence_threshold_0,fold_1,majority,test,hit_rate_proxy,0.5688176434551766,0.5688176434551766,0.0,ok,
calibration,confidence_threshold_0.5,fold_1,majority,test,hit_rate_proxy,0.5688176434551766,0.5688176434551766,0.0,ok,
calibration,confidence_threshold_0.6,fold_1,majority,test,hit_rate_proxy,0.5688176434551766,0.5688176434551766,0.0,ok,
calibration,confidence_threshold_0.7,fold_1,majority,test,hit_rate_proxy,0.0,0.5688176434551766,-0.5688176434551766,ok,
calibration,confidence_threshold_0,fold_1,majority,test,eligible_predictions,19588.0,19588.0,0.0,ok,
calibration,confidence_threshold_0.5,fold_1,majority,test,eligible_predictions,19588.0,19588.0,0.0,ok,
calibration,confidence_threshold_0.6,fold_1,majority,test,eligible_predictions,19588.0,19588.0,0.0,ok,
calibration,confidence_threshold_0.7,fold_1,majority,test,eligible_predictions,0.0,19588.0,-19588.0,ok,
calibration,confidence_threshold_0,fold_2,majority,test,hit_rate_proxy,0.6389468383569528,0.6389468383569528,0.0,ok,
calibration,confidence_threshold_0.5,fold_2,majority,test,hit_rate_proxy,0.6389468383569528,0.6389468383569528,0.0,ok,
calibration,confidence_threshold_0.6,fold_2,majority,test,hit_rate_proxy,0.6389468383569528,0.6389468383569528,0.0,ok,
calibration,confidence_threshold_0.7,fold_2,majority,test,hit_rate_proxy,0.0,0.6389468383569528,-0.6389468383569528,ok,
calibration,confidence_threshold_0,fold_2,majority,test,eligible_predictions,13901.0,13901.0,0.0,ok,
calibration,confidence_threshold_0.5,fold_2,majority,test,eligible_predictions,13901.0,13901.0,0.0,ok,
calibration,confidence_threshold_0.6,fold_2,majority,test,eligible_predictions,13901.0,13901.0,0.0,ok,
calibration,confidence_threshold_0.7,fold_2,majority,test,eligible_predictions,0.0,13901.0,-13901.0,ok,
calibration,confidence_threshold_0,fold_3,majority,test,hit_rate_proxy,0.5805194805194805,0.5805194805194805,0.0,ok,
calibration,confidence_threshold_0.5,fold_3,majority,test,hit_rate_proxy,0.5805194805194805,0.5805194805194805,0.0,ok,
calibration,confidence_threshold_0.6,fold_3,majority,test,hit_rate_proxy,0.5805194805194805,0.5805194805194805,0.0,ok,
calibration,confidence_threshold_0.7,fold_3,majority,test,hit_rate_proxy,0.0,0.5805194805194805,-0.5805194805194805,ok,
calibration,confidence_threshold_0,fold_3,majority,test,eligible_predictions,13860.0,13860.0,0.0,ok,
calibration,confidence_threshold_0.5,fold_3,majority,test,eligible_predictions,13860.0,13860.0,0.0,ok,
calibration,confidence_threshold_0.6,fold_3,majority,test,eligible_predictions,13860.0,13860.0,0.0,ok,
calibration,confidence_threshold_0.7,fold_3,majority,test,eligible_predictions,0.0,13860.0,-13860.0,ok,
calibration,confidence_threshold_0,fold_4,majority,test,hit_rate_proxy,0.5402276919163009,0.5402276919163009,0.0,ok,
calibration,confidence_threshold_0.5,fold_4,majority,test,hit_rate_proxy,0.5402276919163009,0.5402276919163009,0.0,ok,
calibration,confidence_threshold_0.6,fold_4,majority,test,hit_rate_proxy,0.5402276919163009,0.5402276919163009,0.0,ok,
calibration,confidence_threshold_0.7,fold_4,majority,test,hit_rate_proxy,0.0,0.5402276919163009,-0.5402276919163009,ok,
calibration,confidence_threshold_0,fold_4,majority,test,eligible_predictions,15723.0,15723.0,0.0,ok,
calibration,confidence_threshold_0.5,fold_4,majority,test,eligible_predictions,15723.0,15723.0,0.0,ok,
calibration,confidence_threshold_0.6,fold_4,majority,test,eligible_predictions,15723.0,15723.0,0.0,ok,
calibration,confidence_threshold_0.7,fold_4,majority,test,eligible_predictions,0.0,15723.0,-15723.0,ok,
calibration,confidence_threshold_0,fold_5,majority,test,hit_rate_proxy,0.6183386738969682,0.6183386738969682,0.0,ok,
calibration,confidence_threshold_0.5,fold_5,majority,test,hit_rate_proxy,0.6183386738969682,0.6183386738969682,0.0,ok,
calibration,confidence_threshold_0.6,fold_5,majority,test,hit_rate_proxy,0.6183386738969682,0.6183386738969682,0.0,ok,
calibration,confidence_threshold_0.7,fold_5,majority,test,hit_rate_proxy,0.0,0.6183386738969682,-0.6183386738969682,ok,
calibration,confidence_threshold_0,fold_5,majority,test,eligible_predictions,20285.0,20285.0,0.0,ok,
calibration,confidence_threshold_0.5,fold_5,majority,test,eligible_predictions,20285.0,20285.0,0.0,ok,
calibration,confidence_threshold_0.6,fold_5,majority,test,eligible_predictions,20285.0,20285.0,0.0,ok,
calibration,confidence_threshold_0.7,fold_5,majority,test,eligible_predictions,0.0,20285.0,-20285.0,ok,
calibration,confidence_threshold_0,fold_1,random_forest,test,hit_rate_proxy,0.5592199305697366,0.5592199305697366,0.0,ok,
calibration,confidence_threshold_0.5,fold_1,random_forest,test,hit_rate_proxy,0.6956879978028014,0.5592199305697366,0.13646806723306482,ok,
calibration,confidence_threshold_0.6,fold_1,random_forest,test,hit_rate_proxy,0.7680381633870006,0.5592199305697366,0.20881823281726397,ok,
calibration,confidence_threshold_0.7,fold_1,random_forest,test,hit_rate_proxy,0.7887323943661971,0.5592199305697366,0.2295124637964605,ok,
calibration,confidence_threshold_0,fold_1,random_forest,test,eligible_predictions,19588.0,19588.0,0.0,ok,
calibration,confidence_threshold_0.5,fold_1,random_forest,test,eligible_predictions,7282.0,19588.0,-12306.0,ok,
calibration,confidence_threshold_0.6,fold_1,random_forest,test,eligible_predictions,1677.0,19588.0,-17911.0,ok,
calibration,confidence_threshold_0.7,fold_1,random_forest,test,eligible_predictions,142.0,19588.0,-19446.0,ok,
calibration,confidence_threshold_0,fold_2,random_forest,test,hit_rate_proxy,0.6249910078411625,0.6249910078411625,0.0,ok,
calibration,confidence_threshold_0.5,fold_2,random_forest,test,hit_rate_proxy,0.7516202203499676,0.6249910078411625,0.1266292125088051,ok,
calibration,confidence_threshold_0.6,fold_2,random_forest,test,hit_rate_proxy,0.81005071461503,0.6249910078411625,0.18505970677386752,ok,
calibration,confidence_threshold_0.7,fold_2,random_forest,test,hit_rate_proxy,0.8351648351648352,0.6249910078411625,0.21017382732367274,ok,
calibration,confidence_threshold_0,fold_2,random_forest,test,eligible_predictions,13901.0,13901.0,0.0,ok,
calibration,confidence_threshold_0.5,fold_2,random_forest,test,eligible_predictions,6172.0,13901.0,-7729.0,ok,
calibration,confidence_threshold_0.6,fold_2,random_forest,test,eligible_predictions,2169.0,13901.0,-11732.0,ok,
calibration,confidence_threshold_0.7,fold_2,random_forest,test,eligible_predictions,364.0,13901.0,-13537.0,ok,
calibration,confidence_threshold_0,fold_3,random_forest,test,hit_rate_proxy,0.5839826839826839,0.5839826839826839,0.0,ok,
calibration,confidence_threshold_0.5,fold_3,random_forest,test,hit_rate_proxy,0.687793427230047,0.5839826839826839,0.10381074324736306,ok,
calibration,confidence_threshold_0.6,fold_3,random_forest,test,hit_rate_proxy,0.7530707327403643,0.5839826839826839,0.16908804875768035,ok,
calibration,confidence_threshold_0.7,fold_3,random_forest,test,hit_rate_proxy,0.7735849056603774,0.5839826839826839,0.18960222167769347,ok,
calibration,confidence_threshold_0,fold_3,random_forest,test,eligible_predictions,13860.0,13860.0,0.0,ok,
calibration,confidence_threshold_0.5,fold_3,random_forest,test,eligible_predictions,6390.0,13860.0,-7470.0,ok,
calibration,confidence_threshold_0.6,fold_3,random_forest,test,eligible_predictions,2361.0,13860.0,-11499.0,ok,
calibration,confidence_threshold_0.7,fold_3,random_forest,test,eligible_predictions,424.0,13860.0,-13436.0,ok,
calibration,confidence_threshold_0,fold_4,random_forest,test,hit_rate_proxy,0.5930802009794568,0.5930802009794568,0.0,ok,
calibration,confidence_threshold_0.5,fold_4,random_forest,test,hit_rate_proxy,0.6683922922059247,0.5930802009794568,0.07531209122646787,ok,
calibration,confidence_threshold_0.6,fold_4,random_forest,test,hit_rate_proxy,0.7246397694524496,0.5930802009794568,0.13155956847299277,ok,
calibration,confidence_threshold_0.7,fold_4,random_forest,test,hit_rate_proxy,0.7788513150831992,0.5930802009794568,0.18577111410374236,ok,
calibration,confidence_threshold_0,fold_4,random_forest,test,eligible_predictions,15723.0,15723.0,0.0,ok,
calibration,confidence_threshold_0.5,fold_4,random_forest,test,eligible_predictions,10431.0,15723.0,-5292.0,ok,
calibration,confidence_threshold_0.6,fold_4,random_forest,test,eligible_predictions,6940.0,15723.0,-8783.0,ok,
calibration,confidence_threshold_0.7,fold_4,random_forest,test,eligible_predictions,3726.0,15723.0,-11997.0,ok,
calibration,confidence_threshold_0,fold_5,random_forest,test,hit_rate_proxy,0.6485580478185852,0.6485580478185852,0.0,ok,
calibration,confidence_threshold_0.5,fold_5,random_forest,test,hit_rate_proxy,0.7394904003996859,0.6485580478185852,0.09093235258110077,ok,
calibration,confidence_threshold_0.6,fold_5,random_forest,test,hit_rate_proxy,0.7959794696321643,0.6485580478185852,0.1474214218135791,ok,
calibration,confidence_threshold_0.7,fold_5,random_forest,test,hit_rate_proxy,0.8552215189873418,0.6485580478185852,0.2066634711687566,ok,
calibration,confidence_threshold_0,fold_5,random_forest,test,eligible_predictions,20285.0,20285.0,0.0,ok,
calibration,confidence_threshold_0.5,fold_5,random_forest,test,eligible_predictions,14011.0,20285.0,-6274.0,ok,
calibration,confidence_threshold_0.6,fold_5,random_forest,test,eligible_predictions,9352.0,20285.0,-10933.0,ok,
calibration,confidence_threshold_0.7,fold_5,random_forest,test,eligible_predictions,5056.0,20285.0,-15229.0,ok,
execution,cost_0_latency_0,fold_1,elastic_net,test,net_signal_return_proxy,15.22179877937845,15.22179877937845,0.0,ok,
execution,cost_0_latency_0,fold_1,elastic_net,test,gross_signal_return_proxy,15.22179877937845,15.22179877937845,0.0,ok,
execution,cost_0_latency_0,fold_1,elastic_net,test,turnover_proxy,18136.0,18136.0,0.0,ok,
execution,cost_0.5_latency_0,fold_1,elastic_net,test,net_signal_return_proxy,14.72179877937845,15.22179877937845,-0.5,ok,
execution,cost_0.5_latency_0,fold_1,elastic_net,test,gross_signal_return_proxy,15.22179877937845,15.22179877937845,0.0,ok,
execution,cost_0.5_latency_0,fold_1,elastic_net,test,turnover_proxy,18136.0,18136.0,0.0,ok,
execution,cost_1_latency_0,fold_1,elastic_net,test,net_signal_return_proxy,14.22179877937845,15.22179877937845,-1.0,ok,
execution,cost_1_latency_0,fold_1,elastic_net,test,gross_signal_return_proxy,15.22179877937845,15.22179877937845,0.0,ok,
execution,cost_1_latency_0,fold_1,elastic_net,test,turnover_proxy,18136.0,18136.0,0.0,ok,
execution,cost_5_latency_0,fold_1,elastic_net,test,net_signal_return_proxy,10.22179877937845,15.22179877937845,-5.0,ok,
execution,cost_5_latency_0,fold_1,elastic_net,test,gross_signal_return_proxy,15.22179877937845,15.22179877937845,0.0,ok,
execution,cost_5_latency_0,fold_1,elastic_net,test,turnover_proxy,18136.0,18136.0,0.0,ok,
execution,cost_0_latency_1,fold_1,elastic_net,test,net_signal_return_proxy,14.914625615938546,15.22179877937845,-0.307173163439904,ok,
execution,cost_0_latency_1,fold_1,elastic_net,test,gross_signal_return_proxy,14.914625615938546,15.22179877937845,-0.307173163439904,ok,
execution,cost_0_latency_1,fold_1,elastic_net,test,turnover_proxy,18135.0,18136.0,-1.0,ok,
execution,cost_0.5_latency_1,fold_1,elastic_net,test,net_signal_return_proxy,14.414625615938546,15.22179877937845,-0.807173163439904,ok,
execution,cost_0.5_latency_1,fold_1,elastic_net,test,gross_signal_return_proxy,14.914625615938546,15.22179877937845,-0.307173163439904,ok,
execution,cost_0.5_latency_1,fold_1,elastic_net,test,turnover_proxy,18135.0,18136.0,-1.0,ok,
execution,cost_1_latency_1,fold_1,elastic_net,test,net_signal_return_proxy,13.914625615938546,15.22179877937845,-1.307173163439904,ok,
execution,cost_1_latency_1,fold_1,elastic_net,test,gross_signal_return_proxy,14.914625615938546,15.22179877937845,-0.307173163439904,ok,
execution,cost_1_latency_1,fold_1,elastic_net,test,turnover_proxy,18135.0,18136.0,-1.0,ok,
execution,cost_5_latency_1,fold_1,elastic_net,test,net_signal_return_proxy,9.914625615938546,15.22179877937845,-5.307173163439904,ok,
execution,cost_5_latency_1,fold_1,elastic_net,test,gross_signal_return_proxy,14.914625615938546,15.22179877937845,-0.307173163439904,ok,
execution,cost_5_latency_1,fold_1,elastic_net,test,turnover_proxy,18135.0,18136.0,-1.0,ok,
execution,cost_0_latency_0,fold_2,elastic_net,test,net_signal_return_proxy,21.13963515271724,21.13963515271724,0.0,ok,
execution,cost_0_latency_0,fold_2,elastic_net,test,gross_signal_return_proxy,21.13963515271724,21.13963515271724,0.0,ok,
execution,cost_0_latency_0,fold_2,elastic_net,test,turnover_proxy,13411.0,13411.0,0.0,ok,
execution,cost_0.5_latency_0,fold_2,elastic_net,test,net_signal_return_proxy,20.63963515271724,21.13963515271724,-0.5,ok,
execution,cost_0.5_latency_0,fold_2,elastic_net,test,gross_signal_return_proxy,21.13963515271724,21.13963515271724,0.0,ok,
execution,cost_0.5_latency_0,fold_2,elastic_net,test,turnover_proxy,13411.0,13411.0,0.0,ok,
execution,cost_1_latency_0,fold_2,elastic_net,test,net_signal_return_proxy,20.13963515271724,21.13963515271724,-1.0,ok,
execution,cost_1_latency_0,fold_2,elastic_net,test,gross_signal_return_proxy,21.13963515271724,21.13963515271724,0.0,ok,
execution,cost_1_latency_0,fold_2,elastic_net,test,turnover_proxy,13411.0,13411.0,0.0,ok,
execution,cost_5_latency_0,fold_2,elastic_net,test,net_signal_return_proxy,16.139635152717236,21.13963515271724,-5.0000000000000036,ok,
execution,cost_5_latency_0,fold_2,elastic_net,test,gross_signal_return_proxy,21.13963515271724,21.13963515271724,0.0,ok,
execution,cost_5_latency_0,fold_2,elastic_net,test,turnover_proxy,13411.0,13411.0,0.0,ok,
execution,cost_0_latency_1,fold_2,elastic_net,test,net_signal_return_proxy,21.06913628778287,21.13963515271724,-0.0704988649343683,ok,
execution,cost_0_latency_1,fold_2,elastic_net,test,gross_signal_return_proxy,21.06913628778287,21.13963515271724,-0.0704988649343683,ok,
execution,cost_0_latency_1,fold_2,elastic_net,test,turnover_proxy,13410.0,13411.0,-1.0,ok,
execution,cost_0.5_latency_1,fold_2,elastic_net,test,net_signal_return_proxy,20.56913628778287,21.13963515271724,-0.5704988649343683,ok,
execution,cost_0.5_latency_1,fold_2,elastic_net,test,gross_signal_return_proxy,21.06913628778287,21.13963515271724,-0.0704988649343683,ok,
execution,cost_0.5_latency_1,fold_2,elastic_net,test,turnover_proxy,13410.0,13411.0,-1.0,ok,
execution,cost_1_latency_1,fold_2,elastic_net,test,net_signal_return_proxy,20.06913628778287,21.13963515271724,-1.0704988649343683,ok,
execution,cost_1_latency_1,fold_2,elastic_net,test,gross_signal_return_proxy,21.06913628778287,21.13963515271724,-0.0704988649343683,ok,
execution,cost_1_latency_1,fold_2,elastic_net,test,turnover_proxy,13410.0,13411.0,-1.0,ok,
execution,cost_5_latency_1,fold_2,elastic_net,test,net_signal_return_proxy,16.06913628778287,21.13963515271724,-5.070498864934368,ok,
execution,cost_5_latency_1,fold_2,elastic_net,test,gross_signal_return_proxy,21.06913628778287,21.13963515271724,-0.0704988649343683,ok,
execution,cost_5_latency_1,fold_2,elastic_net,test,turnover_proxy,13410.0,13411.0,-1.0,ok,
execution,cost_0_latency_0,fold_3,elastic_net,test,net_signal_return_proxy,22.34417084570848,22.34417084570848,0.0,ok,
execution,cost_0_latency_0,fold_3,elastic_net,test,gross_signal_return_proxy,22.34417084570848,22.34417084570848,0.0,ok,
execution,cost_0_latency_0,fold_3,elastic_net,test,turnover_proxy,13232.0,13232.0,0.0,ok,
execution,cost_0.5_latency_0,fold_3,elastic_net,test,net_signal_return_proxy,21.84417084570848,22.34417084570848,-0.5,ok,
execution,cost_0.5_latency_0,fold_3,elastic_net,test,gross_signal_return_proxy,22.34417084570848,22.34417084570848,0.0,ok,
execution,cost_0.5_latency_0,fold_3,elastic_net,test,turnover_proxy,13232.0,13232.0,0.0,ok,
execution,cost_1_latency_0,fold_3,elastic_net,test,net_signal_return_proxy,21.34417084570848,22.34417084570848,-1.0,ok,
execution,cost_1_latency_0,fold_3,elastic_net,test,gross_signal_return_proxy,22.34417084570848,22.34417084570848,0.0,ok,
execution,cost_1_latency_0,fold_3,elastic_net,test,turnover_proxy,13232.0,13232.0,0.0,ok,
execution,cost_5_latency_0,fold_3,elastic_net,test,net_signal_return_proxy,17.344170845708476,22.34417084570848,-5.0000000000000036,ok,
execution,cost_5_latency_0,fold_3,elastic_net,test,gross_signal_return_proxy,22.34417084570848,22.34417084570848,0.0,ok,
execution,cost_5_latency_0,fold_3,elastic_net,test,turnover_proxy,13232.0,13232.0,0.0,ok,
execution,cost_0_latency_1,fold_3,elastic_net,test,net_signal_return_proxy,22.169788811944105,22.34417084570848,-0.174382033764374,ok,
execution,cost_0_latency_1,fold_3,elastic_net,test,gross_signal_return_proxy,22.169788811944105,22.34417084570848,-0.174382033764374,ok,
execution,cost_0_latency_1,fold_3,elastic_net,test,turnover_proxy,13231.0,13232.0,-1.0,ok,
execution,cost_0.5_latency_1,fold_3,elastic_net,test,net_signal_return_proxy,21.669788811944105,22.34417084570848,-0.674382033764374,ok,
execution,cost_0.5_latency_1,fold_3,elastic_net,test,gross_signal_return_proxy,22.169788811944105,22.34417084570848,-0.174382033764374,ok,
execution,cost_0.5_latency_1,fold_3,elastic_net,test,turnover_proxy,13231.0,13232.0,-1.0,ok,
execution,cost_1_latency_1,fold_3,elastic_net,test,net_signal_return_proxy,21.169788811944105,22.34417084570848,-1.174382033764374,ok,
execution,cost_1_latency_1,fold_3,elastic_net,test,gross_signal_return_proxy,22.169788811944105,22.34417084570848,-0.174382033764374,ok,
execution,cost_1_latency_1,fold_3,elastic_net,test,turnover_proxy,13231.0,13232.0,-1.0,ok,
execution,cost_5_latency_1,fold_3,elastic_net,test,net_signal_return_proxy,17.169788811944102,22.34417084570848,-5.1743820337643776,ok,
execution,cost_5_latency_1,fold_3,elastic_net,test,gross_signal_return_proxy,22.169788811944105,22.34417084570848,-0.174382033764374,ok,
execution,cost_5_latency_1,fold_3,elastic_net,test,turnover_proxy,13231.0,13232.0,-1.0,ok,
execution,cost_0_latency_0,fold_4,elastic_net,test,net_signal_return_proxy,25.033863340014275,25.033863340014275,0.0,ok,
execution,cost_0_latency_0,fold_4,elastic_net,test,gross_signal_return_proxy,25.033863340014275,25.033863340014275,0.0,ok,
execution,cost_0_latency_0,fold_4,elastic_net,test,turnover_proxy,15081.0,15081.0,0.0,ok,
execution,cost_0.5_latency_0,fold_4,elastic_net,test,net_signal_return_proxy,24.533863340014275,25.033863340014275,-0.5,ok,
execution,cost_0.5_latency_0,fold_4,elastic_net,test,gross_signal_return_proxy,25.033863340014275,25.033863340014275,0.0,ok,
execution,cost_0.5_latency_0,fold_4,elastic_net,test,turnover_proxy,15081.0,15081.0,0.0,ok,
execution,cost_1_latency_0,fold_4,elastic_net,test,net_signal_return_proxy,24.033863340014275,25.033863340014275,-1.0,ok,
execution,cost_1_latency_0,fold_4,elastic_net,test,gross_signal_return_proxy,25.033863340014275,25.033863340014275,0.0,ok,
execution,cost_1_latency_0,fold_4,elastic_net,test,turnover_proxy,15081.0,15081.0,0.0,ok,
execution,cost_5_latency_0,fold_4,elastic_net,test,net_signal_return_proxy,20.033863340014275,25.033863340014275,-5.0,ok,
execution,cost_5_latency_0,fold_4,elastic_net,test,gross_signal_return_proxy,25.033863340014275,25.033863340014275,0.0,ok,
execution,cost_5_latency_0,fold_4,elastic_net,test,turnover_proxy,15081.0,15081.0,0.0,ok,
execution,cost_0_latency_1,fold_4,elastic_net,test,net_signal_return_proxy,24.766386980568782,25.033863340014275,-0.2674763594454923,ok,
execution,cost_0_latency_1,fold_4,elastic_net,test,gross_signal_return_proxy,24.766386980568782,25.033863340014275,-0.2674763594454923,ok,
execution,cost_0_latency_1,fold_4,elastic_net,test,turnover_proxy,15080.0,15081.0,-1.0,ok,
execution,cost_0.5_latency_1,fold_4,elastic_net,test,net_signal_return_proxy,24.266386980568782,25.033863340014275,-0.7674763594454923,ok,
execution,cost_0.5_latency_1,fold_4,elastic_net,test,gross_signal_return_proxy,24.766386980568782,25.033863340014275,-0.2674763594454923,ok,
execution,cost_0.5_latency_1,fold_4,elastic_net,test,turnover_proxy,15080.0,15081.0,-1.0,ok,
execution,cost_1_latency_1,fold_4,elastic_net,test,net_signal_return_proxy,23.766386980568782,25.033863340014275,-1.2674763594454923,ok,
execution,cost_1_latency_1,fold_4,elastic_net,test,gross_signal_return_proxy,24.766386980568782,25.033863340014275,-0.2674763594454923,ok,
execution,cost_1_latency_1,fold_4,elastic_net,test,turnover_proxy,15080.0,15081.0,-1.0,ok,
execution,cost_5_latency_1,fold_4,elastic_net,test,net_signal_return_proxy,19.766386980568782,25.033863340014275,-5.267476359445492,ok,
execution,cost_5_latency_1,fold_4,elastic_net,test,gross_signal_return_proxy,24.766386980568782,25.033863340014275,-0.2674763594454923,ok,
execution,cost_5_latency_1,fold_4,elastic_net,test,turnover_proxy,15080.0,15081.0,-1.0,ok,
execution,cost_0_latency_0,fold_5,elastic_net,test,net_signal_return_proxy,14.748250781917475,14.748250781917475,0.0,ok,
execution,cost_0_latency_0,fold_5,elastic_net,test,gross_signal_return_proxy,14.748250781917475,14.748250781917475,0.0,ok,
execution,cost_0_latency_0,fold_5,elastic_net,test,turnover_proxy,19195.0,19195.0,0.0,ok,
execution,cost_0.5_latency_0,fold_5,elastic_net,test,net_signal_return_proxy,14.248250781917475,14.748250781917475,-0.5,ok,
execution,cost_0.5_latency_0,fold_5,elastic_net,test,gross_signal_return_proxy,14.748250781917475,14.748250781917475,0.0,ok,
execution,cost_0.5_latency_0,fold_5,elastic_net,test,turnover_proxy,19195.0,19195.0,0.0,ok,
execution,cost_1_latency_0,fold_5,elastic_net,test,net_signal_return_proxy,13.748250781917475,14.748250781917475,-1.0,ok,
execution,cost_1_latency_0,fold_5,elastic_net,test,gross_signal_return_proxy,14.748250781917475,14.748250781917475,0.0,ok,
execution,cost_1_latency_0,fold_5,elastic_net,test,turnover_proxy,19195.0,19195.0,0.0,ok,
execution,cost_5_latency_0,fold_5,elastic_net,test,net_signal_return_proxy,9.748250781917475,14.748250781917475,-5.0,ok,
execution,cost_5_latency_0,fold_5,elastic_net,test,gross_signal_return_proxy,14.748250781917475,14.748250781917475,0.0,ok,
execution,cost_5_latency_0,fold_5,elastic_net,test,turnover_proxy,19195.0,19195.0,0.0,ok,
execution,cost_0_latency_1,fold_5,elastic_net,test,net_signal_return_proxy,14.771914566098072,14.748250781917475,0.023663784180596892,ok,
execution,cost_0_latency_1,fold_5,elastic_net,test,gross_signal_return_proxy,14.771914566098072,14.748250781917475,0.023663784180596892,ok,
execution,cost_0_latency_1,fold_5,elastic_net,test,turnover_proxy,19194.0,19195.0,-1.0,ok,
execution,cost_0.5_latency_1,fold_5,elastic_net,test,net_signal_return_proxy,14.271914566098072,14.748250781917475,-0.4763362158194031,ok,
execution,cost_0.5_latency_1,fold_5,elastic_net,test,gross_signal_return_proxy,14.771914566098072,14.748250781917475,0.023663784180596892,ok,
execution,cost_0.5_latency_1,fold_5,elastic_net,test,turnover_proxy,19194.0,19195.0,-1.0,ok,
execution,cost_1_latency_1,fold_5,elastic_net,test,net_signal_return_proxy,13.771914566098072,14.748250781917475,-0.9763362158194031,ok,
execution,cost_1_latency_1,fold_5,elastic_net,test,gross_signal_return_proxy,14.771914566098072,14.748250781917475,0.023663784180596892,ok,
execution,cost_1_latency_1,fold_5,elastic_net,test,turnover_proxy,19194.0,19195.0,-1.0,ok,
execution,cost_5_latency_1,fold_5,elastic_net,test,net_signal_return_proxy,9.771914566098072,14.748250781917475,-4.976336215819403,ok,
execution,cost_5_latency_1,fold_5,elastic_net,test,gross_signal_return_proxy,14.771914566098072,14.748250781917475,0.023663784180596892,ok,
execution,cost_5_latency_1,fold_5,elastic_net,test,turnover_proxy,19194.0,19195.0,-1.0,ok,
execution,cost_0_latency_0,fold_1,gradient_boosting,test,net_signal_return_proxy,13.060061575362836,13.060061575362836,0.0,ok,
execution,cost_0_latency_0,fold_1,gradient_boosting,test,gross_signal_return_proxy,13.060061575362836,13.060061575362836,0.0,ok,
execution,cost_0_latency_0,fold_1,gradient_boosting,test,turnover_proxy,18264.0,18264.0,0.0,ok,
execution,cost_0.5_latency_0,fold_1,gradient_boosting,test,net_signal_return_proxy,12.560061575362836,13.060061575362836,-0.5,ok,
execution,cost_0.5_latency_0,fold_1,gradient_boosting,test,gross_signal_return_proxy,13.060061575362836,13.060061575362836,0.0,ok,
execution,cost_0.5_latency_0,fold_1,gradient_boosting,test,turnover_proxy,18264.0,18264.0,0.0,ok,
execution,cost_1_latency_0,fold_1,gradient_boosting,test,net_signal_return_proxy,12.060061575362836,13.060061575362836,-1.0,ok,
execution,cost_1_latency_0,fold_1,gradient_boosting,test,gross_signal_return_proxy,13.060061575362836,13.060061575362836,0.0,ok,
execution,cost_1_latency_0,fold_1,gradient_boosting,test,turnover_proxy,18264.0,18264.0,0.0,ok,
execution,cost_5_latency_0,fold_1,gradient_boosting,test,net_signal_return_proxy,8.060061575362836,13.060061575362836,-5.0,ok,
execution,cost_5_latency_0,fold_1,gradient_boosting,test,gross_signal_return_proxy,13.060061575362836,13.060061575362836,0.0,ok,
execution,cost_5_latency_0,fold_1,gradient_boosting,test,turnover_proxy,18264.0,18264.0,0.0,ok,
execution,cost_0_latency_1,fold_1,gradient_boosting,test,net_signal_return_proxy,9.235994788618036,13.060061575362836,-3.8240667867447993,ok,
execution,cost_0_latency_1,fold_1,gradient_boosting,test,gross_signal_return_proxy,9.235994788618036,13.060061575362836,-3.8240667867447993,ok,
execution,cost_0_latency_1,fold_1,gradient_boosting,test,turnover_proxy,18263.0,18264.0,-1.0,ok,
execution,cost_0.5_latency_1,fold_1,gradient_boosting,test,net_signal_return_proxy,8.735994788618036,13.060061575362836,-4.324066786744799,ok,
execution,cost_0.5_latency_1,fold_1,gradient_boosting,test,gross_signal_return_proxy,9.235994788618036,13.060061575362836,-3.8240667867447993,ok,
execution,cost_0.5_latency_1,fold_1,gradient_boosting,test,turnover_proxy,18263.0,18264.0,-1.0,ok,
execution,cost_1_latency_1,fold_1,gradient_boosting,test,net_signal_return_proxy,8.235994788618036,13.060061575362836,-4.824066786744799,ok,
execution,cost_1_latency_1,fold_1,gradient_boosting,test,gross_signal_return_proxy,9.235994788618036,13.060061575362836,-3.8240667867447993,ok,
execution,cost_1_latency_1,fold_1,gradient_boosting,test,turnover_proxy,18263.0,18264.0,-1.0,ok,
execution,cost_5_latency_1,fold_1,gradient_boosting,test,net_signal_return_proxy,4.2359947886180365,13.060061575362836,-8.8240667867448,ok,
execution,cost_5_latency_1,fold_1,gradient_boosting,test,gross_signal_return_proxy,9.235994788618036,13.060061575362836,-3.8240667867447993,ok,
execution,cost_5_latency_1,fold_1,gradient_boosting,test,turnover_proxy,18263.0,18264.0,-1.0,ok,
execution,cost_0_latency_0,fold_2,gradient_boosting,test,net_signal_return_proxy,22.291512684678825,22.291512684678825,0.0,ok,
execution,cost_0_latency_0,fold_2,gradient_boosting,test,gross_signal_return_proxy,22.291512684678825,22.291512684678825,0.0,ok,
execution,cost_0_latency_0,fold_2,gradient_boosting,test,turnover_proxy,13059.0,13059.0,0.0,ok,
execution,cost_0.5_latency_0,fold_2,gradient_boosting,test,net_signal_return_proxy,21.791512684678825,22.291512684678825,-0.5,ok,
execution,cost_0.5_latency_0,fold_2,gradient_boosting,test,gross_signal_return_proxy,22.291512684678825,22.291512684678825,0.0,ok,
execution,cost_0.5_latency_0,fold_2,gradient_boosting,test,turnover_proxy,13059.0,13059.0,0.0,ok,
execution,cost_1_latency_0,fold_2,gradient_boosting,test,net_signal_return_proxy,21.291512684678825,22.291512684678825,-1.0,ok,
execution,cost_1_latency_0,fold_2,gradient_boosting,test,gross_signal_return_proxy,22.291512684678825,22.291512684678825,0.0,ok,
execution,cost_1_latency_0,fold_2,gradient_boosting,test,turnover_proxy,13059.0,13059.0,0.0,ok,
execution,cost_5_latency_0,fold_2,gradient_boosting,test,net_signal_return_proxy,17.291512684678825,22.291512684678825,-5.0,ok,
execution,cost_5_latency_0,fold_2,gradient_boosting,test,gross_signal_return_proxy,22.291512684678825,22.291512684678825,0.0,ok,
execution,cost_5_latency_0,fold_2,gradient_boosting,test,turnover_proxy,13059.0,13059.0,0.0,ok,
execution,cost_0_latency_1,fold_2,gradient_boosting,test,net_signal_return_proxy,21.758683561987173,22.291512684678825,-0.532829122691652,ok,
execution,cost_0_latency_1,fold_2,gradient_boosting,test,gross_signal_return_proxy,21.758683561987173,22.291512684678825,-0.532829122691652,ok,
execution,cost_0_latency_1,fold_2,gradient_boosting,test,turnover_proxy,13059.0,13059.0,0.0,ok,
execution,cost_0.5_latency_1,fold_2,gradient_boosting,test,net_signal_return_proxy,21.258683561987173,22.291512684678825,-1.032829122691652,ok,
execution,cost_0.5_latency_1,fold_2,gradient_boosting,test,gross_signal_return_proxy,21.758683561987173,22.291512684678825,-0.532829122691652,ok,
execution,cost_0.5_latency_1,fold_2,gradient_boosting,test,turnover_proxy,13059.0,13059.0,0.0,ok,
execution,cost_1_latency_1,fold_2,gradient_boosting,test,net_signal_return_proxy,20.758683561987173,22.291512684678825,-1.532829122691652,ok,
execution,cost_1_latency_1,fold_2,gradient_boosting,test,gross_signal_return_proxy,21.758683561987173,22.291512684678825,-0.532829122691652,ok,
execution,cost_1_latency_1,fold_2,gradient_boosting,test,turnover_proxy,13059.0,13059.0,0.0,ok,
execution,cost_5_latency_1,fold_2,gradient_boosting,test,net_signal_return_proxy,16.758683561987173,22.291512684678825,-5.532829122691652,ok,
execution,cost_5_latency_1,fold_2,gradient_boosting,test,gross_signal_return_proxy,21.758683561987173,22.291512684678825,-0.532829122691652,ok,
execution,cost_5_latency_1,fold_2,gradient_boosting,test,turnover_proxy,13059.0,13059.0,0.0,ok,
execution,cost_0_latency_0,fold_3,gradient_boosting,test,net_signal_return_proxy,14.82879194225714,14.82879194225714,0.0,ok,
execution,cost_0_latency_0,fold_3,gradient_boosting,test,gross_signal_return_proxy,14.82879194225714,14.82879194225714,0.0,ok,
execution,cost_0_latency_0,fold_3,gradient_boosting,test,turnover_proxy,13130.0,13130.0,0.0,ok,
execution,cost_0.5_latency_0,fold_3,gradient_boosting,test,net_signal_return_proxy,14.32879194225714,14.82879194225714,-0.5,ok,
execution,cost_0.5_latency_0,fold_3,gradient_boosting,test,gross_signal_return_proxy,14.82879194225714,14.82879194225714,0.0,ok,
execution,cost_0.5_latency_0,fold_3,gradient_boosting,test,turnover_proxy,13130.0,13130.0,0.0,ok,
execution,cost_1_latency_0,fold_3,gradient_boosting,test,net_signal_return_proxy,13.82879194225714,14.82879194225714,-1.0,ok,
execution,cost_1_latency_0,fold_3,gradient_boosting,test,gross_signal_return_proxy,14.82879194225714,14.82879194225714,0.0,ok,
execution,cost_1_latency_0,fold_3,gradient_boosting,test,turnover_proxy,13130.0,13130.0,0.0,ok,
execution,cost_5_latency_0,fold_3,gradient_boosting,test,net_signal_return_proxy,9.82879194225714,14.82879194225714,-5.0,ok,
execution,cost_5_latency_0,fold_3,gradient_boosting,test,gross_signal_return_proxy,14.82879194225714,14.82879194225714,0.0,ok,
execution,cost_5_latency_0,fold_3,gradient_boosting,test,turnover_proxy,13130.0,13130.0,0.0,ok,
execution,cost_0_latency_1,fold_3,gradient_boosting,test,net_signal_return_proxy,8.612036942258756,14.82879194225714,-6.216754999998384,ok,
execution,cost_0_latency_1,fold_3,gradient_boosting,test,gross_signal_return_proxy,8.612036942258756,14.82879194225714,-6.216754999998384,ok,
execution,cost_0_latency_1,fold_3,gradient_boosting,test,turnover_proxy,13129.0,13130.0,-1.0,ok,
execution,cost_0.5_latency_1,fold_3,gradient_boosting,test,net_signal_return_proxy,8.112036942258756,14.82879194225714,-6.716754999998384,ok,
execution,cost_0.5_latency_1,fold_3,gradient_boosting,test,gross_signal_return_proxy,8.612036942258756,14.82879194225714,-6.216754999998384,ok,
execution,cost_0.5_latency_1,fold_3,gradient_boosting,test,turnover_proxy,13129.0,13130.0,-1.0,ok,
execution,cost_1_latency_1,fold_3,gradient_boosting,test,net_signal_return_proxy,7.612036942258756,14.82879194225714,-7.216754999998384,ok,
execution,cost_1_latency_1,fold_3,gradient_boosting,test,gross_signal_return_proxy,8.612036942258756,14.82879194225714,-6.216754999998384,ok,
execution,cost_1_latency_1,fold_3,gradient_boosting,test,turnover_proxy,13129.0,13130.0,-1.0,ok,
execution,cost_5_latency_1,fold_3,gradient_boosting,test,net_signal_return_proxy,3.612036942258756,14.82879194225714,-11.216754999998384,ok,
execution,cost_5_latency_1,fold_3,gradient_boosting,test,gross_signal_return_proxy,8.612036942258756,14.82879194225714,-6.216754999998384,ok,
execution,cost_5_latency_1,fold_3,gradient_boosting,test,turnover_proxy,13129.0,13130.0,-1.0,ok,
execution,cost_0_latency_0,fold_4,gradient_boosting,test,net_signal_return_proxy,19.70370074206396,19.70370074206396,0.0,ok,
execution,cost_0_latency_0,fold_4,gradient_boosting,test,gross_signal_return_proxy,19.70370074206396,19.70370074206396,0.0,ok,
execution,cost_0_latency_0,fold_4,gradient_boosting,test,turnover_proxy,13937.0,13937.0,0.0,ok,
execution,cost_0.5_latency_0,fold_4,gradient_boosting,test,net_signal_return_proxy,19.20370074206396,19.70370074206396,-0.5,ok,
execution,cost_0.5_latency_0,fold_4,gradient_boosting,test,gross_signal_return_proxy,19.70370074206396,19.70370074206396,0.0,ok,
execution,cost_0.5_latency_0,fold_4,gradient_boosting,test,turnover_proxy,13937.0,13937.0,0.0,ok,
execution,cost_1_latency_0,fold_4,gradient_boosting,test,net_signal_return_proxy,18.70370074206396,19.70370074206396,-1.0,ok,
execution,cost_1_latency_0,fold_4,gradient_boosting,test,gross_signal_return_proxy,19.70370074206396,19.70370074206396,0.0,ok,
execution,cost_1_latency_0,fold_4,gradient_boosting,test,turnover_proxy,13937.0,13937.0,0.0,ok,
execution,cost_5_latency_0,fold_4,gradient_boosting,test,net_signal_return_proxy,14.703700742063962,19.70370074206396,-4.9999999999999964,ok,
execution,cost_5_latency_0,fold_4,gradient_boosting,test,gross_signal_return_proxy,19.70370074206396,19.70370074206396,0.0,ok,
execution,cost_5_latency_0,fold_4,gradient_boosting,test,turnover_proxy,13937.0,13937.0,0.0,ok,
execution,cost_0_latency_1,fold_4,gradient_boosting,test,net_signal_return_proxy,18.748422604601185,19.70370074206396,-0.9552781374627735,ok,
execution,cost_0_latency_1,fold_4,gradient_boosting,test,gross_signal_return_proxy,18.748422604601185,19.70370074206396,-0.9552781374627735,ok,
execution,cost_0_latency_1,fold_4,gradient_boosting,test,turnover_proxy,13936.0,13937.0,-1.0,ok,
execution,cost_0.5_latency_1,fold_4,gradient_boosting,test,net_signal_return_proxy,18.248422604601185,19.70370074206396,-1.4552781374627735,ok,
execution,cost_0.5_latency_1,fold_4,gradient_boosting,test,gross_signal_return_proxy,18.748422604601185,19.70370074206396,-0.9552781374627735,ok,
execution,cost_0.5_latency_1,fold_4,gradient_boosting,test,turnover_proxy,13936.0,13937.0,-1.0,ok,
execution,cost_1_latency_1,fold_4,gradient_boosting,test,net_signal_return_proxy,17.748422604601185,19.70370074206396,-1.9552781374627735,ok,
execution,cost_1_latency_1,fold_4,gradient_boosting,test,gross_signal_return_proxy,18.748422604601185,19.70370074206396,-0.9552781374627735,ok,
execution,cost_1_latency_1,fold_4,gradient_boosting,test,turnover_proxy,13936.0,13937.0,-1.0,ok,
execution,cost_5_latency_1,fold_4,gradient_boosting,test,net_signal_return_proxy,13.748422604601185,19.70370074206396,-5.9552781374627735,ok,
execution,cost_5_latency_1,fold_4,gradient_boosting,test,gross_signal_return_proxy,18.748422604601185,19.70370074206396,-0.9552781374627735,ok,
execution,cost_5_latency_1,fold_4,gradient_boosting,test,turnover_proxy,13936.0,13937.0,-1.0,ok,
execution,cost_0_latency_0,fold_5,gradient_boosting,test,net_signal_return_proxy,-4.740023717907377,-4.740023717907377,0.0,ok,
execution,cost_0_latency_0,fold_5,gradient_boosting,test,gross_signal_return_proxy,-4.740023717907377,-4.740023717907377,0.0,ok,
execution,cost_0_latency_0,fold_5,gradient_boosting,test,turnover_proxy,18342.0,18342.0,0.0,ok,
execution,cost_0.5_latency_0,fold_5,gradient_boosting,test,net_signal_return_proxy,-5.240023717907377,-4.740023717907377,-0.5,ok,
execution,cost_0.5_latency_0,fold_5,gradient_boosting,test,gross_signal_return_proxy,-4.740023717907377,-4.740023717907377,0.0,ok,
execution,cost_0.5_latency_0,fold_5,gradient_boosting,test,turnover_proxy,18342.0,18342.0,0.0,ok,
execution,cost_1_latency_0,fold_5,gradient_boosting,test,net_signal_return_proxy,-5.740023717907377,-4.740023717907377,-1.0,ok,
execution,cost_1_latency_0,fold_5,gradient_boosting,test,gross_signal_return_proxy,-4.740023717907377,-4.740023717907377,0.0,ok,
execution,cost_1_latency_0,fold_5,gradient_boosting,test,turnover_proxy,18342.0,18342.0,0.0,ok,
execution,cost_5_latency_0,fold_5,gradient_boosting,test,net_signal_return_proxy,-9.740023717907375,-4.740023717907377,-4.999999999999998,ok,
execution,cost_5_latency_0,fold_5,gradient_boosting,test,gross_signal_return_proxy,-4.740023717907377,-4.740023717907377,0.0,ok,
execution,cost_5_latency_0,fold_5,gradient_boosting,test,turnover_proxy,18342.0,18342.0,0.0,ok,
execution,cost_0_latency_1,fold_5,gradient_boosting,test,net_signal_return_proxy,-5.367769588334111,-4.740023717907377,-0.6277458704267342,ok,
execution,cost_0_latency_1,fold_5,gradient_boosting,test,gross_signal_return_proxy,-5.367769588334111,-4.740023717907377,-0.6277458704267342,ok,
execution,cost_0_latency_1,fold_5,gradient_boosting,test,turnover_proxy,18341.0,18342.0,-1.0,ok,
execution,cost_0.5_latency_1,fold_5,gradient_boosting,test,net_signal_return_proxy,-5.867769588334111,-4.740023717907377,-1.1277458704267342,ok,
execution,cost_0.5_latency_1,fold_5,gradient_boosting,test,gross_signal_return_proxy,-5.367769588334111,-4.740023717907377,-0.6277458704267342,ok,
execution,cost_0.5_latency_1,fold_5,gradient_boosting,test,turnover_proxy,18341.0,18342.0,-1.0,ok,
execution,cost_1_latency_1,fold_5,gradient_boosting,test,net_signal_return_proxy,-6.367769588334111,-4.740023717907377,-1.6277458704267342,ok,
execution,cost_1_latency_1,fold_5,gradient_boosting,test,gross_signal_return_proxy,-5.367769588334111,-4.740023717907377,-0.6277458704267342,ok,
execution,cost_1_latency_1,fold_5,gradient_boosting,test,turnover_proxy,18341.0,18342.0,-1.0,ok,
execution,cost_5_latency_1,fold_5,gradient_boosting,test,net_signal_return_proxy,-10.367769588334111,-4.740023717907377,-5.627745870426734,ok,
execution,cost_5_latency_1,fold_5,gradient_boosting,test,gross_signal_return_proxy,-5.367769588334111,-4.740023717907377,-0.6277458704267342,ok,
execution,cost_5_latency_1,fold_5,gradient_boosting,test,turnover_proxy,18341.0,18342.0,-1.0,ok,
execution,cost_0_latency_0,fold_1,logistic,test,net_signal_return_proxy,15.226320652920824,15.226320652920824,0.0,ok,
execution,cost_0_latency_0,fold_1,logistic,test,gross_signal_return_proxy,15.226320652920824,15.226320652920824,0.0,ok,
execution,cost_0_latency_0,fold_1,logistic,test,turnover_proxy,18132.0,18132.0,0.0,ok,
execution,cost_0.5_latency_0,fold_1,logistic,test,net_signal_return_proxy,14.726320652920824,15.226320652920824,-0.5,ok,
execution,cost_0.5_latency_0,fold_1,logistic,test,gross_signal_return_proxy,15.226320652920824,15.226320652920824,0.0,ok,
execution,cost_0.5_latency_0,fold_1,logistic,test,turnover_proxy,18132.0,18132.0,0.0,ok,
execution,cost_1_latency_0,fold_1,logistic,test,net_signal_return_proxy,14.226320652920824,15.226320652920824,-1.0,ok,
execution,cost_1_latency_0,fold_1,logistic,test,gross_signal_return_proxy,15.226320652920824,15.226320652920824,0.0,ok,
execution,cost_1_latency_0,fold_1,logistic,test,turnover_proxy,18132.0,18132.0,0.0,ok,
execution,cost_5_latency_0,fold_1,logistic,test,net_signal_return_proxy,10.226320652920824,15.226320652920824,-5.0,ok,
execution,cost_5_latency_0,fold_1,logistic,test,gross_signal_return_proxy,15.226320652920824,15.226320652920824,0.0,ok,
execution,cost_5_latency_0,fold_1,logistic,test,turnover_proxy,18132.0,18132.0,0.0,ok,
execution,cost_0_latency_1,fold_1,logistic,test,net_signal_return_proxy,14.916864356636165,15.226320652920824,-0.30945629628465987,ok,
execution,cost_0_latency_1,fold_1,logistic,test,gross_signal_return_proxy,14.916864356636165,15.226320652920824,-0.30945629628465987,ok,
execution,cost_0_latency_1,fold_1,logistic,test,turnover_proxy,18131.0,18132.0,-1.0,ok,
execution,cost_0.5_latency_1,fold_1,logistic,test,net_signal_return_proxy,14.416864356636165,15.226320652920824,-0.8094562962846599,ok,
execution,cost_0.5_latency_1,fold_1,logistic,test,gross_signal_return_proxy,14.916864356636165,15.226320652920824,-0.30945629628465987,ok,
execution,cost_0.5_latency_1,fold_1,logistic,test,turnover_proxy,18131.0,18132.0,-1.0,ok,
execution,cost_1_latency_1,fold_1,logistic,test,net_signal_return_proxy,13.916864356636165,15.226320652920824,-1.3094562962846599,ok,
execution,cost_1_latency_1,fold_1,logistic,test,gross_signal_return_proxy,14.916864356636165,15.226320652920824,-0.30945629628465987,ok,
execution,cost_1_latency_1,fold_1,logistic,test,turnover_proxy,18131.0,18132.0,-1.0,ok,
execution,cost_5_latency_1,fold_1,logistic,test,net_signal_return_proxy,9.916864356636165,15.226320652920824,-5.30945629628466,ok,
execution,cost_5_latency_1,fold_1,logistic,test,gross_signal_return_proxy,14.916864356636165,15.226320652920824,-0.30945629628465987,ok,
execution,cost_5_latency_1,fold_1,logistic,test,turnover_proxy,18131.0,18132.0,-1.0,ok,
execution,cost_0_latency_0,fold_2,logistic,test,net_signal_return_proxy,21.141062943204076,21.141062943204076,0.0,ok,
execution,cost_0_latency_0,fold_2,logistic,test,gross_signal_return_proxy,21.141062943204076,21.141062943204076,0.0,ok,
execution,cost_0_latency_0,fold_2,logistic,test,turnover_proxy,13411.0,13411.0,0.0,ok,
execution,cost_0.5_latency_0,fold_2,logistic,test,net_signal_return_proxy,20.641062943204076,21.141062943204076,-0.5,ok,
execution,cost_0.5_latency_0,fold_2,logistic,test,gross_signal_return_proxy,21.141062943204076,21.141062943204076,0.0,ok,
execution,cost_0.5_latency_0,fold_2,logistic,test,turnover_proxy,13411.0,13411.0,0.0,ok,
execution,cost_1_latency_0,fold_2,logistic,test,net_signal_return_proxy,20.141062943204076,21.141062943204076,-1.0,ok,
execution,cost_1_latency_0,fold_2,logistic,test,gross_signal_return_proxy,21.141062943204076,21.141062943204076,0.0,ok,
execution,cost_1_latency_0,fold_2,logistic,test,turnover_proxy,13411.0,13411.0,0.0,ok,
execution,cost_5_latency_0,fold_2,logistic,test,net_signal_return_proxy,16.141062943204073,21.141062943204076,-5.0000000000000036,ok,
execution,cost_5_latency_0,fold_2,logistic,test,gross_signal_return_proxy,21.141062943204076,21.141062943204076,0.0,ok,
execution,cost_5_latency_0,fold_2,logistic,test,turnover_proxy,13411.0,13411.0,0.0,ok,
execution,cost_0_latency_1,fold_2,logistic,test,net_signal_return_proxy,21.07028257077593,21.141062943204076,-0.07078037242814617,ok,
execution,cost_0_latency_1,fold_2,logistic,test,gross_signal_return_proxy,21.07028257077593,21.141062943204076,-0.07078037242814617,ok,
execution,cost_0_latency_1,fold_2,logistic,test,turnover_proxy,13410.0,13411.0,-1.0,ok,
execution,cost_0.5_latency_1,fold_2,logistic,test,net_signal_return_proxy,20.57028257077593,21.141062943204076,-0.5707803724281462,ok,
execution,cost_0.5_latency_1,fold_2,logistic,test,gross_signal_return_proxy,21.07028257077593,21.141062943204076,-0.07078037242814617,ok,
execution,cost_0.5_latency_1,fold_2,logistic,test,turnover_proxy,13410.0,13411.0,-1.0,ok,
execution,cost_1_latency_1,fold_2,logistic,test,net_signal_return_proxy,20.07028257077593,21.141062943204076,-1.0707803724281462,ok,
execution,cost_1_latency_1,fold_2,logistic,test,gross_signal_return_proxy,21.07028257077593,21.141062943204076,-0.07078037242814617,ok,
execution,cost_1_latency_1,fold_2,logistic,test,turnover_proxy,13410.0,13411.0,-1.0,ok,
execution,cost_5_latency_1,fold_2,logistic,test,net_signal_return_proxy,16.07028257077593,21.141062943204076,-5.070780372428146,ok,
execution,cost_5_latency_1,fold_2,logistic,test,gross_signal_return_proxy,21.07028257077593,21.141062943204076,-0.07078037242814617,ok,
execution,cost_5_latency_1,fold_2,logistic,test,turnover_proxy,13410.0,13411.0,-1.0,ok,
execution,cost_0_latency_0,fold_3,logistic,test,net_signal_return_proxy,22.34658201785259,22.34658201785259,0.0,ok,
execution,cost_0_latency_0,fold_3,logistic,test,gross_signal_return_proxy,22.34658201785259,22.34658201785259,0.0,ok,
execution,cost_0_latency_0,fold_3,logistic,test,turnover_proxy,13229.0,13229.0,0.0,ok,
execution,cost_0.5_latency_0,fold_3,logistic,test,net_signal_return_proxy,21.84658201785259,22.34658201785259,-0.5,ok,
execution,cost_0.5_latency_0,fold_3,logistic,test,gross_signal_return_proxy,22.34658201785259,22.34658201785259,0.0,ok,
execution,cost_0.5_latency_0,fold_3,logistic,test,turnover_proxy,13229.0,13229.0,0.0,ok,
execution,cost_1_latency_0,fold_3,logistic,test,net_signal_return_proxy,21.34658201785259,22.34658201785259,-1.0,ok,
execution,cost_1_latency_0,fold_3,logistic,test,gross_signal_return_proxy,22.34658201785259,22.34658201785259,0.0,ok,
execution,cost_1_latency_0,fold_3,logistic,test,turnover_proxy,13229.0,13229.0,0.0,ok,
execution,cost_5_latency_0,fold_3,logistic,test,net_signal_return_proxy,17.34658201785259,22.34658201785259,-5.0,ok,
execution,cost_5_latency_0,fold_3,logistic,test,gross_signal_return_proxy,22.34658201785259,22.34658201785259,0.0,ok,
execution,cost_5_latency_0,fold_3,logistic,test,turnover_proxy,13229.0,13229.0,0.0,ok,
execution,cost_0_latency_1,fold_3,logistic,test,net_signal_return_proxy,22.19332262385091,22.34658201785259,-0.15325939400167954,ok,
execution,cost_0_latency_1,fold_3,logistic,test,gross_signal_return_proxy,22.19332262385091,22.34658201785259,-0.15325939400167954,ok,
execution,cost_0_latency_1,fold_3,logistic,test,turnover_proxy,13228.0,13229.0,-1.0,ok,
execution,cost_0.5_latency_1,fold_3,logistic,test,net_signal_return_proxy,21.69332262385091,22.34658201785259,-0.6532593940016795,ok,
execution,cost_0.5_latency_1,fold_3,logistic,test,gross_signal_return_proxy,22.19332262385091,22.34658201785259,-0.15325939400167954,ok,
execution,cost_0.5_latency_1,fold_3,logistic,test,turnover_proxy,13228.0,13229.0,-1.0,ok,
execution,cost_1_latency_1,fold_3,logistic,test,net_signal_return_proxy,21.19332262385091,22.34658201785259,-1.1532593940016795,ok,
execution,cost_1_latency_1,fold_3,logistic,test,gross_signal_return_proxy,22.19332262385091,22.34658201785259,-0.15325939400167954,ok,
execution,cost_1_latency_1,fold_3,logistic,test,turnover_proxy,13228.0,13229.0,-1.0,ok,
execution,cost_5_latency_1,fold_3,logistic,test,net_signal_return_proxy,17.19332262385091,22.34658201785259,-5.1532593940016795,ok,
execution,cost_5_latency_1,fold_3,logistic,test,gross_signal_return_proxy,22.19332262385091,22.34658201785259,-0.15325939400167954,ok,
execution,cost_5_latency_1,fold_3,logistic,test,turnover_proxy,13228.0,13229.0,-1.0,ok,
execution,cost_0_latency_0,fold_4,logistic,test,net_signal_return_proxy,25.0383907090698,25.0383907090698,0.0,ok,
execution,cost_0_latency_0,fold_4,logistic,test,gross_signal_return_proxy,25.0383907090698,25.0383907090698,0.0,ok,
execution,cost_0_latency_0,fold_4,logistic,test,turnover_proxy,15080.0,15080.0,0.0,ok,
execution,cost_0.5_latency_0,fold_4,logistic,test,net_signal_return_proxy,24.5383907090698,25.0383907090698,-0.5,ok,
execution,cost_0.5_latency_0,fold_4,logistic,test,gross_signal_return_proxy,25.0383907090698,25.0383907090698,0.0,ok,
execution,cost_0.5_latency_0,fold_4,logistic,test,turnover_proxy,15080.0,15080.0,0.0,ok,
execution,cost_1_latency_0,fold_4,logistic,test,net_signal_return_proxy,24.0383907090698,25.0383907090698,-1.0,ok,
execution,cost_1_latency_0,fold_4,logistic,test,gross_signal_return_proxy,25.0383907090698,25.0383907090698,0.0,ok,
execution,cost_1_latency_0,fold_4,logistic,test,turnover_proxy,15080.0,15080.0,0.0,ok,
execution,cost_5_latency_0,fold_4,logistic,test,net_signal_return_proxy,20.0383907090698,25.0383907090698,-5.0,ok,
execution,cost_5_latency_0,fold_4,logistic,test,gross_signal_return_proxy,25.0383907090698,25.0383907090698,0.0,ok,
execution,cost_5_latency_0,fold_4,logistic,test,turnover_proxy,15080.0,15080.0,0.0,ok,
execution,cost_0_latency_1,fold_4,logistic,test,net_signal_return_proxy,24.764012684777747,25.0383907090698,-0.27437802429205504,ok,
execution,cost_0_latency_1,fold_4,logistic,test,gross_signal_return_proxy,24.764012684777747,25.0383907090698,-0.27437802429205504,ok,
execution,cost_0_latency_1,fold_4,logistic,test,turnover_proxy,15079.0,15080.0,-1.0,ok,
execution,cost_0.5_latency_1,fold_4,logistic,test,net_signal_return_proxy,24.264012684777747,25.0383907090698,-0.774378024292055,ok,
execution,cost_0.5_latency_1,fold_4,logistic,test,gross_signal_return_proxy,24.764012684777747,25.0383907090698,-0.27437802429205504,ok,
execution,cost_0.5_latency_1,fold_4,logistic,test,turnover_proxy,15079.0,15080.0,-1.0,ok,
execution,cost_1_latency_1,fold_4,logistic,test,net_signal_return_proxy,23.764012684777747,25.0383907090698,-1.274378024292055,ok,
execution,cost_1_latency_1,fold_4,logistic,test,gross_signal_return_proxy,24.764012684777747,25.0383907090698,-0.27437802429205504,ok,
execution,cost_1_latency_1,fold_4,logistic,test,turnover_proxy,15079.0,15080.0,-1.0,ok,
execution,cost_5_latency_1,fold_4,logistic,test,net_signal_return_proxy,19.764012684777747,25.0383907090698,-5.274378024292055,ok,
execution,cost_5_latency_1,fold_4,logistic,test,gross_signal_return_proxy,24.764012684777747,25.0383907090698,-0.27437802429205504,ok,
execution,cost_5_latency_1,fold_4,logistic,test,turnover_proxy,15079.0,15080.0,-1.0,ok,
execution,cost_0_latency_0,fold_5,logistic,test,net_signal_return_proxy,14.7402195453105,14.7402195453105,0.0,ok,
execution,cost_0_latency_0,fold_5,logistic,test,gross_signal_return_proxy,14.7402195453105,14.7402195453105,0.0,ok,
execution,cost_0_latency_0,fold_5,logistic,test,turnover_proxy,19194.0,19194.0,0.0,ok,
execution,cost_0.5_latency_0,fold_5,logistic,test,net_signal_return_proxy,14.2402195453105,14.7402195453105,-0.5,ok,
execution,cost_0.5_latency_0,fold_5,logistic,test,gross_signal_return_proxy,14.7402195453105,14.7402195453105,0.0,ok,
execution,cost_0.5_latency_0,fold_5,logistic,test,turnover_proxy,19194.0,19194.0,0.0,ok,
execution,cost_1_latency_0,fold_5,logistic,test,net_signal_return_proxy,13.7402195453105,14.7402195453105,-1.0,ok,
execution,cost_1_latency_0,fold_5,logistic,test,gross_signal_return_proxy,14.7402195453105,14.7402195453105,0.0,ok,
execution,cost_1_latency_0,fold_5,logistic,test,turnover_proxy,19194.0,19194.0,0.0,ok,
execution,cost_5_latency_0,fold_5,logistic,test,net_signal_return_proxy,9.7402195453105,14.7402195453105,-5.0,ok,
execution,cost_5_latency_0,fold_5,logistic,test,gross_signal_return_proxy,14.7402195453105,14.7402195453105,0.0,ok,
execution,cost_5_latency_0,fold_5,logistic,test,turnover_proxy,19194.0,19194.0,0.0,ok,
execution,cost_0_latency_1,fold_5,logistic,test,net_signal_return_proxy,14.768741141468531,14.7402195453105,0.02852159615803096,ok,
execution,cost_0_latency_1,fold_5,logistic,test,gross_signal_return_proxy,14.768741141468531,14.7402195453105,0.02852159615803096,ok,
execution,cost_0_latency_1,fold_5,logistic,test,turnover_proxy,19193.0,19194.0,-1.0,ok,
execution,cost_0.5_latency_1,fold_5,logistic,test,net_signal_return_proxy,14.268741141468531,14.7402195453105,-0.47147840384196904,ok,
execution,cost_0.5_latency_1,fold_5,logistic,test,gross_signal_return_proxy,14.768741141468531,14.7402195453105,0.02852159615803096,ok,
execution,cost_0.5_latency_1,fold_5,logistic,test,turnover_proxy,19193.0,19194.0,-1.0,ok,
execution,cost_1_latency_1,fold_5,logistic,test,net_signal_return_proxy,13.768741141468531,14.7402195453105,-0.971478403841969,ok,
execution,cost_1_latency_1,fold_5,logistic,test,gross_signal_return_proxy,14.768741141468531,14.7402195453105,0.02852159615803096,ok,
execution,cost_1_latency_1,fold_5,logistic,test,turnover_proxy,19193.0,19194.0,-1.0,ok,
execution,cost_5_latency_1,fold_5,logistic,test,net_signal_return_proxy,9.768741141468531,14.7402195453105,-4.971478403841969,ok,
execution,cost_5_latency_1,fold_5,logistic,test,gross_signal_return_proxy,14.768741141468531,14.7402195453105,0.02852159615803096,ok,
execution,cost_5_latency_1,fold_5,logistic,test,turnover_proxy,19193.0,19194.0,-1.0,ok,
execution,cost_0_latency_0,fold_1,majority,test,net_signal_return_proxy,14.119752929450796,14.119752929450796,0.0,ok,
execution,cost_0_latency_0,fold_1,majority,test,gross_signal_return_proxy,14.119752929450796,14.119752929450796,0.0,ok,
execution,cost_0_latency_0,fold_1,majority,test,turnover_proxy,19588.0,19588.0,0.0,ok,
execution,cost_0.5_latency_0,fold_1,majority,test,net_signal_return_proxy,13.619752929450796,14.119752929450796,-0.5,ok,
execution,cost_0.5_latency_0,fold_1,majority,test,gross_signal_return_proxy,14.119752929450796,14.119752929450796,0.0,ok,
execution,cost_0.5_latency_0,fold_1,majority,test,turnover_proxy,19588.0,19588.0,0.0,ok,
execution,cost_1_latency_0,fold_1,majority,test,net_signal_return_proxy,13.119752929450796,14.119752929450796,-1.0,ok,
execution,cost_1_latency_0,fold_1,majority,test,gross_signal_return_proxy,14.119752929450796,14.119752929450796,0.0,ok,
execution,cost_1_latency_0,fold_1,majority,test,turnover_proxy,19588.0,19588.0,0.0,ok,
execution,cost_5_latency_0,fold_1,majority,test,net_signal_return_proxy,9.119752929450796,14.119752929450796,-5.0,ok,
execution,cost_5_latency_0,fold_1,majority,test,gross_signal_return_proxy,14.119752929450796,14.119752929450796,0.0,ok,
execution,cost_5_latency_0,fold_1,majority,test,turnover_proxy,19588.0,19588.0,0.0,ok,
execution,cost_0_latency_1,fold_1,majority,test,net_signal_return_proxy,14.118318438889924,14.119752929450796,-0.0014344905608716374,ok,
execution,cost_0_latency_1,fold_1,majority,test,gross_signal_return_proxy,14.118318438889924,14.119752929450796,-0.0014344905608716374,ok,
execution,cost_0_latency_1,fold_1,majority,test,turnover_proxy,19587.0,19588.0,-1.0,ok,
execution,cost_0.5_latency_1,fold_1,majority,test,net_signal_return_proxy,13.618318438889924,14.119752929450796,-0.5014344905608716,ok,
execution,cost_0.5_latency_1,fold_1,majority,test,gross_signal_return_proxy,14.118318438889924,14.119752929450796,-0.0014344905608716374,ok,
execution,cost_0.5_latency_1,fold_1,majority,test,turnover_proxy,19587.0,19588.0,-1.0,ok,
execution,cost_1_latency_1,fold_1,majority,test,net_signal_return_proxy,13.118318438889924,14.119752929450796,-1.0014344905608716,ok,
execution,cost_1_latency_1,fold_1,majority,test,gross_signal_return_proxy,14.118318438889924,14.119752929450796,-0.0014344905608716374,ok,
execution,cost_1_latency_1,fold_1,majority,test,turnover_proxy,19587.0,19588.0,-1.0,ok,
execution,cost_5_latency_1,fold_1,majority,test,net_signal_return_proxy,9.118318438889924,14.119752929450796,-5.001434490560872,ok,
execution,cost_5_latency_1,fold_1,majority,test,gross_signal_return_proxy,14.118318438889924,14.119752929450796,-0.0014344905608716374,ok,
execution,cost_5_latency_1,fold_1,majority,test,turnover_proxy,19587.0,19588.0,-1.0,ok,
execution,cost_0_latency_0,fold_2,majority,test,net_signal_return_proxy,22.724863090049755,22.724863090049755,0.0,ok,
execution,cost_0_latency_0,fold_2,majority,test,gross_signal_return_proxy,22.724863090049755,22.724863090049755,0.0,ok,
execution,cost_0_latency_0,fold_2,majority,test,turnover_proxy,13901.0,13901.0,0.0,ok,
execution,cost_0.5_latency_0,fold_2,majority,test,net_signal_return_proxy,22.224863090049755,22.724863090049755,-0.5,ok,
execution,cost_0.5_latency_0,fold_2,majority,test,gross_signal_return_proxy,22.724863090049755,22.724863090049755,0.0,ok,
execution,cost_0.5_latency_0,fold_2,majority,test,turnover_proxy,13901.0,13901.0,0.0,ok,
execution,cost_1_latency_0,fold_2,majority,test,net_signal_return_proxy,21.724863090049755,22.724863090049755,-1.0,ok,
execution,cost_1_latency_0,fold_2,majority,test,gross_signal_return_proxy,22.724863090049755,22.724863090049755,0.0,ok,
execution,cost_1_latency_0,fold_2,majority,test,turnover_proxy,13901.0,13901.0,0.0,ok,
execution,cost_5_latency_0,fold_2,majority,test,net_signal_return_proxy,17.724863090049755,22.724863090049755,-5.0,ok,
execution,cost_5_latency_0,fold_2,majority,test,gross_signal_return_proxy,22.724863090049755,22.724863090049755,0.0,ok,
execution,cost_5_latency_0,fold_2,majority,test,turnover_proxy,13901.0,13901.0,0.0,ok,
execution,cost_0_latency_1,fold_2,majority,test,net_signal_return_proxy,22.726497972286456,22.724863090049755,0.0016348822367007187,ok,
execution,cost_0_latency_1,fold_2,majority,test,gross_signal_return_proxy,22.726497972286456,22.724863090049755,0.0016348822367007187,ok,
execution,cost_0_latency_1,fold_2,majority,test,turnover_proxy,13900.0,13901.0,-1.0,ok,
execution,cost_0.5_latency_1,fold_2,majority,test,net_signal_return_proxy,22.226497972286456,22.724863090049755,-0.4983651177632993,ok,
execution,cost_0.5_latency_1,fold_2,majority,test,gross_signal_return_proxy,22.726497972286456,22.724863090049755,0.0016348822367007187,ok,
execution,cost_0.5_latency_1,fold_2,majority,test,turnover_proxy,13900.0,13901.0,-1.0,ok,
execution,cost_1_latency_1,fold_2,majority,test,net_signal_return_proxy,21.726497972286456,22.724863090049755,-0.9983651177632993,ok,
execution,cost_1_latency_1,fold_2,majority,test,gross_signal_return_proxy,22.726497972286456,22.724863090049755,0.0016348822367007187,ok,
execution,cost_1_latency_1,fold_2,majority,test,turnover_proxy,13900.0,13901.0,-1.0,ok,
execution,cost_5_latency_1,fold_2,majority,test,net_signal_return_proxy,17.726497972286456,22.724863090049755,-4.998365117763299,ok,
execution,cost_5_latency_1,fold_2,majority,test,gross_signal_return_proxy,22.726497972286456,22.724863090049755,0.0016348822367007187,ok,
execution,cost_5_latency_1,fold_2,majority,test,turnover_proxy,13900.0,13901.0,-1.0,ok,
execution,cost_0_latency_0,fold_3,majority,test,net_signal_return_proxy,26.393222553504373,26.393222553504373,0.0,ok,
execution,cost_0_latency_0,fold_3,majority,test,gross_signal_return_proxy,26.393222553504373,26.393222553504373,0.0,ok,
execution,cost_0_latency_0,fold_3,majority,test,turnover_proxy,13860.0,13860.0,0.0,ok,
execution,cost_0.5_latency_0,fold_3,majority,test,net_signal_return_proxy,25.893222553504373,26.393222553504373,-0.5,ok,
execution,cost_0.5_latency_0,fold_3,majority,test,gross_signal_return_proxy,26.393222553504373,26.393222553504373,0.0,ok,
execution,cost_0.5_latency_0,fold_3,majority,test,turnover_proxy,13860.0,13860.0,0.0,ok,
execution,cost_1_latency_0,fold_3,majority,test,net_signal_return_proxy,25.393222553504373,26.393222553504373,-1.0,ok,
execution,cost_1_latency_0,fold_3,majority,test,gross_signal_return_proxy,26.393222553504373,26.393222553504373,0.0,ok,
execution,cost_1_latency_0,fold_3,majority,test,turnover_proxy,13860.0,13860.0,0.0,ok,
execution,cost_5_latency_0,fold_3,majority,test,net_signal_return_proxy,21.393222553504373,26.393222553504373,-5.0,ok,
execution,cost_5_latency_0,fold_3,majority,test,gross_signal_return_proxy,26.393222553504373,26.393222553504373,0.0,ok,
execution,cost_5_latency_0,fold_3,majority,test,turnover_proxy,13860.0,13860.0,0.0,ok,
execution,cost_0_latency_1,fold_3,majority,test,net_signal_return_proxy,26.39512296830737,26.393222553504373,0.0019004148029964085,ok,
execution,cost_0_latency_1,fold_3,majority,test,gross_signal_return_proxy,26.39512296830737,26.393222553504373,0.0019004148029964085,ok,
execution,cost_0_latency_1,fold_3,majority,test,turnover_proxy,13859.0,13860.0,-1.0,ok,
execution,cost_0.5_latency_1,fold_3,majority,test,net_signal_return_proxy,25.89512296830737,26.393222553504373,-0.4980995851970036,ok,
execution,cost_0.5_latency_1,fold_3,majority,test,gross_signal_return_proxy,26.39512296830737,26.393222553504373,0.0019004148029964085,ok,
execution,cost_0.5_latency_1,fold_3,majority,test,turnover_proxy,13859.0,13860.0,-1.0,ok,
execution,cost_1_latency_1,fold_3,majority,test,net_signal_return_proxy,25.39512296830737,26.393222553504373,-0.9980995851970036,ok,
execution,cost_1_latency_1,fold_3,majority,test,gross_signal_return_proxy,26.39512296830737,26.393222553504373,0.0019004148029964085,ok,
execution,cost_1_latency_1,fold_3,majority,test,turnover_proxy,13859.0,13860.0,-1.0,ok,
execution,cost_5_latency_1,fold_3,majority,test,net_signal_return_proxy,21.39512296830737,26.393222553504373,-4.998099585197004,ok,
execution,cost_5_latency_1,fold_3,majority,test,gross_signal_return_proxy,26.39512296830737,26.393222553504373,0.0019004148029964085,ok,
execution,cost_5_latency_1,fold_3,majority,test,turnover_proxy,13859.0,13860.0,-1.0,ok,
execution,cost_0_latency_0,fold_4,majority,test,net_signal_return_proxy,23.49018148103733,23.49018148103733,0.0,ok,
execution,cost_0_latency_0,fold_4,majority,test,gross_signal_return_proxy,23.49018148103733,23.49018148103733,0.0,ok,
execution,cost_0_latency_0,fold_4,majority,test,turnover_proxy,15723.0,15723.0,0.0,ok,
execution,cost_0.5_latency_0,fold_4,majority,test,net_signal_return_proxy,22.99018148103733,23.49018148103733,-0.5,ok,
execution,cost_0.5_latency_0,fold_4,majority,test,gross_signal_return_proxy,23.49018148103733,23.49018148103733,0.0,ok,
execution,cost_0.5_latency_0,fold_4,majority,test,turnover_proxy,15723.0,15723.0,0.0,ok,
execution,cost_1_latency_0,fold_4,majority,test,net_signal_return_proxy,22.49018148103733,23.49018148103733,-1.0,ok,
execution,cost_1_latency_0,fold_4,majority,test,gross_signal_return_proxy,23.49018148103733,23.49018148103733,0.0,ok,
execution,cost_1_latency_0,fold_4,majority,test,turnover_proxy,15723.0,15723.0,0.0,ok,
execution,cost_5_latency_0,fold_4,majority,test,net_signal_return_proxy,18.49018148103733,23.49018148103733,-5.0,ok,
execution,cost_5_latency_0,fold_4,majority,test,gross_signal_return_proxy,23.49018148103733,23.49018148103733,0.0,ok,
execution,cost_5_latency_0,fold_4,majority,test,turnover_proxy,15723.0,15723.0,0.0,ok,
execution,cost_0_latency_1,fold_4,majority,test,net_signal_return_proxy,23.48137373497028,23.49018148103733,-0.008807746067049038,ok,
execution,cost_0_latency_1,fold_4,majority,test,gross_signal_return_proxy,23.48137373497028,23.49018148103733,-0.008807746067049038,ok,
execution,cost_0_latency_1,fold_4,majority,test,turnover_proxy,15722.0,15723.0,-1.0,ok,
execution,cost_0.5_latency_1,fold_4,majority,test,net_signal_return_proxy,22.98137373497028,23.49018148103733,-0.508807746067049,ok,
execution,cost_0.5_latency_1,fold_4,majority,test,gross_signal_return_proxy,23.48137373497028,23.49018148103733,-0.008807746067049038,ok,
execution,cost_0.5_latency_1,fold_4,majority,test,turnover_proxy,15722.0,15723.0,-1.0,ok,
execution,cost_1_latency_1,fold_4,majority,test,net_signal_return_proxy,22.48137373497028,23.49018148103733,-1.008807746067049,ok,
execution,cost_1_latency_1,fold_4,majority,test,gross_signal_return_proxy,23.48137373497028,23.49018148103733,-0.008807746067049038,ok,
execution,cost_1_latency_1,fold_4,majority,test,turnover_proxy,15722.0,15723.0,-1.0,ok,
execution,cost_5_latency_1,fold_4,majority,test,net_signal_return_proxy,18.48137373497028,23.49018148103733,-5.008807746067049,ok,
execution,cost_5_latency_1,fold_4,majority,test,gross_signal_return_proxy,23.48137373497028,23.49018148103733,-0.008807746067049038,ok,
execution,cost_5_latency_1,fold_4,majority,test,turnover_proxy,15722.0,15723.0,-1.0,ok,
execution,cost_0_latency_0,fold_5,majority,test,net_signal_return_proxy,19.7031291811114,19.7031291811114,0.0,ok,
execution,cost_0_latency_0,fold_5,majority,test,gross_signal_return_proxy,19.7031291811114,19.7031291811114,0.0,ok,
execution,cost_0_latency_0,fold_5,majority,test,turnover_proxy,20285.0,20285.0,0.0,ok,
execution,cost_0.5_latency_0,fold_5,majority,test,net_signal_return_proxy,19.2031291811114,19.7031291811114,-0.5,ok,
execution,cost_0.5_latency_0,fold_5,majority,test,gross_signal_return_proxy,19.7031291811114,19.7031291811114,0.0,ok,
execution,cost_0.5_latency_0,fold_5,majority,test,turnover_proxy,20285.0,20285.0,0.0,ok,
execution,cost_1_latency_0,fold_5,majority,test,net_signal_return_proxy,18.7031291811114,19.7031291811114,-1.0,ok,
execution,cost_1_latency_0,fold_5,majority,test,gross_signal_return_proxy,19.7031291811114,19.7031291811114,0.0,ok,
execution,cost_1_latency_0,fold_5,majority,test,turnover_proxy,20285.0,20285.0,0.0,ok,
execution,cost_5_latency_0,fold_5,majority,test,net_signal_return_proxy,14.703129181111397,19.7031291811114,-5.0000000000000036,ok,
execution,cost_5_latency_0,fold_5,majority,test,gross_signal_return_proxy,19.7031291811114,19.7031291811114,0.0,ok,
execution,cost_5_latency_0,fold_5,majority,test,turnover_proxy,20285.0,20285.0,0.0,ok,
execution,cost_0_latency_1,fold_5,majority,test,net_signal_return_proxy,19.70781088333363,19.7031291811114,0.004681702222228523,ok,
execution,cost_0_latency_1,fold_5,majority,test,gross_signal_return_proxy,19.70781088333363,19.7031291811114,0.004681702222228523,ok,
execution,cost_0_latency_1,fold_5,majority,test,turnover_proxy,20284.0,20285.0,-1.0,ok,
execution,cost_0.5_latency_1,fold_5,majority,test,net_signal_return_proxy,19.20781088333363,19.7031291811114,-0.4953182977777715,ok,
execution,cost_0.5_latency_1,fold_5,majority,test,gross_signal_return_proxy,19.70781088333363,19.7031291811114,0.004681702222228523,ok,
execution,cost_0.5_latency_1,fold_5,majority,test,turnover_proxy,20284.0,20285.0,-1.0,ok,
execution,cost_1_latency_1,fold_5,majority,test,net_signal_return_proxy,18.70781088333363,19.7031291811114,-0.9953182977777715,ok,
execution,cost_1_latency_1,fold_5,majority,test,gross_signal_return_proxy,19.70781088333363,19.7031291811114,0.004681702222228523,ok,
execution,cost_1_latency_1,fold_5,majority,test,turnover_proxy,20284.0,20285.0,-1.0,ok,
execution,cost_5_latency_1,fold_5,majority,test,net_signal_return_proxy,14.707810883333629,19.7031291811114,-4.9953182977777715,ok,
execution,cost_5_latency_1,fold_5,majority,test,gross_signal_return_proxy,19.70781088333363,19.7031291811114,0.004681702222228523,ok,
execution,cost_5_latency_1,fold_5,majority,test,turnover_proxy,20284.0,20285.0,-1.0,ok,
execution,cost_0_latency_0,fold_1,random_forest,test,net_signal_return_proxy,9.98477679153056,9.98477679153056,0.0,ok,
execution,cost_0_latency_0,fold_1,random_forest,test,gross_signal_return_proxy,9.98477679153056,9.98477679153056,0.0,ok,
execution,cost_0_latency_0,fold_1,random_forest,test,turnover_proxy,17718.0,17718.0,0.0,ok,
execution,cost_0.5_latency_0,fold_1,random_forest,test,net_signal_return_proxy,9.48477679153056,9.98477679153056,-0.5,ok,
execution,cost_0.5_latency_0,fold_1,random_forest,test,gross_signal_return_proxy,9.98477679153056,9.98477679153056,0.0,ok,
execution,cost_0.5_latency_0,fold_1,random_forest,test,turnover_proxy,17718.0,17718.0,0.0,ok,
execution,cost_1_latency_0,fold_1,random_forest,test,net_signal_return_proxy,8.984776791530559,9.98477679153056,-1.0000000000000018,ok,
execution,cost_1_latency_0,fold_1,random_forest,test,gross_signal_return_proxy,9.98477679153056,9.98477679153056,0.0,ok,
execution,cost_1_latency_0,fold_1,random_forest,test,turnover_proxy,17718.0,17718.0,0.0,ok,
execution,cost_5_latency_0,fold_1,random_forest,test,net_signal_return_proxy,4.984776791530559,9.98477679153056,-5.000000000000001,ok,
execution,cost_5_latency_0,fold_1,random_forest,test,gross_signal_return_proxy,9.98477679153056,9.98477679153056,0.0,ok,
execution,cost_5_latency_0,fold_1,random_forest,test,turnover_proxy,17718.0,17718.0,0.0,ok,
execution,cost_0_latency_1,fold_1,random_forest,test,net_signal_return_proxy,9.411487007285166,9.98477679153056,-0.5732897842453948,ok,
execution,cost_0_latency_1,fold_1,random_forest,test,gross_signal_return_proxy,9.411487007285166,9.98477679153056,-0.5732897842453948,ok,
execution,cost_0_latency_1,fold_1,random_forest,test,turnover_proxy,17717.0,17718.0,-1.0,ok,
execution,cost_0.5_latency_1,fold_1,random_forest,test,net_signal_return_proxy,8.911487007285166,9.98477679153056,-1.0732897842453948,ok,
execution,cost_0.5_latency_1,fold_1,random_forest,test,gross_signal_return_proxy,9.411487007285166,9.98477679153056,-0.5732897842453948,ok,
execution,cost_0.5_latency_1,fold_1,random_forest,test,turnover_proxy,17717.0,17718.0,-1.0,ok,
execution,cost_1_latency_1,fold_1,random_forest,test,net_signal_return_proxy,8.411487007285166,9.98477679153056,-1.5732897842453948,ok,
execution,cost_1_latency_1,fold_1,random_forest,test,gross_signal_return_proxy,9.411487007285166,9.98477679153056,-0.5732897842453948,ok,
execution,cost_1_latency_1,fold_1,random_forest,test,turnover_proxy,17717.0,17718.0,-1.0,ok,
execution,cost_5_latency_1,fold_1,random_forest,test,net_signal_return_proxy,4.4114870072851655,9.98477679153056,-5.573289784245395,ok,
execution,cost_5_latency_1,fold_1,random_forest,test,gross_signal_return_proxy,9.411487007285166,9.98477679153056,-0.5732897842453948,ok,
execution,cost_5_latency_1,fold_1,random_forest,test,turnover_proxy,17717.0,17718.0,-1.0,ok,
execution,cost_0_latency_0,fold_2,random_forest,test,net_signal_return_proxy,7.430888517660123,7.430888517660123,0.0,ok,
execution,cost_0_latency_0,fold_2,random_forest,test,gross_signal_return_proxy,7.430888517660123,7.430888517660123,0.0,ok,
execution,cost_0_latency_0,fold_2,random_forest,test,turnover_proxy,12460.0,12460.0,0.0,ok,
execution,cost_0.5_latency_0,fold_2,random_forest,test,net_signal_return_proxy,6.930888517660123,7.430888517660123,-0.5,ok,
execution,cost_0.5_latency_0,fold_2,random_forest,test,gross_signal_return_proxy,7.430888517660123,7.430888517660123,0.0,ok,
execution,cost_0.5_latency_0,fold_2,random_forest,test,turnover_proxy,12460.0,12460.0,0.0,ok,
execution,cost_1_latency_0,fold_2,random_forest,test,net_signal_return_proxy,6.430888517660123,7.430888517660123,-1.0,ok,
execution,cost_1_latency_0,fold_2,random_forest,test,gross_signal_return_proxy,7.430888517660123,7.430888517660123,0.0,ok,
execution,cost_1_latency_0,fold_2,random_forest,test,turnover_proxy,12460.0,12460.0,0.0,ok,
execution,cost_5_latency_0,fold_2,random_forest,test,net_signal_return_proxy,2.430888517660123,7.430888517660123,-5.0,ok,
execution,cost_5_latency_0,fold_2,random_forest,test,gross_signal_return_proxy,7.430888517660123,7.430888517660123,0.0,ok,
execution,cost_5_latency_0,fold_2,random_forest,test,turnover_proxy,12460.0,12460.0,0.0,ok,
execution,cost_0_latency_1,fold_2,random_forest,test,net_signal_return_proxy,9.769680723323733,7.430888517660123,2.3387922056636095,ok,
execution,cost_0_latency_1,fold_2,random_forest,test,gross_signal_return_proxy,9.769680723323733,7.430888517660123,2.3387922056636095,ok,
execution,cost_0_latency_1,fold_2,random_forest,test,turnover_proxy,12459.0,12460.0,-1.0,ok,
execution,cost_0.5_latency_1,fold_2,random_forest,test,net_signal_return_proxy,9.269680723323733,7.430888517660123,1.8387922056636095,ok,
execution,cost_0.5_latency_1,fold_2,random_forest,test,gross_signal_return_proxy,9.769680723323733,7.430888517660123,2.3387922056636095,ok,
execution,cost_0.5_latency_1,fold_2,random_forest,test,turnover_proxy,12459.0,12460.0,-1.0,ok,
execution,cost_1_latency_1,fold_2,random_forest,test,net_signal_return_proxy,8.769680723323733,7.430888517660123,1.3387922056636095,ok,
execution,cost_1_latency_1,fold_2,random_forest,test,gross_signal_return_proxy,9.769680723323733,7.430888517660123,2.3387922056636095,ok,
execution,cost_1_latency_1,fold_2,random_forest,test,turnover_proxy,12459.0,12460.0,-1.0,ok,
execution,cost_5_latency_1,fold_2,random_forest,test,net_signal_return_proxy,4.769680723323733,7.430888517660123,-2.6612077943363905,ok,
execution,cost_5_latency_1,fold_2,random_forest,test,gross_signal_return_proxy,9.769680723323733,7.430888517660123,2.3387922056636095,ok,
execution,cost_5_latency_1,fold_2,random_forest,test,turnover_proxy,12459.0,12460.0,-1.0,ok,
execution,cost_0_latency_0,fold_3,random_forest,test,net_signal_return_proxy,11.47657138863418,11.47657138863418,0.0,ok,
execution,cost_0_latency_0,fold_3,random_forest,test,gross_signal_return_proxy,11.47657138863418,11.47657138863418,0.0,ok,
execution,cost_0_latency_0,fold_3,random_forest,test,turnover_proxy,12906.0,12906.0,0.0,ok,
execution,cost_0.5_latency_0,fold_3,random_forest,test,net_signal_return_proxy,10.97657138863418,11.47657138863418,-0.5,ok,
execution,cost_0.5_latency_0,fold_3,random_forest,test,gross_signal_return_proxy,11.47657138863418,11.47657138863418,0.0,ok,
execution,cost_0.5_latency_0,fold_3,random_forest,test,turnover_proxy,12906.0,12906.0,0.0,ok,
execution,cost_1_latency_0,fold_3,random_forest,test,net_signal_return_proxy,10.47657138863418,11.47657138863418,-1.0,ok,
execution,cost_1_latency_0,fold_3,random_forest,test,gross_signal_return_proxy,11.47657138863418,11.47657138863418,0.0,ok,
execution,cost_1_latency_0,fold_3,random_forest,test,turnover_proxy,12906.0,12906.0,0.0,ok,
execution,cost_5_latency_0,fold_3,random_forest,test,net_signal_return_proxy,6.476571388634179,11.47657138863418,-5.000000000000002,ok,
execution,cost_5_latency_0,fold_3,random_forest,test,gross_signal_return_proxy,11.47657138863418,11.47657138863418,0.0,ok,
execution,cost_5_latency_0,fold_3,random_forest,test,turnover_proxy,12906.0,12906.0,0.0,ok,
execution,cost_0_latency_1,fold_3,random_forest,test,net_signal_return_proxy,11.093769224413364,11.47657138863418,-0.38280216422081637,ok,
execution,cost_0_latency_1,fold_3,random_forest,test,gross_signal_return_proxy,11.093769224413364,11.47657138863418,-0.38280216422081637,ok,
execution,cost_0_latency_1,fold_3,random_forest,test,turnover_proxy,12905.0,12906.0,-1.0,ok,
execution,cost_0.5_latency_1,fold_3,random_forest,test,net_signal_return_proxy,10.593769224413364,11.47657138863418,-0.8828021642208164,ok,
execution,cost_0.5_latency_1,fold_3,random_forest,test,gross_signal_return_proxy,11.093769224413364,11.47657138863418,-0.38280216422081637,ok,
execution,cost_0.5_latency_1,fold_3,random_forest,test,turnover_proxy,12905.0,12906.0,-1.0,ok,
execution,cost_1_latency_1,fold_3,random_forest,test,net_signal_return_proxy,10.093769224413364,11.47657138863418,-1.3828021642208164,ok,
execution,cost_1_latency_1,fold_3,random_forest,test,gross_signal_return_proxy,11.093769224413364,11.47657138863418,-0.38280216422081637,ok,
execution,cost_1_latency_1,fold_3,random_forest,test,turnover_proxy,12905.0,12906.0,-1.0,ok,
execution,cost_5_latency_1,fold_3,random_forest,test,net_signal_return_proxy,6.0937692244133626,11.47657138863418,-5.382802164220818,ok,
execution,cost_5_latency_1,fold_3,random_forest,test,gross_signal_return_proxy,11.093769224413364,11.47657138863418,-0.38280216422081637,ok,
execution,cost_5_latency_1,fold_3,random_forest,test,turnover_proxy,12905.0,12906.0,-1.0,ok,
execution,cost_0_latency_0,fold_4,random_forest,test,net_signal_return_proxy,18.436380779852197,18.436380779852197,0.0,ok,
execution,cost_0_latency_0,fold_4,random_forest,test,gross_signal_return_proxy,18.436380779852197,18.436380779852197,0.0,ok,
execution,cost_0_latency_0,fold_4,random_forest,test,turnover_proxy,14183.0,14183.0,0.0,ok,
execution,cost_0.5_latency_0,fold_4,random_forest,test,net_signal_return_proxy,17.936380779852193,18.436380779852197,-0.5000000000000036,ok,
execution,cost_0.5_latency_0,fold_4,random_forest,test,gross_signal_return_proxy,18.436380779852197,18.436380779852197,0.0,ok,
execution,cost_0.5_latency_0,fold_4,random_forest,test,turnover_proxy,14183.0,14183.0,0.0,ok,
execution,cost_1_latency_0,fold_4,random_forest,test,net_signal_return_proxy,17.436380779852193,18.436380779852197,-1.0000000000000036,ok,
execution,cost_1_latency_0,fold_4,random_forest,test,gross_signal_return_proxy,18.436380779852197,18.436380779852197,0.0,ok,
execution,cost_1_latency_0,fold_4,random_forest,test,turnover_proxy,14183.0,14183.0,0.0,ok,
execution,cost_5_latency_0,fold_4,random_forest,test,net_signal_return_proxy,13.436380779852191,18.436380779852197,-5.000000000000005,ok,
execution,cost_5_latency_0,fold_4,random_forest,test,gross_signal_return_proxy,18.436380779852197,18.436380779852197,0.0,ok,
execution,cost_5_latency_0,fold_4,random_forest,test,turnover_proxy,14183.0,14183.0,0.0,ok,
execution,cost_0_latency_1,fold_4,random_forest,test,net_signal_return_proxy,18.085463003938845,18.436380779852197,-0.35091777591335216,ok,
execution,cost_0_latency_1,fold_4,random_forest,test,gross_signal_return_proxy,18.085463003938845,18.436380779852197,-0.35091777591335216,ok,
execution,cost_0_latency_1,fold_4,random_forest,test,turnover_proxy,14182.0,14183.0,-1.0,ok,
execution,cost_0.5_latency_1,fold_4,random_forest,test,net_signal_return_proxy,17.585463003938845,18.436380779852197,-0.8509177759133522,ok,
execution,cost_0.5_latency_1,fold_4,random_forest,test,gross_signal_return_proxy,18.085463003938845,18.436380779852197,-0.35091777591335216,ok,
execution,cost_0.5_latency_1,fold_4,random_forest,test,turnover_proxy,14182.0,14183.0,-1.0,ok,
execution,cost_1_latency_1,fold_4,random_forest,test,net_signal_return_proxy,17.085463003938845,18.436380779852197,-1.3509177759133522,ok,
execution,cost_1_latency_1,fold_4,random_forest,test,gross_signal_return_proxy,18.085463003938845,18.436380779852197,-0.35091777591335216,ok,
execution,cost_1_latency_1,fold_4,random_forest,test,turnover_proxy,14182.0,14183.0,-1.0,ok,
execution,cost_5_latency_1,fold_4,random_forest,test,net_signal_return_proxy,13.085463003938845,18.436380779852197,-5.350917775913352,ok,
execution,cost_5_latency_1,fold_4,random_forest,test,gross_signal_return_proxy,18.085463003938845,18.436380779852197,-0.35091777591335216,ok,
execution,cost_5_latency_1,fold_4,random_forest,test,turnover_proxy,14182.0,14183.0,-1.0,ok,
execution,cost_0_latency_0,fold_5,random_forest,test,net_signal_return_proxy,1.793212342316086,1.793212342316086,0.0,ok,
execution,cost_0_latency_0,fold_5,random_forest,test,gross_signal_return_proxy,1.793212342316086,1.793212342316086,0.0,ok,
execution,cost_0_latency_0,fold_5,random_forest,test,turnover_proxy,18688.0,18688.0,0.0,ok,
execution,cost_0.5_latency_0,fold_5,random_forest,test,net_signal_return_proxy,1.293212342316086,1.793212342316086,-0.5,ok,
execution,cost_0.5_latency_0,fold_5,random_forest,test,gross_signal_return_proxy,1.793212342316086,1.793212342316086,0.0,ok,
execution,cost_0.5_latency_0,fold_5,random_forest,test,turnover_proxy,18688.0,18688.0,0.0,ok,
execution,cost_1_latency_0,fold_5,random_forest,test,net_signal_return_proxy,0.793212342316086,1.793212342316086,-1.0,ok,
execution,cost_1_latency_0,fold_5,random_forest,test,gross_signal_return_proxy,1.793212342316086,1.793212342316086,0.0,ok,
execution,cost_1_latency_0,fold_5,random_forest,test,turnover_proxy,18688.0,18688.0,0.0,ok,
execution,cost_5_latency_0,fold_5,random_forest,test,net_signal_return_proxy,-3.206787657683914,1.793212342316086,-5.0,ok,
execution,cost_5_latency_0,fold_5,random_forest,test,gross_signal_return_proxy,1.793212342316086,1.793212342316086,0.0,ok,
execution,cost_5_latency_0,fold_5,random_forest,test,turnover_proxy,18688.0,18688.0,0.0,ok,
execution,cost_0_latency_1,fold_5,random_forest,test,net_signal_return_proxy,1.457553036062249,1.793212342316086,-0.3356593062538369,ok,
execution,cost_0_latency_1,fold_5,random_forest,test,gross_signal_return_proxy,1.457553036062249,1.793212342316086,-0.3356593062538369,ok,
execution,cost_0_latency_1,fold_5,random_forest,test,turnover_proxy,18687.0,18688.0,-1.0,ok,
execution,cost_0.5_latency_1,fold_5,random_forest,test,net_signal_return_proxy,0.9575530360622492,1.793212342316086,-0.8356593062538368,ok,
execution,cost_0.5_latency_1,fold_5,random_forest,test,gross_signal_return_proxy,1.457553036062249,1.793212342316086,-0.3356593062538369,ok,
execution,cost_0.5_latency_1,fold_5,random_forest,test,turnover_proxy,18687.0,18688.0,-1.0,ok,
execution,cost_1_latency_1,fold_5,random_forest,test,net_signal_return_proxy,0.457553036062249,1.793212342316086,-1.3356593062538369,ok,
execution,cost_1_latency_1,fold_5,random_forest,test,gross_signal_return_proxy,1.457553036062249,1.793212342316086,-0.3356593062538369,ok,
execution,cost_1_latency_1,fold_5,random_forest,test,turnover_proxy,18687.0,18688.0,-1.0,ok,
execution,cost_5_latency_1,fold_5,random_forest,test,net_signal_return_proxy,-3.542446963937751,1.793212342316086,-5.335659306253837,ok,
execution,cost_5_latency_1,fold_5,random_forest,test,gross_signal_return_proxy,1.457553036062249,1.793212342316086,-0.3356593062538369,ok,
execution,cost_5_latency_1,fold_5,random_forest,test,turnover_proxy,18687.0,18688.0,-1.0,ok,
lookback,lookback_20_reference,fold_1,matrix_transformer,test,accuracy,0.7607222888112981,0.7607222888112981,0.0,ok,
lookback,lookback_20_reference,fold_1,matrix_transformer,test,macro_f1,0.6809423311571964,0.6809423311571964,0.0,ok,
lookback,lookback_20_reference,fold_1,matrix_transformer,test,mcc,0.5612900483824037,0.5612900483824037,0.0,ok,
lookback,lookback_20_reference,fold_2,matrix_transformer,test,accuracy,0.8222401458830131,0.8222401458830131,0.0,ok,
lookback,lookback_20_reference,fold_2,matrix_transformer,test,macro_f1,0.7436381427447326,0.7436381427447326,0.0,ok,
lookback,lookback_20_reference,fold_2,matrix_transformer,test,mcc,0.6448036558985163,0.6448036558985163,0.0,ok,
lookback,lookback_20_reference,fold_3,matrix_transformer,test,accuracy,0.802129499513566,0.802129499513566,0.0,ok,
lookback,lookback_20_reference,fold_3,matrix_transformer,test,macro_f1,0.7338142727764269,0.7338142727764269,0.0,ok,
lookback,lookback_20_reference,fold_3,matrix_transformer,test,mcc,0.632452095269451,0.632452095269451,0.0,ok,
lookback,lookback_20_reference,fold_4,matrix_transformer,test,accuracy,0.7977621814416384,0.7977621814416384,0.0,ok,
lookback,lookback_20_reference,fold_4,matrix_transformer,test,macro_f1,0.7471132055474672,0.7471132055474672,0.0,ok,
lookback,lookback_20_reference,fold_4,matrix_transformer,test,mcc,0.6413546306756692,0.6413546306756692,0.0,ok,
lookback,lookback_20_reference,fold_5,matrix_transformer,test,accuracy,0.8211483913832316,0.8211483913832316,0.0,ok,
lookback,lookback_20_reference,fold_5,matrix_transformer,test,macro_f1,0.7631542086577122,0.7631542086577122,0.0,ok,
lookback,lookback_20_reference,fold_5,matrix_transformer,test,mcc,0.6643459844889738,0.6643459844889738,0.0,ok,
lookback,lookback_sweep,-,-,-,-,,,,skipped,"neural lookback sweep not requested; this is CPU-expensive, so pass --neural-lookbacks (and --max-epochs) to execute it"
