ablation_name,ablation_type,status,model_name,split,horizon,feature_group,lookback,calibration_bins,cost_bps,latency_steps,metric_name,metric_value,source_experiment,warning
baseline,baseline,run,majority,test,10,all,1,10,"0.0,1.0,5.0",0,accuracy,0.6286154372753723,experiments/baseline,none
baseline,baseline,run,majority,test,10,all,1,10,"0.0,1.0,5.0",0,macro_f1,0.25732100322264256,experiments/baseline,none
baseline,baseline,run,majority,test,10,all,1,10,"0.0,1.0,5.0",0,weighted_f1,0.4852678648828168,experiments/baseline,none
baseline,baseline,run,majority,test,10,all,1,10,"0.0,1.0,5.0",0,matthews_corrcoef,0.0,experiments/baseline,none
baseline,baseline,run,majority,test,10,all,1,10,"0.0,1.0,5.0",0,balanced_accuracy,0.3333333333333333,experiments/baseline,none
baseline,baseline,run,majority,test,10,all,1,10,"0.0,1.0,5.0",0,log_loss,0.9180419332042239,experiments/baseline,none
baseline,baseline,run,majority,test,10,all,1,10,"0.0,1.0,5.0",0,n_samples,11686.0,experiments/baseline,none
baseline,baseline,run,majority,test,10,all,1,10,"0.0,1.0,5.0",0,class_count_train,3.0,experiments/baseline,none
baseline,baseline,run,majority,test,10,all,1,10,"0.0,1.0,5.0",0,class_count_test,3.0,experiments/baseline,none
baseline,baseline,run,majority,test,10,all,1,10,"0.0,1.0,5.0",0,brier_score,0.5366889220539707,experiments/baseline,none
baseline,baseline,run,majority,test,10,all,1,10,"0.0,1.0,5.0",0,mean_confidence,0.6029411764705882,experiments/baseline,none
baseline,baseline,run,majority,test,10,all,1,10,"0.0,1.0,5.0",0,expected_calibration_error,0.025674260804784077,experiments/baseline,none
baseline,baseline,run,logistic,test,10,all,1,10,"0.0,1.0,5.0",0,accuracy,0.6233099435221633,experiments/baseline,none
baseline,baseline,run,logistic,test,10,all,1,10,"0.0,1.0,5.0",0,macro_f1,0.35146855037871383,experiments/baseline,none
baseline,baseline,run,logistic,test,10,all,1,10,"0.0,1.0,5.0",0,weighted_f1,0.5346427959541316,experiments/baseline,none
baseline,baseline,run,logistic,test,10,all,1,10,"0.0,1.0,5.0",0,matthews_corrcoef,0.1217722835157405,experiments/baseline,none
baseline,baseline,run,logistic,test,10,all,1,10,"0.0,1.0,5.0",0,balanced_accuracy,0.37574062520651225,experiments/baseline,none
baseline,baseline,run,logistic,test,10,all,1,10,"0.0,1.0,5.0",0,log_loss,0.8904304019275787,experiments/baseline,none
baseline,baseline,run,logistic,test,10,all,1,10,"0.0,1.0,5.0",0,n_samples,11686.0,experiments/baseline,none
baseline,baseline,run,logistic,test,10,all,1,10,"0.0,1.0,5.0",0,class_count_train,3.0,experiments/baseline,none
baseline,baseline,run,logistic,test,10,all,1,10,"0.0,1.0,5.0",0,class_count_test,3.0,experiments/baseline,none
baseline,baseline,run,logistic,test,10,all,1,10,"0.0,1.0,5.0",0,brier_score,0.5189866466149302,experiments/baseline,none
baseline,baseline,run,logistic,test,10,all,1,10,"0.0,1.0,5.0",0,mean_confidence,0.5874669568363994,experiments/baseline,none
baseline,baseline,run,logistic,test,10,all,1,10,"0.0,1.0,5.0",0,expected_calibration_error,0.041110897222318726,experiments/baseline,none
baseline,baseline,run,deeplob_style,test,10,all,1,10,"0.0,1.0,5.0",0,accuracy,0.5671743967140168,experiments/baseline,none
baseline,baseline,run,deeplob_style,test,10,all,1,10,"0.0,1.0,5.0",0,macro_f1,0.35243154257775067,experiments/baseline,none
baseline,baseline,run,deeplob_style,test,10,all,1,10,"0.0,1.0,5.0",0,weighted_f1,0.5256265549301775,experiments/baseline,none
baseline,baseline,run,deeplob_style,test,10,all,1,10,"0.0,1.0,5.0",0,matthews_corrcoef,0.1473504491981849,experiments/baseline,none
baseline,baseline,run,deeplob_style,test,10,all,1,10,"0.0,1.0,5.0",0,balanced_accuracy,0.3945728413951921,experiments/baseline,none
baseline,baseline,run,deeplob_style,test,10,all,1,10,"0.0,1.0,5.0",0,log_loss,0.9880791335262586,experiments/baseline,none
baseline,baseline,run,deeplob_style,test,10,all,1,10,"0.0,1.0,5.0",0,n_samples,11686.0,experiments/baseline,none
baseline,baseline,run,deeplob_style,test,10,all,1,10,"0.0,1.0,5.0",0,class_count_train,3.0,experiments/baseline,none
baseline,baseline,run,deeplob_style,test,10,all,1,10,"0.0,1.0,5.0",0,class_count_test,3.0,experiments/baseline,none
baseline,baseline,run,deeplob_style,test,10,all,1,10,"0.0,1.0,5.0",0,brier_score,0.5877204413734426,experiments/baseline,none
baseline,baseline,run,deeplob_style,test,10,all,1,10,"0.0,1.0,5.0",0,mean_confidence,0.4311215798681263,experiments/baseline,none
baseline,baseline,run,deeplob_style,test,10,all,1,10,"0.0,1.0,5.0",0,expected_calibration_error,0.13605281684589038,experiments/baseline,none
baseline,baseline,run,majority,test,10,all,1,10,"0.0,1.0,5.0",0,calibration.bin_0.count,0.0,experiments/baseline,none
baseline,baseline,run,majority,test,10,all,1,10,"0.0,1.0,5.0",0,calibration.bin_0.mean_confidence,0.05,experiments/baseline,none
baseline,baseline,run,majority,test,10,all,1,10,"0.0,1.0,5.0",0,calibration.bin_0.accuracy,0.0,experiments/baseline,none
baseline,baseline,run,majority,test,10,all,1,10,"0.0,1.0,5.0",0,calibration.bin_0.confidence_gap,0.0,experiments/baseline,none
baseline,baseline,run,majority,test,10,all,1,10,"0.0,1.0,5.0",0,calibration.bin_1.count,0.0,experiments/baseline,none
baseline,baseline,run,majority,test,10,all,1,10,"0.0,1.0,5.0",0,calibration.bin_1.mean_confidence,0.15,experiments/baseline,none
baseline,baseline,run,majority,test,10,all,1,10,"0.0,1.0,5.0",0,calibration.bin_1.accuracy,0.0,experiments/baseline,none
baseline,baseline,run,majority,test,10,all,1,10,"0.0,1.0,5.0",0,calibration.bin_1.confidence_gap,0.0,experiments/baseline,none
baseline,baseline,run,majority,test,10,all,1,10,"0.0,1.0,5.0",0,calibration.bin_2.count,0.0,experiments/baseline,none
baseline,baseline,run,majority,test,10,all,1,10,"0.0,1.0,5.0",0,calibration.bin_2.mean_confidence,0.25,experiments/baseline,none
baseline,baseline,run,majority,test,10,all,1,10,"0.0,1.0,5.0",0,calibration.bin_2.accuracy,0.0,experiments/baseline,none
baseline,baseline,run,majority,test,10,all,1,10,"0.0,1.0,5.0",0,calibration.bin_2.confidence_gap,0.0,experiments/baseline,none
baseline,baseline,run,majority,test,10,all,1,10,"0.0,1.0,5.0",0,calibration.bin_3.count,0.0,experiments/baseline,none
baseline,baseline,run,majority,test,10,all,1,10,"0.0,1.0,5.0",0,calibration.bin_3.mean_confidence,0.35,experiments/baseline,none
baseline,baseline,run,majority,test,10,all,1,10,"0.0,1.0,5.0",0,calibration.bin_3.accuracy,0.0,experiments/baseline,none
baseline,baseline,run,majority,test,10,all,1,10,"0.0,1.0,5.0",0,calibration.bin_3.confidence_gap,0.0,experiments/baseline,none
baseline,baseline,run,majority,test,10,all,1,10,"0.0,1.0,5.0",0,calibration.bin_4.count,0.0,experiments/baseline,none
baseline,baseline,run,majority,test,10,all,1,10,"0.0,1.0,5.0",0,calibration.bin_4.mean_confidence,0.45,experiments/baseline,none
baseline,baseline,run,majority,test,10,all,1,10,"0.0,1.0,5.0",0,calibration.bin_4.accuracy,0.0,experiments/baseline,none
baseline,baseline,run,majority,test,10,all,1,10,"0.0,1.0,5.0",0,calibration.bin_4.confidence_gap,0.0,experiments/baseline,none
baseline,baseline,run,majority,test,10,all,1,10,"0.0,1.0,5.0",0,calibration.bin_5.count,0.0,experiments/baseline,none
baseline,baseline,run,majority,test,10,all,1,10,"0.0,1.0,5.0",0,calibration.bin_5.mean_confidence,0.55,experiments/baseline,none
baseline,baseline,run,majority,test,10,all,1,10,"0.0,1.0,5.0",0,calibration.bin_5.accuracy,0.0,experiments/baseline,none
baseline,baseline,run,majority,test,10,all,1,10,"0.0,1.0,5.0",0,calibration.bin_5.confidence_gap,0.0,experiments/baseline,none
baseline,baseline,run,majority,test,10,all,1,10,"0.0,1.0,5.0",0,calibration.bin_6.count,11686.0,experiments/baseline,none
baseline,baseline,run,majority,test,10,all,1,10,"0.0,1.0,5.0",0,calibration.bin_6.mean_confidence,0.6029411764705882,experiments/baseline,none
baseline,baseline,run,majority,test,10,all,1,10,"0.0,1.0,5.0",0,calibration.bin_6.accuracy,0.6286154372753723,experiments/baseline,none
baseline,baseline,run,majority,test,10,all,1,10,"0.0,1.0,5.0",0,calibration.bin_6.confidence_gap,0.025674260804784,experiments/baseline,none
baseline,baseline,run,majority,test,10,all,1,10,"0.0,1.0,5.0",0,calibration.bin_7.count,0.0,experiments/baseline,none
baseline,baseline,run,majority,test,10,all,1,10,"0.0,1.0,5.0",0,calibration.bin_7.mean_confidence,0.75,experiments/baseline,none
baseline,baseline,run,majority,test,10,all,1,10,"0.0,1.0,5.0",0,calibration.bin_7.accuracy,0.0,experiments/baseline,none
baseline,baseline,run,majority,test,10,all,1,10,"0.0,1.0,5.0",0,calibration.bin_7.confidence_gap,0.0,experiments/baseline,none
baseline,baseline,run,majority,test,10,all,1,10,"0.0,1.0,5.0",0,calibration.bin_8.count,0.0,experiments/baseline,none
baseline,baseline,run,majority,test,10,all,1,10,"0.0,1.0,5.0",0,calibration.bin_8.mean_confidence,0.8500000000000001,experiments/baseline,none
baseline,baseline,run,majority,test,10,all,1,10,"0.0,1.0,5.0",0,calibration.bin_8.accuracy,0.0,experiments/baseline,none
baseline,baseline,run,majority,test,10,all,1,10,"0.0,1.0,5.0",0,calibration.bin_8.confidence_gap,0.0,experiments/baseline,none
baseline,baseline,run,majority,test,10,all,1,10,"0.0,1.0,5.0",0,calibration.bin_9.count,0.0,experiments/baseline,none
baseline,baseline,run,majority,test,10,all,1,10,"0.0,1.0,5.0",0,calibration.bin_9.mean_confidence,0.95,experiments/baseline,none
baseline,baseline,run,majority,test,10,all,1,10,"0.0,1.0,5.0",0,calibration.bin_9.accuracy,0.0,experiments/baseline,none
baseline,baseline,run,majority,test,10,all,1,10,"0.0,1.0,5.0",0,calibration.bin_9.confidence_gap,0.0,experiments/baseline,none
baseline,baseline,run,logistic,test,10,all,1,10,"0.0,1.0,5.0",0,calibration.bin_0.count,0.0,experiments/baseline,none
baseline,baseline,run,logistic,test,10,all,1,10,"0.0,1.0,5.0",0,calibration.bin_0.mean_confidence,0.05,experiments/baseline,none
baseline,baseline,run,logistic,test,10,all,1,10,"0.0,1.0,5.0",0,calibration.bin_0.accuracy,0.0,experiments/baseline,none
baseline,baseline,run,logistic,test,10,all,1,10,"0.0,1.0,5.0",0,calibration.bin_0.confidence_gap,0.0,experiments/baseline,none
baseline,baseline,run,logistic,test,10,all,1,10,"0.0,1.0,5.0",0,calibration.bin_1.count,0.0,experiments/baseline,none
baseline,baseline,run,logistic,test,10,all,1,10,"0.0,1.0,5.0",0,calibration.bin_1.mean_confidence,0.15,experiments/baseline,none
baseline,baseline,run,logistic,test,10,all,1,10,"0.0,1.0,5.0",0,calibration.bin_1.accuracy,0.0,experiments/baseline,none
baseline,baseline,run,logistic,test,10,all,1,10,"0.0,1.0,5.0",0,calibration.bin_1.confidence_gap,0.0,experiments/baseline,none
baseline,baseline,run,logistic,test,10,all,1,10,"0.0,1.0,5.0",0,calibration.bin_2.count,0.0,experiments/baseline,none
baseline,baseline,run,logistic,test,10,all,1,10,"0.0,1.0,5.0",0,calibration.bin_2.mean_confidence,0.25,experiments/baseline,none
baseline,baseline,run,logistic,test,10,all,1,10,"0.0,1.0,5.0",0,calibration.bin_2.accuracy,0.0,experiments/baseline,none
baseline,baseline,run,logistic,test,10,all,1,10,"0.0,1.0,5.0",0,calibration.bin_2.confidence_gap,0.0,experiments/baseline,none
baseline,baseline,run,logistic,test,10,all,1,10,"0.0,1.0,5.0",0,calibration.bin_3.count,496.0,experiments/baseline,none
baseline,baseline,run,logistic,test,10,all,1,10,"0.0,1.0,5.0",0,calibration.bin_3.mean_confidence,0.378542820211792,experiments/baseline,none
baseline,baseline,run,logistic,test,10,all,1,10,"0.0,1.0,5.0",0,calibration.bin_3.accuracy,0.3508064516129032,experiments/baseline,none
baseline,baseline,run,logistic,test,10,all,1,10,"0.0,1.0,5.0",0,calibration.bin_3.confidence_gap,0.0277363685988887,experiments/baseline,none
baseline,baseline,run,logistic,test,10,all,1,10,"0.0,1.0,5.0",0,calibration.bin_4.count,2501.0,experiments/baseline,none
baseline,baseline,run,logistic,test,10,all,1,10,"0.0,1.0,5.0",0,calibration.bin_4.mean_confidence,0.4563493231015716,experiments/baseline,none
baseline,baseline,run,logistic,test,10,all,1,10,"0.0,1.0,5.0",0,calibration.bin_4.accuracy,0.4814074370251899,experiments/baseline,none
baseline,baseline,run,logistic,test,10,all,1,10,"0.0,1.0,5.0",0,calibration.bin_4.confidence_gap,0.0250581139236182,experiments/baseline,none
baseline,baseline,run,logistic,test,10,all,1,10,"0.0,1.0,5.0",0,calibration.bin_5.count,3556.0,experiments/baseline,none
baseline,baseline,run,logistic,test,10,all,1,10,"0.0,1.0,5.0",0,calibration.bin_5.mean_confidence,0.5515976077339129,experiments/baseline,none
baseline,baseline,run,logistic,test,10,all,1,10,"0.0,1.0,5.0",0,calibration.bin_5.accuracy,0.6105174353205849,experiments/baseline,none
baseline,baseline,run,logistic,test,10,all,1,10,"0.0,1.0,5.0",0,calibration.bin_5.confidence_gap,0.058919827586672,experiments/baseline,none
baseline,baseline,run,logistic,test,10,all,1,10,"0.0,1.0,5.0",0,calibration.bin_6.count,2830.0,experiments/baseline,none
baseline,baseline,run,logistic,test,10,all,1,10,"0.0,1.0,5.0",0,calibration.bin_6.mean_confidence,0.6489150854487953,experiments/baseline,none
baseline,baseline,run,logistic,test,10,all,1,10,"0.0,1.0,5.0",0,calibration.bin_6.accuracy,0.7098939929328622,experiments/baseline,none
baseline,baseline,run,logistic,test,10,all,1,10,"0.0,1.0,5.0",0,calibration.bin_6.confidence_gap,0.0609789074840668,experiments/baseline,none
baseline,baseline,run,logistic,test,10,all,1,10,"0.0,1.0,5.0",0,calibration.bin_7.count,2001.0,experiments/baseline,none
baseline,baseline,run,logistic,test,10,all,1,10,"0.0,1.0,5.0",0,calibration.bin_7.mean_confidence,0.7431874134563505,experiments/baseline,none
baseline,baseline,run,logistic,test,10,all,1,10,"0.0,1.0,5.0",0,calibration.bin_7.accuracy,0.7456271864067966,experiments/baseline,none
baseline,baseline,run,logistic,test,10,all,1,10,"0.0,1.0,5.0",0,calibration.bin_7.confidence_gap,0.002439772950446,experiments/baseline,none
baseline,baseline,run,logistic,test,10,all,1,10,"0.0,1.0,5.0",0,calibration.bin_8.count,292.0,experiments/baseline,none
baseline,baseline,run,logistic,test,10,all,1,10,"0.0,1.0,5.0",0,calibration.bin_8.mean_confidence,0.8271102484332379,experiments/baseline,none
baseline,baseline,run,logistic,test,10,all,1,10,"0.0,1.0,5.0",0,calibration.bin_8.accuracy,0.7808219178082192,experiments/baseline,none
baseline,baseline,run,logistic,test,10,all,1,10,"0.0,1.0,5.0",0,calibration.bin_8.confidence_gap,0.0462883306250186,experiments/baseline,none
baseline,baseline,run,logistic,test,10,all,1,10,"0.0,1.0,5.0",0,calibration.bin_9.count,10.0,experiments/baseline,none
baseline,baseline,run,logistic,test,10,all,1,10,"0.0,1.0,5.0",0,calibration.bin_9.mean_confidence,0.9506969897535475,experiments/baseline,none
baseline,baseline,run,logistic,test,10,all,1,10,"0.0,1.0,5.0",0,calibration.bin_9.accuracy,0.6,experiments/baseline,none
baseline,baseline,run,logistic,test,10,all,1,10,"0.0,1.0,5.0",0,calibration.bin_9.confidence_gap,0.3506969897535475,experiments/baseline,none
baseline,baseline,run,deeplob_style,test,10,all,1,10,"0.0,1.0,5.0",0,calibration.bin_0.count,0.0,experiments/baseline,none
baseline,baseline,run,deeplob_style,test,10,all,1,10,"0.0,1.0,5.0",0,calibration.bin_0.mean_confidence,0.05,experiments/baseline,none
baseline,baseline,run,deeplob_style,test,10,all,1,10,"0.0,1.0,5.0",0,calibration.bin_0.accuracy,0.0,experiments/baseline,none
baseline,baseline,run,deeplob_style,test,10,all,1,10,"0.0,1.0,5.0",0,calibration.bin_0.confidence_gap,0.0,experiments/baseline,none
baseline,baseline,run,deeplob_style,test,10,all,1,10,"0.0,1.0,5.0",0,calibration.bin_1.count,0.0,experiments/baseline,none
baseline,baseline,run,deeplob_style,test,10,all,1,10,"0.0,1.0,5.0",0,calibration.bin_1.mean_confidence,0.15,experiments/baseline,none
baseline,baseline,run,deeplob_style,test,10,all,1,10,"0.0,1.0,5.0",0,calibration.bin_1.accuracy,0.0,experiments/baseline,none
baseline,baseline,run,deeplob_style,test,10,all,1,10,"0.0,1.0,5.0",0,calibration.bin_1.confidence_gap,0.0,experiments/baseline,none
baseline,baseline,run,deeplob_style,test,10,all,1,10,"0.0,1.0,5.0",0,calibration.bin_2.count,0.0,experiments/baseline,none
baseline,baseline,run,deeplob_style,test,10,all,1,10,"0.0,1.0,5.0",0,calibration.bin_2.mean_confidence,0.25,experiments/baseline,none
baseline,baseline,run,deeplob_style,test,10,all,1,10,"0.0,1.0,5.0",0,calibration.bin_2.accuracy,0.0,experiments/baseline,none
baseline,baseline,run,deeplob_style,test,10,all,1,10,"0.0,1.0,5.0",0,calibration.bin_2.confidence_gap,0.0,experiments/baseline,none
baseline,baseline,run,deeplob_style,test,10,all,1,10,"0.0,1.0,5.0",0,calibration.bin_3.count,5738.0,experiments/baseline,none
baseline,baseline,run,deeplob_style,test,10,all,1,10,"0.0,1.0,5.0",0,calibration.bin_3.mean_confidence,0.3761954318861263,experiments/baseline,none
baseline,baseline,run,deeplob_style,test,10,all,1,10,"0.0,1.0,5.0",0,calibration.bin_3.accuracy,0.3976995468804462,experiments/baseline,none
baseline,baseline,run,deeplob_style,test,10,all,1,10,"0.0,1.0,5.0",0,calibration.bin_3.confidence_gap,0.0215041149943198,experiments/baseline,none
baseline,baseline,run,deeplob_style,test,10,all,1,10,"0.0,1.0,5.0",0,calibration.bin_4.count,3389.0,experiments/baseline,none
baseline,baseline,run,deeplob_style,test,10,all,1,10,"0.0,1.0,5.0",0,calibration.bin_4.mean_confidence,0.4482917762820247,experiments/baseline,none
baseline,baseline,run,deeplob_style,test,10,all,1,10,"0.0,1.0,5.0",0,calibration.bin_4.accuracy,0.7043375627028622,experiments/baseline,none
baseline,baseline,run,deeplob_style,test,10,all,1,10,"0.0,1.0,5.0",0,calibration.bin_4.confidence_gap,0.2560457864208374,experiments/baseline,none
baseline,baseline,run,deeplob_style,test,10,all,1,10,"0.0,1.0,5.0",0,calibration.bin_5.count,2558.0,experiments/baseline,none
baseline,baseline,run,deeplob_style,test,10,all,1,10,"0.0,1.0,5.0",0,calibration.bin_5.mean_confidence,0.5315117140002354,experiments/baseline,none
baseline,baseline,run,deeplob_style,test,10,all,1,10,"0.0,1.0,5.0",0,calibration.bin_5.accuracy,0.7654417513682564,experiments/baseline,none
baseline,baseline,run,deeplob_style,test,10,all,1,10,"0.0,1.0,5.0",0,calibration.bin_5.confidence_gap,0.2339300373680209,experiments/baseline,none
baseline,baseline,run,deeplob_style,test,10,all,1,10,"0.0,1.0,5.0",0,calibration.bin_6.count,1.0,experiments/baseline,none
baseline,baseline,run,deeplob_style,test,10,all,1,10,"0.0,1.0,5.0",0,calibration.bin_6.mean_confidence,0.6095999439477979,experiments/baseline,none
baseline,baseline,run,deeplob_style,test,10,all,1,10,"0.0,1.0,5.0",0,calibration.bin_6.accuracy,1.0,experiments/baseline,none
baseline,baseline,run,deeplob_style,test,10,all,1,10,"0.0,1.0,5.0",0,calibration.bin_6.confidence_gap,0.390400056052202,experiments/baseline,none
baseline,baseline,run,deeplob_style,test,10,all,1,10,"0.0,1.0,5.0",0,calibration.bin_7.count,0.0,experiments/baseline,none
baseline,baseline,run,deeplob_style,test,10,all,1,10,"0.0,1.0,5.0",0,calibration.bin_7.mean_confidence,0.75,experiments/baseline,none
baseline,baseline,run,deeplob_style,test,10,all,1,10,"0.0,1.0,5.0",0,calibration.bin_7.accuracy,0.0,experiments/baseline,none
baseline,baseline,run,deeplob_style,test,10,all,1,10,"0.0,1.0,5.0",0,calibration.bin_7.confidence_gap,0.0,experiments/baseline,none
baseline,baseline,run,deeplob_style,test,10,all,1,10,"0.0,1.0,5.0",0,calibration.bin_8.count,0.0,experiments/baseline,none
baseline,baseline,run,deeplob_style,test,10,all,1,10,"0.0,1.0,5.0",0,calibration.bin_8.mean_confidence,0.8500000000000001,experiments/baseline,none
baseline,baseline,run,deeplob_style,test,10,all,1,10,"0.0,1.0,5.0",0,calibration.bin_8.accuracy,0.0,experiments/baseline,none
baseline,baseline,run,deeplob_style,test,10,all,1,10,"0.0,1.0,5.0",0,calibration.bin_8.confidence_gap,0.0,experiments/baseline,none
baseline,baseline,run,deeplob_style,test,10,all,1,10,"0.0,1.0,5.0",0,calibration.bin_9.count,0.0,experiments/baseline,none
baseline,baseline,run,deeplob_style,test,10,all,1,10,"0.0,1.0,5.0",0,calibration.bin_9.mean_confidence,0.95,experiments/baseline,none
baseline,baseline,run,deeplob_style,test,10,all,1,10,"0.0,1.0,5.0",0,calibration.bin_9.accuracy,0.0,experiments/baseline,none
baseline,baseline,run,deeplob_style,test,10,all,1,10,"0.0,1.0,5.0",0,calibration.bin_9.confidence_gap,0.0,experiments/baseline,none
baseline,baseline,run,majority,test,10,all,1,10,0.0,0,execution.eligible_predictions@confidence_threshold=0,11676.0,experiments/baseline,none
baseline,baseline,run,majority,test,10,all,1,10,0.0,0,execution.trade_count_proxy@confidence_threshold=0,11676.0,experiments/baseline,none
baseline,baseline,run,majority,test,10,all,1,10,0.0,0,execution.turnover_proxy@confidence_threshold=0,11676.0,experiments/baseline,none
baseline,baseline,run,majority,test,10,all,1,10,0.0,0,execution.gross_signal_return_proxy@confidence_threshold=0,-0.4374632647694284,experiments/baseline,none
baseline,baseline,run,majority,test,10,all,1,10,0.0,0,execution.cost_proxy@confidence_threshold=0,0.0,experiments/baseline,none
baseline,baseline,run,majority,test,10,all,1,10,0.0,0,execution.net_signal_return_proxy@confidence_threshold=0,-0.4374632647694284,experiments/baseline,none
baseline,baseline,run,majority,test,10,all,1,10,0.0,0,execution.hit_rate_proxy@confidence_threshold=0,0.6286399451867077,experiments/baseline,none
baseline,baseline,run,majority,test,10,all,1,10,1.0,0,execution.eligible_predictions@confidence_threshold=0,11676.0,experiments/baseline,none
baseline,baseline,run,majority,test,10,all,1,10,1.0,0,execution.trade_count_proxy@confidence_threshold=0,11676.0,experiments/baseline,none
baseline,baseline,run,majority,test,10,all,1,10,1.0,0,execution.turnover_proxy@confidence_threshold=0,11676.0,experiments/baseline,none
baseline,baseline,run,majority,test,10,all,1,10,1.0,0,execution.gross_signal_return_proxy@confidence_threshold=0,-0.4374632647694284,experiments/baseline,none
baseline,baseline,run,majority,test,10,all,1,10,1.0,0,execution.cost_proxy@confidence_threshold=0,1.0,experiments/baseline,none
baseline,baseline,run,majority,test,10,all,1,10,1.0,0,execution.net_signal_return_proxy@confidence_threshold=0,-1.4374632647694283,experiments/baseline,none
baseline,baseline,run,majority,test,10,all,1,10,1.0,0,execution.hit_rate_proxy@confidence_threshold=0,0.6286399451867077,experiments/baseline,none
baseline,baseline,run,majority,test,10,all,1,10,5.0,0,execution.eligible_predictions@confidence_threshold=0,11676.0,experiments/baseline,none
baseline,baseline,run,majority,test,10,all,1,10,5.0,0,execution.trade_count_proxy@confidence_threshold=0,11676.0,experiments/baseline,none
baseline,baseline,run,majority,test,10,all,1,10,5.0,0,execution.turnover_proxy@confidence_threshold=0,11676.0,experiments/baseline,none
baseline,baseline,run,majority,test,10,all,1,10,5.0,0,execution.gross_signal_return_proxy@confidence_threshold=0,-0.4374632647694284,experiments/baseline,none
baseline,baseline,run,majority,test,10,all,1,10,5.0,0,execution.cost_proxy@confidence_threshold=0,5.0,experiments/baseline,none
baseline,baseline,run,majority,test,10,all,1,10,5.0,0,execution.net_signal_return_proxy@confidence_threshold=0,-5.437463264769429,experiments/baseline,none
baseline,baseline,run,majority,test,10,all,1,10,5.0,0,execution.hit_rate_proxy@confidence_threshold=0,0.6286399451867077,experiments/baseline,none
baseline,baseline,run,majority,test,10,all,1,10,0.0,0,execution.eligible_predictions@confidence_threshold=0.5,11676.0,experiments/baseline,none
baseline,baseline,run,majority,test,10,all,1,10,0.0,0,execution.trade_count_proxy@confidence_threshold=0.5,11676.0,experiments/baseline,none
baseline,baseline,run,majority,test,10,all,1,10,0.0,0,execution.turnover_proxy@confidence_threshold=0.5,11676.0,experiments/baseline,none
baseline,baseline,run,majority,test,10,all,1,10,0.0,0,execution.gross_signal_return_proxy@confidence_threshold=0.5,-0.4374632647694284,experiments/baseline,none
baseline,baseline,run,majority,test,10,all,1,10,0.0,0,execution.cost_proxy@confidence_threshold=0.5,0.0,experiments/baseline,none
baseline,baseline,run,majority,test,10,all,1,10,0.0,0,execution.net_signal_return_proxy@confidence_threshold=0.5,-0.4374632647694284,experiments/baseline,none
baseline,baseline,run,majority,test,10,all,1,10,0.0,0,execution.hit_rate_proxy@confidence_threshold=0.5,0.6286399451867077,experiments/baseline,none
baseline,baseline,run,majority,test,10,all,1,10,1.0,0,execution.eligible_predictions@confidence_threshold=0.5,11676.0,experiments/baseline,none
baseline,baseline,run,majority,test,10,all,1,10,1.0,0,execution.trade_count_proxy@confidence_threshold=0.5,11676.0,experiments/baseline,none
baseline,baseline,run,majority,test,10,all,1,10,1.0,0,execution.turnover_proxy@confidence_threshold=0.5,11676.0,experiments/baseline,none
baseline,baseline,run,majority,test,10,all,1,10,1.0,0,execution.gross_signal_return_proxy@confidence_threshold=0.5,-0.4374632647694284,experiments/baseline,none
baseline,baseline,run,majority,test,10,all,1,10,1.0,0,execution.cost_proxy@confidence_threshold=0.5,1.0,experiments/baseline,none
baseline,baseline,run,majority,test,10,all,1,10,1.0,0,execution.net_signal_return_proxy@confidence_threshold=0.5,-1.4374632647694283,experiments/baseline,none
baseline,baseline,run,majority,test,10,all,1,10,1.0,0,execution.hit_rate_proxy@confidence_threshold=0.5,0.6286399451867077,experiments/baseline,none
baseline,baseline,run,majority,test,10,all,1,10,5.0,0,execution.eligible_predictions@confidence_threshold=0.5,11676.0,experiments/baseline,none
baseline,baseline,run,majority,test,10,all,1,10,5.0,0,execution.trade_count_proxy@confidence_threshold=0.5,11676.0,experiments/baseline,none
baseline,baseline,run,majority,test,10,all,1,10,5.0,0,execution.turnover_proxy@confidence_threshold=0.5,11676.0,experiments/baseline,none
baseline,baseline,run,majority,test,10,all,1,10,5.0,0,execution.gross_signal_return_proxy@confidence_threshold=0.5,-0.4374632647694284,experiments/baseline,none
baseline,baseline,run,majority,test,10,all,1,10,5.0,0,execution.cost_proxy@confidence_threshold=0.5,5.0,experiments/baseline,none
baseline,baseline,run,majority,test,10,all,1,10,5.0,0,execution.net_signal_return_proxy@confidence_threshold=0.5,-5.437463264769429,experiments/baseline,none
baseline,baseline,run,majority,test,10,all,1,10,5.0,0,execution.hit_rate_proxy@confidence_threshold=0.5,0.6286399451867077,experiments/baseline,none
baseline,baseline,run,majority,test,10,all,1,10,0.0,0,execution.eligible_predictions@confidence_threshold=0.6,11676.0,experiments/baseline,none
baseline,baseline,run,majority,test,10,all,1,10,0.0,0,execution.trade_count_proxy@confidence_threshold=0.6,11676.0,experiments/baseline,none
baseline,baseline,run,majority,test,10,all,1,10,0.0,0,execution.turnover_proxy@confidence_threshold=0.6,11676.0,experiments/baseline,none
baseline,baseline,run,majority,test,10,all,1,10,0.0,0,execution.gross_signal_return_proxy@confidence_threshold=0.6,-0.4374632647694284,experiments/baseline,none
baseline,baseline,run,majority,test,10,all,1,10,0.0,0,execution.cost_proxy@confidence_threshold=0.6,0.0,experiments/baseline,none
baseline,baseline,run,majority,test,10,all,1,10,0.0,0,execution.net_signal_return_proxy@confidence_threshold=0.6,-0.4374632647694284,experiments/baseline,none
baseline,baseline,run,majority,test,10,all,1,10,0.0,0,execution.hit_rate_proxy@confidence_threshold=0.6,0.6286399451867077,experiments/baseline,none
baseline,baseline,run,majority,test,10,all,1,10,1.0,0,execution.eligible_predictions@confidence_threshold=0.6,11676.0,experiments/baseline,none
baseline,baseline,run,majority,test,10,all,1,10,1.0,0,execution.trade_count_proxy@confidence_threshold=0.6,11676.0,experiments/baseline,none
baseline,baseline,run,majority,test,10,all,1,10,1.0,0,execution.turnover_proxy@confidence_threshold=0.6,11676.0,experiments/baseline,none
baseline,baseline,run,majority,test,10,all,1,10,1.0,0,execution.gross_signal_return_proxy@confidence_threshold=0.6,-0.4374632647694284,experiments/baseline,none
baseline,baseline,run,majority,test,10,all,1,10,1.0,0,execution.cost_proxy@confidence_threshold=0.6,1.0,experiments/baseline,none
baseline,baseline,run,majority,test,10,all,1,10,1.0,0,execution.net_signal_return_proxy@confidence_threshold=0.6,-1.4374632647694283,experiments/baseline,none
baseline,baseline,run,majority,test,10,all,1,10,1.0,0,execution.hit_rate_proxy@confidence_threshold=0.6,0.6286399451867077,experiments/baseline,none
baseline,baseline,run,majority,test,10,all,1,10,5.0,0,execution.eligible_predictions@confidence_threshold=0.6,11676.0,experiments/baseline,none
baseline,baseline,run,majority,test,10,all,1,10,5.0,0,execution.trade_count_proxy@confidence_threshold=0.6,11676.0,experiments/baseline,none
baseline,baseline,run,majority,test,10,all,1,10,5.0,0,execution.turnover_proxy@confidence_threshold=0.6,11676.0,experiments/baseline,none
baseline,baseline,run,majority,test,10,all,1,10,5.0,0,execution.gross_signal_return_proxy@confidence_threshold=0.6,-0.4374632647694284,experiments/baseline,none
baseline,baseline,run,majority,test,10,all,1,10,5.0,0,execution.cost_proxy@confidence_threshold=0.6,5.0,experiments/baseline,none
baseline,baseline,run,majority,test,10,all,1,10,5.0,0,execution.net_signal_return_proxy@confidence_threshold=0.6,-5.437463264769429,experiments/baseline,none
baseline,baseline,run,majority,test,10,all,1,10,5.0,0,execution.hit_rate_proxy@confidence_threshold=0.6,0.6286399451867077,experiments/baseline,none
baseline,baseline,run,majority,test,10,all,1,10,0.0,0,execution.eligible_predictions@confidence_threshold=0.7,0.0,experiments/baseline,none
baseline,baseline,run,majority,test,10,all,1,10,0.0,0,execution.trade_count_proxy@confidence_threshold=0.7,0.0,experiments/baseline,none
baseline,baseline,run,majority,test,10,all,1,10,0.0,0,execution.turnover_proxy@confidence_threshold=0.7,0.0,experiments/baseline,none
baseline,baseline,run,majority,test,10,all,1,10,0.0,0,execution.gross_signal_return_proxy@confidence_threshold=0.7,0.0,experiments/baseline,none
baseline,baseline,run,majority,test,10,all,1,10,0.0,0,execution.cost_proxy@confidence_threshold=0.7,0.0,experiments/baseline,none
baseline,baseline,run,majority,test,10,all,1,10,0.0,0,execution.net_signal_return_proxy@confidence_threshold=0.7,0.0,experiments/baseline,none
baseline,baseline,run,majority,test,10,all,1,10,0.0,0,execution.hit_rate_proxy@confidence_threshold=0.7,0.0,experiments/baseline,none
baseline,baseline,run,majority,test,10,all,1,10,1.0,0,execution.eligible_predictions@confidence_threshold=0.7,0.0,experiments/baseline,none
baseline,baseline,run,majority,test,10,all,1,10,1.0,0,execution.trade_count_proxy@confidence_threshold=0.7,0.0,experiments/baseline,none
baseline,baseline,run,majority,test,10,all,1,10,1.0,0,execution.turnover_proxy@confidence_threshold=0.7,0.0,experiments/baseline,none
baseline,baseline,run,majority,test,10,all,1,10,1.0,0,execution.gross_signal_return_proxy@confidence_threshold=0.7,0.0,experiments/baseline,none
baseline,baseline,run,majority,test,10,all,1,10,1.0,0,execution.cost_proxy@confidence_threshold=0.7,0.0,experiments/baseline,none
baseline,baseline,run,majority,test,10,all,1,10,1.0,0,execution.net_signal_return_proxy@confidence_threshold=0.7,0.0,experiments/baseline,none
baseline,baseline,run,majority,test,10,all,1,10,1.0,0,execution.hit_rate_proxy@confidence_threshold=0.7,0.0,experiments/baseline,none
baseline,baseline,run,majority,test,10,all,1,10,5.0,0,execution.eligible_predictions@confidence_threshold=0.7,0.0,experiments/baseline,none
baseline,baseline,run,majority,test,10,all,1,10,5.0,0,execution.trade_count_proxy@confidence_threshold=0.7,0.0,experiments/baseline,none
baseline,baseline,run,majority,test,10,all,1,10,5.0,0,execution.turnover_proxy@confidence_threshold=0.7,0.0,experiments/baseline,none
baseline,baseline,run,majority,test,10,all,1,10,5.0,0,execution.gross_signal_return_proxy@confidence_threshold=0.7,0.0,experiments/baseline,none
baseline,baseline,run,majority,test,10,all,1,10,5.0,0,execution.cost_proxy@confidence_threshold=0.7,0.0,experiments/baseline,none
baseline,baseline,run,majority,test,10,all,1,10,5.0,0,execution.net_signal_return_proxy@confidence_threshold=0.7,0.0,experiments/baseline,none
baseline,baseline,run,majority,test,10,all,1,10,5.0,0,execution.hit_rate_proxy@confidence_threshold=0.7,0.0,experiments/baseline,none
baseline,baseline,run,logistic,test,10,all,1,10,0.0,0,execution.eligible_predictions@confidence_threshold=0,11676.0,experiments/baseline,none
baseline,baseline,run,logistic,test,10,all,1,10,0.0,0,execution.trade_count_proxy@confidence_threshold=0,10845.0,experiments/baseline,none
baseline,baseline,run,logistic,test,10,all,1,10,0.0,0,execution.turnover_proxy@confidence_threshold=0,10845.0,experiments/baseline,none
baseline,baseline,run,logistic,test,10,all,1,10,0.0,0,execution.gross_signal_return_proxy@confidence_threshold=0,-0.4286252710396254,experiments/baseline,none
baseline,baseline,run,logistic,test,10,all,1,10,0.0,0,execution.cost_proxy@confidence_threshold=0,0.0,experiments/baseline,none
baseline,baseline,run,logistic,test,10,all,1,10,0.0,0,execution.net_signal_return_proxy@confidence_threshold=0,-0.4286252710396254,experiments/baseline,none
baseline,baseline,run,logistic,test,10,all,1,10,0.0,0,execution.hit_rate_proxy@confidence_threshold=0,0.6233299075025693,experiments/baseline,none
baseline,baseline,run,logistic,test,10,all,1,10,1.0,0,execution.eligible_predictions@confidence_threshold=0,11676.0,experiments/baseline,none
baseline,baseline,run,logistic,test,10,all,1,10,1.0,0,execution.trade_count_proxy@confidence_threshold=0,10845.0,experiments/baseline,none
baseline,baseline,run,logistic,test,10,all,1,10,1.0,0,execution.turnover_proxy@confidence_threshold=0,10845.0,experiments/baseline,none
baseline,baseline,run,logistic,test,10,all,1,10,1.0,0,execution.gross_signal_return_proxy@confidence_threshold=0,-0.4286252710396254,experiments/baseline,none
baseline,baseline,run,logistic,test,10,all,1,10,1.0,0,execution.cost_proxy@confidence_threshold=0,1.0,experiments/baseline,none
baseline,baseline,run,logistic,test,10,all,1,10,1.0,0,execution.net_signal_return_proxy@confidence_threshold=0,-1.4286252710396254,experiments/baseline,none
baseline,baseline,run,logistic,test,10,all,1,10,1.0,0,execution.hit_rate_proxy@confidence_threshold=0,0.6233299075025693,experiments/baseline,none
baseline,baseline,run,logistic,test,10,all,1,10,5.0,0,execution.eligible_predictions@confidence_threshold=0,11676.0,experiments/baseline,none
baseline,baseline,run,logistic,test,10,all,1,10,5.0,0,execution.trade_count_proxy@confidence_threshold=0,10845.0,experiments/baseline,none
baseline,baseline,run,logistic,test,10,all,1,10,5.0,0,execution.turnover_proxy@confidence_threshold=0,10845.0,experiments/baseline,none
baseline,baseline,run,logistic,test,10,all,1,10,5.0,0,execution.gross_signal_return_proxy@confidence_threshold=0,-0.4286252710396254,experiments/baseline,none
baseline,baseline,run,logistic,test,10,all,1,10,5.0,0,execution.cost_proxy@confidence_threshold=0,5.0,experiments/baseline,none
baseline,baseline,run,logistic,test,10,all,1,10,5.0,0,execution.net_signal_return_proxy@confidence_threshold=0,-5.428625271039626,experiments/baseline,none
baseline,baseline,run,logistic,test,10,all,1,10,5.0,0,execution.hit_rate_proxy@confidence_threshold=0,0.6233299075025693,experiments/baseline,none
baseline,baseline,run,logistic,test,10,all,1,10,0.0,0,execution.eligible_predictions@confidence_threshold=0.5,8679.0,experiments/baseline,none
baseline,baseline,run,logistic,test,10,all,1,10,0.0,0,execution.trade_count_proxy@confidence_threshold=0.5,8418.0,experiments/baseline,none
baseline,baseline,run,logistic,test,10,all,1,10,0.0,0,execution.turnover_proxy@confidence_threshold=0.5,8418.0,experiments/baseline,none
baseline,baseline,run,logistic,test,10,all,1,10,0.0,0,execution.gross_signal_return_proxy@confidence_threshold=0.5,-0.5699791713708685,experiments/baseline,none
baseline,baseline,run,logistic,test,10,all,1,10,0.0,0,execution.cost_proxy@confidence_threshold=0.5,0.0,experiments/baseline,none
baseline,baseline,run,logistic,test,10,all,1,10,0.0,0,execution.net_signal_return_proxy@confidence_threshold=0.5,-0.5699791713708685,experiments/baseline,none
baseline,baseline,run,logistic,test,10,all,1,10,0.0,0,execution.hit_rate_proxy@confidence_threshold=0.5,0.6798018204862312,experiments/baseline,none
baseline,baseline,run,logistic,test,10,all,1,10,1.0,0,execution.eligible_predictions@confidence_threshold=0.5,8679.0,experiments/baseline,none
baseline,baseline,run,logistic,test,10,all,1,10,1.0,0,execution.trade_count_proxy@confidence_threshold=0.5,8418.0,experiments/baseline,none
baseline,baseline,run,logistic,test,10,all,1,10,1.0,0,execution.turnover_proxy@confidence_threshold=0.5,8418.0,experiments/baseline,none
baseline,baseline,run,logistic,test,10,all,1,10,1.0,0,execution.gross_signal_return_proxy@confidence_threshold=0.5,-0.5699791713708685,experiments/baseline,none
baseline,baseline,run,logistic,test,10,all,1,10,1.0,0,execution.cost_proxy@confidence_threshold=0.5,1.0,experiments/baseline,none
baseline,baseline,run,logistic,test,10,all,1,10,1.0,0,execution.net_signal_return_proxy@confidence_threshold=0.5,-1.5699791713708686,experiments/baseline,none
baseline,baseline,run,logistic,test,10,all,1,10,1.0,0,execution.hit_rate_proxy@confidence_threshold=0.5,0.6798018204862312,experiments/baseline,none
baseline,baseline,run,logistic,test,10,all,1,10,5.0,0,execution.eligible_predictions@confidence_threshold=0.5,8679.0,experiments/baseline,none
baseline,baseline,run,logistic,test,10,all,1,10,5.0,0,execution.trade_count_proxy@confidence_threshold=0.5,8418.0,experiments/baseline,none
baseline,baseline,run,logistic,test,10,all,1,10,5.0,0,execution.turnover_proxy@confidence_threshold=0.5,8418.0,experiments/baseline,none
baseline,baseline,run,logistic,test,10,all,1,10,5.0,0,execution.gross_signal_return_proxy@confidence_threshold=0.5,-0.5699791713708685,experiments/baseline,none
baseline,baseline,run,logistic,test,10,all,1,10,5.0,0,execution.cost_proxy@confidence_threshold=0.5,5.0,experiments/baseline,none
baseline,baseline,run,logistic,test,10,all,1,10,5.0,0,execution.net_signal_return_proxy@confidence_threshold=0.5,-5.569979171370869,experiments/baseline,none
baseline,baseline,run,logistic,test,10,all,1,10,5.0,0,execution.hit_rate_proxy@confidence_threshold=0.5,0.6798018204862312,experiments/baseline,none
baseline,baseline,run,logistic,test,10,all,1,10,0.0,0,execution.eligible_predictions@confidence_threshold=0.6,5127.0,experiments/baseline,none
baseline,baseline,run,logistic,test,10,all,1,10,0.0,0,execution.trade_count_proxy@confidence_threshold=0.6,5018.0,experiments/baseline,none
baseline,baseline,run,logistic,test,10,all,1,10,0.0,0,execution.turnover_proxy@confidence_threshold=0.6,5018.0,experiments/baseline,none
baseline,baseline,run,logistic,test,10,all,1,10,0.0,0,execution.gross_signal_return_proxy@confidence_threshold=0.6,-0.937204108973911,experiments/baseline,none
baseline,baseline,run,logistic,test,10,all,1,10,0.0,0,execution.cost_proxy@confidence_threshold=0.6,0.0,experiments/baseline,none
baseline,baseline,run,logistic,test,10,all,1,10,0.0,0,execution.net_signal_return_proxy@confidence_threshold=0.6,-0.937204108973911,experiments/baseline,none
baseline,baseline,run,logistic,test,10,all,1,10,0.0,0,execution.hit_rate_proxy@confidence_threshold=0.6,0.7275209674273454,experiments/baseline,none
baseline,baseline,run,logistic,test,10,all,1,10,1.0,0,execution.eligible_predictions@confidence_threshold=0.6,5127.0,experiments/baseline,none
baseline,baseline,run,logistic,test,10,all,1,10,1.0,0,execution.trade_count_proxy@confidence_threshold=0.6,5018.0,experiments/baseline,none
baseline,baseline,run,logistic,test,10,all,1,10,1.0,0,execution.turnover_proxy@confidence_threshold=0.6,5018.0,experiments/baseline,none
baseline,baseline,run,logistic,test,10,all,1,10,1.0,0,execution.gross_signal_return_proxy@confidence_threshold=0.6,-0.937204108973911,experiments/baseline,none
baseline,baseline,run,logistic,test,10,all,1,10,1.0,0,execution.cost_proxy@confidence_threshold=0.6,1.0,experiments/baseline,none
baseline,baseline,run,logistic,test,10,all,1,10,1.0,0,execution.net_signal_return_proxy@confidence_threshold=0.6,-1.9372041089739112,experiments/baseline,none
baseline,baseline,run,logistic,test,10,all,1,10,1.0,0,execution.hit_rate_proxy@confidence_threshold=0.6,0.7275209674273454,experiments/baseline,none
baseline,baseline,run,logistic,test,10,all,1,10,5.0,0,execution.eligible_predictions@confidence_threshold=0.6,5127.0,experiments/baseline,none
baseline,baseline,run,logistic,test,10,all,1,10,5.0,0,execution.trade_count_proxy@confidence_threshold=0.6,5018.0,experiments/baseline,none
baseline,baseline,run,logistic,test,10,all,1,10,5.0,0,execution.turnover_proxy@confidence_threshold=0.6,5018.0,experiments/baseline,none
baseline,baseline,run,logistic,test,10,all,1,10,5.0,0,execution.gross_signal_return_proxy@confidence_threshold=0.6,-0.937204108973911,experiments/baseline,none
baseline,baseline,run,logistic,test,10,all,1,10,5.0,0,execution.cost_proxy@confidence_threshold=0.6,5.0,experiments/baseline,none
baseline,baseline,run,logistic,test,10,all,1,10,5.0,0,execution.net_signal_return_proxy@confidence_threshold=0.6,-5.937204108973911,experiments/baseline,none
baseline,baseline,run,logistic,test,10,all,1,10,5.0,0,execution.hit_rate_proxy@confidence_threshold=0.6,0.7275209674273454,experiments/baseline,none
baseline,baseline,run,logistic,test,10,all,1,10,0.0,0,execution.eligible_predictions@confidence_threshold=0.7,2300.0,experiments/baseline,none
baseline,baseline,run,logistic,test,10,all,1,10,0.0,0,execution.trade_count_proxy@confidence_threshold=0.7,2251.0,experiments/baseline,none
baseline,baseline,run,logistic,test,10,all,1,10,0.0,0,execution.turnover_proxy@confidence_threshold=0.7,2251.0,experiments/baseline,none
baseline,baseline,run,logistic,test,10,all,1,10,0.0,0,execution.gross_signal_return_proxy@confidence_threshold=0.7,-1.5156647992317125,experiments/baseline,none
baseline,baseline,run,logistic,test,10,all,1,10,0.0,0,execution.cost_proxy@confidence_threshold=0.7,0.0,experiments/baseline,none
baseline,baseline,run,logistic,test,10,all,1,10,0.0,0,execution.net_signal_return_proxy@confidence_threshold=0.7,-1.5156647992317125,experiments/baseline,none
baseline,baseline,run,logistic,test,10,all,1,10,0.0,0,execution.hit_rate_proxy@confidence_threshold=0.7,0.7495652173913043,experiments/baseline,none
baseline,baseline,run,logistic,test,10,all,1,10,1.0,0,execution.eligible_predictions@confidence_threshold=0.7,2300.0,experiments/baseline,none
baseline,baseline,run,logistic,test,10,all,1,10,1.0,0,execution.trade_count_proxy@confidence_threshold=0.7,2251.0,experiments/baseline,none
baseline,baseline,run,logistic,test,10,all,1,10,1.0,0,execution.turnover_proxy@confidence_threshold=0.7,2251.0,experiments/baseline,none
baseline,baseline,run,logistic,test,10,all,1,10,1.0,0,execution.gross_signal_return_proxy@confidence_threshold=0.7,-1.5156647992317125,experiments/baseline,none
baseline,baseline,run,logistic,test,10,all,1,10,1.0,0,execution.cost_proxy@confidence_threshold=0.7,1.0,experiments/baseline,none
baseline,baseline,run,logistic,test,10,all,1,10,1.0,0,execution.net_signal_return_proxy@confidence_threshold=0.7,-2.515664799231712,experiments/baseline,none
baseline,baseline,run,logistic,test,10,all,1,10,1.0,0,execution.hit_rate_proxy@confidence_threshold=0.7,0.7495652173913043,experiments/baseline,none
baseline,baseline,run,logistic,test,10,all,1,10,5.0,0,execution.eligible_predictions@confidence_threshold=0.7,2300.0,experiments/baseline,none
baseline,baseline,run,logistic,test,10,all,1,10,5.0,0,execution.trade_count_proxy@confidence_threshold=0.7,2251.0,experiments/baseline,none
baseline,baseline,run,logistic,test,10,all,1,10,5.0,0,execution.turnover_proxy@confidence_threshold=0.7,2251.0,experiments/baseline,none
baseline,baseline,run,logistic,test,10,all,1,10,5.0,0,execution.gross_signal_return_proxy@confidence_threshold=0.7,-1.5156647992317125,experiments/baseline,none
baseline,baseline,run,logistic,test,10,all,1,10,5.0,0,execution.cost_proxy@confidence_threshold=0.7,5.0,experiments/baseline,none
baseline,baseline,run,logistic,test,10,all,1,10,5.0,0,execution.net_signal_return_proxy@confidence_threshold=0.7,-6.515664799231712,experiments/baseline,none
baseline,baseline,run,logistic,test,10,all,1,10,5.0,0,execution.hit_rate_proxy@confidence_threshold=0.7,0.7495652173913043,experiments/baseline,none
baseline,baseline,run,deeplob_style,test,10,all,1,10,0.0,0,execution.eligible_predictions@confidence_threshold=0,11676.0,experiments/baseline,none
baseline,baseline,run,deeplob_style,test,10,all,1,10,0.0,0,execution.trade_count_proxy@confidence_threshold=0,11676.0,experiments/baseline,none
baseline,baseline,run,deeplob_style,test,10,all,1,10,0.0,0,execution.turnover_proxy@confidence_threshold=0,11676.0,experiments/baseline,none
baseline,baseline,run,deeplob_style,test,10,all,1,10,0.0,0,execution.gross_signal_return_proxy@confidence_threshold=0,-0.3748037982730208,experiments/baseline,none
baseline,baseline,run,deeplob_style,test,10,all,1,10,0.0,0,execution.cost_proxy@confidence_threshold=0,0.0,experiments/baseline,none
baseline,baseline,run,deeplob_style,test,10,all,1,10,0.0,0,execution.net_signal_return_proxy@confidence_threshold=0,-0.3748037982730208,experiments/baseline,none
baseline,baseline,run,deeplob_style,test,10,all,1,10,0.0,0,execution.hit_rate_proxy@confidence_threshold=0,0.5671462829736211,experiments/baseline,none
baseline,baseline,run,deeplob_style,test,10,all,1,10,1.0,0,execution.eligible_predictions@confidence_threshold=0,11676.0,experiments/baseline,none
baseline,baseline,run,deeplob_style,test,10,all,1,10,1.0,0,execution.trade_count_proxy@confidence_threshold=0,11676.0,experiments/baseline,none
baseline,baseline,run,deeplob_style,test,10,all,1,10,1.0,0,execution.turnover_proxy@confidence_threshold=0,11676.0,experiments/baseline,none
baseline,baseline,run,deeplob_style,test,10,all,1,10,1.0,0,execution.gross_signal_return_proxy@confidence_threshold=0,-0.3748037982730208,experiments/baseline,none
baseline,baseline,run,deeplob_style,test,10,all,1,10,1.0,0,execution.cost_proxy@confidence_threshold=0,1.0,experiments/baseline,none
baseline,baseline,run,deeplob_style,test,10,all,1,10,1.0,0,execution.net_signal_return_proxy@confidence_threshold=0,-1.3748037982730208,experiments/baseline,none
baseline,baseline,run,deeplob_style,test,10,all,1,10,1.0,0,execution.hit_rate_proxy@confidence_threshold=0,0.5671462829736211,experiments/baseline,none
baseline,baseline,run,deeplob_style,test,10,all,1,10,5.0,0,execution.eligible_predictions@confidence_threshold=0,11676.0,experiments/baseline,none
baseline,baseline,run,deeplob_style,test,10,all,1,10,5.0,0,execution.trade_count_proxy@confidence_threshold=0,11676.0,experiments/baseline,none
baseline,baseline,run,deeplob_style,test,10,all,1,10,5.0,0,execution.turnover_proxy@confidence_threshold=0,11676.0,experiments/baseline,none
baseline,baseline,run,deeplob_style,test,10,all,1,10,5.0,0,execution.gross_signal_return_proxy@confidence_threshold=0,-0.3748037982730208,experiments/baseline,none
baseline,baseline,run,deeplob_style,test,10,all,1,10,5.0,0,execution.cost_proxy@confidence_threshold=0,5.0,experiments/baseline,none
baseline,baseline,run,deeplob_style,test,10,all,1,10,5.0,0,execution.net_signal_return_proxy@confidence_threshold=0,-5.374803798273021,experiments/baseline,none
baseline,baseline,run,deeplob_style,test,10,all,1,10,5.0,0,execution.hit_rate_proxy@confidence_threshold=0,0.5671462829736211,experiments/baseline,none
baseline,baseline,run,deeplob_style,test,10,all,1,10,0.0,0,execution.eligible_predictions@confidence_threshold=0.5,2555.0,experiments/baseline,none
baseline,baseline,run,deeplob_style,test,10,all,1,10,0.0,0,execution.trade_count_proxy@confidence_threshold=0.5,2555.0,experiments/baseline,none
baseline,baseline,run,deeplob_style,test,10,all,1,10,0.0,0,execution.turnover_proxy@confidence_threshold=0.5,2555.0,experiments/baseline,none
baseline,baseline,run,deeplob_style,test,10,all,1,10,0.0,0,execution.gross_signal_return_proxy@confidence_threshold=0.5,-1.2437741107634075,experiments/baseline,none
baseline,baseline,run,deeplob_style,test,10,all,1,10,0.0,0,execution.cost_proxy@confidence_threshold=0.5,0.0,experiments/baseline,none
baseline,baseline,run,deeplob_style,test,10,all,1,10,0.0,0,execution.net_signal_return_proxy@confidence_threshold=0.5,-1.2437741107634075,experiments/baseline,none
baseline,baseline,run,deeplob_style,test,10,all,1,10,0.0,0,execution.hit_rate_proxy@confidence_threshold=0.5,0.7655577299412916,experiments/baseline,none
baseline,baseline,run,deeplob_style,test,10,all,1,10,1.0,0,execution.eligible_predictions@confidence_threshold=0.5,2555.0,experiments/baseline,none
baseline,baseline,run,deeplob_style,test,10,all,1,10,1.0,0,execution.trade_count_proxy@confidence_threshold=0.5,2555.0,experiments/baseline,none
baseline,baseline,run,deeplob_style,test,10,all,1,10,1.0,0,execution.turnover_proxy@confidence_threshold=0.5,2555.0,experiments/baseline,none
baseline,baseline,run,deeplob_style,test,10,all,1,10,1.0,0,execution.gross_signal_return_proxy@confidence_threshold=0.5,-1.2437741107634075,experiments/baseline,none
baseline,baseline,run,deeplob_style,test,10,all,1,10,1.0,0,execution.cost_proxy@confidence_threshold=0.5,1.0,experiments/baseline,none
baseline,baseline,run,deeplob_style,test,10,all,1,10,1.0,0,execution.net_signal_return_proxy@confidence_threshold=0.5,-2.2437741107634075,experiments/baseline,none
baseline,baseline,run,deeplob_style,test,10,all,1,10,1.0,0,execution.hit_rate_proxy@confidence_threshold=0.5,0.7655577299412916,experiments/baseline,none
baseline,baseline,run,deeplob_style,test,10,all,1,10,5.0,0,execution.eligible_predictions@confidence_threshold=0.5,2555.0,experiments/baseline,none
baseline,baseline,run,deeplob_style,test,10,all,1,10,5.0,0,execution.trade_count_proxy@confidence_threshold=0.5,2555.0,experiments/baseline,none
baseline,baseline,run,deeplob_style,test,10,all,1,10,5.0,0,execution.turnover_proxy@confidence_threshold=0.5,2555.0,experiments/baseline,none
baseline,baseline,run,deeplob_style,test,10,all,1,10,5.0,0,execution.gross_signal_return_proxy@confidence_threshold=0.5,-1.2437741107634075,experiments/baseline,none
baseline,baseline,run,deeplob_style,test,10,all,1,10,5.0,0,execution.cost_proxy@confidence_threshold=0.5,5.0,experiments/baseline,none
baseline,baseline,run,deeplob_style,test,10,all,1,10,5.0,0,execution.net_signal_return_proxy@confidence_threshold=0.5,-6.243774110763408,experiments/baseline,none
baseline,baseline,run,deeplob_style,test,10,all,1,10,5.0,0,execution.hit_rate_proxy@confidence_threshold=0.5,0.7655577299412916,experiments/baseline,none
baseline,baseline,run,deeplob_style,test,10,all,1,10,0.0,0,execution.eligible_predictions@confidence_threshold=0.6,1.0,experiments/baseline,none
baseline,baseline,run,deeplob_style,test,10,all,1,10,0.0,0,execution.trade_count_proxy@confidence_threshold=0.6,1.0,experiments/baseline,none
baseline,baseline,run,deeplob_style,test,10,all,1,10,0.0,0,execution.turnover_proxy@confidence_threshold=0.6,1.0,experiments/baseline,none
baseline,baseline,run,deeplob_style,test,10,all,1,10,0.0,0,execution.gross_signal_return_proxy@confidence_threshold=0.6,-15.658865289090976,experiments/baseline,none
baseline,baseline,run,deeplob_style,test,10,all,1,10,0.0,0,execution.cost_proxy@confidence_threshold=0.6,0.0,experiments/baseline,none
baseline,baseline,run,deeplob_style,test,10,all,1,10,0.0,0,execution.net_signal_return_proxy@confidence_threshold=0.6,-15.658865289090976,experiments/baseline,none
baseline,baseline,run,deeplob_style,test,10,all,1,10,0.0,0,execution.hit_rate_proxy@confidence_threshold=0.6,1.0,experiments/baseline,none
baseline,baseline,run,deeplob_style,test,10,all,1,10,1.0,0,execution.eligible_predictions@confidence_threshold=0.6,1.0,experiments/baseline,none
baseline,baseline,run,deeplob_style,test,10,all,1,10,1.0,0,execution.trade_count_proxy@confidence_threshold=0.6,1.0,experiments/baseline,none
baseline,baseline,run,deeplob_style,test,10,all,1,10,1.0,0,execution.turnover_proxy@confidence_threshold=0.6,1.0,experiments/baseline,none
baseline,baseline,run,deeplob_style,test,10,all,1,10,1.0,0,execution.gross_signal_return_proxy@confidence_threshold=0.6,-15.658865289090976,experiments/baseline,none
baseline,baseline,run,deeplob_style,test,10,all,1,10,1.0,0,execution.cost_proxy@confidence_threshold=0.6,1.0,experiments/baseline,none
baseline,baseline,run,deeplob_style,test,10,all,1,10,1.0,0,execution.net_signal_return_proxy@confidence_threshold=0.6,-16.658865289090976,experiments/baseline,none
baseline,baseline,run,deeplob_style,test,10,all,1,10,1.0,0,execution.hit_rate_proxy@confidence_threshold=0.6,1.0,experiments/baseline,none
baseline,baseline,run,deeplob_style,test,10,all,1,10,5.0,0,execution.eligible_predictions@confidence_threshold=0.6,1.0,experiments/baseline,none
baseline,baseline,run,deeplob_style,test,10,all,1,10,5.0,0,execution.trade_count_proxy@confidence_threshold=0.6,1.0,experiments/baseline,none
baseline,baseline,run,deeplob_style,test,10,all,1,10,5.0,0,execution.turnover_proxy@confidence_threshold=0.6,1.0,experiments/baseline,none
baseline,baseline,run,deeplob_style,test,10,all,1,10,5.0,0,execution.gross_signal_return_proxy@confidence_threshold=0.6,-15.658865289090976,experiments/baseline,none
baseline,baseline,run,deeplob_style,test,10,all,1,10,5.0,0,execution.cost_proxy@confidence_threshold=0.6,5.0,experiments/baseline,none
baseline,baseline,run,deeplob_style,test,10,all,1,10,5.0,0,execution.net_signal_return_proxy@confidence_threshold=0.6,-20.658865289090976,experiments/baseline,none
baseline,baseline,run,deeplob_style,test,10,all,1,10,5.0,0,execution.hit_rate_proxy@confidence_threshold=0.6,1.0,experiments/baseline,none
baseline,baseline,run,deeplob_style,test,10,all,1,10,0.0,0,execution.eligible_predictions@confidence_threshold=0.7,0.0,experiments/baseline,none
baseline,baseline,run,deeplob_style,test,10,all,1,10,0.0,0,execution.trade_count_proxy@confidence_threshold=0.7,0.0,experiments/baseline,none
baseline,baseline,run,deeplob_style,test,10,all,1,10,0.0,0,execution.turnover_proxy@confidence_threshold=0.7,0.0,experiments/baseline,none
baseline,baseline,run,deeplob_style,test,10,all,1,10,0.0,0,execution.gross_signal_return_proxy@confidence_threshold=0.7,0.0,experiments/baseline,none
baseline,baseline,run,deeplob_style,test,10,all,1,10,0.0,0,execution.cost_proxy@confidence_threshold=0.7,0.0,experiments/baseline,none
baseline,baseline,run,deeplob_style,test,10,all,1,10,0.0,0,execution.net_signal_return_proxy@confidence_threshold=0.7,0.0,experiments/baseline,none
baseline,baseline,run,deeplob_style,test,10,all,1,10,0.0,0,execution.hit_rate_proxy@confidence_threshold=0.7,0.0,experiments/baseline,none
baseline,baseline,run,deeplob_style,test,10,all,1,10,1.0,0,execution.eligible_predictions@confidence_threshold=0.7,0.0,experiments/baseline,none
baseline,baseline,run,deeplob_style,test,10,all,1,10,1.0,0,execution.trade_count_proxy@confidence_threshold=0.7,0.0,experiments/baseline,none
baseline,baseline,run,deeplob_style,test,10,all,1,10,1.0,0,execution.turnover_proxy@confidence_threshold=0.7,0.0,experiments/baseline,none
baseline,baseline,run,deeplob_style,test,10,all,1,10,1.0,0,execution.gross_signal_return_proxy@confidence_threshold=0.7,0.0,experiments/baseline,none
baseline,baseline,run,deeplob_style,test,10,all,1,10,1.0,0,execution.cost_proxy@confidence_threshold=0.7,0.0,experiments/baseline,none
baseline,baseline,run,deeplob_style,test,10,all,1,10,1.0,0,execution.net_signal_return_proxy@confidence_threshold=0.7,0.0,experiments/baseline,none
baseline,baseline,run,deeplob_style,test,10,all,1,10,1.0,0,execution.hit_rate_proxy@confidence_threshold=0.7,0.0,experiments/baseline,none
baseline,baseline,run,deeplob_style,test,10,all,1,10,5.0,0,execution.eligible_predictions@confidence_threshold=0.7,0.0,experiments/baseline,none
baseline,baseline,run,deeplob_style,test,10,all,1,10,5.0,0,execution.trade_count_proxy@confidence_threshold=0.7,0.0,experiments/baseline,none
baseline,baseline,run,deeplob_style,test,10,all,1,10,5.0,0,execution.turnover_proxy@confidence_threshold=0.7,0.0,experiments/baseline,none
baseline,baseline,run,deeplob_style,test,10,all,1,10,5.0,0,execution.gross_signal_return_proxy@confidence_threshold=0.7,0.0,experiments/baseline,none
baseline,baseline,run,deeplob_style,test,10,all,1,10,5.0,0,execution.cost_proxy@confidence_threshold=0.7,0.0,experiments/baseline,none
baseline,baseline,run,deeplob_style,test,10,all,1,10,5.0,0,execution.net_signal_return_proxy@confidence_threshold=0.7,0.0,experiments/baseline,none
baseline,baseline,run,deeplob_style,test,10,all,1,10,5.0,0,execution.hit_rate_proxy@confidence_threshold=0.7,0.0,experiments/baseline,none
calibration_bins_5,calibration_bins,run,majority,test,10,all,1,5,"0.0,1.0,5.0",0,accuracy,0.6286154372753723,experiments/calibration_bins_5,none
calibration_bins_5,calibration_bins,run,majority,test,10,all,1,5,"0.0,1.0,5.0",0,macro_f1,0.25732100322264256,experiments/calibration_bins_5,none
calibration_bins_5,calibration_bins,run,majority,test,10,all,1,5,"0.0,1.0,5.0",0,weighted_f1,0.4852678648828168,experiments/calibration_bins_5,none
calibration_bins_5,calibration_bins,run,majority,test,10,all,1,5,"0.0,1.0,5.0",0,matthews_corrcoef,0.0,experiments/calibration_bins_5,none
calibration_bins_5,calibration_bins,run,majority,test,10,all,1,5,"0.0,1.0,5.0",0,balanced_accuracy,0.3333333333333333,experiments/calibration_bins_5,none
calibration_bins_5,calibration_bins,run,majority,test,10,all,1,5,"0.0,1.0,5.0",0,log_loss,0.9180419332042239,experiments/calibration_bins_5,none
calibration_bins_5,calibration_bins,run,majority,test,10,all,1,5,"0.0,1.0,5.0",0,n_samples,11686.0,experiments/calibration_bins_5,none
calibration_bins_5,calibration_bins,run,majority,test,10,all,1,5,"0.0,1.0,5.0",0,class_count_train,3.0,experiments/calibration_bins_5,none
calibration_bins_5,calibration_bins,run,majority,test,10,all,1,5,"0.0,1.0,5.0",0,class_count_test,3.0,experiments/calibration_bins_5,none
calibration_bins_5,calibration_bins,run,majority,test,10,all,1,5,"0.0,1.0,5.0",0,brier_score,0.5366889220539707,experiments/calibration_bins_5,none
calibration_bins_5,calibration_bins,run,majority,test,10,all,1,5,"0.0,1.0,5.0",0,mean_confidence,0.6029411764705882,experiments/calibration_bins_5,none
calibration_bins_5,calibration_bins,run,majority,test,10,all,1,5,"0.0,1.0,5.0",0,expected_calibration_error,0.025674260804784077,experiments/calibration_bins_5,none
calibration_bins_5,calibration_bins,run,logistic,test,10,all,1,5,"0.0,1.0,5.0",0,accuracy,0.6233099435221633,experiments/calibration_bins_5,none
calibration_bins_5,calibration_bins,run,logistic,test,10,all,1,5,"0.0,1.0,5.0",0,macro_f1,0.35146855037871383,experiments/calibration_bins_5,none
calibration_bins_5,calibration_bins,run,logistic,test,10,all,1,5,"0.0,1.0,5.0",0,weighted_f1,0.5346427959541316,experiments/calibration_bins_5,none
calibration_bins_5,calibration_bins,run,logistic,test,10,all,1,5,"0.0,1.0,5.0",0,matthews_corrcoef,0.1217722835157405,experiments/calibration_bins_5,none
calibration_bins_5,calibration_bins,run,logistic,test,10,all,1,5,"0.0,1.0,5.0",0,balanced_accuracy,0.37574062520651225,experiments/calibration_bins_5,none
calibration_bins_5,calibration_bins,run,logistic,test,10,all,1,5,"0.0,1.0,5.0",0,log_loss,0.8904304019275787,experiments/calibration_bins_5,none
calibration_bins_5,calibration_bins,run,logistic,test,10,all,1,5,"0.0,1.0,5.0",0,n_samples,11686.0,experiments/calibration_bins_5,none
calibration_bins_5,calibration_bins,run,logistic,test,10,all,1,5,"0.0,1.0,5.0",0,class_count_train,3.0,experiments/calibration_bins_5,none
calibration_bins_5,calibration_bins,run,logistic,test,10,all,1,5,"0.0,1.0,5.0",0,class_count_test,3.0,experiments/calibration_bins_5,none
calibration_bins_5,calibration_bins,run,logistic,test,10,all,1,5,"0.0,1.0,5.0",0,brier_score,0.5189866466149302,experiments/calibration_bins_5,none
calibration_bins_5,calibration_bins,run,logistic,test,10,all,1,5,"0.0,1.0,5.0",0,mean_confidence,0.5874669568363994,experiments/calibration_bins_5,none
calibration_bins_5,calibration_bins,run,logistic,test,10,all,1,5,"0.0,1.0,5.0",0,expected_calibration_error,0.041110897222318726,experiments/calibration_bins_5,none
calibration_bins_5,calibration_bins,run,deeplob_style,test,10,all,1,5,"0.0,1.0,5.0",0,accuracy,0.5671743967140168,experiments/calibration_bins_5,none
calibration_bins_5,calibration_bins,run,deeplob_style,test,10,all,1,5,"0.0,1.0,5.0",0,macro_f1,0.35243154257775067,experiments/calibration_bins_5,none
calibration_bins_5,calibration_bins,run,deeplob_style,test,10,all,1,5,"0.0,1.0,5.0",0,weighted_f1,0.5256265549301775,experiments/calibration_bins_5,none
calibration_bins_5,calibration_bins,run,deeplob_style,test,10,all,1,5,"0.0,1.0,5.0",0,matthews_corrcoef,0.1473504491981849,experiments/calibration_bins_5,none
calibration_bins_5,calibration_bins,run,deeplob_style,test,10,all,1,5,"0.0,1.0,5.0",0,balanced_accuracy,0.3945728413951921,experiments/calibration_bins_5,none
calibration_bins_5,calibration_bins,run,deeplob_style,test,10,all,1,5,"0.0,1.0,5.0",0,log_loss,0.9880791335262586,experiments/calibration_bins_5,none
calibration_bins_5,calibration_bins,run,deeplob_style,test,10,all,1,5,"0.0,1.0,5.0",0,n_samples,11686.0,experiments/calibration_bins_5,none
calibration_bins_5,calibration_bins,run,deeplob_style,test,10,all,1,5,"0.0,1.0,5.0",0,class_count_train,3.0,experiments/calibration_bins_5,none
calibration_bins_5,calibration_bins,run,deeplob_style,test,10,all,1,5,"0.0,1.0,5.0",0,class_count_test,3.0,experiments/calibration_bins_5,none
calibration_bins_5,calibration_bins,run,deeplob_style,test,10,all,1,5,"0.0,1.0,5.0",0,brier_score,0.5877204413734426,experiments/calibration_bins_5,none
calibration_bins_5,calibration_bins,run,deeplob_style,test,10,all,1,5,"0.0,1.0,5.0",0,mean_confidence,0.4311215798681263,experiments/calibration_bins_5,none
calibration_bins_5,calibration_bins,run,deeplob_style,test,10,all,1,5,"0.0,1.0,5.0",0,expected_calibration_error,0.13605281684589038,experiments/calibration_bins_5,none
calibration_bins_5,calibration_bins,run,majority,test,10,all,1,5,"0.0,1.0,5.0",0,calibration.bin_0.count,0.0,experiments/calibration_bins_5,none
calibration_bins_5,calibration_bins,run,majority,test,10,all,1,5,"0.0,1.0,5.0",0,calibration.bin_0.mean_confidence,0.1,experiments/calibration_bins_5,none
calibration_bins_5,calibration_bins,run,majority,test,10,all,1,5,"0.0,1.0,5.0",0,calibration.bin_0.accuracy,0.0,experiments/calibration_bins_5,none
calibration_bins_5,calibration_bins,run,majority,test,10,all,1,5,"0.0,1.0,5.0",0,calibration.bin_0.confidence_gap,0.0,experiments/calibration_bins_5,none
calibration_bins_5,calibration_bins,run,majority,test,10,all,1,5,"0.0,1.0,5.0",0,calibration.bin_1.count,0.0,experiments/calibration_bins_5,none
calibration_bins_5,calibration_bins,run,majority,test,10,all,1,5,"0.0,1.0,5.0",0,calibration.bin_1.mean_confidence,0.3,experiments/calibration_bins_5,none
calibration_bins_5,calibration_bins,run,majority,test,10,all,1,5,"0.0,1.0,5.0",0,calibration.bin_1.accuracy,0.0,experiments/calibration_bins_5,none
calibration_bins_5,calibration_bins,run,majority,test,10,all,1,5,"0.0,1.0,5.0",0,calibration.bin_1.confidence_gap,0.0,experiments/calibration_bins_5,none
calibration_bins_5,calibration_bins,run,majority,test,10,all,1,5,"0.0,1.0,5.0",0,calibration.bin_2.count,0.0,experiments/calibration_bins_5,none
calibration_bins_5,calibration_bins,run,majority,test,10,all,1,5,"0.0,1.0,5.0",0,calibration.bin_2.mean_confidence,0.5,experiments/calibration_bins_5,none
calibration_bins_5,calibration_bins,run,majority,test,10,all,1,5,"0.0,1.0,5.0",0,calibration.bin_2.accuracy,0.0,experiments/calibration_bins_5,none
calibration_bins_5,calibration_bins,run,majority,test,10,all,1,5,"0.0,1.0,5.0",0,calibration.bin_2.confidence_gap,0.0,experiments/calibration_bins_5,none
calibration_bins_5,calibration_bins,run,majority,test,10,all,1,5,"0.0,1.0,5.0",0,calibration.bin_3.count,11686.0,experiments/calibration_bins_5,none
calibration_bins_5,calibration_bins,run,majority,test,10,all,1,5,"0.0,1.0,5.0",0,calibration.bin_3.mean_confidence,0.6029411764705882,experiments/calibration_bins_5,none
calibration_bins_5,calibration_bins,run,majority,test,10,all,1,5,"0.0,1.0,5.0",0,calibration.bin_3.accuracy,0.6286154372753723,experiments/calibration_bins_5,none
calibration_bins_5,calibration_bins,run,majority,test,10,all,1,5,"0.0,1.0,5.0",0,calibration.bin_3.confidence_gap,0.025674260804784,experiments/calibration_bins_5,none
calibration_bins_5,calibration_bins,run,majority,test,10,all,1,5,"0.0,1.0,5.0",0,calibration.bin_4.count,0.0,experiments/calibration_bins_5,none
calibration_bins_5,calibration_bins,run,majority,test,10,all,1,5,"0.0,1.0,5.0",0,calibration.bin_4.mean_confidence,0.9,experiments/calibration_bins_5,none
calibration_bins_5,calibration_bins,run,majority,test,10,all,1,5,"0.0,1.0,5.0",0,calibration.bin_4.accuracy,0.0,experiments/calibration_bins_5,none
calibration_bins_5,calibration_bins,run,majority,test,10,all,1,5,"0.0,1.0,5.0",0,calibration.bin_4.confidence_gap,0.0,experiments/calibration_bins_5,none
calibration_bins_5,calibration_bins,run,logistic,test,10,all,1,5,"0.0,1.0,5.0",0,calibration.bin_0.count,0.0,experiments/calibration_bins_5,none
calibration_bins_5,calibration_bins,run,logistic,test,10,all,1,5,"0.0,1.0,5.0",0,calibration.bin_0.mean_confidence,0.1,experiments/calibration_bins_5,none
calibration_bins_5,calibration_bins,run,logistic,test,10,all,1,5,"0.0,1.0,5.0",0,calibration.bin_0.accuracy,0.0,experiments/calibration_bins_5,none
calibration_bins_5,calibration_bins,run,logistic,test,10,all,1,5,"0.0,1.0,5.0",0,calibration.bin_0.confidence_gap,0.0,experiments/calibration_bins_5,none
calibration_bins_5,calibration_bins,run,logistic,test,10,all,1,5,"0.0,1.0,5.0",0,calibration.bin_1.count,496.0,experiments/calibration_bins_5,none
calibration_bins_5,calibration_bins,run,logistic,test,10,all,1,5,"0.0,1.0,5.0",0,calibration.bin_1.mean_confidence,0.378542820211792,experiments/calibration_bins_5,none
calibration_bins_5,calibration_bins,run,logistic,test,10,all,1,5,"0.0,1.0,5.0",0,calibration.bin_1.accuracy,0.3508064516129032,experiments/calibration_bins_5,none
calibration_bins_5,calibration_bins,run,logistic,test,10,all,1,5,"0.0,1.0,5.0",0,calibration.bin_1.confidence_gap,0.0277363685988887,experiments/calibration_bins_5,none
calibration_bins_5,calibration_bins,run,logistic,test,10,all,1,5,"0.0,1.0,5.0",0,calibration.bin_2.count,6057.0,experiments/calibration_bins_5,none
calibration_bins_5,calibration_bins,run,logistic,test,10,all,1,5,"0.0,1.0,5.0",0,calibration.bin_2.mean_confidence,0.5122685735807866,experiments/calibration_bins_5,none
calibration_bins_5,calibration_bins,run,logistic,test,10,all,1,5,"0.0,1.0,5.0",0,calibration.bin_2.accuracy,0.5572065378900446,experiments/calibration_bins_5,none
calibration_bins_5,calibration_bins,run,logistic,test,10,all,1,5,"0.0,1.0,5.0",0,calibration.bin_2.confidence_gap,0.044937964309258,experiments/calibration_bins_5,none
calibration_bins_5,calibration_bins,run,logistic,test,10,all,1,5,"0.0,1.0,5.0",0,calibration.bin_3.count,4831.0,experiments/calibration_bins_5,none
calibration_bins_5,calibration_bins,run,logistic,test,10,all,1,5,"0.0,1.0,5.0",0,calibration.bin_3.mean_confidence,0.6879626798067167,experiments/calibration_bins_5,none
calibration_bins_5,calibration_bins,run,logistic,test,10,all,1,5,"0.0,1.0,5.0",0,calibration.bin_3.accuracy,0.7246946801904368,experiments/calibration_bins_5,none
calibration_bins_5,calibration_bins,run,logistic,test,10,all,1,5,"0.0,1.0,5.0",0,calibration.bin_3.confidence_gap,0.0367320003837201,experiments/calibration_bins_5,none
calibration_bins_5,calibration_bins,run,logistic,test,10,all,1,5,"0.0,1.0,5.0",0,calibration.bin_4.count,302.0,experiments/calibration_bins_5,none
calibration_bins_5,calibration_bins,run,logistic,test,10,all,1,5,"0.0,1.0,5.0",0,calibration.bin_4.mean_confidence,0.831202524635897,experiments/calibration_bins_5,none
calibration_bins_5,calibration_bins,run,logistic,test,10,all,1,5,"0.0,1.0,5.0",0,calibration.bin_4.accuracy,0.7748344370860927,experiments/calibration_bins_5,none
calibration_bins_5,calibration_bins,run,logistic,test,10,all,1,5,"0.0,1.0,5.0",0,calibration.bin_4.confidence_gap,0.0563680875498043,experiments/calibration_bins_5,none
calibration_bins_5,calibration_bins,run,deeplob_style,test,10,all,1,5,"0.0,1.0,5.0",0,calibration.bin_0.count,0.0,experiments/calibration_bins_5,none
calibration_bins_5,calibration_bins,run,deeplob_style,test,10,all,1,5,"0.0,1.0,5.0",0,calibration.bin_0.mean_confidence,0.1,experiments/calibration_bins_5,none
calibration_bins_5,calibration_bins,run,deeplob_style,test,10,all,1,5,"0.0,1.0,5.0",0,calibration.bin_0.accuracy,0.0,experiments/calibration_bins_5,none
calibration_bins_5,calibration_bins,run,deeplob_style,test,10,all,1,5,"0.0,1.0,5.0",0,calibration.bin_0.confidence_gap,0.0,experiments/calibration_bins_5,none
calibration_bins_5,calibration_bins,run,deeplob_style,test,10,all,1,5,"0.0,1.0,5.0",0,calibration.bin_1.count,5738.0,experiments/calibration_bins_5,none
calibration_bins_5,calibration_bins,run,deeplob_style,test,10,all,1,5,"0.0,1.0,5.0",0,calibration.bin_1.mean_confidence,0.3761954318861263,experiments/calibration_bins_5,none
calibration_bins_5,calibration_bins,run,deeplob_style,test,10,all,1,5,"0.0,1.0,5.0",0,calibration.bin_1.accuracy,0.3976995468804462,experiments/calibration_bins_5,none
calibration_bins_5,calibration_bins,run,deeplob_style,test,10,all,1,5,"0.0,1.0,5.0",0,calibration.bin_1.confidence_gap,0.0215041149943198,experiments/calibration_bins_5,none
calibration_bins_5,calibration_bins,run,deeplob_style,test,10,all,1,5,"0.0,1.0,5.0",0,calibration.bin_2.count,5947.0,experiments/calibration_bins_5,none
calibration_bins_5,calibration_bins,run,deeplob_style,test,10,all,1,5,"0.0,1.0,5.0",0,calibration.bin_2.mean_confidence,0.4840874044446585,experiments/calibration_bins_5,none
calibration_bins_5,calibration_bins,run,deeplob_style,test,10,all,1,5,"0.0,1.0,5.0",0,calibration.bin_2.accuracy,0.730620480914747,experiments/calibration_bins_5,none
calibration_bins_5,calibration_bins,run,deeplob_style,test,10,all,1,5,"0.0,1.0,5.0",0,calibration.bin_2.confidence_gap,0.2465330764700884,experiments/calibration_bins_5,none
calibration_bins_5,calibration_bins,run,deeplob_style,test,10,all,1,5,"0.0,1.0,5.0",0,calibration.bin_3.count,1.0,experiments/calibration_bins_5,none
calibration_bins_5,calibration_bins,run,deeplob_style,test,10,all,1,5,"0.0,1.0,5.0",0,calibration.bin_3.mean_confidence,0.6095999439477979,experiments/calibration_bins_5,none
calibration_bins_5,calibration_bins,run,deeplob_style,test,10,all,1,5,"0.0,1.0,5.0",0,calibration.bin_3.accuracy,1.0,experiments/calibration_bins_5,none
calibration_bins_5,calibration_bins,run,deeplob_style,test,10,all,1,5,"0.0,1.0,5.0",0,calibration.bin_3.confidence_gap,0.390400056052202,experiments/calibration_bins_5,none
calibration_bins_5,calibration_bins,run,deeplob_style,test,10,all,1,5,"0.0,1.0,5.0",0,calibration.bin_4.count,0.0,experiments/calibration_bins_5,none
calibration_bins_5,calibration_bins,run,deeplob_style,test,10,all,1,5,"0.0,1.0,5.0",0,calibration.bin_4.mean_confidence,0.9,experiments/calibration_bins_5,none
calibration_bins_5,calibration_bins,run,deeplob_style,test,10,all,1,5,"0.0,1.0,5.0",0,calibration.bin_4.accuracy,0.0,experiments/calibration_bins_5,none
calibration_bins_5,calibration_bins,run,deeplob_style,test,10,all,1,5,"0.0,1.0,5.0",0,calibration.bin_4.confidence_gap,0.0,experiments/calibration_bins_5,none
calibration_bins_5,calibration_bins,run,majority,test,10,all,1,5,0.0,0,execution.eligible_predictions@confidence_threshold=0,11676.0,experiments/calibration_bins_5,none
calibration_bins_5,calibration_bins,run,majority,test,10,all,1,5,0.0,0,execution.trade_count_proxy@confidence_threshold=0,11676.0,experiments/calibration_bins_5,none
calibration_bins_5,calibration_bins,run,majority,test,10,all,1,5,0.0,0,execution.turnover_proxy@confidence_threshold=0,11676.0,experiments/calibration_bins_5,none
calibration_bins_5,calibration_bins,run,majority,test,10,all,1,5,0.0,0,execution.gross_signal_return_proxy@confidence_threshold=0,-0.4374632647694284,experiments/calibration_bins_5,none
calibration_bins_5,calibration_bins,run,majority,test,10,all,1,5,0.0,0,execution.cost_proxy@confidence_threshold=0,0.0,experiments/calibration_bins_5,none
calibration_bins_5,calibration_bins,run,majority,test,10,all,1,5,0.0,0,execution.net_signal_return_proxy@confidence_threshold=0,-0.4374632647694284,experiments/calibration_bins_5,none
calibration_bins_5,calibration_bins,run,majority,test,10,all,1,5,0.0,0,execution.hit_rate_proxy@confidence_threshold=0,0.6286399451867077,experiments/calibration_bins_5,none
calibration_bins_5,calibration_bins,run,majority,test,10,all,1,5,1.0,0,execution.eligible_predictions@confidence_threshold=0,11676.0,experiments/calibration_bins_5,none
calibration_bins_5,calibration_bins,run,majority,test,10,all,1,5,1.0,0,execution.trade_count_proxy@confidence_threshold=0,11676.0,experiments/calibration_bins_5,none
calibration_bins_5,calibration_bins,run,majority,test,10,all,1,5,1.0,0,execution.turnover_proxy@confidence_threshold=0,11676.0,experiments/calibration_bins_5,none
calibration_bins_5,calibration_bins,run,majority,test,10,all,1,5,1.0,0,execution.gross_signal_return_proxy@confidence_threshold=0,-0.4374632647694284,experiments/calibration_bins_5,none
calibration_bins_5,calibration_bins,run,majority,test,10,all,1,5,1.0,0,execution.cost_proxy@confidence_threshold=0,1.0,experiments/calibration_bins_5,none
calibration_bins_5,calibration_bins,run,majority,test,10,all,1,5,1.0,0,execution.net_signal_return_proxy@confidence_threshold=0,-1.4374632647694283,experiments/calibration_bins_5,none
calibration_bins_5,calibration_bins,run,majority,test,10,all,1,5,1.0,0,execution.hit_rate_proxy@confidence_threshold=0,0.6286399451867077,experiments/calibration_bins_5,none
calibration_bins_5,calibration_bins,run,majority,test,10,all,1,5,5.0,0,execution.eligible_predictions@confidence_threshold=0,11676.0,experiments/calibration_bins_5,none
calibration_bins_5,calibration_bins,run,majority,test,10,all,1,5,5.0,0,execution.trade_count_proxy@confidence_threshold=0,11676.0,experiments/calibration_bins_5,none
calibration_bins_5,calibration_bins,run,majority,test,10,all,1,5,5.0,0,execution.turnover_proxy@confidence_threshold=0,11676.0,experiments/calibration_bins_5,none
calibration_bins_5,calibration_bins,run,majority,test,10,all,1,5,5.0,0,execution.gross_signal_return_proxy@confidence_threshold=0,-0.4374632647694284,experiments/calibration_bins_5,none
calibration_bins_5,calibration_bins,run,majority,test,10,all,1,5,5.0,0,execution.cost_proxy@confidence_threshold=0,5.0,experiments/calibration_bins_5,none
calibration_bins_5,calibration_bins,run,majority,test,10,all,1,5,5.0,0,execution.net_signal_return_proxy@confidence_threshold=0,-5.437463264769429,experiments/calibration_bins_5,none
calibration_bins_5,calibration_bins,run,majority,test,10,all,1,5,5.0,0,execution.hit_rate_proxy@confidence_threshold=0,0.6286399451867077,experiments/calibration_bins_5,none
calibration_bins_5,calibration_bins,run,majority,test,10,all,1,5,0.0,0,execution.eligible_predictions@confidence_threshold=0.5,11676.0,experiments/calibration_bins_5,none
calibration_bins_5,calibration_bins,run,majority,test,10,all,1,5,0.0,0,execution.trade_count_proxy@confidence_threshold=0.5,11676.0,experiments/calibration_bins_5,none
calibration_bins_5,calibration_bins,run,majority,test,10,all,1,5,0.0,0,execution.turnover_proxy@confidence_threshold=0.5,11676.0,experiments/calibration_bins_5,none
calibration_bins_5,calibration_bins,run,majority,test,10,all,1,5,0.0,0,execution.gross_signal_return_proxy@confidence_threshold=0.5,-0.4374632647694284,experiments/calibration_bins_5,none
calibration_bins_5,calibration_bins,run,majority,test,10,all,1,5,0.0,0,execution.cost_proxy@confidence_threshold=0.5,0.0,experiments/calibration_bins_5,none
calibration_bins_5,calibration_bins,run,majority,test,10,all,1,5,0.0,0,execution.net_signal_return_proxy@confidence_threshold=0.5,-0.4374632647694284,experiments/calibration_bins_5,none
calibration_bins_5,calibration_bins,run,majority,test,10,all,1,5,0.0,0,execution.hit_rate_proxy@confidence_threshold=0.5,0.6286399451867077,experiments/calibration_bins_5,none
calibration_bins_5,calibration_bins,run,majority,test,10,all,1,5,1.0,0,execution.eligible_predictions@confidence_threshold=0.5,11676.0,experiments/calibration_bins_5,none
calibration_bins_5,calibration_bins,run,majority,test,10,all,1,5,1.0,0,execution.trade_count_proxy@confidence_threshold=0.5,11676.0,experiments/calibration_bins_5,none
calibration_bins_5,calibration_bins,run,majority,test,10,all,1,5,1.0,0,execution.turnover_proxy@confidence_threshold=0.5,11676.0,experiments/calibration_bins_5,none
calibration_bins_5,calibration_bins,run,majority,test,10,all,1,5,1.0,0,execution.gross_signal_return_proxy@confidence_threshold=0.5,-0.4374632647694284,experiments/calibration_bins_5,none
calibration_bins_5,calibration_bins,run,majority,test,10,all,1,5,1.0,0,execution.cost_proxy@confidence_threshold=0.5,1.0,experiments/calibration_bins_5,none
calibration_bins_5,calibration_bins,run,majority,test,10,all,1,5,1.0,0,execution.net_signal_return_proxy@confidence_threshold=0.5,-1.4374632647694283,experiments/calibration_bins_5,none
calibration_bins_5,calibration_bins,run,majority,test,10,all,1,5,1.0,0,execution.hit_rate_proxy@confidence_threshold=0.5,0.6286399451867077,experiments/calibration_bins_5,none
calibration_bins_5,calibration_bins,run,majority,test,10,all,1,5,5.0,0,execution.eligible_predictions@confidence_threshold=0.5,11676.0,experiments/calibration_bins_5,none
calibration_bins_5,calibration_bins,run,majority,test,10,all,1,5,5.0,0,execution.trade_count_proxy@confidence_threshold=0.5,11676.0,experiments/calibration_bins_5,none
calibration_bins_5,calibration_bins,run,majority,test,10,all,1,5,5.0,0,execution.turnover_proxy@confidence_threshold=0.5,11676.0,experiments/calibration_bins_5,none
calibration_bins_5,calibration_bins,run,majority,test,10,all,1,5,5.0,0,execution.gross_signal_return_proxy@confidence_threshold=0.5,-0.4374632647694284,experiments/calibration_bins_5,none
calibration_bins_5,calibration_bins,run,majority,test,10,all,1,5,5.0,0,execution.cost_proxy@confidence_threshold=0.5,5.0,experiments/calibration_bins_5,none
calibration_bins_5,calibration_bins,run,majority,test,10,all,1,5,5.0,0,execution.net_signal_return_proxy@confidence_threshold=0.5,-5.437463264769429,experiments/calibration_bins_5,none
calibration_bins_5,calibration_bins,run,majority,test,10,all,1,5,5.0,0,execution.hit_rate_proxy@confidence_threshold=0.5,0.6286399451867077,experiments/calibration_bins_5,none
calibration_bins_5,calibration_bins,run,majority,test,10,all,1,5,0.0,0,execution.eligible_predictions@confidence_threshold=0.6,11676.0,experiments/calibration_bins_5,none
calibration_bins_5,calibration_bins,run,majority,test,10,all,1,5,0.0,0,execution.trade_count_proxy@confidence_threshold=0.6,11676.0,experiments/calibration_bins_5,none
calibration_bins_5,calibration_bins,run,majority,test,10,all,1,5,0.0,0,execution.turnover_proxy@confidence_threshold=0.6,11676.0,experiments/calibration_bins_5,none
calibration_bins_5,calibration_bins,run,majority,test,10,all,1,5,0.0,0,execution.gross_signal_return_proxy@confidence_threshold=0.6,-0.4374632647694284,experiments/calibration_bins_5,none
calibration_bins_5,calibration_bins,run,majority,test,10,all,1,5,0.0,0,execution.cost_proxy@confidence_threshold=0.6,0.0,experiments/calibration_bins_5,none
calibration_bins_5,calibration_bins,run,majority,test,10,all,1,5,0.0,0,execution.net_signal_return_proxy@confidence_threshold=0.6,-0.4374632647694284,experiments/calibration_bins_5,none
calibration_bins_5,calibration_bins,run,majority,test,10,all,1,5,0.0,0,execution.hit_rate_proxy@confidence_threshold=0.6,0.6286399451867077,experiments/calibration_bins_5,none
calibration_bins_5,calibration_bins,run,majority,test,10,all,1,5,1.0,0,execution.eligible_predictions@confidence_threshold=0.6,11676.0,experiments/calibration_bins_5,none
calibration_bins_5,calibration_bins,run,majority,test,10,all,1,5,1.0,0,execution.trade_count_proxy@confidence_threshold=0.6,11676.0,experiments/calibration_bins_5,none
calibration_bins_5,calibration_bins,run,majority,test,10,all,1,5,1.0,0,execution.turnover_proxy@confidence_threshold=0.6,11676.0,experiments/calibration_bins_5,none
calibration_bins_5,calibration_bins,run,majority,test,10,all,1,5,1.0,0,execution.gross_signal_return_proxy@confidence_threshold=0.6,-0.4374632647694284,experiments/calibration_bins_5,none
calibration_bins_5,calibration_bins,run,majority,test,10,all,1,5,1.0,0,execution.cost_proxy@confidence_threshold=0.6,1.0,experiments/calibration_bins_5,none
calibration_bins_5,calibration_bins,run,majority,test,10,all,1,5,1.0,0,execution.net_signal_return_proxy@confidence_threshold=0.6,-1.4374632647694283,experiments/calibration_bins_5,none
calibration_bins_5,calibration_bins,run,majority,test,10,all,1,5,1.0,0,execution.hit_rate_proxy@confidence_threshold=0.6,0.6286399451867077,experiments/calibration_bins_5,none
calibration_bins_5,calibration_bins,run,majority,test,10,all,1,5,5.0,0,execution.eligible_predictions@confidence_threshold=0.6,11676.0,experiments/calibration_bins_5,none
calibration_bins_5,calibration_bins,run,majority,test,10,all,1,5,5.0,0,execution.trade_count_proxy@confidence_threshold=0.6,11676.0,experiments/calibration_bins_5,none
calibration_bins_5,calibration_bins,run,majority,test,10,all,1,5,5.0,0,execution.turnover_proxy@confidence_threshold=0.6,11676.0,experiments/calibration_bins_5,none
calibration_bins_5,calibration_bins,run,majority,test,10,all,1,5,5.0,0,execution.gross_signal_return_proxy@confidence_threshold=0.6,-0.4374632647694284,experiments/calibration_bins_5,none
calibration_bins_5,calibration_bins,run,majority,test,10,all,1,5,5.0,0,execution.cost_proxy@confidence_threshold=0.6,5.0,experiments/calibration_bins_5,none
calibration_bins_5,calibration_bins,run,majority,test,10,all,1,5,5.0,0,execution.net_signal_return_proxy@confidence_threshold=0.6,-5.437463264769429,experiments/calibration_bins_5,none
calibration_bins_5,calibration_bins,run,majority,test,10,all,1,5,5.0,0,execution.hit_rate_proxy@confidence_threshold=0.6,0.6286399451867077,experiments/calibration_bins_5,none
calibration_bins_5,calibration_bins,run,majority,test,10,all,1,5,0.0,0,execution.eligible_predictions@confidence_threshold=0.7,0.0,experiments/calibration_bins_5,none
calibration_bins_5,calibration_bins,run,majority,test,10,all,1,5,0.0,0,execution.trade_count_proxy@confidence_threshold=0.7,0.0,experiments/calibration_bins_5,none
calibration_bins_5,calibration_bins,run,majority,test,10,all,1,5,0.0,0,execution.turnover_proxy@confidence_threshold=0.7,0.0,experiments/calibration_bins_5,none
calibration_bins_5,calibration_bins,run,majority,test,10,all,1,5,0.0,0,execution.gross_signal_return_proxy@confidence_threshold=0.7,0.0,experiments/calibration_bins_5,none
calibration_bins_5,calibration_bins,run,majority,test,10,all,1,5,0.0,0,execution.cost_proxy@confidence_threshold=0.7,0.0,experiments/calibration_bins_5,none
calibration_bins_5,calibration_bins,run,majority,test,10,all,1,5,0.0,0,execution.net_signal_return_proxy@confidence_threshold=0.7,0.0,experiments/calibration_bins_5,none
calibration_bins_5,calibration_bins,run,majority,test,10,all,1,5,0.0,0,execution.hit_rate_proxy@confidence_threshold=0.7,0.0,experiments/calibration_bins_5,none
calibration_bins_5,calibration_bins,run,majority,test,10,all,1,5,1.0,0,execution.eligible_predictions@confidence_threshold=0.7,0.0,experiments/calibration_bins_5,none
calibration_bins_5,calibration_bins,run,majority,test,10,all,1,5,1.0,0,execution.trade_count_proxy@confidence_threshold=0.7,0.0,experiments/calibration_bins_5,none
calibration_bins_5,calibration_bins,run,majority,test,10,all,1,5,1.0,0,execution.turnover_proxy@confidence_threshold=0.7,0.0,experiments/calibration_bins_5,none
calibration_bins_5,calibration_bins,run,majority,test,10,all,1,5,1.0,0,execution.gross_signal_return_proxy@confidence_threshold=0.7,0.0,experiments/calibration_bins_5,none
calibration_bins_5,calibration_bins,run,majority,test,10,all,1,5,1.0,0,execution.cost_proxy@confidence_threshold=0.7,0.0,experiments/calibration_bins_5,none
calibration_bins_5,calibration_bins,run,majority,test,10,all,1,5,1.0,0,execution.net_signal_return_proxy@confidence_threshold=0.7,0.0,experiments/calibration_bins_5,none
calibration_bins_5,calibration_bins,run,majority,test,10,all,1,5,1.0,0,execution.hit_rate_proxy@confidence_threshold=0.7,0.0,experiments/calibration_bins_5,none
calibration_bins_5,calibration_bins,run,majority,test,10,all,1,5,5.0,0,execution.eligible_predictions@confidence_threshold=0.7,0.0,experiments/calibration_bins_5,none
calibration_bins_5,calibration_bins,run,majority,test,10,all,1,5,5.0,0,execution.trade_count_proxy@confidence_threshold=0.7,0.0,experiments/calibration_bins_5,none
calibration_bins_5,calibration_bins,run,majority,test,10,all,1,5,5.0,0,execution.turnover_proxy@confidence_threshold=0.7,0.0,experiments/calibration_bins_5,none
calibration_bins_5,calibration_bins,run,majority,test,10,all,1,5,5.0,0,execution.gross_signal_return_proxy@confidence_threshold=0.7,0.0,experiments/calibration_bins_5,none
calibration_bins_5,calibration_bins,run,majority,test,10,all,1,5,5.0,0,execution.cost_proxy@confidence_threshold=0.7,0.0,experiments/calibration_bins_5,none
calibration_bins_5,calibration_bins,run,majority,test,10,all,1,5,5.0,0,execution.net_signal_return_proxy@confidence_threshold=0.7,0.0,experiments/calibration_bins_5,none
calibration_bins_5,calibration_bins,run,majority,test,10,all,1,5,5.0,0,execution.hit_rate_proxy@confidence_threshold=0.7,0.0,experiments/calibration_bins_5,none
calibration_bins_5,calibration_bins,run,logistic,test,10,all,1,5,0.0,0,execution.eligible_predictions@confidence_threshold=0,11676.0,experiments/calibration_bins_5,none
calibration_bins_5,calibration_bins,run,logistic,test,10,all,1,5,0.0,0,execution.trade_count_proxy@confidence_threshold=0,10845.0,experiments/calibration_bins_5,none
calibration_bins_5,calibration_bins,run,logistic,test,10,all,1,5,0.0,0,execution.turnover_proxy@confidence_threshold=0,10845.0,experiments/calibration_bins_5,none
calibration_bins_5,calibration_bins,run,logistic,test,10,all,1,5,0.0,0,execution.gross_signal_return_proxy@confidence_threshold=0,-0.4286252710396254,experiments/calibration_bins_5,none
calibration_bins_5,calibration_bins,run,logistic,test,10,all,1,5,0.0,0,execution.cost_proxy@confidence_threshold=0,0.0,experiments/calibration_bins_5,none
calibration_bins_5,calibration_bins,run,logistic,test,10,all,1,5,0.0,0,execution.net_signal_return_proxy@confidence_threshold=0,-0.4286252710396254,experiments/calibration_bins_5,none
calibration_bins_5,calibration_bins,run,logistic,test,10,all,1,5,0.0,0,execution.hit_rate_proxy@confidence_threshold=0,0.6233299075025693,experiments/calibration_bins_5,none
calibration_bins_5,calibration_bins,run,logistic,test,10,all,1,5,1.0,0,execution.eligible_predictions@confidence_threshold=0,11676.0,experiments/calibration_bins_5,none
calibration_bins_5,calibration_bins,run,logistic,test,10,all,1,5,1.0,0,execution.trade_count_proxy@confidence_threshold=0,10845.0,experiments/calibration_bins_5,none
calibration_bins_5,calibration_bins,run,logistic,test,10,all,1,5,1.0,0,execution.turnover_proxy@confidence_threshold=0,10845.0,experiments/calibration_bins_5,none
calibration_bins_5,calibration_bins,run,logistic,test,10,all,1,5,1.0,0,execution.gross_signal_return_proxy@confidence_threshold=0,-0.4286252710396254,experiments/calibration_bins_5,none
calibration_bins_5,calibration_bins,run,logistic,test,10,all,1,5,1.0,0,execution.cost_proxy@confidence_threshold=0,1.0,experiments/calibration_bins_5,none
calibration_bins_5,calibration_bins,run,logistic,test,10,all,1,5,1.0,0,execution.net_signal_return_proxy@confidence_threshold=0,-1.4286252710396254,experiments/calibration_bins_5,none
calibration_bins_5,calibration_bins,run,logistic,test,10,all,1,5,1.0,0,execution.hit_rate_proxy@confidence_threshold=0,0.6233299075025693,experiments/calibration_bins_5,none
calibration_bins_5,calibration_bins,run,logistic,test,10,all,1,5,5.0,0,execution.eligible_predictions@confidence_threshold=0,11676.0,experiments/calibration_bins_5,none
calibration_bins_5,calibration_bins,run,logistic,test,10,all,1,5,5.0,0,execution.trade_count_proxy@confidence_threshold=0,10845.0,experiments/calibration_bins_5,none
calibration_bins_5,calibration_bins,run,logistic,test,10,all,1,5,5.0,0,execution.turnover_proxy@confidence_threshold=0,10845.0,experiments/calibration_bins_5,none
calibration_bins_5,calibration_bins,run,logistic,test,10,all,1,5,5.0,0,execution.gross_signal_return_proxy@confidence_threshold=0,-0.4286252710396254,experiments/calibration_bins_5,none
calibration_bins_5,calibration_bins,run,logistic,test,10,all,1,5,5.0,0,execution.cost_proxy@confidence_threshold=0,5.0,experiments/calibration_bins_5,none
calibration_bins_5,calibration_bins,run,logistic,test,10,all,1,5,5.0,0,execution.net_signal_return_proxy@confidence_threshold=0,-5.428625271039626,experiments/calibration_bins_5,none
calibration_bins_5,calibration_bins,run,logistic,test,10,all,1,5,5.0,0,execution.hit_rate_proxy@confidence_threshold=0,0.6233299075025693,experiments/calibration_bins_5,none
calibration_bins_5,calibration_bins,run,logistic,test,10,all,1,5,0.0,0,execution.eligible_predictions@confidence_threshold=0.5,8679.0,experiments/calibration_bins_5,none
calibration_bins_5,calibration_bins,run,logistic,test,10,all,1,5,0.0,0,execution.trade_count_proxy@confidence_threshold=0.5,8418.0,experiments/calibration_bins_5,none
calibration_bins_5,calibration_bins,run,logistic,test,10,all,1,5,0.0,0,execution.turnover_proxy@confidence_threshold=0.5,8418.0,experiments/calibration_bins_5,none
calibration_bins_5,calibration_bins,run,logistic,test,10,all,1,5,0.0,0,execution.gross_signal_return_proxy@confidence_threshold=0.5,-0.5699791713708685,experiments/calibration_bins_5,none
calibration_bins_5,calibration_bins,run,logistic,test,10,all,1,5,0.0,0,execution.cost_proxy@confidence_threshold=0.5,0.0,experiments/calibration_bins_5,none
calibration_bins_5,calibration_bins,run,logistic,test,10,all,1,5,0.0,0,execution.net_signal_return_proxy@confidence_threshold=0.5,-0.5699791713708685,experiments/calibration_bins_5,none
calibration_bins_5,calibration_bins,run,logistic,test,10,all,1,5,0.0,0,execution.hit_rate_proxy@confidence_threshold=0.5,0.6798018204862312,experiments/calibration_bins_5,none
calibration_bins_5,calibration_bins,run,logistic,test,10,all,1,5,1.0,0,execution.eligible_predictions@confidence_threshold=0.5,8679.0,experiments/calibration_bins_5,none
calibration_bins_5,calibration_bins,run,logistic,test,10,all,1,5,1.0,0,execution.trade_count_proxy@confidence_threshold=0.5,8418.0,experiments/calibration_bins_5,none
calibration_bins_5,calibration_bins,run,logistic,test,10,all,1,5,1.0,0,execution.turnover_proxy@confidence_threshold=0.5,8418.0,experiments/calibration_bins_5,none
calibration_bins_5,calibration_bins,run,logistic,test,10,all,1,5,1.0,0,execution.gross_signal_return_proxy@confidence_threshold=0.5,-0.5699791713708685,experiments/calibration_bins_5,none
calibration_bins_5,calibration_bins,run,logistic,test,10,all,1,5,1.0,0,execution.cost_proxy@confidence_threshold=0.5,1.0,experiments/calibration_bins_5,none
calibration_bins_5,calibration_bins,run,logistic,test,10,all,1,5,1.0,0,execution.net_signal_return_proxy@confidence_threshold=0.5,-1.5699791713708686,experiments/calibration_bins_5,none
calibration_bins_5,calibration_bins,run,logistic,test,10,all,1,5,1.0,0,execution.hit_rate_proxy@confidence_threshold=0.5,0.6798018204862312,experiments/calibration_bins_5,none
calibration_bins_5,calibration_bins,run,logistic,test,10,all,1,5,5.0,0,execution.eligible_predictions@confidence_threshold=0.5,8679.0,experiments/calibration_bins_5,none
calibration_bins_5,calibration_bins,run,logistic,test,10,all,1,5,5.0,0,execution.trade_count_proxy@confidence_threshold=0.5,8418.0,experiments/calibration_bins_5,none
calibration_bins_5,calibration_bins,run,logistic,test,10,all,1,5,5.0,0,execution.turnover_proxy@confidence_threshold=0.5,8418.0,experiments/calibration_bins_5,none
calibration_bins_5,calibration_bins,run,logistic,test,10,all,1,5,5.0,0,execution.gross_signal_return_proxy@confidence_threshold=0.5,-0.5699791713708685,experiments/calibration_bins_5,none
calibration_bins_5,calibration_bins,run,logistic,test,10,all,1,5,5.0,0,execution.cost_proxy@confidence_threshold=0.5,5.0,experiments/calibration_bins_5,none
calibration_bins_5,calibration_bins,run,logistic,test,10,all,1,5,5.0,0,execution.net_signal_return_proxy@confidence_threshold=0.5,-5.569979171370869,experiments/calibration_bins_5,none
calibration_bins_5,calibration_bins,run,logistic,test,10,all,1,5,5.0,0,execution.hit_rate_proxy@confidence_threshold=0.5,0.6798018204862312,experiments/calibration_bins_5,none
calibration_bins_5,calibration_bins,run,logistic,test,10,all,1,5,0.0,0,execution.eligible_predictions@confidence_threshold=0.6,5127.0,experiments/calibration_bins_5,none
calibration_bins_5,calibration_bins,run,logistic,test,10,all,1,5,0.0,0,execution.trade_count_proxy@confidence_threshold=0.6,5018.0,experiments/calibration_bins_5,none
calibration_bins_5,calibration_bins,run,logistic,test,10,all,1,5,0.0,0,execution.turnover_proxy@confidence_threshold=0.6,5018.0,experiments/calibration_bins_5,none
calibration_bins_5,calibration_bins,run,logistic,test,10,all,1,5,0.0,0,execution.gross_signal_return_proxy@confidence_threshold=0.6,-0.937204108973911,experiments/calibration_bins_5,none
calibration_bins_5,calibration_bins,run,logistic,test,10,all,1,5,0.0,0,execution.cost_proxy@confidence_threshold=0.6,0.0,experiments/calibration_bins_5,none
calibration_bins_5,calibration_bins,run,logistic,test,10,all,1,5,0.0,0,execution.net_signal_return_proxy@confidence_threshold=0.6,-0.937204108973911,experiments/calibration_bins_5,none
calibration_bins_5,calibration_bins,run,logistic,test,10,all,1,5,0.0,0,execution.hit_rate_proxy@confidence_threshold=0.6,0.7275209674273454,experiments/calibration_bins_5,none
calibration_bins_5,calibration_bins,run,logistic,test,10,all,1,5,1.0,0,execution.eligible_predictions@confidence_threshold=0.6,5127.0,experiments/calibration_bins_5,none
calibration_bins_5,calibration_bins,run,logistic,test,10,all,1,5,1.0,0,execution.trade_count_proxy@confidence_threshold=0.6,5018.0,experiments/calibration_bins_5,none
calibration_bins_5,calibration_bins,run,logistic,test,10,all,1,5,1.0,0,execution.turnover_proxy@confidence_threshold=0.6,5018.0,experiments/calibration_bins_5,none
calibration_bins_5,calibration_bins,run,logistic,test,10,all,1,5,1.0,0,execution.gross_signal_return_proxy@confidence_threshold=0.6,-0.937204108973911,experiments/calibration_bins_5,none
calibration_bins_5,calibration_bins,run,logistic,test,10,all,1,5,1.0,0,execution.cost_proxy@confidence_threshold=0.6,1.0,experiments/calibration_bins_5,none
calibration_bins_5,calibration_bins,run,logistic,test,10,all,1,5,1.0,0,execution.net_signal_return_proxy@confidence_threshold=0.6,-1.9372041089739112,experiments/calibration_bins_5,none
calibration_bins_5,calibration_bins,run,logistic,test,10,all,1,5,1.0,0,execution.hit_rate_proxy@confidence_threshold=0.6,0.7275209674273454,experiments/calibration_bins_5,none
calibration_bins_5,calibration_bins,run,logistic,test,10,all,1,5,5.0,0,execution.eligible_predictions@confidence_threshold=0.6,5127.0,experiments/calibration_bins_5,none
calibration_bins_5,calibration_bins,run,logistic,test,10,all,1,5,5.0,0,execution.trade_count_proxy@confidence_threshold=0.6,5018.0,experiments/calibration_bins_5,none
calibration_bins_5,calibration_bins,run,logistic,test,10,all,1,5,5.0,0,execution.turnover_proxy@confidence_threshold=0.6,5018.0,experiments/calibration_bins_5,none
calibration_bins_5,calibration_bins,run,logistic,test,10,all,1,5,5.0,0,execution.gross_signal_return_proxy@confidence_threshold=0.6,-0.937204108973911,experiments/calibration_bins_5,none
calibration_bins_5,calibration_bins,run,logistic,test,10,all,1,5,5.0,0,execution.cost_proxy@confidence_threshold=0.6,5.0,experiments/calibration_bins_5,none
calibration_bins_5,calibration_bins,run,logistic,test,10,all,1,5,5.0,0,execution.net_signal_return_proxy@confidence_threshold=0.6,-5.937204108973911,experiments/calibration_bins_5,none
calibration_bins_5,calibration_bins,run,logistic,test,10,all,1,5,5.0,0,execution.hit_rate_proxy@confidence_threshold=0.6,0.7275209674273454,experiments/calibration_bins_5,none
calibration_bins_5,calibration_bins,run,logistic,test,10,all,1,5,0.0,0,execution.eligible_predictions@confidence_threshold=0.7,2300.0,experiments/calibration_bins_5,none
calibration_bins_5,calibration_bins,run,logistic,test,10,all,1,5,0.0,0,execution.trade_count_proxy@confidence_threshold=0.7,2251.0,experiments/calibration_bins_5,none
calibration_bins_5,calibration_bins,run,logistic,test,10,all,1,5,0.0,0,execution.turnover_proxy@confidence_threshold=0.7,2251.0,experiments/calibration_bins_5,none
calibration_bins_5,calibration_bins,run,logistic,test,10,all,1,5,0.0,0,execution.gross_signal_return_proxy@confidence_threshold=0.7,-1.5156647992317125,experiments/calibration_bins_5,none
calibration_bins_5,calibration_bins,run,logistic,test,10,all,1,5,0.0,0,execution.cost_proxy@confidence_threshold=0.7,0.0,experiments/calibration_bins_5,none
calibration_bins_5,calibration_bins,run,logistic,test,10,all,1,5,0.0,0,execution.net_signal_return_proxy@confidence_threshold=0.7,-1.5156647992317125,experiments/calibration_bins_5,none
calibration_bins_5,calibration_bins,run,logistic,test,10,all,1,5,0.0,0,execution.hit_rate_proxy@confidence_threshold=0.7,0.7495652173913043,experiments/calibration_bins_5,none
calibration_bins_5,calibration_bins,run,logistic,test,10,all,1,5,1.0,0,execution.eligible_predictions@confidence_threshold=0.7,2300.0,experiments/calibration_bins_5,none
calibration_bins_5,calibration_bins,run,logistic,test,10,all,1,5,1.0,0,execution.trade_count_proxy@confidence_threshold=0.7,2251.0,experiments/calibration_bins_5,none
calibration_bins_5,calibration_bins,run,logistic,test,10,all,1,5,1.0,0,execution.turnover_proxy@confidence_threshold=0.7,2251.0,experiments/calibration_bins_5,none
calibration_bins_5,calibration_bins,run,logistic,test,10,all,1,5,1.0,0,execution.gross_signal_return_proxy@confidence_threshold=0.7,-1.5156647992317125,experiments/calibration_bins_5,none
calibration_bins_5,calibration_bins,run,logistic,test,10,all,1,5,1.0,0,execution.cost_proxy@confidence_threshold=0.7,1.0,experiments/calibration_bins_5,none
calibration_bins_5,calibration_bins,run,logistic,test,10,all,1,5,1.0,0,execution.net_signal_return_proxy@confidence_threshold=0.7,-2.515664799231712,experiments/calibration_bins_5,none
calibration_bins_5,calibration_bins,run,logistic,test,10,all,1,5,1.0,0,execution.hit_rate_proxy@confidence_threshold=0.7,0.7495652173913043,experiments/calibration_bins_5,none
calibration_bins_5,calibration_bins,run,logistic,test,10,all,1,5,5.0,0,execution.eligible_predictions@confidence_threshold=0.7,2300.0,experiments/calibration_bins_5,none
calibration_bins_5,calibration_bins,run,logistic,test,10,all,1,5,5.0,0,execution.trade_count_proxy@confidence_threshold=0.7,2251.0,experiments/calibration_bins_5,none
calibration_bins_5,calibration_bins,run,logistic,test,10,all,1,5,5.0,0,execution.turnover_proxy@confidence_threshold=0.7,2251.0,experiments/calibration_bins_5,none
calibration_bins_5,calibration_bins,run,logistic,test,10,all,1,5,5.0,0,execution.gross_signal_return_proxy@confidence_threshold=0.7,-1.5156647992317125,experiments/calibration_bins_5,none
calibration_bins_5,calibration_bins,run,logistic,test,10,all,1,5,5.0,0,execution.cost_proxy@confidence_threshold=0.7,5.0,experiments/calibration_bins_5,none
calibration_bins_5,calibration_bins,run,logistic,test,10,all,1,5,5.0,0,execution.net_signal_return_proxy@confidence_threshold=0.7,-6.515664799231712,experiments/calibration_bins_5,none
calibration_bins_5,calibration_bins,run,logistic,test,10,all,1,5,5.0,0,execution.hit_rate_proxy@confidence_threshold=0.7,0.7495652173913043,experiments/calibration_bins_5,none
calibration_bins_5,calibration_bins,run,deeplob_style,test,10,all,1,5,0.0,0,execution.eligible_predictions@confidence_threshold=0,11676.0,experiments/calibration_bins_5,none
calibration_bins_5,calibration_bins,run,deeplob_style,test,10,all,1,5,0.0,0,execution.trade_count_proxy@confidence_threshold=0,11676.0,experiments/calibration_bins_5,none
calibration_bins_5,calibration_bins,run,deeplob_style,test,10,all,1,5,0.0,0,execution.turnover_proxy@confidence_threshold=0,11676.0,experiments/calibration_bins_5,none
calibration_bins_5,calibration_bins,run,deeplob_style,test,10,all,1,5,0.0,0,execution.gross_signal_return_proxy@confidence_threshold=0,-0.3748037982730208,experiments/calibration_bins_5,none
calibration_bins_5,calibration_bins,run,deeplob_style,test,10,all,1,5,0.0,0,execution.cost_proxy@confidence_threshold=0,0.0,experiments/calibration_bins_5,none
calibration_bins_5,calibration_bins,run,deeplob_style,test,10,all,1,5,0.0,0,execution.net_signal_return_proxy@confidence_threshold=0,-0.3748037982730208,experiments/calibration_bins_5,none
calibration_bins_5,calibration_bins,run,deeplob_style,test,10,all,1,5,0.0,0,execution.hit_rate_proxy@confidence_threshold=0,0.5671462829736211,experiments/calibration_bins_5,none
calibration_bins_5,calibration_bins,run,deeplob_style,test,10,all,1,5,1.0,0,execution.eligible_predictions@confidence_threshold=0,11676.0,experiments/calibration_bins_5,none
calibration_bins_5,calibration_bins,run,deeplob_style,test,10,all,1,5,1.0,0,execution.trade_count_proxy@confidence_threshold=0,11676.0,experiments/calibration_bins_5,none
calibration_bins_5,calibration_bins,run,deeplob_style,test,10,all,1,5,1.0,0,execution.turnover_proxy@confidence_threshold=0,11676.0,experiments/calibration_bins_5,none
calibration_bins_5,calibration_bins,run,deeplob_style,test,10,all,1,5,1.0,0,execution.gross_signal_return_proxy@confidence_threshold=0,-0.3748037982730208,experiments/calibration_bins_5,none
calibration_bins_5,calibration_bins,run,deeplob_style,test,10,all,1,5,1.0,0,execution.cost_proxy@confidence_threshold=0,1.0,experiments/calibration_bins_5,none
calibration_bins_5,calibration_bins,run,deeplob_style,test,10,all,1,5,1.0,0,execution.net_signal_return_proxy@confidence_threshold=0,-1.3748037982730208,experiments/calibration_bins_5,none
calibration_bins_5,calibration_bins,run,deeplob_style,test,10,all,1,5,1.0,0,execution.hit_rate_proxy@confidence_threshold=0,0.5671462829736211,experiments/calibration_bins_5,none
calibration_bins_5,calibration_bins,run,deeplob_style,test,10,all,1,5,5.0,0,execution.eligible_predictions@confidence_threshold=0,11676.0,experiments/calibration_bins_5,none
calibration_bins_5,calibration_bins,run,deeplob_style,test,10,all,1,5,5.0,0,execution.trade_count_proxy@confidence_threshold=0,11676.0,experiments/calibration_bins_5,none
calibration_bins_5,calibration_bins,run,deeplob_style,test,10,all,1,5,5.0,0,execution.turnover_proxy@confidence_threshold=0,11676.0,experiments/calibration_bins_5,none
calibration_bins_5,calibration_bins,run,deeplob_style,test,10,all,1,5,5.0,0,execution.gross_signal_return_proxy@confidence_threshold=0,-0.3748037982730208,experiments/calibration_bins_5,none
calibration_bins_5,calibration_bins,run,deeplob_style,test,10,all,1,5,5.0,0,execution.cost_proxy@confidence_threshold=0,5.0,experiments/calibration_bins_5,none
calibration_bins_5,calibration_bins,run,deeplob_style,test,10,all,1,5,5.0,0,execution.net_signal_return_proxy@confidence_threshold=0,-5.374803798273021,experiments/calibration_bins_5,none
calibration_bins_5,calibration_bins,run,deeplob_style,test,10,all,1,5,5.0,0,execution.hit_rate_proxy@confidence_threshold=0,0.5671462829736211,experiments/calibration_bins_5,none
calibration_bins_5,calibration_bins,run,deeplob_style,test,10,all,1,5,0.0,0,execution.eligible_predictions@confidence_threshold=0.5,2555.0,experiments/calibration_bins_5,none
calibration_bins_5,calibration_bins,run,deeplob_style,test,10,all,1,5,0.0,0,execution.trade_count_proxy@confidence_threshold=0.5,2555.0,experiments/calibration_bins_5,none
calibration_bins_5,calibration_bins,run,deeplob_style,test,10,all,1,5,0.0,0,execution.turnover_proxy@confidence_threshold=0.5,2555.0,experiments/calibration_bins_5,none
calibration_bins_5,calibration_bins,run,deeplob_style,test,10,all,1,5,0.0,0,execution.gross_signal_return_proxy@confidence_threshold=0.5,-1.2437741107634075,experiments/calibration_bins_5,none
calibration_bins_5,calibration_bins,run,deeplob_style,test,10,all,1,5,0.0,0,execution.cost_proxy@confidence_threshold=0.5,0.0,experiments/calibration_bins_5,none
calibration_bins_5,calibration_bins,run,deeplob_style,test,10,all,1,5,0.0,0,execution.net_signal_return_proxy@confidence_threshold=0.5,-1.2437741107634075,experiments/calibration_bins_5,none
calibration_bins_5,calibration_bins,run,deeplob_style,test,10,all,1,5,0.0,0,execution.hit_rate_proxy@confidence_threshold=0.5,0.7655577299412916,experiments/calibration_bins_5,none
calibration_bins_5,calibration_bins,run,deeplob_style,test,10,all,1,5,1.0,0,execution.eligible_predictions@confidence_threshold=0.5,2555.0,experiments/calibration_bins_5,none
calibration_bins_5,calibration_bins,run,deeplob_style,test,10,all,1,5,1.0,0,execution.trade_count_proxy@confidence_threshold=0.5,2555.0,experiments/calibration_bins_5,none
calibration_bins_5,calibration_bins,run,deeplob_style,test,10,all,1,5,1.0,0,execution.turnover_proxy@confidence_threshold=0.5,2555.0,experiments/calibration_bins_5,none
calibration_bins_5,calibration_bins,run,deeplob_style,test,10,all,1,5,1.0,0,execution.gross_signal_return_proxy@confidence_threshold=0.5,-1.2437741107634075,experiments/calibration_bins_5,none
calibration_bins_5,calibration_bins,run,deeplob_style,test,10,all,1,5,1.0,0,execution.cost_proxy@confidence_threshold=0.5,1.0,experiments/calibration_bins_5,none
calibration_bins_5,calibration_bins,run,deeplob_style,test,10,all,1,5,1.0,0,execution.net_signal_return_proxy@confidence_threshold=0.5,-2.2437741107634075,experiments/calibration_bins_5,none
calibration_bins_5,calibration_bins,run,deeplob_style,test,10,all,1,5,1.0,0,execution.hit_rate_proxy@confidence_threshold=0.5,0.7655577299412916,experiments/calibration_bins_5,none
calibration_bins_5,calibration_bins,run,deeplob_style,test,10,all,1,5,5.0,0,execution.eligible_predictions@confidence_threshold=0.5,2555.0,experiments/calibration_bins_5,none
calibration_bins_5,calibration_bins,run,deeplob_style,test,10,all,1,5,5.0,0,execution.trade_count_proxy@confidence_threshold=0.5,2555.0,experiments/calibration_bins_5,none
calibration_bins_5,calibration_bins,run,deeplob_style,test,10,all,1,5,5.0,0,execution.turnover_proxy@confidence_threshold=0.5,2555.0,experiments/calibration_bins_5,none
calibration_bins_5,calibration_bins,run,deeplob_style,test,10,all,1,5,5.0,0,execution.gross_signal_return_proxy@confidence_threshold=0.5,-1.2437741107634075,experiments/calibration_bins_5,none
calibration_bins_5,calibration_bins,run,deeplob_style,test,10,all,1,5,5.0,0,execution.cost_proxy@confidence_threshold=0.5,5.0,experiments/calibration_bins_5,none
calibration_bins_5,calibration_bins,run,deeplob_style,test,10,all,1,5,5.0,0,execution.net_signal_return_proxy@confidence_threshold=0.5,-6.243774110763408,experiments/calibration_bins_5,none
calibration_bins_5,calibration_bins,run,deeplob_style,test,10,all,1,5,5.0,0,execution.hit_rate_proxy@confidence_threshold=0.5,0.7655577299412916,experiments/calibration_bins_5,none
calibration_bins_5,calibration_bins,run,deeplob_style,test,10,all,1,5,0.0,0,execution.eligible_predictions@confidence_threshold=0.6,1.0,experiments/calibration_bins_5,none
calibration_bins_5,calibration_bins,run,deeplob_style,test,10,all,1,5,0.0,0,execution.trade_count_proxy@confidence_threshold=0.6,1.0,experiments/calibration_bins_5,none
calibration_bins_5,calibration_bins,run,deeplob_style,test,10,all,1,5,0.0,0,execution.turnover_proxy@confidence_threshold=0.6,1.0,experiments/calibration_bins_5,none
calibration_bins_5,calibration_bins,run,deeplob_style,test,10,all,1,5,0.0,0,execution.gross_signal_return_proxy@confidence_threshold=0.6,-15.658865289090976,experiments/calibration_bins_5,none
calibration_bins_5,calibration_bins,run,deeplob_style,test,10,all,1,5,0.0,0,execution.cost_proxy@confidence_threshold=0.6,0.0,experiments/calibration_bins_5,none
calibration_bins_5,calibration_bins,run,deeplob_style,test,10,all,1,5,0.0,0,execution.net_signal_return_proxy@confidence_threshold=0.6,-15.658865289090976,experiments/calibration_bins_5,none
calibration_bins_5,calibration_bins,run,deeplob_style,test,10,all,1,5,0.0,0,execution.hit_rate_proxy@confidence_threshold=0.6,1.0,experiments/calibration_bins_5,none
calibration_bins_5,calibration_bins,run,deeplob_style,test,10,all,1,5,1.0,0,execution.eligible_predictions@confidence_threshold=0.6,1.0,experiments/calibration_bins_5,none
calibration_bins_5,calibration_bins,run,deeplob_style,test,10,all,1,5,1.0,0,execution.trade_count_proxy@confidence_threshold=0.6,1.0,experiments/calibration_bins_5,none
calibration_bins_5,calibration_bins,run,deeplob_style,test,10,all,1,5,1.0,0,execution.turnover_proxy@confidence_threshold=0.6,1.0,experiments/calibration_bins_5,none
calibration_bins_5,calibration_bins,run,deeplob_style,test,10,all,1,5,1.0,0,execution.gross_signal_return_proxy@confidence_threshold=0.6,-15.658865289090976,experiments/calibration_bins_5,none
calibration_bins_5,calibration_bins,run,deeplob_style,test,10,all,1,5,1.0,0,execution.cost_proxy@confidence_threshold=0.6,1.0,experiments/calibration_bins_5,none
calibration_bins_5,calibration_bins,run,deeplob_style,test,10,all,1,5,1.0,0,execution.net_signal_return_proxy@confidence_threshold=0.6,-16.658865289090976,experiments/calibration_bins_5,none
calibration_bins_5,calibration_bins,run,deeplob_style,test,10,all,1,5,1.0,0,execution.hit_rate_proxy@confidence_threshold=0.6,1.0,experiments/calibration_bins_5,none
calibration_bins_5,calibration_bins,run,deeplob_style,test,10,all,1,5,5.0,0,execution.eligible_predictions@confidence_threshold=0.6,1.0,experiments/calibration_bins_5,none
calibration_bins_5,calibration_bins,run,deeplob_style,test,10,all,1,5,5.0,0,execution.trade_count_proxy@confidence_threshold=0.6,1.0,experiments/calibration_bins_5,none
calibration_bins_5,calibration_bins,run,deeplob_style,test,10,all,1,5,5.0,0,execution.turnover_proxy@confidence_threshold=0.6,1.0,experiments/calibration_bins_5,none
calibration_bins_5,calibration_bins,run,deeplob_style,test,10,all,1,5,5.0,0,execution.gross_signal_return_proxy@confidence_threshold=0.6,-15.658865289090976,experiments/calibration_bins_5,none
calibration_bins_5,calibration_bins,run,deeplob_style,test,10,all,1,5,5.0,0,execution.cost_proxy@confidence_threshold=0.6,5.0,experiments/calibration_bins_5,none
calibration_bins_5,calibration_bins,run,deeplob_style,test,10,all,1,5,5.0,0,execution.net_signal_return_proxy@confidence_threshold=0.6,-20.658865289090976,experiments/calibration_bins_5,none
calibration_bins_5,calibration_bins,run,deeplob_style,test,10,all,1,5,5.0,0,execution.hit_rate_proxy@confidence_threshold=0.6,1.0,experiments/calibration_bins_5,none
calibration_bins_5,calibration_bins,run,deeplob_style,test,10,all,1,5,0.0,0,execution.eligible_predictions@confidence_threshold=0.7,0.0,experiments/calibration_bins_5,none
calibration_bins_5,calibration_bins,run,deeplob_style,test,10,all,1,5,0.0,0,execution.trade_count_proxy@confidence_threshold=0.7,0.0,experiments/calibration_bins_5,none
calibration_bins_5,calibration_bins,run,deeplob_style,test,10,all,1,5,0.0,0,execution.turnover_proxy@confidence_threshold=0.7,0.0,experiments/calibration_bins_5,none
calibration_bins_5,calibration_bins,run,deeplob_style,test,10,all,1,5,0.0,0,execution.gross_signal_return_proxy@confidence_threshold=0.7,0.0,experiments/calibration_bins_5,none
calibration_bins_5,calibration_bins,run,deeplob_style,test,10,all,1,5,0.0,0,execution.cost_proxy@confidence_threshold=0.7,0.0,experiments/calibration_bins_5,none
calibration_bins_5,calibration_bins,run,deeplob_style,test,10,all,1,5,0.0,0,execution.net_signal_return_proxy@confidence_threshold=0.7,0.0,experiments/calibration_bins_5,none
calibration_bins_5,calibration_bins,run,deeplob_style,test,10,all,1,5,0.0,0,execution.hit_rate_proxy@confidence_threshold=0.7,0.0,experiments/calibration_bins_5,none
calibration_bins_5,calibration_bins,run,deeplob_style,test,10,all,1,5,1.0,0,execution.eligible_predictions@confidence_threshold=0.7,0.0,experiments/calibration_bins_5,none
calibration_bins_5,calibration_bins,run,deeplob_style,test,10,all,1,5,1.0,0,execution.trade_count_proxy@confidence_threshold=0.7,0.0,experiments/calibration_bins_5,none
calibration_bins_5,calibration_bins,run,deeplob_style,test,10,all,1,5,1.0,0,execution.turnover_proxy@confidence_threshold=0.7,0.0,experiments/calibration_bins_5,none
calibration_bins_5,calibration_bins,run,deeplob_style,test,10,all,1,5,1.0,0,execution.gross_signal_return_proxy@confidence_threshold=0.7,0.0,experiments/calibration_bins_5,none
calibration_bins_5,calibration_bins,run,deeplob_style,test,10,all,1,5,1.0,0,execution.cost_proxy@confidence_threshold=0.7,0.0,experiments/calibration_bins_5,none
calibration_bins_5,calibration_bins,run,deeplob_style,test,10,all,1,5,1.0,0,execution.net_signal_return_proxy@confidence_threshold=0.7,0.0,experiments/calibration_bins_5,none
calibration_bins_5,calibration_bins,run,deeplob_style,test,10,all,1,5,1.0,0,execution.hit_rate_proxy@confidence_threshold=0.7,0.0,experiments/calibration_bins_5,none
calibration_bins_5,calibration_bins,run,deeplob_style,test,10,all,1,5,5.0,0,execution.eligible_predictions@confidence_threshold=0.7,0.0,experiments/calibration_bins_5,none
calibration_bins_5,calibration_bins,run,deeplob_style,test,10,all,1,5,5.0,0,execution.trade_count_proxy@confidence_threshold=0.7,0.0,experiments/calibration_bins_5,none
calibration_bins_5,calibration_bins,run,deeplob_style,test,10,all,1,5,5.0,0,execution.turnover_proxy@confidence_threshold=0.7,0.0,experiments/calibration_bins_5,none
calibration_bins_5,calibration_bins,run,deeplob_style,test,10,all,1,5,5.0,0,execution.gross_signal_return_proxy@confidence_threshold=0.7,0.0,experiments/calibration_bins_5,none
calibration_bins_5,calibration_bins,run,deeplob_style,test,10,all,1,5,5.0,0,execution.cost_proxy@confidence_threshold=0.7,0.0,experiments/calibration_bins_5,none
calibration_bins_5,calibration_bins,run,deeplob_style,test,10,all,1,5,5.0,0,execution.net_signal_return_proxy@confidence_threshold=0.7,0.0,experiments/calibration_bins_5,none
calibration_bins_5,calibration_bins,run,deeplob_style,test,10,all,1,5,5.0,0,execution.hit_rate_proxy@confidence_threshold=0.7,0.0,experiments/calibration_bins_5,none
cost_0bps,cost_bps,run,majority,test,10,all,1,10,0.0,0,accuracy,0.6286154372753723,experiments/cost_0bps,none
cost_0bps,cost_bps,run,majority,test,10,all,1,10,0.0,0,macro_f1,0.25732100322264256,experiments/cost_0bps,none
cost_0bps,cost_bps,run,majority,test,10,all,1,10,0.0,0,weighted_f1,0.4852678648828168,experiments/cost_0bps,none
cost_0bps,cost_bps,run,majority,test,10,all,1,10,0.0,0,matthews_corrcoef,0.0,experiments/cost_0bps,none
cost_0bps,cost_bps,run,majority,test,10,all,1,10,0.0,0,balanced_accuracy,0.3333333333333333,experiments/cost_0bps,none
cost_0bps,cost_bps,run,majority,test,10,all,1,10,0.0,0,log_loss,0.9180419332042239,experiments/cost_0bps,none
cost_0bps,cost_bps,run,majority,test,10,all,1,10,0.0,0,n_samples,11686.0,experiments/cost_0bps,none
cost_0bps,cost_bps,run,majority,test,10,all,1,10,0.0,0,class_count_train,3.0,experiments/cost_0bps,none
cost_0bps,cost_bps,run,majority,test,10,all,1,10,0.0,0,class_count_test,3.0,experiments/cost_0bps,none
cost_0bps,cost_bps,run,majority,test,10,all,1,10,0.0,0,brier_score,0.5366889220539707,experiments/cost_0bps,none
cost_0bps,cost_bps,run,majority,test,10,all,1,10,0.0,0,mean_confidence,0.6029411764705882,experiments/cost_0bps,none
cost_0bps,cost_bps,run,majority,test,10,all,1,10,0.0,0,expected_calibration_error,0.025674260804784077,experiments/cost_0bps,none
cost_0bps,cost_bps,run,logistic,test,10,all,1,10,0.0,0,accuracy,0.6233099435221633,experiments/cost_0bps,none
cost_0bps,cost_bps,run,logistic,test,10,all,1,10,0.0,0,macro_f1,0.35146855037871383,experiments/cost_0bps,none
cost_0bps,cost_bps,run,logistic,test,10,all,1,10,0.0,0,weighted_f1,0.5346427959541316,experiments/cost_0bps,none
cost_0bps,cost_bps,run,logistic,test,10,all,1,10,0.0,0,matthews_corrcoef,0.1217722835157405,experiments/cost_0bps,none
cost_0bps,cost_bps,run,logistic,test,10,all,1,10,0.0,0,balanced_accuracy,0.37574062520651225,experiments/cost_0bps,none
cost_0bps,cost_bps,run,logistic,test,10,all,1,10,0.0,0,log_loss,0.8904304019275787,experiments/cost_0bps,none
cost_0bps,cost_bps,run,logistic,test,10,all,1,10,0.0,0,n_samples,11686.0,experiments/cost_0bps,none
cost_0bps,cost_bps,run,logistic,test,10,all,1,10,0.0,0,class_count_train,3.0,experiments/cost_0bps,none
cost_0bps,cost_bps,run,logistic,test,10,all,1,10,0.0,0,class_count_test,3.0,experiments/cost_0bps,none
cost_0bps,cost_bps,run,logistic,test,10,all,1,10,0.0,0,brier_score,0.5189866466149302,experiments/cost_0bps,none
cost_0bps,cost_bps,run,logistic,test,10,all,1,10,0.0,0,mean_confidence,0.5874669568363994,experiments/cost_0bps,none
cost_0bps,cost_bps,run,logistic,test,10,all,1,10,0.0,0,expected_calibration_error,0.041110897222318726,experiments/cost_0bps,none
cost_0bps,cost_bps,run,deeplob_style,test,10,all,1,10,0.0,0,accuracy,0.5671743967140168,experiments/cost_0bps,none
cost_0bps,cost_bps,run,deeplob_style,test,10,all,1,10,0.0,0,macro_f1,0.35243154257775067,experiments/cost_0bps,none
cost_0bps,cost_bps,run,deeplob_style,test,10,all,1,10,0.0,0,weighted_f1,0.5256265549301775,experiments/cost_0bps,none
cost_0bps,cost_bps,run,deeplob_style,test,10,all,1,10,0.0,0,matthews_corrcoef,0.1473504491981849,experiments/cost_0bps,none
cost_0bps,cost_bps,run,deeplob_style,test,10,all,1,10,0.0,0,balanced_accuracy,0.3945728413951921,experiments/cost_0bps,none
cost_0bps,cost_bps,run,deeplob_style,test,10,all,1,10,0.0,0,log_loss,0.9880791335262586,experiments/cost_0bps,none
cost_0bps,cost_bps,run,deeplob_style,test,10,all,1,10,0.0,0,n_samples,11686.0,experiments/cost_0bps,none
cost_0bps,cost_bps,run,deeplob_style,test,10,all,1,10,0.0,0,class_count_train,3.0,experiments/cost_0bps,none
cost_0bps,cost_bps,run,deeplob_style,test,10,all,1,10,0.0,0,class_count_test,3.0,experiments/cost_0bps,none
cost_0bps,cost_bps,run,deeplob_style,test,10,all,1,10,0.0,0,brier_score,0.5877204413734426,experiments/cost_0bps,none
cost_0bps,cost_bps,run,deeplob_style,test,10,all,1,10,0.0,0,mean_confidence,0.4311215798681263,experiments/cost_0bps,none
cost_0bps,cost_bps,run,deeplob_style,test,10,all,1,10,0.0,0,expected_calibration_error,0.13605281684589038,experiments/cost_0bps,none
cost_0bps,cost_bps,run,majority,test,10,all,1,10,0.0,0,calibration.bin_0.count,0.0,experiments/cost_0bps,none
cost_0bps,cost_bps,run,majority,test,10,all,1,10,0.0,0,calibration.bin_0.mean_confidence,0.05,experiments/cost_0bps,none
cost_0bps,cost_bps,run,majority,test,10,all,1,10,0.0,0,calibration.bin_0.accuracy,0.0,experiments/cost_0bps,none
cost_0bps,cost_bps,run,majority,test,10,all,1,10,0.0,0,calibration.bin_0.confidence_gap,0.0,experiments/cost_0bps,none
cost_0bps,cost_bps,run,majority,test,10,all,1,10,0.0,0,calibration.bin_1.count,0.0,experiments/cost_0bps,none
cost_0bps,cost_bps,run,majority,test,10,all,1,10,0.0,0,calibration.bin_1.mean_confidence,0.15,experiments/cost_0bps,none
cost_0bps,cost_bps,run,majority,test,10,all,1,10,0.0,0,calibration.bin_1.accuracy,0.0,experiments/cost_0bps,none
cost_0bps,cost_bps,run,majority,test,10,all,1,10,0.0,0,calibration.bin_1.confidence_gap,0.0,experiments/cost_0bps,none
cost_0bps,cost_bps,run,majority,test,10,all,1,10,0.0,0,calibration.bin_2.count,0.0,experiments/cost_0bps,none
cost_0bps,cost_bps,run,majority,test,10,all,1,10,0.0,0,calibration.bin_2.mean_confidence,0.25,experiments/cost_0bps,none
cost_0bps,cost_bps,run,majority,test,10,all,1,10,0.0,0,calibration.bin_2.accuracy,0.0,experiments/cost_0bps,none
cost_0bps,cost_bps,run,majority,test,10,all,1,10,0.0,0,calibration.bin_2.confidence_gap,0.0,experiments/cost_0bps,none
cost_0bps,cost_bps,run,majority,test,10,all,1,10,0.0,0,calibration.bin_3.count,0.0,experiments/cost_0bps,none
cost_0bps,cost_bps,run,majority,test,10,all,1,10,0.0,0,calibration.bin_3.mean_confidence,0.35,experiments/cost_0bps,none
cost_0bps,cost_bps,run,majority,test,10,all,1,10,0.0,0,calibration.bin_3.accuracy,0.0,experiments/cost_0bps,none
cost_0bps,cost_bps,run,majority,test,10,all,1,10,0.0,0,calibration.bin_3.confidence_gap,0.0,experiments/cost_0bps,none
cost_0bps,cost_bps,run,majority,test,10,all,1,10,0.0,0,calibration.bin_4.count,0.0,experiments/cost_0bps,none
cost_0bps,cost_bps,run,majority,test,10,all,1,10,0.0,0,calibration.bin_4.mean_confidence,0.45,experiments/cost_0bps,none
cost_0bps,cost_bps,run,majority,test,10,all,1,10,0.0,0,calibration.bin_4.accuracy,0.0,experiments/cost_0bps,none
cost_0bps,cost_bps,run,majority,test,10,all,1,10,0.0,0,calibration.bin_4.confidence_gap,0.0,experiments/cost_0bps,none
cost_0bps,cost_bps,run,majority,test,10,all,1,10,0.0,0,calibration.bin_5.count,0.0,experiments/cost_0bps,none
cost_0bps,cost_bps,run,majority,test,10,all,1,10,0.0,0,calibration.bin_5.mean_confidence,0.55,experiments/cost_0bps,none
cost_0bps,cost_bps,run,majority,test,10,all,1,10,0.0,0,calibration.bin_5.accuracy,0.0,experiments/cost_0bps,none
cost_0bps,cost_bps,run,majority,test,10,all,1,10,0.0,0,calibration.bin_5.confidence_gap,0.0,experiments/cost_0bps,none
cost_0bps,cost_bps,run,majority,test,10,all,1,10,0.0,0,calibration.bin_6.count,11686.0,experiments/cost_0bps,none
cost_0bps,cost_bps,run,majority,test,10,all,1,10,0.0,0,calibration.bin_6.mean_confidence,0.6029411764705882,experiments/cost_0bps,none
cost_0bps,cost_bps,run,majority,test,10,all,1,10,0.0,0,calibration.bin_6.accuracy,0.6286154372753723,experiments/cost_0bps,none
cost_0bps,cost_bps,run,majority,test,10,all,1,10,0.0,0,calibration.bin_6.confidence_gap,0.025674260804784,experiments/cost_0bps,none
cost_0bps,cost_bps,run,majority,test,10,all,1,10,0.0,0,calibration.bin_7.count,0.0,experiments/cost_0bps,none
cost_0bps,cost_bps,run,majority,test,10,all,1,10,0.0,0,calibration.bin_7.mean_confidence,0.75,experiments/cost_0bps,none
cost_0bps,cost_bps,run,majority,test,10,all,1,10,0.0,0,calibration.bin_7.accuracy,0.0,experiments/cost_0bps,none
cost_0bps,cost_bps,run,majority,test,10,all,1,10,0.0,0,calibration.bin_7.confidence_gap,0.0,experiments/cost_0bps,none
cost_0bps,cost_bps,run,majority,test,10,all,1,10,0.0,0,calibration.bin_8.count,0.0,experiments/cost_0bps,none
cost_0bps,cost_bps,run,majority,test,10,all,1,10,0.0,0,calibration.bin_8.mean_confidence,0.8500000000000001,experiments/cost_0bps,none
cost_0bps,cost_bps,run,majority,test,10,all,1,10,0.0,0,calibration.bin_8.accuracy,0.0,experiments/cost_0bps,none
cost_0bps,cost_bps,run,majority,test,10,all,1,10,0.0,0,calibration.bin_8.confidence_gap,0.0,experiments/cost_0bps,none
cost_0bps,cost_bps,run,majority,test,10,all,1,10,0.0,0,calibration.bin_9.count,0.0,experiments/cost_0bps,none
cost_0bps,cost_bps,run,majority,test,10,all,1,10,0.0,0,calibration.bin_9.mean_confidence,0.95,experiments/cost_0bps,none
cost_0bps,cost_bps,run,majority,test,10,all,1,10,0.0,0,calibration.bin_9.accuracy,0.0,experiments/cost_0bps,none
cost_0bps,cost_bps,run,majority,test,10,all,1,10,0.0,0,calibration.bin_9.confidence_gap,0.0,experiments/cost_0bps,none
cost_0bps,cost_bps,run,logistic,test,10,all,1,10,0.0,0,calibration.bin_0.count,0.0,experiments/cost_0bps,none
cost_0bps,cost_bps,run,logistic,test,10,all,1,10,0.0,0,calibration.bin_0.mean_confidence,0.05,experiments/cost_0bps,none
cost_0bps,cost_bps,run,logistic,test,10,all,1,10,0.0,0,calibration.bin_0.accuracy,0.0,experiments/cost_0bps,none
cost_0bps,cost_bps,run,logistic,test,10,all,1,10,0.0,0,calibration.bin_0.confidence_gap,0.0,experiments/cost_0bps,none
cost_0bps,cost_bps,run,logistic,test,10,all,1,10,0.0,0,calibration.bin_1.count,0.0,experiments/cost_0bps,none
cost_0bps,cost_bps,run,logistic,test,10,all,1,10,0.0,0,calibration.bin_1.mean_confidence,0.15,experiments/cost_0bps,none
cost_0bps,cost_bps,run,logistic,test,10,all,1,10,0.0,0,calibration.bin_1.accuracy,0.0,experiments/cost_0bps,none
cost_0bps,cost_bps,run,logistic,test,10,all,1,10,0.0,0,calibration.bin_1.confidence_gap,0.0,experiments/cost_0bps,none
cost_0bps,cost_bps,run,logistic,test,10,all,1,10,0.0,0,calibration.bin_2.count,0.0,experiments/cost_0bps,none
cost_0bps,cost_bps,run,logistic,test,10,all,1,10,0.0,0,calibration.bin_2.mean_confidence,0.25,experiments/cost_0bps,none
cost_0bps,cost_bps,run,logistic,test,10,all,1,10,0.0,0,calibration.bin_2.accuracy,0.0,experiments/cost_0bps,none
cost_0bps,cost_bps,run,logistic,test,10,all,1,10,0.0,0,calibration.bin_2.confidence_gap,0.0,experiments/cost_0bps,none
cost_0bps,cost_bps,run,logistic,test,10,all,1,10,0.0,0,calibration.bin_3.count,496.0,experiments/cost_0bps,none
cost_0bps,cost_bps,run,logistic,test,10,all,1,10,0.0,0,calibration.bin_3.mean_confidence,0.378542820211792,experiments/cost_0bps,none
cost_0bps,cost_bps,run,logistic,test,10,all,1,10,0.0,0,calibration.bin_3.accuracy,0.3508064516129032,experiments/cost_0bps,none
cost_0bps,cost_bps,run,logistic,test,10,all,1,10,0.0,0,calibration.bin_3.confidence_gap,0.0277363685988887,experiments/cost_0bps,none
cost_0bps,cost_bps,run,logistic,test,10,all,1,10,0.0,0,calibration.bin_4.count,2501.0,experiments/cost_0bps,none
cost_0bps,cost_bps,run,logistic,test,10,all,1,10,0.0,0,calibration.bin_4.mean_confidence,0.4563493231015716,experiments/cost_0bps,none
cost_0bps,cost_bps,run,logistic,test,10,all,1,10,0.0,0,calibration.bin_4.accuracy,0.4814074370251899,experiments/cost_0bps,none
cost_0bps,cost_bps,run,logistic,test,10,all,1,10,0.0,0,calibration.bin_4.confidence_gap,0.0250581139236182,experiments/cost_0bps,none
cost_0bps,cost_bps,run,logistic,test,10,all,1,10,0.0,0,calibration.bin_5.count,3556.0,experiments/cost_0bps,none
cost_0bps,cost_bps,run,logistic,test,10,all,1,10,0.0,0,calibration.bin_5.mean_confidence,0.5515976077339129,experiments/cost_0bps,none
cost_0bps,cost_bps,run,logistic,test,10,all,1,10,0.0,0,calibration.bin_5.accuracy,0.6105174353205849,experiments/cost_0bps,none
cost_0bps,cost_bps,run,logistic,test,10,all,1,10,0.0,0,calibration.bin_5.confidence_gap,0.058919827586672,experiments/cost_0bps,none
cost_0bps,cost_bps,run,logistic,test,10,all,1,10,0.0,0,calibration.bin_6.count,2830.0,experiments/cost_0bps,none
cost_0bps,cost_bps,run,logistic,test,10,all,1,10,0.0,0,calibration.bin_6.mean_confidence,0.6489150854487953,experiments/cost_0bps,none
cost_0bps,cost_bps,run,logistic,test,10,all,1,10,0.0,0,calibration.bin_6.accuracy,0.7098939929328622,experiments/cost_0bps,none
cost_0bps,cost_bps,run,logistic,test,10,all,1,10,0.0,0,calibration.bin_6.confidence_gap,0.0609789074840668,experiments/cost_0bps,none
cost_0bps,cost_bps,run,logistic,test,10,all,1,10,0.0,0,calibration.bin_7.count,2001.0,experiments/cost_0bps,none
cost_0bps,cost_bps,run,logistic,test,10,all,1,10,0.0,0,calibration.bin_7.mean_confidence,0.7431874134563505,experiments/cost_0bps,none
cost_0bps,cost_bps,run,logistic,test,10,all,1,10,0.0,0,calibration.bin_7.accuracy,0.7456271864067966,experiments/cost_0bps,none
cost_0bps,cost_bps,run,logistic,test,10,all,1,10,0.0,0,calibration.bin_7.confidence_gap,0.002439772950446,experiments/cost_0bps,none
cost_0bps,cost_bps,run,logistic,test,10,all,1,10,0.0,0,calibration.bin_8.count,292.0,experiments/cost_0bps,none
cost_0bps,cost_bps,run,logistic,test,10,all,1,10,0.0,0,calibration.bin_8.mean_confidence,0.8271102484332379,experiments/cost_0bps,none
cost_0bps,cost_bps,run,logistic,test,10,all,1,10,0.0,0,calibration.bin_8.accuracy,0.7808219178082192,experiments/cost_0bps,none
cost_0bps,cost_bps,run,logistic,test,10,all,1,10,0.0,0,calibration.bin_8.confidence_gap,0.0462883306250186,experiments/cost_0bps,none
cost_0bps,cost_bps,run,logistic,test,10,all,1,10,0.0,0,calibration.bin_9.count,10.0,experiments/cost_0bps,none
cost_0bps,cost_bps,run,logistic,test,10,all,1,10,0.0,0,calibration.bin_9.mean_confidence,0.9506969897535475,experiments/cost_0bps,none
cost_0bps,cost_bps,run,logistic,test,10,all,1,10,0.0,0,calibration.bin_9.accuracy,0.6,experiments/cost_0bps,none
cost_0bps,cost_bps,run,logistic,test,10,all,1,10,0.0,0,calibration.bin_9.confidence_gap,0.3506969897535475,experiments/cost_0bps,none
cost_0bps,cost_bps,run,deeplob_style,test,10,all,1,10,0.0,0,calibration.bin_0.count,0.0,experiments/cost_0bps,none
cost_0bps,cost_bps,run,deeplob_style,test,10,all,1,10,0.0,0,calibration.bin_0.mean_confidence,0.05,experiments/cost_0bps,none
cost_0bps,cost_bps,run,deeplob_style,test,10,all,1,10,0.0,0,calibration.bin_0.accuracy,0.0,experiments/cost_0bps,none
cost_0bps,cost_bps,run,deeplob_style,test,10,all,1,10,0.0,0,calibration.bin_0.confidence_gap,0.0,experiments/cost_0bps,none
cost_0bps,cost_bps,run,deeplob_style,test,10,all,1,10,0.0,0,calibration.bin_1.count,0.0,experiments/cost_0bps,none
cost_0bps,cost_bps,run,deeplob_style,test,10,all,1,10,0.0,0,calibration.bin_1.mean_confidence,0.15,experiments/cost_0bps,none
cost_0bps,cost_bps,run,deeplob_style,test,10,all,1,10,0.0,0,calibration.bin_1.accuracy,0.0,experiments/cost_0bps,none
cost_0bps,cost_bps,run,deeplob_style,test,10,all,1,10,0.0,0,calibration.bin_1.confidence_gap,0.0,experiments/cost_0bps,none
cost_0bps,cost_bps,run,deeplob_style,test,10,all,1,10,0.0,0,calibration.bin_2.count,0.0,experiments/cost_0bps,none
cost_0bps,cost_bps,run,deeplob_style,test,10,all,1,10,0.0,0,calibration.bin_2.mean_confidence,0.25,experiments/cost_0bps,none
cost_0bps,cost_bps,run,deeplob_style,test,10,all,1,10,0.0,0,calibration.bin_2.accuracy,0.0,experiments/cost_0bps,none
cost_0bps,cost_bps,run,deeplob_style,test,10,all,1,10,0.0,0,calibration.bin_2.confidence_gap,0.0,experiments/cost_0bps,none
cost_0bps,cost_bps,run,deeplob_style,test,10,all,1,10,0.0,0,calibration.bin_3.count,5738.0,experiments/cost_0bps,none
cost_0bps,cost_bps,run,deeplob_style,test,10,all,1,10,0.0,0,calibration.bin_3.mean_confidence,0.3761954318861263,experiments/cost_0bps,none
cost_0bps,cost_bps,run,deeplob_style,test,10,all,1,10,0.0,0,calibration.bin_3.accuracy,0.3976995468804462,experiments/cost_0bps,none
cost_0bps,cost_bps,run,deeplob_style,test,10,all,1,10,0.0,0,calibration.bin_3.confidence_gap,0.0215041149943198,experiments/cost_0bps,none
cost_0bps,cost_bps,run,deeplob_style,test,10,all,1,10,0.0,0,calibration.bin_4.count,3389.0,experiments/cost_0bps,none
cost_0bps,cost_bps,run,deeplob_style,test,10,all,1,10,0.0,0,calibration.bin_4.mean_confidence,0.4482917762820247,experiments/cost_0bps,none
cost_0bps,cost_bps,run,deeplob_style,test,10,all,1,10,0.0,0,calibration.bin_4.accuracy,0.7043375627028622,experiments/cost_0bps,none
cost_0bps,cost_bps,run,deeplob_style,test,10,all,1,10,0.0,0,calibration.bin_4.confidence_gap,0.2560457864208374,experiments/cost_0bps,none
cost_0bps,cost_bps,run,deeplob_style,test,10,all,1,10,0.0,0,calibration.bin_5.count,2558.0,experiments/cost_0bps,none
cost_0bps,cost_bps,run,deeplob_style,test,10,all,1,10,0.0,0,calibration.bin_5.mean_confidence,0.5315117140002354,experiments/cost_0bps,none
cost_0bps,cost_bps,run,deeplob_style,test,10,all,1,10,0.0,0,calibration.bin_5.accuracy,0.7654417513682564,experiments/cost_0bps,none
cost_0bps,cost_bps,run,deeplob_style,test,10,all,1,10,0.0,0,calibration.bin_5.confidence_gap,0.2339300373680209,experiments/cost_0bps,none
cost_0bps,cost_bps,run,deeplob_style,test,10,all,1,10,0.0,0,calibration.bin_6.count,1.0,experiments/cost_0bps,none
cost_0bps,cost_bps,run,deeplob_style,test,10,all,1,10,0.0,0,calibration.bin_6.mean_confidence,0.6095999439477979,experiments/cost_0bps,none
cost_0bps,cost_bps,run,deeplob_style,test,10,all,1,10,0.0,0,calibration.bin_6.accuracy,1.0,experiments/cost_0bps,none
cost_0bps,cost_bps,run,deeplob_style,test,10,all,1,10,0.0,0,calibration.bin_6.confidence_gap,0.390400056052202,experiments/cost_0bps,none
cost_0bps,cost_bps,run,deeplob_style,test,10,all,1,10,0.0,0,calibration.bin_7.count,0.0,experiments/cost_0bps,none
cost_0bps,cost_bps,run,deeplob_style,test,10,all,1,10,0.0,0,calibration.bin_7.mean_confidence,0.75,experiments/cost_0bps,none
cost_0bps,cost_bps,run,deeplob_style,test,10,all,1,10,0.0,0,calibration.bin_7.accuracy,0.0,experiments/cost_0bps,none
cost_0bps,cost_bps,run,deeplob_style,test,10,all,1,10,0.0,0,calibration.bin_7.confidence_gap,0.0,experiments/cost_0bps,none
cost_0bps,cost_bps,run,deeplob_style,test,10,all,1,10,0.0,0,calibration.bin_8.count,0.0,experiments/cost_0bps,none
cost_0bps,cost_bps,run,deeplob_style,test,10,all,1,10,0.0,0,calibration.bin_8.mean_confidence,0.8500000000000001,experiments/cost_0bps,none
cost_0bps,cost_bps,run,deeplob_style,test,10,all,1,10,0.0,0,calibration.bin_8.accuracy,0.0,experiments/cost_0bps,none
cost_0bps,cost_bps,run,deeplob_style,test,10,all,1,10,0.0,0,calibration.bin_8.confidence_gap,0.0,experiments/cost_0bps,none
cost_0bps,cost_bps,run,deeplob_style,test,10,all,1,10,0.0,0,calibration.bin_9.count,0.0,experiments/cost_0bps,none
cost_0bps,cost_bps,run,deeplob_style,test,10,all,1,10,0.0,0,calibration.bin_9.mean_confidence,0.95,experiments/cost_0bps,none
cost_0bps,cost_bps,run,deeplob_style,test,10,all,1,10,0.0,0,calibration.bin_9.accuracy,0.0,experiments/cost_0bps,none
cost_0bps,cost_bps,run,deeplob_style,test,10,all,1,10,0.0,0,calibration.bin_9.confidence_gap,0.0,experiments/cost_0bps,none
cost_0bps,cost_bps,run,majority,test,10,all,1,10,0.0,0,execution.eligible_predictions@confidence_threshold=0,11676.0,experiments/cost_0bps,none
cost_0bps,cost_bps,run,majority,test,10,all,1,10,0.0,0,execution.trade_count_proxy@confidence_threshold=0,11676.0,experiments/cost_0bps,none
cost_0bps,cost_bps,run,majority,test,10,all,1,10,0.0,0,execution.turnover_proxy@confidence_threshold=0,11676.0,experiments/cost_0bps,none
cost_0bps,cost_bps,run,majority,test,10,all,1,10,0.0,0,execution.gross_signal_return_proxy@confidence_threshold=0,-0.4374632647694284,experiments/cost_0bps,none
cost_0bps,cost_bps,run,majority,test,10,all,1,10,0.0,0,execution.cost_proxy@confidence_threshold=0,0.0,experiments/cost_0bps,none
cost_0bps,cost_bps,run,majority,test,10,all,1,10,0.0,0,execution.net_signal_return_proxy@confidence_threshold=0,-0.4374632647694284,experiments/cost_0bps,none
cost_0bps,cost_bps,run,majority,test,10,all,1,10,0.0,0,execution.hit_rate_proxy@confidence_threshold=0,0.6286399451867077,experiments/cost_0bps,none
cost_0bps,cost_bps,run,majority,test,10,all,1,10,0.0,0,execution.eligible_predictions@confidence_threshold=0.5,11676.0,experiments/cost_0bps,none
cost_0bps,cost_bps,run,majority,test,10,all,1,10,0.0,0,execution.trade_count_proxy@confidence_threshold=0.5,11676.0,experiments/cost_0bps,none
cost_0bps,cost_bps,run,majority,test,10,all,1,10,0.0,0,execution.turnover_proxy@confidence_threshold=0.5,11676.0,experiments/cost_0bps,none
cost_0bps,cost_bps,run,majority,test,10,all,1,10,0.0,0,execution.gross_signal_return_proxy@confidence_threshold=0.5,-0.4374632647694284,experiments/cost_0bps,none
cost_0bps,cost_bps,run,majority,test,10,all,1,10,0.0,0,execution.cost_proxy@confidence_threshold=0.5,0.0,experiments/cost_0bps,none
cost_0bps,cost_bps,run,majority,test,10,all,1,10,0.0,0,execution.net_signal_return_proxy@confidence_threshold=0.5,-0.4374632647694284,experiments/cost_0bps,none
cost_0bps,cost_bps,run,majority,test,10,all,1,10,0.0,0,execution.hit_rate_proxy@confidence_threshold=0.5,0.6286399451867077,experiments/cost_0bps,none
cost_0bps,cost_bps,run,majority,test,10,all,1,10,0.0,0,execution.eligible_predictions@confidence_threshold=0.6,11676.0,experiments/cost_0bps,none
cost_0bps,cost_bps,run,majority,test,10,all,1,10,0.0,0,execution.trade_count_proxy@confidence_threshold=0.6,11676.0,experiments/cost_0bps,none
cost_0bps,cost_bps,run,majority,test,10,all,1,10,0.0,0,execution.turnover_proxy@confidence_threshold=0.6,11676.0,experiments/cost_0bps,none
cost_0bps,cost_bps,run,majority,test,10,all,1,10,0.0,0,execution.gross_signal_return_proxy@confidence_threshold=0.6,-0.4374632647694284,experiments/cost_0bps,none
cost_0bps,cost_bps,run,majority,test,10,all,1,10,0.0,0,execution.cost_proxy@confidence_threshold=0.6,0.0,experiments/cost_0bps,none
cost_0bps,cost_bps,run,majority,test,10,all,1,10,0.0,0,execution.net_signal_return_proxy@confidence_threshold=0.6,-0.4374632647694284,experiments/cost_0bps,none
cost_0bps,cost_bps,run,majority,test,10,all,1,10,0.0,0,execution.hit_rate_proxy@confidence_threshold=0.6,0.6286399451867077,experiments/cost_0bps,none
cost_0bps,cost_bps,run,majority,test,10,all,1,10,0.0,0,execution.eligible_predictions@confidence_threshold=0.7,0.0,experiments/cost_0bps,none
cost_0bps,cost_bps,run,majority,test,10,all,1,10,0.0,0,execution.trade_count_proxy@confidence_threshold=0.7,0.0,experiments/cost_0bps,none
cost_0bps,cost_bps,run,majority,test,10,all,1,10,0.0,0,execution.turnover_proxy@confidence_threshold=0.7,0.0,experiments/cost_0bps,none
cost_0bps,cost_bps,run,majority,test,10,all,1,10,0.0,0,execution.gross_signal_return_proxy@confidence_threshold=0.7,0.0,experiments/cost_0bps,none
cost_0bps,cost_bps,run,majority,test,10,all,1,10,0.0,0,execution.cost_proxy@confidence_threshold=0.7,0.0,experiments/cost_0bps,none
cost_0bps,cost_bps,run,majority,test,10,all,1,10,0.0,0,execution.net_signal_return_proxy@confidence_threshold=0.7,0.0,experiments/cost_0bps,none
cost_0bps,cost_bps,run,majority,test,10,all,1,10,0.0,0,execution.hit_rate_proxy@confidence_threshold=0.7,0.0,experiments/cost_0bps,none
cost_0bps,cost_bps,run,logistic,test,10,all,1,10,0.0,0,execution.eligible_predictions@confidence_threshold=0,11676.0,experiments/cost_0bps,none
cost_0bps,cost_bps,run,logistic,test,10,all,1,10,0.0,0,execution.trade_count_proxy@confidence_threshold=0,10845.0,experiments/cost_0bps,none
cost_0bps,cost_bps,run,logistic,test,10,all,1,10,0.0,0,execution.turnover_proxy@confidence_threshold=0,10845.0,experiments/cost_0bps,none
cost_0bps,cost_bps,run,logistic,test,10,all,1,10,0.0,0,execution.gross_signal_return_proxy@confidence_threshold=0,-0.4286252710396254,experiments/cost_0bps,none
cost_0bps,cost_bps,run,logistic,test,10,all,1,10,0.0,0,execution.cost_proxy@confidence_threshold=0,0.0,experiments/cost_0bps,none
cost_0bps,cost_bps,run,logistic,test,10,all,1,10,0.0,0,execution.net_signal_return_proxy@confidence_threshold=0,-0.4286252710396254,experiments/cost_0bps,none
cost_0bps,cost_bps,run,logistic,test,10,all,1,10,0.0,0,execution.hit_rate_proxy@confidence_threshold=0,0.6233299075025693,experiments/cost_0bps,none
cost_0bps,cost_bps,run,logistic,test,10,all,1,10,0.0,0,execution.eligible_predictions@confidence_threshold=0.5,8679.0,experiments/cost_0bps,none
cost_0bps,cost_bps,run,logistic,test,10,all,1,10,0.0,0,execution.trade_count_proxy@confidence_threshold=0.5,8418.0,experiments/cost_0bps,none
cost_0bps,cost_bps,run,logistic,test,10,all,1,10,0.0,0,execution.turnover_proxy@confidence_threshold=0.5,8418.0,experiments/cost_0bps,none
cost_0bps,cost_bps,run,logistic,test,10,all,1,10,0.0,0,execution.gross_signal_return_proxy@confidence_threshold=0.5,-0.5699791713708685,experiments/cost_0bps,none
cost_0bps,cost_bps,run,logistic,test,10,all,1,10,0.0,0,execution.cost_proxy@confidence_threshold=0.5,0.0,experiments/cost_0bps,none
cost_0bps,cost_bps,run,logistic,test,10,all,1,10,0.0,0,execution.net_signal_return_proxy@confidence_threshold=0.5,-0.5699791713708685,experiments/cost_0bps,none
cost_0bps,cost_bps,run,logistic,test,10,all,1,10,0.0,0,execution.hit_rate_proxy@confidence_threshold=0.5,0.6798018204862312,experiments/cost_0bps,none
cost_0bps,cost_bps,run,logistic,test,10,all,1,10,0.0,0,execution.eligible_predictions@confidence_threshold=0.6,5127.0,experiments/cost_0bps,none
cost_0bps,cost_bps,run,logistic,test,10,all,1,10,0.0,0,execution.trade_count_proxy@confidence_threshold=0.6,5018.0,experiments/cost_0bps,none
cost_0bps,cost_bps,run,logistic,test,10,all,1,10,0.0,0,execution.turnover_proxy@confidence_threshold=0.6,5018.0,experiments/cost_0bps,none
cost_0bps,cost_bps,run,logistic,test,10,all,1,10,0.0,0,execution.gross_signal_return_proxy@confidence_threshold=0.6,-0.937204108973911,experiments/cost_0bps,none
cost_0bps,cost_bps,run,logistic,test,10,all,1,10,0.0,0,execution.cost_proxy@confidence_threshold=0.6,0.0,experiments/cost_0bps,none
cost_0bps,cost_bps,run,logistic,test,10,all,1,10,0.0,0,execution.net_signal_return_proxy@confidence_threshold=0.6,-0.937204108973911,experiments/cost_0bps,none
cost_0bps,cost_bps,run,logistic,test,10,all,1,10,0.0,0,execution.hit_rate_proxy@confidence_threshold=0.6,0.7275209674273454,experiments/cost_0bps,none
cost_0bps,cost_bps,run,logistic,test,10,all,1,10,0.0,0,execution.eligible_predictions@confidence_threshold=0.7,2300.0,experiments/cost_0bps,none
cost_0bps,cost_bps,run,logistic,test,10,all,1,10,0.0,0,execution.trade_count_proxy@confidence_threshold=0.7,2251.0,experiments/cost_0bps,none
cost_0bps,cost_bps,run,logistic,test,10,all,1,10,0.0,0,execution.turnover_proxy@confidence_threshold=0.7,2251.0,experiments/cost_0bps,none
cost_0bps,cost_bps,run,logistic,test,10,all,1,10,0.0,0,execution.gross_signal_return_proxy@confidence_threshold=0.7,-1.5156647992317125,experiments/cost_0bps,none
cost_0bps,cost_bps,run,logistic,test,10,all,1,10,0.0,0,execution.cost_proxy@confidence_threshold=0.7,0.0,experiments/cost_0bps,none
cost_0bps,cost_bps,run,logistic,test,10,all,1,10,0.0,0,execution.net_signal_return_proxy@confidence_threshold=0.7,-1.5156647992317125,experiments/cost_0bps,none
cost_0bps,cost_bps,run,logistic,test,10,all,1,10,0.0,0,execution.hit_rate_proxy@confidence_threshold=0.7,0.7495652173913043,experiments/cost_0bps,none
cost_0bps,cost_bps,run,deeplob_style,test,10,all,1,10,0.0,0,execution.eligible_predictions@confidence_threshold=0,11676.0,experiments/cost_0bps,none
cost_0bps,cost_bps,run,deeplob_style,test,10,all,1,10,0.0,0,execution.trade_count_proxy@confidence_threshold=0,11676.0,experiments/cost_0bps,none
cost_0bps,cost_bps,run,deeplob_style,test,10,all,1,10,0.0,0,execution.turnover_proxy@confidence_threshold=0,11676.0,experiments/cost_0bps,none
cost_0bps,cost_bps,run,deeplob_style,test,10,all,1,10,0.0,0,execution.gross_signal_return_proxy@confidence_threshold=0,-0.3748037982730208,experiments/cost_0bps,none
cost_0bps,cost_bps,run,deeplob_style,test,10,all,1,10,0.0,0,execution.cost_proxy@confidence_threshold=0,0.0,experiments/cost_0bps,none
cost_0bps,cost_bps,run,deeplob_style,test,10,all,1,10,0.0,0,execution.net_signal_return_proxy@confidence_threshold=0,-0.3748037982730208,experiments/cost_0bps,none
cost_0bps,cost_bps,run,deeplob_style,test,10,all,1,10,0.0,0,execution.hit_rate_proxy@confidence_threshold=0,0.5671462829736211,experiments/cost_0bps,none
cost_0bps,cost_bps,run,deeplob_style,test,10,all,1,10,0.0,0,execution.eligible_predictions@confidence_threshold=0.5,2555.0,experiments/cost_0bps,none
cost_0bps,cost_bps,run,deeplob_style,test,10,all,1,10,0.0,0,execution.trade_count_proxy@confidence_threshold=0.5,2555.0,experiments/cost_0bps,none
cost_0bps,cost_bps,run,deeplob_style,test,10,all,1,10,0.0,0,execution.turnover_proxy@confidence_threshold=0.5,2555.0,experiments/cost_0bps,none
cost_0bps,cost_bps,run,deeplob_style,test,10,all,1,10,0.0,0,execution.gross_signal_return_proxy@confidence_threshold=0.5,-1.2437741107634075,experiments/cost_0bps,none
cost_0bps,cost_bps,run,deeplob_style,test,10,all,1,10,0.0,0,execution.cost_proxy@confidence_threshold=0.5,0.0,experiments/cost_0bps,none
cost_0bps,cost_bps,run,deeplob_style,test,10,all,1,10,0.0,0,execution.net_signal_return_proxy@confidence_threshold=0.5,-1.2437741107634075,experiments/cost_0bps,none
cost_0bps,cost_bps,run,deeplob_style,test,10,all,1,10,0.0,0,execution.hit_rate_proxy@confidence_threshold=0.5,0.7655577299412916,experiments/cost_0bps,none
cost_0bps,cost_bps,run,deeplob_style,test,10,all,1,10,0.0,0,execution.eligible_predictions@confidence_threshold=0.6,1.0,experiments/cost_0bps,none
cost_0bps,cost_bps,run,deeplob_style,test,10,all,1,10,0.0,0,execution.trade_count_proxy@confidence_threshold=0.6,1.0,experiments/cost_0bps,none
cost_0bps,cost_bps,run,deeplob_style,test,10,all,1,10,0.0,0,execution.turnover_proxy@confidence_threshold=0.6,1.0,experiments/cost_0bps,none
cost_0bps,cost_bps,run,deeplob_style,test,10,all,1,10,0.0,0,execution.gross_signal_return_proxy@confidence_threshold=0.6,-15.658865289090976,experiments/cost_0bps,none
cost_0bps,cost_bps,run,deeplob_style,test,10,all,1,10,0.0,0,execution.cost_proxy@confidence_threshold=0.6,0.0,experiments/cost_0bps,none
cost_0bps,cost_bps,run,deeplob_style,test,10,all,1,10,0.0,0,execution.net_signal_return_proxy@confidence_threshold=0.6,-15.658865289090976,experiments/cost_0bps,none
cost_0bps,cost_bps,run,deeplob_style,test,10,all,1,10,0.0,0,execution.hit_rate_proxy@confidence_threshold=0.6,1.0,experiments/cost_0bps,none
cost_0bps,cost_bps,run,deeplob_style,test,10,all,1,10,0.0,0,execution.eligible_predictions@confidence_threshold=0.7,0.0,experiments/cost_0bps,none
cost_0bps,cost_bps,run,deeplob_style,test,10,all,1,10,0.0,0,execution.trade_count_proxy@confidence_threshold=0.7,0.0,experiments/cost_0bps,none
cost_0bps,cost_bps,run,deeplob_style,test,10,all,1,10,0.0,0,execution.turnover_proxy@confidence_threshold=0.7,0.0,experiments/cost_0bps,none
cost_0bps,cost_bps,run,deeplob_style,test,10,all,1,10,0.0,0,execution.gross_signal_return_proxy@confidence_threshold=0.7,0.0,experiments/cost_0bps,none
cost_0bps,cost_bps,run,deeplob_style,test,10,all,1,10,0.0,0,execution.cost_proxy@confidence_threshold=0.7,0.0,experiments/cost_0bps,none
cost_0bps,cost_bps,run,deeplob_style,test,10,all,1,10,0.0,0,execution.net_signal_return_proxy@confidence_threshold=0.7,0.0,experiments/cost_0bps,none
cost_0bps,cost_bps,run,deeplob_style,test,10,all,1,10,0.0,0,execution.hit_rate_proxy@confidence_threshold=0.7,0.0,experiments/cost_0bps,none
cost_1bps,cost_bps,run,majority,test,10,all,1,10,1.0,0,accuracy,0.6286154372753723,experiments/cost_1bps,none
cost_1bps,cost_bps,run,majority,test,10,all,1,10,1.0,0,macro_f1,0.25732100322264256,experiments/cost_1bps,none
cost_1bps,cost_bps,run,majority,test,10,all,1,10,1.0,0,weighted_f1,0.4852678648828168,experiments/cost_1bps,none
cost_1bps,cost_bps,run,majority,test,10,all,1,10,1.0,0,matthews_corrcoef,0.0,experiments/cost_1bps,none
cost_1bps,cost_bps,run,majority,test,10,all,1,10,1.0,0,balanced_accuracy,0.3333333333333333,experiments/cost_1bps,none
cost_1bps,cost_bps,run,majority,test,10,all,1,10,1.0,0,log_loss,0.9180419332042239,experiments/cost_1bps,none
cost_1bps,cost_bps,run,majority,test,10,all,1,10,1.0,0,n_samples,11686.0,experiments/cost_1bps,none
cost_1bps,cost_bps,run,majority,test,10,all,1,10,1.0,0,class_count_train,3.0,experiments/cost_1bps,none
cost_1bps,cost_bps,run,majority,test,10,all,1,10,1.0,0,class_count_test,3.0,experiments/cost_1bps,none
cost_1bps,cost_bps,run,majority,test,10,all,1,10,1.0,0,brier_score,0.5366889220539707,experiments/cost_1bps,none
cost_1bps,cost_bps,run,majority,test,10,all,1,10,1.0,0,mean_confidence,0.6029411764705882,experiments/cost_1bps,none
cost_1bps,cost_bps,run,majority,test,10,all,1,10,1.0,0,expected_calibration_error,0.025674260804784077,experiments/cost_1bps,none
cost_1bps,cost_bps,run,logistic,test,10,all,1,10,1.0,0,accuracy,0.6233099435221633,experiments/cost_1bps,none
cost_1bps,cost_bps,run,logistic,test,10,all,1,10,1.0,0,macro_f1,0.35146855037871383,experiments/cost_1bps,none
cost_1bps,cost_bps,run,logistic,test,10,all,1,10,1.0,0,weighted_f1,0.5346427959541316,experiments/cost_1bps,none
cost_1bps,cost_bps,run,logistic,test,10,all,1,10,1.0,0,matthews_corrcoef,0.1217722835157405,experiments/cost_1bps,none
cost_1bps,cost_bps,run,logistic,test,10,all,1,10,1.0,0,balanced_accuracy,0.37574062520651225,experiments/cost_1bps,none
cost_1bps,cost_bps,run,logistic,test,10,all,1,10,1.0,0,log_loss,0.8904304019275787,experiments/cost_1bps,none
cost_1bps,cost_bps,run,logistic,test,10,all,1,10,1.0,0,n_samples,11686.0,experiments/cost_1bps,none
cost_1bps,cost_bps,run,logistic,test,10,all,1,10,1.0,0,class_count_train,3.0,experiments/cost_1bps,none
cost_1bps,cost_bps,run,logistic,test,10,all,1,10,1.0,0,class_count_test,3.0,experiments/cost_1bps,none
cost_1bps,cost_bps,run,logistic,test,10,all,1,10,1.0,0,brier_score,0.5189866466149302,experiments/cost_1bps,none
cost_1bps,cost_bps,run,logistic,test,10,all,1,10,1.0,0,mean_confidence,0.5874669568363994,experiments/cost_1bps,none
cost_1bps,cost_bps,run,logistic,test,10,all,1,10,1.0,0,expected_calibration_error,0.041110897222318726,experiments/cost_1bps,none
cost_1bps,cost_bps,run,deeplob_style,test,10,all,1,10,1.0,0,accuracy,0.5671743967140168,experiments/cost_1bps,none
cost_1bps,cost_bps,run,deeplob_style,test,10,all,1,10,1.0,0,macro_f1,0.35243154257775067,experiments/cost_1bps,none
cost_1bps,cost_bps,run,deeplob_style,test,10,all,1,10,1.0,0,weighted_f1,0.5256265549301775,experiments/cost_1bps,none
cost_1bps,cost_bps,run,deeplob_style,test,10,all,1,10,1.0,0,matthews_corrcoef,0.1473504491981849,experiments/cost_1bps,none
cost_1bps,cost_bps,run,deeplob_style,test,10,all,1,10,1.0,0,balanced_accuracy,0.3945728413951921,experiments/cost_1bps,none
cost_1bps,cost_bps,run,deeplob_style,test,10,all,1,10,1.0,0,log_loss,0.9880791335262586,experiments/cost_1bps,none
cost_1bps,cost_bps,run,deeplob_style,test,10,all,1,10,1.0,0,n_samples,11686.0,experiments/cost_1bps,none
cost_1bps,cost_bps,run,deeplob_style,test,10,all,1,10,1.0,0,class_count_train,3.0,experiments/cost_1bps,none
cost_1bps,cost_bps,run,deeplob_style,test,10,all,1,10,1.0,0,class_count_test,3.0,experiments/cost_1bps,none
cost_1bps,cost_bps,run,deeplob_style,test,10,all,1,10,1.0,0,brier_score,0.5877204413734426,experiments/cost_1bps,none
cost_1bps,cost_bps,run,deeplob_style,test,10,all,1,10,1.0,0,mean_confidence,0.4311215798681263,experiments/cost_1bps,none
cost_1bps,cost_bps,run,deeplob_style,test,10,all,1,10,1.0,0,expected_calibration_error,0.13605281684589038,experiments/cost_1bps,none
cost_1bps,cost_bps,run,majority,test,10,all,1,10,1.0,0,calibration.bin_0.count,0.0,experiments/cost_1bps,none
cost_1bps,cost_bps,run,majority,test,10,all,1,10,1.0,0,calibration.bin_0.mean_confidence,0.05,experiments/cost_1bps,none
cost_1bps,cost_bps,run,majority,test,10,all,1,10,1.0,0,calibration.bin_0.accuracy,0.0,experiments/cost_1bps,none
cost_1bps,cost_bps,run,majority,test,10,all,1,10,1.0,0,calibration.bin_0.confidence_gap,0.0,experiments/cost_1bps,none
cost_1bps,cost_bps,run,majority,test,10,all,1,10,1.0,0,calibration.bin_1.count,0.0,experiments/cost_1bps,none
cost_1bps,cost_bps,run,majority,test,10,all,1,10,1.0,0,calibration.bin_1.mean_confidence,0.15,experiments/cost_1bps,none
cost_1bps,cost_bps,run,majority,test,10,all,1,10,1.0,0,calibration.bin_1.accuracy,0.0,experiments/cost_1bps,none
cost_1bps,cost_bps,run,majority,test,10,all,1,10,1.0,0,calibration.bin_1.confidence_gap,0.0,experiments/cost_1bps,none
cost_1bps,cost_bps,run,majority,test,10,all,1,10,1.0,0,calibration.bin_2.count,0.0,experiments/cost_1bps,none
cost_1bps,cost_bps,run,majority,test,10,all,1,10,1.0,0,calibration.bin_2.mean_confidence,0.25,experiments/cost_1bps,none
cost_1bps,cost_bps,run,majority,test,10,all,1,10,1.0,0,calibration.bin_2.accuracy,0.0,experiments/cost_1bps,none
cost_1bps,cost_bps,run,majority,test,10,all,1,10,1.0,0,calibration.bin_2.confidence_gap,0.0,experiments/cost_1bps,none
cost_1bps,cost_bps,run,majority,test,10,all,1,10,1.0,0,calibration.bin_3.count,0.0,experiments/cost_1bps,none
cost_1bps,cost_bps,run,majority,test,10,all,1,10,1.0,0,calibration.bin_3.mean_confidence,0.35,experiments/cost_1bps,none
cost_1bps,cost_bps,run,majority,test,10,all,1,10,1.0,0,calibration.bin_3.accuracy,0.0,experiments/cost_1bps,none
cost_1bps,cost_bps,run,majority,test,10,all,1,10,1.0,0,calibration.bin_3.confidence_gap,0.0,experiments/cost_1bps,none
cost_1bps,cost_bps,run,majority,test,10,all,1,10,1.0,0,calibration.bin_4.count,0.0,experiments/cost_1bps,none
cost_1bps,cost_bps,run,majority,test,10,all,1,10,1.0,0,calibration.bin_4.mean_confidence,0.45,experiments/cost_1bps,none
cost_1bps,cost_bps,run,majority,test,10,all,1,10,1.0,0,calibration.bin_4.accuracy,0.0,experiments/cost_1bps,none
cost_1bps,cost_bps,run,majority,test,10,all,1,10,1.0,0,calibration.bin_4.confidence_gap,0.0,experiments/cost_1bps,none
cost_1bps,cost_bps,run,majority,test,10,all,1,10,1.0,0,calibration.bin_5.count,0.0,experiments/cost_1bps,none
cost_1bps,cost_bps,run,majority,test,10,all,1,10,1.0,0,calibration.bin_5.mean_confidence,0.55,experiments/cost_1bps,none
cost_1bps,cost_bps,run,majority,test,10,all,1,10,1.0,0,calibration.bin_5.accuracy,0.0,experiments/cost_1bps,none
cost_1bps,cost_bps,run,majority,test,10,all,1,10,1.0,0,calibration.bin_5.confidence_gap,0.0,experiments/cost_1bps,none
cost_1bps,cost_bps,run,majority,test,10,all,1,10,1.0,0,calibration.bin_6.count,11686.0,experiments/cost_1bps,none
cost_1bps,cost_bps,run,majority,test,10,all,1,10,1.0,0,calibration.bin_6.mean_confidence,0.6029411764705882,experiments/cost_1bps,none
cost_1bps,cost_bps,run,majority,test,10,all,1,10,1.0,0,calibration.bin_6.accuracy,0.6286154372753723,experiments/cost_1bps,none
cost_1bps,cost_bps,run,majority,test,10,all,1,10,1.0,0,calibration.bin_6.confidence_gap,0.025674260804784,experiments/cost_1bps,none
cost_1bps,cost_bps,run,majority,test,10,all,1,10,1.0,0,calibration.bin_7.count,0.0,experiments/cost_1bps,none
cost_1bps,cost_bps,run,majority,test,10,all,1,10,1.0,0,calibration.bin_7.mean_confidence,0.75,experiments/cost_1bps,none
cost_1bps,cost_bps,run,majority,test,10,all,1,10,1.0,0,calibration.bin_7.accuracy,0.0,experiments/cost_1bps,none
cost_1bps,cost_bps,run,majority,test,10,all,1,10,1.0,0,calibration.bin_7.confidence_gap,0.0,experiments/cost_1bps,none
cost_1bps,cost_bps,run,majority,test,10,all,1,10,1.0,0,calibration.bin_8.count,0.0,experiments/cost_1bps,none
cost_1bps,cost_bps,run,majority,test,10,all,1,10,1.0,0,calibration.bin_8.mean_confidence,0.8500000000000001,experiments/cost_1bps,none
cost_1bps,cost_bps,run,majority,test,10,all,1,10,1.0,0,calibration.bin_8.accuracy,0.0,experiments/cost_1bps,none
cost_1bps,cost_bps,run,majority,test,10,all,1,10,1.0,0,calibration.bin_8.confidence_gap,0.0,experiments/cost_1bps,none
cost_1bps,cost_bps,run,majority,test,10,all,1,10,1.0,0,calibration.bin_9.count,0.0,experiments/cost_1bps,none
cost_1bps,cost_bps,run,majority,test,10,all,1,10,1.0,0,calibration.bin_9.mean_confidence,0.95,experiments/cost_1bps,none
cost_1bps,cost_bps,run,majority,test,10,all,1,10,1.0,0,calibration.bin_9.accuracy,0.0,experiments/cost_1bps,none
cost_1bps,cost_bps,run,majority,test,10,all,1,10,1.0,0,calibration.bin_9.confidence_gap,0.0,experiments/cost_1bps,none
cost_1bps,cost_bps,run,logistic,test,10,all,1,10,1.0,0,calibration.bin_0.count,0.0,experiments/cost_1bps,none
cost_1bps,cost_bps,run,logistic,test,10,all,1,10,1.0,0,calibration.bin_0.mean_confidence,0.05,experiments/cost_1bps,none
cost_1bps,cost_bps,run,logistic,test,10,all,1,10,1.0,0,calibration.bin_0.accuracy,0.0,experiments/cost_1bps,none
cost_1bps,cost_bps,run,logistic,test,10,all,1,10,1.0,0,calibration.bin_0.confidence_gap,0.0,experiments/cost_1bps,none
cost_1bps,cost_bps,run,logistic,test,10,all,1,10,1.0,0,calibration.bin_1.count,0.0,experiments/cost_1bps,none
cost_1bps,cost_bps,run,logistic,test,10,all,1,10,1.0,0,calibration.bin_1.mean_confidence,0.15,experiments/cost_1bps,none
cost_1bps,cost_bps,run,logistic,test,10,all,1,10,1.0,0,calibration.bin_1.accuracy,0.0,experiments/cost_1bps,none
cost_1bps,cost_bps,run,logistic,test,10,all,1,10,1.0,0,calibration.bin_1.confidence_gap,0.0,experiments/cost_1bps,none
cost_1bps,cost_bps,run,logistic,test,10,all,1,10,1.0,0,calibration.bin_2.count,0.0,experiments/cost_1bps,none
cost_1bps,cost_bps,run,logistic,test,10,all,1,10,1.0,0,calibration.bin_2.mean_confidence,0.25,experiments/cost_1bps,none
cost_1bps,cost_bps,run,logistic,test,10,all,1,10,1.0,0,calibration.bin_2.accuracy,0.0,experiments/cost_1bps,none
cost_1bps,cost_bps,run,logistic,test,10,all,1,10,1.0,0,calibration.bin_2.confidence_gap,0.0,experiments/cost_1bps,none
cost_1bps,cost_bps,run,logistic,test,10,all,1,10,1.0,0,calibration.bin_3.count,496.0,experiments/cost_1bps,none
cost_1bps,cost_bps,run,logistic,test,10,all,1,10,1.0,0,calibration.bin_3.mean_confidence,0.378542820211792,experiments/cost_1bps,none
cost_1bps,cost_bps,run,logistic,test,10,all,1,10,1.0,0,calibration.bin_3.accuracy,0.3508064516129032,experiments/cost_1bps,none
cost_1bps,cost_bps,run,logistic,test,10,all,1,10,1.0,0,calibration.bin_3.confidence_gap,0.0277363685988887,experiments/cost_1bps,none
cost_1bps,cost_bps,run,logistic,test,10,all,1,10,1.0,0,calibration.bin_4.count,2501.0,experiments/cost_1bps,none
cost_1bps,cost_bps,run,logistic,test,10,all,1,10,1.0,0,calibration.bin_4.mean_confidence,0.4563493231015716,experiments/cost_1bps,none
cost_1bps,cost_bps,run,logistic,test,10,all,1,10,1.0,0,calibration.bin_4.accuracy,0.4814074370251899,experiments/cost_1bps,none
cost_1bps,cost_bps,run,logistic,test,10,all,1,10,1.0,0,calibration.bin_4.confidence_gap,0.0250581139236182,experiments/cost_1bps,none
cost_1bps,cost_bps,run,logistic,test,10,all,1,10,1.0,0,calibration.bin_5.count,3556.0,experiments/cost_1bps,none
cost_1bps,cost_bps,run,logistic,test,10,all,1,10,1.0,0,calibration.bin_5.mean_confidence,0.5515976077339129,experiments/cost_1bps,none
cost_1bps,cost_bps,run,logistic,test,10,all,1,10,1.0,0,calibration.bin_5.accuracy,0.6105174353205849,experiments/cost_1bps,none
cost_1bps,cost_bps,run,logistic,test,10,all,1,10,1.0,0,calibration.bin_5.confidence_gap,0.058919827586672,experiments/cost_1bps,none
cost_1bps,cost_bps,run,logistic,test,10,all,1,10,1.0,0,calibration.bin_6.count,2830.0,experiments/cost_1bps,none
cost_1bps,cost_bps,run,logistic,test,10,all,1,10,1.0,0,calibration.bin_6.mean_confidence,0.6489150854487953,experiments/cost_1bps,none
cost_1bps,cost_bps,run,logistic,test,10,all,1,10,1.0,0,calibration.bin_6.accuracy,0.7098939929328622,experiments/cost_1bps,none
cost_1bps,cost_bps,run,logistic,test,10,all,1,10,1.0,0,calibration.bin_6.confidence_gap,0.0609789074840668,experiments/cost_1bps,none
cost_1bps,cost_bps,run,logistic,test,10,all,1,10,1.0,0,calibration.bin_7.count,2001.0,experiments/cost_1bps,none
cost_1bps,cost_bps,run,logistic,test,10,all,1,10,1.0,0,calibration.bin_7.mean_confidence,0.7431874134563505,experiments/cost_1bps,none
cost_1bps,cost_bps,run,logistic,test,10,all,1,10,1.0,0,calibration.bin_7.accuracy,0.7456271864067966,experiments/cost_1bps,none
cost_1bps,cost_bps,run,logistic,test,10,all,1,10,1.0,0,calibration.bin_7.confidence_gap,0.002439772950446,experiments/cost_1bps,none
cost_1bps,cost_bps,run,logistic,test,10,all,1,10,1.0,0,calibration.bin_8.count,292.0,experiments/cost_1bps,none
cost_1bps,cost_bps,run,logistic,test,10,all,1,10,1.0,0,calibration.bin_8.mean_confidence,0.8271102484332379,experiments/cost_1bps,none
cost_1bps,cost_bps,run,logistic,test,10,all,1,10,1.0,0,calibration.bin_8.accuracy,0.7808219178082192,experiments/cost_1bps,none
cost_1bps,cost_bps,run,logistic,test,10,all,1,10,1.0,0,calibration.bin_8.confidence_gap,0.0462883306250186,experiments/cost_1bps,none
cost_1bps,cost_bps,run,logistic,test,10,all,1,10,1.0,0,calibration.bin_9.count,10.0,experiments/cost_1bps,none
cost_1bps,cost_bps,run,logistic,test,10,all,1,10,1.0,0,calibration.bin_9.mean_confidence,0.9506969897535475,experiments/cost_1bps,none
cost_1bps,cost_bps,run,logistic,test,10,all,1,10,1.0,0,calibration.bin_9.accuracy,0.6,experiments/cost_1bps,none
cost_1bps,cost_bps,run,logistic,test,10,all,1,10,1.0,0,calibration.bin_9.confidence_gap,0.3506969897535475,experiments/cost_1bps,none
cost_1bps,cost_bps,run,deeplob_style,test,10,all,1,10,1.0,0,calibration.bin_0.count,0.0,experiments/cost_1bps,none
cost_1bps,cost_bps,run,deeplob_style,test,10,all,1,10,1.0,0,calibration.bin_0.mean_confidence,0.05,experiments/cost_1bps,none
cost_1bps,cost_bps,run,deeplob_style,test,10,all,1,10,1.0,0,calibration.bin_0.accuracy,0.0,experiments/cost_1bps,none
cost_1bps,cost_bps,run,deeplob_style,test,10,all,1,10,1.0,0,calibration.bin_0.confidence_gap,0.0,experiments/cost_1bps,none
cost_1bps,cost_bps,run,deeplob_style,test,10,all,1,10,1.0,0,calibration.bin_1.count,0.0,experiments/cost_1bps,none
cost_1bps,cost_bps,run,deeplob_style,test,10,all,1,10,1.0,0,calibration.bin_1.mean_confidence,0.15,experiments/cost_1bps,none
cost_1bps,cost_bps,run,deeplob_style,test,10,all,1,10,1.0,0,calibration.bin_1.accuracy,0.0,experiments/cost_1bps,none
cost_1bps,cost_bps,run,deeplob_style,test,10,all,1,10,1.0,0,calibration.bin_1.confidence_gap,0.0,experiments/cost_1bps,none
cost_1bps,cost_bps,run,deeplob_style,test,10,all,1,10,1.0,0,calibration.bin_2.count,0.0,experiments/cost_1bps,none
cost_1bps,cost_bps,run,deeplob_style,test,10,all,1,10,1.0,0,calibration.bin_2.mean_confidence,0.25,experiments/cost_1bps,none
cost_1bps,cost_bps,run,deeplob_style,test,10,all,1,10,1.0,0,calibration.bin_2.accuracy,0.0,experiments/cost_1bps,none
cost_1bps,cost_bps,run,deeplob_style,test,10,all,1,10,1.0,0,calibration.bin_2.confidence_gap,0.0,experiments/cost_1bps,none
cost_1bps,cost_bps,run,deeplob_style,test,10,all,1,10,1.0,0,calibration.bin_3.count,5738.0,experiments/cost_1bps,none
cost_1bps,cost_bps,run,deeplob_style,test,10,all,1,10,1.0,0,calibration.bin_3.mean_confidence,0.3761954318861263,experiments/cost_1bps,none
cost_1bps,cost_bps,run,deeplob_style,test,10,all,1,10,1.0,0,calibration.bin_3.accuracy,0.3976995468804462,experiments/cost_1bps,none
cost_1bps,cost_bps,run,deeplob_style,test,10,all,1,10,1.0,0,calibration.bin_3.confidence_gap,0.0215041149943198,experiments/cost_1bps,none
cost_1bps,cost_bps,run,deeplob_style,test,10,all,1,10,1.0,0,calibration.bin_4.count,3389.0,experiments/cost_1bps,none
cost_1bps,cost_bps,run,deeplob_style,test,10,all,1,10,1.0,0,calibration.bin_4.mean_confidence,0.4482917762820247,experiments/cost_1bps,none
cost_1bps,cost_bps,run,deeplob_style,test,10,all,1,10,1.0,0,calibration.bin_4.accuracy,0.7043375627028622,experiments/cost_1bps,none
cost_1bps,cost_bps,run,deeplob_style,test,10,all,1,10,1.0,0,calibration.bin_4.confidence_gap,0.2560457864208374,experiments/cost_1bps,none
cost_1bps,cost_bps,run,deeplob_style,test,10,all,1,10,1.0,0,calibration.bin_5.count,2558.0,experiments/cost_1bps,none
cost_1bps,cost_bps,run,deeplob_style,test,10,all,1,10,1.0,0,calibration.bin_5.mean_confidence,0.5315117140002354,experiments/cost_1bps,none
cost_1bps,cost_bps,run,deeplob_style,test,10,all,1,10,1.0,0,calibration.bin_5.accuracy,0.7654417513682564,experiments/cost_1bps,none
cost_1bps,cost_bps,run,deeplob_style,test,10,all,1,10,1.0,0,calibration.bin_5.confidence_gap,0.2339300373680209,experiments/cost_1bps,none
cost_1bps,cost_bps,run,deeplob_style,test,10,all,1,10,1.0,0,calibration.bin_6.count,1.0,experiments/cost_1bps,none
cost_1bps,cost_bps,run,deeplob_style,test,10,all,1,10,1.0,0,calibration.bin_6.mean_confidence,0.6095999439477979,experiments/cost_1bps,none
cost_1bps,cost_bps,run,deeplob_style,test,10,all,1,10,1.0,0,calibration.bin_6.accuracy,1.0,experiments/cost_1bps,none
cost_1bps,cost_bps,run,deeplob_style,test,10,all,1,10,1.0,0,calibration.bin_6.confidence_gap,0.390400056052202,experiments/cost_1bps,none
cost_1bps,cost_bps,run,deeplob_style,test,10,all,1,10,1.0,0,calibration.bin_7.count,0.0,experiments/cost_1bps,none
cost_1bps,cost_bps,run,deeplob_style,test,10,all,1,10,1.0,0,calibration.bin_7.mean_confidence,0.75,experiments/cost_1bps,none
cost_1bps,cost_bps,run,deeplob_style,test,10,all,1,10,1.0,0,calibration.bin_7.accuracy,0.0,experiments/cost_1bps,none
cost_1bps,cost_bps,run,deeplob_style,test,10,all,1,10,1.0,0,calibration.bin_7.confidence_gap,0.0,experiments/cost_1bps,none
cost_1bps,cost_bps,run,deeplob_style,test,10,all,1,10,1.0,0,calibration.bin_8.count,0.0,experiments/cost_1bps,none
cost_1bps,cost_bps,run,deeplob_style,test,10,all,1,10,1.0,0,calibration.bin_8.mean_confidence,0.8500000000000001,experiments/cost_1bps,none
cost_1bps,cost_bps,run,deeplob_style,test,10,all,1,10,1.0,0,calibration.bin_8.accuracy,0.0,experiments/cost_1bps,none
cost_1bps,cost_bps,run,deeplob_style,test,10,all,1,10,1.0,0,calibration.bin_8.confidence_gap,0.0,experiments/cost_1bps,none
cost_1bps,cost_bps,run,deeplob_style,test,10,all,1,10,1.0,0,calibration.bin_9.count,0.0,experiments/cost_1bps,none
cost_1bps,cost_bps,run,deeplob_style,test,10,all,1,10,1.0,0,calibration.bin_9.mean_confidence,0.95,experiments/cost_1bps,none
cost_1bps,cost_bps,run,deeplob_style,test,10,all,1,10,1.0,0,calibration.bin_9.accuracy,0.0,experiments/cost_1bps,none
cost_1bps,cost_bps,run,deeplob_style,test,10,all,1,10,1.0,0,calibration.bin_9.confidence_gap,0.0,experiments/cost_1bps,none
cost_1bps,cost_bps,run,majority,test,10,all,1,10,1.0,0,execution.eligible_predictions@confidence_threshold=0,11676.0,experiments/cost_1bps,none
cost_1bps,cost_bps,run,majority,test,10,all,1,10,1.0,0,execution.trade_count_proxy@confidence_threshold=0,11676.0,experiments/cost_1bps,none
cost_1bps,cost_bps,run,majority,test,10,all,1,10,1.0,0,execution.turnover_proxy@confidence_threshold=0,11676.0,experiments/cost_1bps,none
cost_1bps,cost_bps,run,majority,test,10,all,1,10,1.0,0,execution.gross_signal_return_proxy@confidence_threshold=0,-0.4374632647694284,experiments/cost_1bps,none
cost_1bps,cost_bps,run,majority,test,10,all,1,10,1.0,0,execution.cost_proxy@confidence_threshold=0,1.0,experiments/cost_1bps,none
cost_1bps,cost_bps,run,majority,test,10,all,1,10,1.0,0,execution.net_signal_return_proxy@confidence_threshold=0,-1.4374632647694283,experiments/cost_1bps,none
cost_1bps,cost_bps,run,majority,test,10,all,1,10,1.0,0,execution.hit_rate_proxy@confidence_threshold=0,0.6286399451867077,experiments/cost_1bps,none
cost_1bps,cost_bps,run,majority,test,10,all,1,10,1.0,0,execution.eligible_predictions@confidence_threshold=0.5,11676.0,experiments/cost_1bps,none
cost_1bps,cost_bps,run,majority,test,10,all,1,10,1.0,0,execution.trade_count_proxy@confidence_threshold=0.5,11676.0,experiments/cost_1bps,none
cost_1bps,cost_bps,run,majority,test,10,all,1,10,1.0,0,execution.turnover_proxy@confidence_threshold=0.5,11676.0,experiments/cost_1bps,none
cost_1bps,cost_bps,run,majority,test,10,all,1,10,1.0,0,execution.gross_signal_return_proxy@confidence_threshold=0.5,-0.4374632647694284,experiments/cost_1bps,none
cost_1bps,cost_bps,run,majority,test,10,all,1,10,1.0,0,execution.cost_proxy@confidence_threshold=0.5,1.0,experiments/cost_1bps,none
cost_1bps,cost_bps,run,majority,test,10,all,1,10,1.0,0,execution.net_signal_return_proxy@confidence_threshold=0.5,-1.4374632647694283,experiments/cost_1bps,none
cost_1bps,cost_bps,run,majority,test,10,all,1,10,1.0,0,execution.hit_rate_proxy@confidence_threshold=0.5,0.6286399451867077,experiments/cost_1bps,none
cost_1bps,cost_bps,run,majority,test,10,all,1,10,1.0,0,execution.eligible_predictions@confidence_threshold=0.6,11676.0,experiments/cost_1bps,none
cost_1bps,cost_bps,run,majority,test,10,all,1,10,1.0,0,execution.trade_count_proxy@confidence_threshold=0.6,11676.0,experiments/cost_1bps,none
cost_1bps,cost_bps,run,majority,test,10,all,1,10,1.0,0,execution.turnover_proxy@confidence_threshold=0.6,11676.0,experiments/cost_1bps,none
cost_1bps,cost_bps,run,majority,test,10,all,1,10,1.0,0,execution.gross_signal_return_proxy@confidence_threshold=0.6,-0.4374632647694284,experiments/cost_1bps,none
cost_1bps,cost_bps,run,majority,test,10,all,1,10,1.0,0,execution.cost_proxy@confidence_threshold=0.6,1.0,experiments/cost_1bps,none
cost_1bps,cost_bps,run,majority,test,10,all,1,10,1.0,0,execution.net_signal_return_proxy@confidence_threshold=0.6,-1.4374632647694283,experiments/cost_1bps,none
cost_1bps,cost_bps,run,majority,test,10,all,1,10,1.0,0,execution.hit_rate_proxy@confidence_threshold=0.6,0.6286399451867077,experiments/cost_1bps,none
cost_1bps,cost_bps,run,majority,test,10,all,1,10,1.0,0,execution.eligible_predictions@confidence_threshold=0.7,0.0,experiments/cost_1bps,none
cost_1bps,cost_bps,run,majority,test,10,all,1,10,1.0,0,execution.trade_count_proxy@confidence_threshold=0.7,0.0,experiments/cost_1bps,none
cost_1bps,cost_bps,run,majority,test,10,all,1,10,1.0,0,execution.turnover_proxy@confidence_threshold=0.7,0.0,experiments/cost_1bps,none
cost_1bps,cost_bps,run,majority,test,10,all,1,10,1.0,0,execution.gross_signal_return_proxy@confidence_threshold=0.7,0.0,experiments/cost_1bps,none
cost_1bps,cost_bps,run,majority,test,10,all,1,10,1.0,0,execution.cost_proxy@confidence_threshold=0.7,0.0,experiments/cost_1bps,none
cost_1bps,cost_bps,run,majority,test,10,all,1,10,1.0,0,execution.net_signal_return_proxy@confidence_threshold=0.7,0.0,experiments/cost_1bps,none
cost_1bps,cost_bps,run,majority,test,10,all,1,10,1.0,0,execution.hit_rate_proxy@confidence_threshold=0.7,0.0,experiments/cost_1bps,none
cost_1bps,cost_bps,run,logistic,test,10,all,1,10,1.0,0,execution.eligible_predictions@confidence_threshold=0,11676.0,experiments/cost_1bps,none
cost_1bps,cost_bps,run,logistic,test,10,all,1,10,1.0,0,execution.trade_count_proxy@confidence_threshold=0,10845.0,experiments/cost_1bps,none
cost_1bps,cost_bps,run,logistic,test,10,all,1,10,1.0,0,execution.turnover_proxy@confidence_threshold=0,10845.0,experiments/cost_1bps,none
cost_1bps,cost_bps,run,logistic,test,10,all,1,10,1.0,0,execution.gross_signal_return_proxy@confidence_threshold=0,-0.4286252710396254,experiments/cost_1bps,none
cost_1bps,cost_bps,run,logistic,test,10,all,1,10,1.0,0,execution.cost_proxy@confidence_threshold=0,1.0,experiments/cost_1bps,none
cost_1bps,cost_bps,run,logistic,test,10,all,1,10,1.0,0,execution.net_signal_return_proxy@confidence_threshold=0,-1.4286252710396254,experiments/cost_1bps,none
cost_1bps,cost_bps,run,logistic,test,10,all,1,10,1.0,0,execution.hit_rate_proxy@confidence_threshold=0,0.6233299075025693,experiments/cost_1bps,none
cost_1bps,cost_bps,run,logistic,test,10,all,1,10,1.0,0,execution.eligible_predictions@confidence_threshold=0.5,8679.0,experiments/cost_1bps,none
cost_1bps,cost_bps,run,logistic,test,10,all,1,10,1.0,0,execution.trade_count_proxy@confidence_threshold=0.5,8418.0,experiments/cost_1bps,none
cost_1bps,cost_bps,run,logistic,test,10,all,1,10,1.0,0,execution.turnover_proxy@confidence_threshold=0.5,8418.0,experiments/cost_1bps,none
cost_1bps,cost_bps,run,logistic,test,10,all,1,10,1.0,0,execution.gross_signal_return_proxy@confidence_threshold=0.5,-0.5699791713708685,experiments/cost_1bps,none
cost_1bps,cost_bps,run,logistic,test,10,all,1,10,1.0,0,execution.cost_proxy@confidence_threshold=0.5,1.0,experiments/cost_1bps,none
cost_1bps,cost_bps,run,logistic,test,10,all,1,10,1.0,0,execution.net_signal_return_proxy@confidence_threshold=0.5,-1.5699791713708686,experiments/cost_1bps,none
cost_1bps,cost_bps,run,logistic,test,10,all,1,10,1.0,0,execution.hit_rate_proxy@confidence_threshold=0.5,0.6798018204862312,experiments/cost_1bps,none
cost_1bps,cost_bps,run,logistic,test,10,all,1,10,1.0,0,execution.eligible_predictions@confidence_threshold=0.6,5127.0,experiments/cost_1bps,none
cost_1bps,cost_bps,run,logistic,test,10,all,1,10,1.0,0,execution.trade_count_proxy@confidence_threshold=0.6,5018.0,experiments/cost_1bps,none
cost_1bps,cost_bps,run,logistic,test,10,all,1,10,1.0,0,execution.turnover_proxy@confidence_threshold=0.6,5018.0,experiments/cost_1bps,none
cost_1bps,cost_bps,run,logistic,test,10,all,1,10,1.0,0,execution.gross_signal_return_proxy@confidence_threshold=0.6,-0.937204108973911,experiments/cost_1bps,none
cost_1bps,cost_bps,run,logistic,test,10,all,1,10,1.0,0,execution.cost_proxy@confidence_threshold=0.6,1.0,experiments/cost_1bps,none
cost_1bps,cost_bps,run,logistic,test,10,all,1,10,1.0,0,execution.net_signal_return_proxy@confidence_threshold=0.6,-1.9372041089739112,experiments/cost_1bps,none
cost_1bps,cost_bps,run,logistic,test,10,all,1,10,1.0,0,execution.hit_rate_proxy@confidence_threshold=0.6,0.7275209674273454,experiments/cost_1bps,none
cost_1bps,cost_bps,run,logistic,test,10,all,1,10,1.0,0,execution.eligible_predictions@confidence_threshold=0.7,2300.0,experiments/cost_1bps,none
cost_1bps,cost_bps,run,logistic,test,10,all,1,10,1.0,0,execution.trade_count_proxy@confidence_threshold=0.7,2251.0,experiments/cost_1bps,none
cost_1bps,cost_bps,run,logistic,test,10,all,1,10,1.0,0,execution.turnover_proxy@confidence_threshold=0.7,2251.0,experiments/cost_1bps,none
cost_1bps,cost_bps,run,logistic,test,10,all,1,10,1.0,0,execution.gross_signal_return_proxy@confidence_threshold=0.7,-1.5156647992317125,experiments/cost_1bps,none
cost_1bps,cost_bps,run,logistic,test,10,all,1,10,1.0,0,execution.cost_proxy@confidence_threshold=0.7,1.0,experiments/cost_1bps,none
cost_1bps,cost_bps,run,logistic,test,10,all,1,10,1.0,0,execution.net_signal_return_proxy@confidence_threshold=0.7,-2.515664799231712,experiments/cost_1bps,none
cost_1bps,cost_bps,run,logistic,test,10,all,1,10,1.0,0,execution.hit_rate_proxy@confidence_threshold=0.7,0.7495652173913043,experiments/cost_1bps,none
cost_1bps,cost_bps,run,deeplob_style,test,10,all,1,10,1.0,0,execution.eligible_predictions@confidence_threshold=0,11676.0,experiments/cost_1bps,none
cost_1bps,cost_bps,run,deeplob_style,test,10,all,1,10,1.0,0,execution.trade_count_proxy@confidence_threshold=0,11676.0,experiments/cost_1bps,none
cost_1bps,cost_bps,run,deeplob_style,test,10,all,1,10,1.0,0,execution.turnover_proxy@confidence_threshold=0,11676.0,experiments/cost_1bps,none
cost_1bps,cost_bps,run,deeplob_style,test,10,all,1,10,1.0,0,execution.gross_signal_return_proxy@confidence_threshold=0,-0.3748037982730208,experiments/cost_1bps,none
cost_1bps,cost_bps,run,deeplob_style,test,10,all,1,10,1.0,0,execution.cost_proxy@confidence_threshold=0,1.0,experiments/cost_1bps,none
cost_1bps,cost_bps,run,deeplob_style,test,10,all,1,10,1.0,0,execution.net_signal_return_proxy@confidence_threshold=0,-1.3748037982730208,experiments/cost_1bps,none
cost_1bps,cost_bps,run,deeplob_style,test,10,all,1,10,1.0,0,execution.hit_rate_proxy@confidence_threshold=0,0.5671462829736211,experiments/cost_1bps,none
cost_1bps,cost_bps,run,deeplob_style,test,10,all,1,10,1.0,0,execution.eligible_predictions@confidence_threshold=0.5,2555.0,experiments/cost_1bps,none
cost_1bps,cost_bps,run,deeplob_style,test,10,all,1,10,1.0,0,execution.trade_count_proxy@confidence_threshold=0.5,2555.0,experiments/cost_1bps,none
cost_1bps,cost_bps,run,deeplob_style,test,10,all,1,10,1.0,0,execution.turnover_proxy@confidence_threshold=0.5,2555.0,experiments/cost_1bps,none
cost_1bps,cost_bps,run,deeplob_style,test,10,all,1,10,1.0,0,execution.gross_signal_return_proxy@confidence_threshold=0.5,-1.2437741107634075,experiments/cost_1bps,none
cost_1bps,cost_bps,run,deeplob_style,test,10,all,1,10,1.0,0,execution.cost_proxy@confidence_threshold=0.5,1.0,experiments/cost_1bps,none
cost_1bps,cost_bps,run,deeplob_style,test,10,all,1,10,1.0,0,execution.net_signal_return_proxy@confidence_threshold=0.5,-2.2437741107634075,experiments/cost_1bps,none
cost_1bps,cost_bps,run,deeplob_style,test,10,all,1,10,1.0,0,execution.hit_rate_proxy@confidence_threshold=0.5,0.7655577299412916,experiments/cost_1bps,none
cost_1bps,cost_bps,run,deeplob_style,test,10,all,1,10,1.0,0,execution.eligible_predictions@confidence_threshold=0.6,1.0,experiments/cost_1bps,none
cost_1bps,cost_bps,run,deeplob_style,test,10,all,1,10,1.0,0,execution.trade_count_proxy@confidence_threshold=0.6,1.0,experiments/cost_1bps,none
cost_1bps,cost_bps,run,deeplob_style,test,10,all,1,10,1.0,0,execution.turnover_proxy@confidence_threshold=0.6,1.0,experiments/cost_1bps,none
cost_1bps,cost_bps,run,deeplob_style,test,10,all,1,10,1.0,0,execution.gross_signal_return_proxy@confidence_threshold=0.6,-15.658865289090976,experiments/cost_1bps,none
cost_1bps,cost_bps,run,deeplob_style,test,10,all,1,10,1.0,0,execution.cost_proxy@confidence_threshold=0.6,1.0,experiments/cost_1bps,none
cost_1bps,cost_bps,run,deeplob_style,test,10,all,1,10,1.0,0,execution.net_signal_return_proxy@confidence_threshold=0.6,-16.658865289090976,experiments/cost_1bps,none
cost_1bps,cost_bps,run,deeplob_style,test,10,all,1,10,1.0,0,execution.hit_rate_proxy@confidence_threshold=0.6,1.0,experiments/cost_1bps,none
cost_1bps,cost_bps,run,deeplob_style,test,10,all,1,10,1.0,0,execution.eligible_predictions@confidence_threshold=0.7,0.0,experiments/cost_1bps,none
cost_1bps,cost_bps,run,deeplob_style,test,10,all,1,10,1.0,0,execution.trade_count_proxy@confidence_threshold=0.7,0.0,experiments/cost_1bps,none
cost_1bps,cost_bps,run,deeplob_style,test,10,all,1,10,1.0,0,execution.turnover_proxy@confidence_threshold=0.7,0.0,experiments/cost_1bps,none
cost_1bps,cost_bps,run,deeplob_style,test,10,all,1,10,1.0,0,execution.gross_signal_return_proxy@confidence_threshold=0.7,0.0,experiments/cost_1bps,none
cost_1bps,cost_bps,run,deeplob_style,test,10,all,1,10,1.0,0,execution.cost_proxy@confidence_threshold=0.7,0.0,experiments/cost_1bps,none
cost_1bps,cost_bps,run,deeplob_style,test,10,all,1,10,1.0,0,execution.net_signal_return_proxy@confidence_threshold=0.7,0.0,experiments/cost_1bps,none
cost_1bps,cost_bps,run,deeplob_style,test,10,all,1,10,1.0,0,execution.hit_rate_proxy@confidence_threshold=0.7,0.0,experiments/cost_1bps,none
ssl_pretraining_ablation,ssl_pretraining,skipped,not_applicable,not_applicable,10,all,1,10,"0.0,1.0,5.0",0,status,0.0,not_applicable,no traceable runner support for SSL pretraining/fine-tuning yet; ssl_transformer is not registered in the paper-runner model registry
calibration_bins_10,calibration_bins,run,majority,test,10,all,1,10,"0.0,1.0,5.0",0,accuracy,0.6286154372753723,experiments/calibration_bins_10,none
calibration_bins_10,calibration_bins,run,majority,test,10,all,1,10,"0.0,1.0,5.0",0,macro_f1,0.25732100322264256,experiments/calibration_bins_10,none
calibration_bins_10,calibration_bins,run,majority,test,10,all,1,10,"0.0,1.0,5.0",0,weighted_f1,0.4852678648828168,experiments/calibration_bins_10,none
calibration_bins_10,calibration_bins,run,majority,test,10,all,1,10,"0.0,1.0,5.0",0,matthews_corrcoef,0.0,experiments/calibration_bins_10,none
calibration_bins_10,calibration_bins,run,majority,test,10,all,1,10,"0.0,1.0,5.0",0,balanced_accuracy,0.3333333333333333,experiments/calibration_bins_10,none
calibration_bins_10,calibration_bins,run,majority,test,10,all,1,10,"0.0,1.0,5.0",0,log_loss,0.9180419332042239,experiments/calibration_bins_10,none
calibration_bins_10,calibration_bins,run,majority,test,10,all,1,10,"0.0,1.0,5.0",0,n_samples,11686.0,experiments/calibration_bins_10,none
calibration_bins_10,calibration_bins,run,majority,test,10,all,1,10,"0.0,1.0,5.0",0,class_count_train,3.0,experiments/calibration_bins_10,none
calibration_bins_10,calibration_bins,run,majority,test,10,all,1,10,"0.0,1.0,5.0",0,class_count_test,3.0,experiments/calibration_bins_10,none
calibration_bins_10,calibration_bins,run,majority,test,10,all,1,10,"0.0,1.0,5.0",0,brier_score,0.5366889220539707,experiments/calibration_bins_10,none
calibration_bins_10,calibration_bins,run,majority,test,10,all,1,10,"0.0,1.0,5.0",0,mean_confidence,0.6029411764705882,experiments/calibration_bins_10,none
calibration_bins_10,calibration_bins,run,majority,test,10,all,1,10,"0.0,1.0,5.0",0,expected_calibration_error,0.025674260804784077,experiments/calibration_bins_10,none
calibration_bins_10,calibration_bins,run,logistic,test,10,all,1,10,"0.0,1.0,5.0",0,accuracy,0.6233099435221633,experiments/calibration_bins_10,none
calibration_bins_10,calibration_bins,run,logistic,test,10,all,1,10,"0.0,1.0,5.0",0,macro_f1,0.35146855037871383,experiments/calibration_bins_10,none
calibration_bins_10,calibration_bins,run,logistic,test,10,all,1,10,"0.0,1.0,5.0",0,weighted_f1,0.5346427959541316,experiments/calibration_bins_10,none
calibration_bins_10,calibration_bins,run,logistic,test,10,all,1,10,"0.0,1.0,5.0",0,matthews_corrcoef,0.1217722835157405,experiments/calibration_bins_10,none
calibration_bins_10,calibration_bins,run,logistic,test,10,all,1,10,"0.0,1.0,5.0",0,balanced_accuracy,0.37574062520651225,experiments/calibration_bins_10,none
calibration_bins_10,calibration_bins,run,logistic,test,10,all,1,10,"0.0,1.0,5.0",0,log_loss,0.8904304019275787,experiments/calibration_bins_10,none
calibration_bins_10,calibration_bins,run,logistic,test,10,all,1,10,"0.0,1.0,5.0",0,n_samples,11686.0,experiments/calibration_bins_10,none
calibration_bins_10,calibration_bins,run,logistic,test,10,all,1,10,"0.0,1.0,5.0",0,class_count_train,3.0,experiments/calibration_bins_10,none
calibration_bins_10,calibration_bins,run,logistic,test,10,all,1,10,"0.0,1.0,5.0",0,class_count_test,3.0,experiments/calibration_bins_10,none
calibration_bins_10,calibration_bins,run,logistic,test,10,all,1,10,"0.0,1.0,5.0",0,brier_score,0.5189866466149302,experiments/calibration_bins_10,none
calibration_bins_10,calibration_bins,run,logistic,test,10,all,1,10,"0.0,1.0,5.0",0,mean_confidence,0.5874669568363994,experiments/calibration_bins_10,none
calibration_bins_10,calibration_bins,run,logistic,test,10,all,1,10,"0.0,1.0,5.0",0,expected_calibration_error,0.041110897222318726,experiments/calibration_bins_10,none
calibration_bins_10,calibration_bins,run,deeplob_style,test,10,all,1,10,"0.0,1.0,5.0",0,accuracy,0.5671743967140168,experiments/calibration_bins_10,none
calibration_bins_10,calibration_bins,run,deeplob_style,test,10,all,1,10,"0.0,1.0,5.0",0,macro_f1,0.35243154257775067,experiments/calibration_bins_10,none
calibration_bins_10,calibration_bins,run,deeplob_style,test,10,all,1,10,"0.0,1.0,5.0",0,weighted_f1,0.5256265549301775,experiments/calibration_bins_10,none
calibration_bins_10,calibration_bins,run,deeplob_style,test,10,all,1,10,"0.0,1.0,5.0",0,matthews_corrcoef,0.1473504491981849,experiments/calibration_bins_10,none
calibration_bins_10,calibration_bins,run,deeplob_style,test,10,all,1,10,"0.0,1.0,5.0",0,balanced_accuracy,0.3945728413951921,experiments/calibration_bins_10,none
calibration_bins_10,calibration_bins,run,deeplob_style,test,10,all,1,10,"0.0,1.0,5.0",0,log_loss,0.9880791335262586,experiments/calibration_bins_10,none
calibration_bins_10,calibration_bins,run,deeplob_style,test,10,all,1,10,"0.0,1.0,5.0",0,n_samples,11686.0,experiments/calibration_bins_10,none
calibration_bins_10,calibration_bins,run,deeplob_style,test,10,all,1,10,"0.0,1.0,5.0",0,class_count_train,3.0,experiments/calibration_bins_10,none
calibration_bins_10,calibration_bins,run,deeplob_style,test,10,all,1,10,"0.0,1.0,5.0",0,class_count_test,3.0,experiments/calibration_bins_10,none
calibration_bins_10,calibration_bins,run,deeplob_style,test,10,all,1,10,"0.0,1.0,5.0",0,brier_score,0.5877204413734426,experiments/calibration_bins_10,none
calibration_bins_10,calibration_bins,run,deeplob_style,test,10,all,1,10,"0.0,1.0,5.0",0,mean_confidence,0.4311215798681263,experiments/calibration_bins_10,none
calibration_bins_10,calibration_bins,run,deeplob_style,test,10,all,1,10,"0.0,1.0,5.0",0,expected_calibration_error,0.13605281684589038,experiments/calibration_bins_10,none
calibration_bins_10,calibration_bins,run,majority,test,10,all,1,10,"0.0,1.0,5.0",0,calibration.bin_0.count,0.0,experiments/calibration_bins_10,none
calibration_bins_10,calibration_bins,run,majority,test,10,all,1,10,"0.0,1.0,5.0",0,calibration.bin_0.mean_confidence,0.05,experiments/calibration_bins_10,none
calibration_bins_10,calibration_bins,run,majority,test,10,all,1,10,"0.0,1.0,5.0",0,calibration.bin_0.accuracy,0.0,experiments/calibration_bins_10,none
calibration_bins_10,calibration_bins,run,majority,test,10,all,1,10,"0.0,1.0,5.0",0,calibration.bin_0.confidence_gap,0.0,experiments/calibration_bins_10,none
calibration_bins_10,calibration_bins,run,majority,test,10,all,1,10,"0.0,1.0,5.0",0,calibration.bin_1.count,0.0,experiments/calibration_bins_10,none
calibration_bins_10,calibration_bins,run,majority,test,10,all,1,10,"0.0,1.0,5.0",0,calibration.bin_1.mean_confidence,0.15,experiments/calibration_bins_10,none
calibration_bins_10,calibration_bins,run,majority,test,10,all,1,10,"0.0,1.0,5.0",0,calibration.bin_1.accuracy,0.0,experiments/calibration_bins_10,none
calibration_bins_10,calibration_bins,run,majority,test,10,all,1,10,"0.0,1.0,5.0",0,calibration.bin_1.confidence_gap,0.0,experiments/calibration_bins_10,none
calibration_bins_10,calibration_bins,run,majority,test,10,all,1,10,"0.0,1.0,5.0",0,calibration.bin_2.count,0.0,experiments/calibration_bins_10,none
calibration_bins_10,calibration_bins,run,majority,test,10,all,1,10,"0.0,1.0,5.0",0,calibration.bin_2.mean_confidence,0.25,experiments/calibration_bins_10,none
calibration_bins_10,calibration_bins,run,majority,test,10,all,1,10,"0.0,1.0,5.0",0,calibration.bin_2.accuracy,0.0,experiments/calibration_bins_10,none
calibration_bins_10,calibration_bins,run,majority,test,10,all,1,10,"0.0,1.0,5.0",0,calibration.bin_2.confidence_gap,0.0,experiments/calibration_bins_10,none
calibration_bins_10,calibration_bins,run,majority,test,10,all,1,10,"0.0,1.0,5.0",0,calibration.bin_3.count,0.0,experiments/calibration_bins_10,none
calibration_bins_10,calibration_bins,run,majority,test,10,all,1,10,"0.0,1.0,5.0",0,calibration.bin_3.mean_confidence,0.35,experiments/calibration_bins_10,none
calibration_bins_10,calibration_bins,run,majority,test,10,all,1,10,"0.0,1.0,5.0",0,calibration.bin_3.accuracy,0.0,experiments/calibration_bins_10,none
calibration_bins_10,calibration_bins,run,majority,test,10,all,1,10,"0.0,1.0,5.0",0,calibration.bin_3.confidence_gap,0.0,experiments/calibration_bins_10,none
calibration_bins_10,calibration_bins,run,majority,test,10,all,1,10,"0.0,1.0,5.0",0,calibration.bin_4.count,0.0,experiments/calibration_bins_10,none
calibration_bins_10,calibration_bins,run,majority,test,10,all,1,10,"0.0,1.0,5.0",0,calibration.bin_4.mean_confidence,0.45,experiments/calibration_bins_10,none
calibration_bins_10,calibration_bins,run,majority,test,10,all,1,10,"0.0,1.0,5.0",0,calibration.bin_4.accuracy,0.0,experiments/calibration_bins_10,none
calibration_bins_10,calibration_bins,run,majority,test,10,all,1,10,"0.0,1.0,5.0",0,calibration.bin_4.confidence_gap,0.0,experiments/calibration_bins_10,none
calibration_bins_10,calibration_bins,run,majority,test,10,all,1,10,"0.0,1.0,5.0",0,calibration.bin_5.count,0.0,experiments/calibration_bins_10,none
calibration_bins_10,calibration_bins,run,majority,test,10,all,1,10,"0.0,1.0,5.0",0,calibration.bin_5.mean_confidence,0.55,experiments/calibration_bins_10,none
calibration_bins_10,calibration_bins,run,majority,test,10,all,1,10,"0.0,1.0,5.0",0,calibration.bin_5.accuracy,0.0,experiments/calibration_bins_10,none
calibration_bins_10,calibration_bins,run,majority,test,10,all,1,10,"0.0,1.0,5.0",0,calibration.bin_5.confidence_gap,0.0,experiments/calibration_bins_10,none
calibration_bins_10,calibration_bins,run,majority,test,10,all,1,10,"0.0,1.0,5.0",0,calibration.bin_6.count,11686.0,experiments/calibration_bins_10,none
calibration_bins_10,calibration_bins,run,majority,test,10,all,1,10,"0.0,1.0,5.0",0,calibration.bin_6.mean_confidence,0.6029411764705882,experiments/calibration_bins_10,none
calibration_bins_10,calibration_bins,run,majority,test,10,all,1,10,"0.0,1.0,5.0",0,calibration.bin_6.accuracy,0.6286154372753723,experiments/calibration_bins_10,none
calibration_bins_10,calibration_bins,run,majority,test,10,all,1,10,"0.0,1.0,5.0",0,calibration.bin_6.confidence_gap,0.025674260804784,experiments/calibration_bins_10,none
calibration_bins_10,calibration_bins,run,majority,test,10,all,1,10,"0.0,1.0,5.0",0,calibration.bin_7.count,0.0,experiments/calibration_bins_10,none
calibration_bins_10,calibration_bins,run,majority,test,10,all,1,10,"0.0,1.0,5.0",0,calibration.bin_7.mean_confidence,0.75,experiments/calibration_bins_10,none
calibration_bins_10,calibration_bins,run,majority,test,10,all,1,10,"0.0,1.0,5.0",0,calibration.bin_7.accuracy,0.0,experiments/calibration_bins_10,none
calibration_bins_10,calibration_bins,run,majority,test,10,all,1,10,"0.0,1.0,5.0",0,calibration.bin_7.confidence_gap,0.0,experiments/calibration_bins_10,none
calibration_bins_10,calibration_bins,run,majority,test,10,all,1,10,"0.0,1.0,5.0",0,calibration.bin_8.count,0.0,experiments/calibration_bins_10,none
calibration_bins_10,calibration_bins,run,majority,test,10,all,1,10,"0.0,1.0,5.0",0,calibration.bin_8.mean_confidence,0.8500000000000001,experiments/calibration_bins_10,none
calibration_bins_10,calibration_bins,run,majority,test,10,all,1,10,"0.0,1.0,5.0",0,calibration.bin_8.accuracy,0.0,experiments/calibration_bins_10,none
calibration_bins_10,calibration_bins,run,majority,test,10,all,1,10,"0.0,1.0,5.0",0,calibration.bin_8.confidence_gap,0.0,experiments/calibration_bins_10,none
calibration_bins_10,calibration_bins,run,majority,test,10,all,1,10,"0.0,1.0,5.0",0,calibration.bin_9.count,0.0,experiments/calibration_bins_10,none
calibration_bins_10,calibration_bins,run,majority,test,10,all,1,10,"0.0,1.0,5.0",0,calibration.bin_9.mean_confidence,0.95,experiments/calibration_bins_10,none
calibration_bins_10,calibration_bins,run,majority,test,10,all,1,10,"0.0,1.0,5.0",0,calibration.bin_9.accuracy,0.0,experiments/calibration_bins_10,none
calibration_bins_10,calibration_bins,run,majority,test,10,all,1,10,"0.0,1.0,5.0",0,calibration.bin_9.confidence_gap,0.0,experiments/calibration_bins_10,none
calibration_bins_10,calibration_bins,run,logistic,test,10,all,1,10,"0.0,1.0,5.0",0,calibration.bin_0.count,0.0,experiments/calibration_bins_10,none
calibration_bins_10,calibration_bins,run,logistic,test,10,all,1,10,"0.0,1.0,5.0",0,calibration.bin_0.mean_confidence,0.05,experiments/calibration_bins_10,none
calibration_bins_10,calibration_bins,run,logistic,test,10,all,1,10,"0.0,1.0,5.0",0,calibration.bin_0.accuracy,0.0,experiments/calibration_bins_10,none
calibration_bins_10,calibration_bins,run,logistic,test,10,all,1,10,"0.0,1.0,5.0",0,calibration.bin_0.confidence_gap,0.0,experiments/calibration_bins_10,none
calibration_bins_10,calibration_bins,run,logistic,test,10,all,1,10,"0.0,1.0,5.0",0,calibration.bin_1.count,0.0,experiments/calibration_bins_10,none
calibration_bins_10,calibration_bins,run,logistic,test,10,all,1,10,"0.0,1.0,5.0",0,calibration.bin_1.mean_confidence,0.15,experiments/calibration_bins_10,none
calibration_bins_10,calibration_bins,run,logistic,test,10,all,1,10,"0.0,1.0,5.0",0,calibration.bin_1.accuracy,0.0,experiments/calibration_bins_10,none
calibration_bins_10,calibration_bins,run,logistic,test,10,all,1,10,"0.0,1.0,5.0",0,calibration.bin_1.confidence_gap,0.0,experiments/calibration_bins_10,none
calibration_bins_10,calibration_bins,run,logistic,test,10,all,1,10,"0.0,1.0,5.0",0,calibration.bin_2.count,0.0,experiments/calibration_bins_10,none
calibration_bins_10,calibration_bins,run,logistic,test,10,all,1,10,"0.0,1.0,5.0",0,calibration.bin_2.mean_confidence,0.25,experiments/calibration_bins_10,none
calibration_bins_10,calibration_bins,run,logistic,test,10,all,1,10,"0.0,1.0,5.0",0,calibration.bin_2.accuracy,0.0,experiments/calibration_bins_10,none
calibration_bins_10,calibration_bins,run,logistic,test,10,all,1,10,"0.0,1.0,5.0",0,calibration.bin_2.confidence_gap,0.0,experiments/calibration_bins_10,none
calibration_bins_10,calibration_bins,run,logistic,test,10,all,1,10,"0.0,1.0,5.0",0,calibration.bin_3.count,496.0,experiments/calibration_bins_10,none
calibration_bins_10,calibration_bins,run,logistic,test,10,all,1,10,"0.0,1.0,5.0",0,calibration.bin_3.mean_confidence,0.378542820211792,experiments/calibration_bins_10,none
calibration_bins_10,calibration_bins,run,logistic,test,10,all,1,10,"0.0,1.0,5.0",0,calibration.bin_3.accuracy,0.3508064516129032,experiments/calibration_bins_10,none
calibration_bins_10,calibration_bins,run,logistic,test,10,all,1,10,"0.0,1.0,5.0",0,calibration.bin_3.confidence_gap,0.0277363685988887,experiments/calibration_bins_10,none
calibration_bins_10,calibration_bins,run,logistic,test,10,all,1,10,"0.0,1.0,5.0",0,calibration.bin_4.count,2501.0,experiments/calibration_bins_10,none
calibration_bins_10,calibration_bins,run,logistic,test,10,all,1,10,"0.0,1.0,5.0",0,calibration.bin_4.mean_confidence,0.4563493231015716,experiments/calibration_bins_10,none
calibration_bins_10,calibration_bins,run,logistic,test,10,all,1,10,"0.0,1.0,5.0",0,calibration.bin_4.accuracy,0.4814074370251899,experiments/calibration_bins_10,none
calibration_bins_10,calibration_bins,run,logistic,test,10,all,1,10,"0.0,1.0,5.0",0,calibration.bin_4.confidence_gap,0.0250581139236182,experiments/calibration_bins_10,none
calibration_bins_10,calibration_bins,run,logistic,test,10,all,1,10,"0.0,1.0,5.0",0,calibration.bin_5.count,3556.0,experiments/calibration_bins_10,none
calibration_bins_10,calibration_bins,run,logistic,test,10,all,1,10,"0.0,1.0,5.0",0,calibration.bin_5.mean_confidence,0.5515976077339129,experiments/calibration_bins_10,none
calibration_bins_10,calibration_bins,run,logistic,test,10,all,1,10,"0.0,1.0,5.0",0,calibration.bin_5.accuracy,0.6105174353205849,experiments/calibration_bins_10,none
calibration_bins_10,calibration_bins,run,logistic,test,10,all,1,10,"0.0,1.0,5.0",0,calibration.bin_5.confidence_gap,0.058919827586672,experiments/calibration_bins_10,none
calibration_bins_10,calibration_bins,run,logistic,test,10,all,1,10,"0.0,1.0,5.0",0,calibration.bin_6.count,2830.0,experiments/calibration_bins_10,none
calibration_bins_10,calibration_bins,run,logistic,test,10,all,1,10,"0.0,1.0,5.0",0,calibration.bin_6.mean_confidence,0.6489150854487953,experiments/calibration_bins_10,none
calibration_bins_10,calibration_bins,run,logistic,test,10,all,1,10,"0.0,1.0,5.0",0,calibration.bin_6.accuracy,0.7098939929328622,experiments/calibration_bins_10,none
calibration_bins_10,calibration_bins,run,logistic,test,10,all,1,10,"0.0,1.0,5.0",0,calibration.bin_6.confidence_gap,0.0609789074840668,experiments/calibration_bins_10,none
calibration_bins_10,calibration_bins,run,logistic,test,10,all,1,10,"0.0,1.0,5.0",0,calibration.bin_7.count,2001.0,experiments/calibration_bins_10,none
calibration_bins_10,calibration_bins,run,logistic,test,10,all,1,10,"0.0,1.0,5.0",0,calibration.bin_7.mean_confidence,0.7431874134563505,experiments/calibration_bins_10,none
calibration_bins_10,calibration_bins,run,logistic,test,10,all,1,10,"0.0,1.0,5.0",0,calibration.bin_7.accuracy,0.7456271864067966,experiments/calibration_bins_10,none
calibration_bins_10,calibration_bins,run,logistic,test,10,all,1,10,"0.0,1.0,5.0",0,calibration.bin_7.confidence_gap,0.002439772950446,experiments/calibration_bins_10,none
calibration_bins_10,calibration_bins,run,logistic,test,10,all,1,10,"0.0,1.0,5.0",0,calibration.bin_8.count,292.0,experiments/calibration_bins_10,none
calibration_bins_10,calibration_bins,run,logistic,test,10,all,1,10,"0.0,1.0,5.0",0,calibration.bin_8.mean_confidence,0.8271102484332379,experiments/calibration_bins_10,none
calibration_bins_10,calibration_bins,run,logistic,test,10,all,1,10,"0.0,1.0,5.0",0,calibration.bin_8.accuracy,0.7808219178082192,experiments/calibration_bins_10,none
calibration_bins_10,calibration_bins,run,logistic,test,10,all,1,10,"0.0,1.0,5.0",0,calibration.bin_8.confidence_gap,0.0462883306250186,experiments/calibration_bins_10,none
calibration_bins_10,calibration_bins,run,logistic,test,10,all,1,10,"0.0,1.0,5.0",0,calibration.bin_9.count,10.0,experiments/calibration_bins_10,none
calibration_bins_10,calibration_bins,run,logistic,test,10,all,1,10,"0.0,1.0,5.0",0,calibration.bin_9.mean_confidence,0.9506969897535475,experiments/calibration_bins_10,none
calibration_bins_10,calibration_bins,run,logistic,test,10,all,1,10,"0.0,1.0,5.0",0,calibration.bin_9.accuracy,0.6,experiments/calibration_bins_10,none
calibration_bins_10,calibration_bins,run,logistic,test,10,all,1,10,"0.0,1.0,5.0",0,calibration.bin_9.confidence_gap,0.3506969897535475,experiments/calibration_bins_10,none
calibration_bins_10,calibration_bins,run,deeplob_style,test,10,all,1,10,"0.0,1.0,5.0",0,calibration.bin_0.count,0.0,experiments/calibration_bins_10,none
calibration_bins_10,calibration_bins,run,deeplob_style,test,10,all,1,10,"0.0,1.0,5.0",0,calibration.bin_0.mean_confidence,0.05,experiments/calibration_bins_10,none
calibration_bins_10,calibration_bins,run,deeplob_style,test,10,all,1,10,"0.0,1.0,5.0",0,calibration.bin_0.accuracy,0.0,experiments/calibration_bins_10,none
calibration_bins_10,calibration_bins,run,deeplob_style,test,10,all,1,10,"0.0,1.0,5.0",0,calibration.bin_0.confidence_gap,0.0,experiments/calibration_bins_10,none
calibration_bins_10,calibration_bins,run,deeplob_style,test,10,all,1,10,"0.0,1.0,5.0",0,calibration.bin_1.count,0.0,experiments/calibration_bins_10,none
calibration_bins_10,calibration_bins,run,deeplob_style,test,10,all,1,10,"0.0,1.0,5.0",0,calibration.bin_1.mean_confidence,0.15,experiments/calibration_bins_10,none
calibration_bins_10,calibration_bins,run,deeplob_style,test,10,all,1,10,"0.0,1.0,5.0",0,calibration.bin_1.accuracy,0.0,experiments/calibration_bins_10,none
calibration_bins_10,calibration_bins,run,deeplob_style,test,10,all,1,10,"0.0,1.0,5.0",0,calibration.bin_1.confidence_gap,0.0,experiments/calibration_bins_10,none
calibration_bins_10,calibration_bins,run,deeplob_style,test,10,all,1,10,"0.0,1.0,5.0",0,calibration.bin_2.count,0.0,experiments/calibration_bins_10,none
calibration_bins_10,calibration_bins,run,deeplob_style,test,10,all,1,10,"0.0,1.0,5.0",0,calibration.bin_2.mean_confidence,0.25,experiments/calibration_bins_10,none
calibration_bins_10,calibration_bins,run,deeplob_style,test,10,all,1,10,"0.0,1.0,5.0",0,calibration.bin_2.accuracy,0.0,experiments/calibration_bins_10,none
calibration_bins_10,calibration_bins,run,deeplob_style,test,10,all,1,10,"0.0,1.0,5.0",0,calibration.bin_2.confidence_gap,0.0,experiments/calibration_bins_10,none
calibration_bins_10,calibration_bins,run,deeplob_style,test,10,all,1,10,"0.0,1.0,5.0",0,calibration.bin_3.count,5738.0,experiments/calibration_bins_10,none
calibration_bins_10,calibration_bins,run,deeplob_style,test,10,all,1,10,"0.0,1.0,5.0",0,calibration.bin_3.mean_confidence,0.3761954318861263,experiments/calibration_bins_10,none
calibration_bins_10,calibration_bins,run,deeplob_style,test,10,all,1,10,"0.0,1.0,5.0",0,calibration.bin_3.accuracy,0.3976995468804462,experiments/calibration_bins_10,none
calibration_bins_10,calibration_bins,run,deeplob_style,test,10,all,1,10,"0.0,1.0,5.0",0,calibration.bin_3.confidence_gap,0.0215041149943198,experiments/calibration_bins_10,none
calibration_bins_10,calibration_bins,run,deeplob_style,test,10,all,1,10,"0.0,1.0,5.0",0,calibration.bin_4.count,3389.0,experiments/calibration_bins_10,none
calibration_bins_10,calibration_bins,run,deeplob_style,test,10,all,1,10,"0.0,1.0,5.0",0,calibration.bin_4.mean_confidence,0.4482917762820247,experiments/calibration_bins_10,none
calibration_bins_10,calibration_bins,run,deeplob_style,test,10,all,1,10,"0.0,1.0,5.0",0,calibration.bin_4.accuracy,0.7043375627028622,experiments/calibration_bins_10,none
calibration_bins_10,calibration_bins,run,deeplob_style,test,10,all,1,10,"0.0,1.0,5.0",0,calibration.bin_4.confidence_gap,0.2560457864208374,experiments/calibration_bins_10,none
calibration_bins_10,calibration_bins,run,deeplob_style,test,10,all,1,10,"0.0,1.0,5.0",0,calibration.bin_5.count,2558.0,experiments/calibration_bins_10,none
calibration_bins_10,calibration_bins,run,deeplob_style,test,10,all,1,10,"0.0,1.0,5.0",0,calibration.bin_5.mean_confidence,0.5315117140002354,experiments/calibration_bins_10,none
calibration_bins_10,calibration_bins,run,deeplob_style,test,10,all,1,10,"0.0,1.0,5.0",0,calibration.bin_5.accuracy,0.7654417513682564,experiments/calibration_bins_10,none
calibration_bins_10,calibration_bins,run,deeplob_style,test,10,all,1,10,"0.0,1.0,5.0",0,calibration.bin_5.confidence_gap,0.2339300373680209,experiments/calibration_bins_10,none
calibration_bins_10,calibration_bins,run,deeplob_style,test,10,all,1,10,"0.0,1.0,5.0",0,calibration.bin_6.count,1.0,experiments/calibration_bins_10,none
calibration_bins_10,calibration_bins,run,deeplob_style,test,10,all,1,10,"0.0,1.0,5.0",0,calibration.bin_6.mean_confidence,0.6095999439477979,experiments/calibration_bins_10,none
calibration_bins_10,calibration_bins,run,deeplob_style,test,10,all,1,10,"0.0,1.0,5.0",0,calibration.bin_6.accuracy,1.0,experiments/calibration_bins_10,none
calibration_bins_10,calibration_bins,run,deeplob_style,test,10,all,1,10,"0.0,1.0,5.0",0,calibration.bin_6.confidence_gap,0.390400056052202,experiments/calibration_bins_10,none
calibration_bins_10,calibration_bins,run,deeplob_style,test,10,all,1,10,"0.0,1.0,5.0",0,calibration.bin_7.count,0.0,experiments/calibration_bins_10,none
calibration_bins_10,calibration_bins,run,deeplob_style,test,10,all,1,10,"0.0,1.0,5.0",0,calibration.bin_7.mean_confidence,0.75,experiments/calibration_bins_10,none
calibration_bins_10,calibration_bins,run,deeplob_style,test,10,all,1,10,"0.0,1.0,5.0",0,calibration.bin_7.accuracy,0.0,experiments/calibration_bins_10,none
calibration_bins_10,calibration_bins,run,deeplob_style,test,10,all,1,10,"0.0,1.0,5.0",0,calibration.bin_7.confidence_gap,0.0,experiments/calibration_bins_10,none
calibration_bins_10,calibration_bins,run,deeplob_style,test,10,all,1,10,"0.0,1.0,5.0",0,calibration.bin_8.count,0.0,experiments/calibration_bins_10,none
calibration_bins_10,calibration_bins,run,deeplob_style,test,10,all,1,10,"0.0,1.0,5.0",0,calibration.bin_8.mean_confidence,0.8500000000000001,experiments/calibration_bins_10,none
calibration_bins_10,calibration_bins,run,deeplob_style,test,10,all,1,10,"0.0,1.0,5.0",0,calibration.bin_8.accuracy,0.0,experiments/calibration_bins_10,none
calibration_bins_10,calibration_bins,run,deeplob_style,test,10,all,1,10,"0.0,1.0,5.0",0,calibration.bin_8.confidence_gap,0.0,experiments/calibration_bins_10,none
calibration_bins_10,calibration_bins,run,deeplob_style,test,10,all,1,10,"0.0,1.0,5.0",0,calibration.bin_9.count,0.0,experiments/calibration_bins_10,none
calibration_bins_10,calibration_bins,run,deeplob_style,test,10,all,1,10,"0.0,1.0,5.0",0,calibration.bin_9.mean_confidence,0.95,experiments/calibration_bins_10,none
calibration_bins_10,calibration_bins,run,deeplob_style,test,10,all,1,10,"0.0,1.0,5.0",0,calibration.bin_9.accuracy,0.0,experiments/calibration_bins_10,none
calibration_bins_10,calibration_bins,run,deeplob_style,test,10,all,1,10,"0.0,1.0,5.0",0,calibration.bin_9.confidence_gap,0.0,experiments/calibration_bins_10,none
calibration_bins_10,calibration_bins,run,majority,test,10,all,1,10,0.0,0,execution.eligible_predictions@confidence_threshold=0,11676.0,experiments/calibration_bins_10,none
calibration_bins_10,calibration_bins,run,majority,test,10,all,1,10,0.0,0,execution.trade_count_proxy@confidence_threshold=0,11676.0,experiments/calibration_bins_10,none
calibration_bins_10,calibration_bins,run,majority,test,10,all,1,10,0.0,0,execution.turnover_proxy@confidence_threshold=0,11676.0,experiments/calibration_bins_10,none
calibration_bins_10,calibration_bins,run,majority,test,10,all,1,10,0.0,0,execution.gross_signal_return_proxy@confidence_threshold=0,-0.4374632647694284,experiments/calibration_bins_10,none
calibration_bins_10,calibration_bins,run,majority,test,10,all,1,10,0.0,0,execution.cost_proxy@confidence_threshold=0,0.0,experiments/calibration_bins_10,none
calibration_bins_10,calibration_bins,run,majority,test,10,all,1,10,0.0,0,execution.net_signal_return_proxy@confidence_threshold=0,-0.4374632647694284,experiments/calibration_bins_10,none
calibration_bins_10,calibration_bins,run,majority,test,10,all,1,10,0.0,0,execution.hit_rate_proxy@confidence_threshold=0,0.6286399451867077,experiments/calibration_bins_10,none
calibration_bins_10,calibration_bins,run,majority,test,10,all,1,10,1.0,0,execution.eligible_predictions@confidence_threshold=0,11676.0,experiments/calibration_bins_10,none
calibration_bins_10,calibration_bins,run,majority,test,10,all,1,10,1.0,0,execution.trade_count_proxy@confidence_threshold=0,11676.0,experiments/calibration_bins_10,none
calibration_bins_10,calibration_bins,run,majority,test,10,all,1,10,1.0,0,execution.turnover_proxy@confidence_threshold=0,11676.0,experiments/calibration_bins_10,none
calibration_bins_10,calibration_bins,run,majority,test,10,all,1,10,1.0,0,execution.gross_signal_return_proxy@confidence_threshold=0,-0.4374632647694284,experiments/calibration_bins_10,none
calibration_bins_10,calibration_bins,run,majority,test,10,all,1,10,1.0,0,execution.cost_proxy@confidence_threshold=0,1.0,experiments/calibration_bins_10,none
calibration_bins_10,calibration_bins,run,majority,test,10,all,1,10,1.0,0,execution.net_signal_return_proxy@confidence_threshold=0,-1.4374632647694283,experiments/calibration_bins_10,none
calibration_bins_10,calibration_bins,run,majority,test,10,all,1,10,1.0,0,execution.hit_rate_proxy@confidence_threshold=0,0.6286399451867077,experiments/calibration_bins_10,none
calibration_bins_10,calibration_bins,run,majority,test,10,all,1,10,5.0,0,execution.eligible_predictions@confidence_threshold=0,11676.0,experiments/calibration_bins_10,none
calibration_bins_10,calibration_bins,run,majority,test,10,all,1,10,5.0,0,execution.trade_count_proxy@confidence_threshold=0,11676.0,experiments/calibration_bins_10,none
calibration_bins_10,calibration_bins,run,majority,test,10,all,1,10,5.0,0,execution.turnover_proxy@confidence_threshold=0,11676.0,experiments/calibration_bins_10,none
calibration_bins_10,calibration_bins,run,majority,test,10,all,1,10,5.0,0,execution.gross_signal_return_proxy@confidence_threshold=0,-0.4374632647694284,experiments/calibration_bins_10,none
calibration_bins_10,calibration_bins,run,majority,test,10,all,1,10,5.0,0,execution.cost_proxy@confidence_threshold=0,5.0,experiments/calibration_bins_10,none
calibration_bins_10,calibration_bins,run,majority,test,10,all,1,10,5.0,0,execution.net_signal_return_proxy@confidence_threshold=0,-5.437463264769429,experiments/calibration_bins_10,none
calibration_bins_10,calibration_bins,run,majority,test,10,all,1,10,5.0,0,execution.hit_rate_proxy@confidence_threshold=0,0.6286399451867077,experiments/calibration_bins_10,none
calibration_bins_10,calibration_bins,run,majority,test,10,all,1,10,0.0,0,execution.eligible_predictions@confidence_threshold=0.5,11676.0,experiments/calibration_bins_10,none
calibration_bins_10,calibration_bins,run,majority,test,10,all,1,10,0.0,0,execution.trade_count_proxy@confidence_threshold=0.5,11676.0,experiments/calibration_bins_10,none
calibration_bins_10,calibration_bins,run,majority,test,10,all,1,10,0.0,0,execution.turnover_proxy@confidence_threshold=0.5,11676.0,experiments/calibration_bins_10,none
calibration_bins_10,calibration_bins,run,majority,test,10,all,1,10,0.0,0,execution.gross_signal_return_proxy@confidence_threshold=0.5,-0.4374632647694284,experiments/calibration_bins_10,none
calibration_bins_10,calibration_bins,run,majority,test,10,all,1,10,0.0,0,execution.cost_proxy@confidence_threshold=0.5,0.0,experiments/calibration_bins_10,none
calibration_bins_10,calibration_bins,run,majority,test,10,all,1,10,0.0,0,execution.net_signal_return_proxy@confidence_threshold=0.5,-0.4374632647694284,experiments/calibration_bins_10,none
calibration_bins_10,calibration_bins,run,majority,test,10,all,1,10,0.0,0,execution.hit_rate_proxy@confidence_threshold=0.5,0.6286399451867077,experiments/calibration_bins_10,none
calibration_bins_10,calibration_bins,run,majority,test,10,all,1,10,1.0,0,execution.eligible_predictions@confidence_threshold=0.5,11676.0,experiments/calibration_bins_10,none
calibration_bins_10,calibration_bins,run,majority,test,10,all,1,10,1.0,0,execution.trade_count_proxy@confidence_threshold=0.5,11676.0,experiments/calibration_bins_10,none
calibration_bins_10,calibration_bins,run,majority,test,10,all,1,10,1.0,0,execution.turnover_proxy@confidence_threshold=0.5,11676.0,experiments/calibration_bins_10,none
calibration_bins_10,calibration_bins,run,majority,test,10,all,1,10,1.0,0,execution.gross_signal_return_proxy@confidence_threshold=0.5,-0.4374632647694284,experiments/calibration_bins_10,none
calibration_bins_10,calibration_bins,run,majority,test,10,all,1,10,1.0,0,execution.cost_proxy@confidence_threshold=0.5,1.0,experiments/calibration_bins_10,none
calibration_bins_10,calibration_bins,run,majority,test,10,all,1,10,1.0,0,execution.net_signal_return_proxy@confidence_threshold=0.5,-1.4374632647694283,experiments/calibration_bins_10,none
calibration_bins_10,calibration_bins,run,majority,test,10,all,1,10,1.0,0,execution.hit_rate_proxy@confidence_threshold=0.5,0.6286399451867077,experiments/calibration_bins_10,none
calibration_bins_10,calibration_bins,run,majority,test,10,all,1,10,5.0,0,execution.eligible_predictions@confidence_threshold=0.5,11676.0,experiments/calibration_bins_10,none
calibration_bins_10,calibration_bins,run,majority,test,10,all,1,10,5.0,0,execution.trade_count_proxy@confidence_threshold=0.5,11676.0,experiments/calibration_bins_10,none
calibration_bins_10,calibration_bins,run,majority,test,10,all,1,10,5.0,0,execution.turnover_proxy@confidence_threshold=0.5,11676.0,experiments/calibration_bins_10,none
calibration_bins_10,calibration_bins,run,majority,test,10,all,1,10,5.0,0,execution.gross_signal_return_proxy@confidence_threshold=0.5,-0.4374632647694284,experiments/calibration_bins_10,none
calibration_bins_10,calibration_bins,run,majority,test,10,all,1,10,5.0,0,execution.cost_proxy@confidence_threshold=0.5,5.0,experiments/calibration_bins_10,none
calibration_bins_10,calibration_bins,run,majority,test,10,all,1,10,5.0,0,execution.net_signal_return_proxy@confidence_threshold=0.5,-5.437463264769429,experiments/calibration_bins_10,none
calibration_bins_10,calibration_bins,run,majority,test,10,all,1,10,5.0,0,execution.hit_rate_proxy@confidence_threshold=0.5,0.6286399451867077,experiments/calibration_bins_10,none
calibration_bins_10,calibration_bins,run,majority,test,10,all,1,10,0.0,0,execution.eligible_predictions@confidence_threshold=0.6,11676.0,experiments/calibration_bins_10,none
calibration_bins_10,calibration_bins,run,majority,test,10,all,1,10,0.0,0,execution.trade_count_proxy@confidence_threshold=0.6,11676.0,experiments/calibration_bins_10,none
calibration_bins_10,calibration_bins,run,majority,test,10,all,1,10,0.0,0,execution.turnover_proxy@confidence_threshold=0.6,11676.0,experiments/calibration_bins_10,none
calibration_bins_10,calibration_bins,run,majority,test,10,all,1,10,0.0,0,execution.gross_signal_return_proxy@confidence_threshold=0.6,-0.4374632647694284,experiments/calibration_bins_10,none
calibration_bins_10,calibration_bins,run,majority,test,10,all,1,10,0.0,0,execution.cost_proxy@confidence_threshold=0.6,0.0,experiments/calibration_bins_10,none
calibration_bins_10,calibration_bins,run,majority,test,10,all,1,10,0.0,0,execution.net_signal_return_proxy@confidence_threshold=0.6,-0.4374632647694284,experiments/calibration_bins_10,none
calibration_bins_10,calibration_bins,run,majority,test,10,all,1,10,0.0,0,execution.hit_rate_proxy@confidence_threshold=0.6,0.6286399451867077,experiments/calibration_bins_10,none
calibration_bins_10,calibration_bins,run,majority,test,10,all,1,10,1.0,0,execution.eligible_predictions@confidence_threshold=0.6,11676.0,experiments/calibration_bins_10,none
calibration_bins_10,calibration_bins,run,majority,test,10,all,1,10,1.0,0,execution.trade_count_proxy@confidence_threshold=0.6,11676.0,experiments/calibration_bins_10,none
calibration_bins_10,calibration_bins,run,majority,test,10,all,1,10,1.0,0,execution.turnover_proxy@confidence_threshold=0.6,11676.0,experiments/calibration_bins_10,none
calibration_bins_10,calibration_bins,run,majority,test,10,all,1,10,1.0,0,execution.gross_signal_return_proxy@confidence_threshold=0.6,-0.4374632647694284,experiments/calibration_bins_10,none
calibration_bins_10,calibration_bins,run,majority,test,10,all,1,10,1.0,0,execution.cost_proxy@confidence_threshold=0.6,1.0,experiments/calibration_bins_10,none
calibration_bins_10,calibration_bins,run,majority,test,10,all,1,10,1.0,0,execution.net_signal_return_proxy@confidence_threshold=0.6,-1.4374632647694283,experiments/calibration_bins_10,none
calibration_bins_10,calibration_bins,run,majority,test,10,all,1,10,1.0,0,execution.hit_rate_proxy@confidence_threshold=0.6,0.6286399451867077,experiments/calibration_bins_10,none
calibration_bins_10,calibration_bins,run,majority,test,10,all,1,10,5.0,0,execution.eligible_predictions@confidence_threshold=0.6,11676.0,experiments/calibration_bins_10,none
calibration_bins_10,calibration_bins,run,majority,test,10,all,1,10,5.0,0,execution.trade_count_proxy@confidence_threshold=0.6,11676.0,experiments/calibration_bins_10,none
calibration_bins_10,calibration_bins,run,majority,test,10,all,1,10,5.0,0,execution.turnover_proxy@confidence_threshold=0.6,11676.0,experiments/calibration_bins_10,none
calibration_bins_10,calibration_bins,run,majority,test,10,all,1,10,5.0,0,execution.gross_signal_return_proxy@confidence_threshold=0.6,-0.4374632647694284,experiments/calibration_bins_10,none
calibration_bins_10,calibration_bins,run,majority,test,10,all,1,10,5.0,0,execution.cost_proxy@confidence_threshold=0.6,5.0,experiments/calibration_bins_10,none
calibration_bins_10,calibration_bins,run,majority,test,10,all,1,10,5.0,0,execution.net_signal_return_proxy@confidence_threshold=0.6,-5.437463264769429,experiments/calibration_bins_10,none
calibration_bins_10,calibration_bins,run,majority,test,10,all,1,10,5.0,0,execution.hit_rate_proxy@confidence_threshold=0.6,0.6286399451867077,experiments/calibration_bins_10,none
calibration_bins_10,calibration_bins,run,majority,test,10,all,1,10,0.0,0,execution.eligible_predictions@confidence_threshold=0.7,0.0,experiments/calibration_bins_10,none
calibration_bins_10,calibration_bins,run,majority,test,10,all,1,10,0.0,0,execution.trade_count_proxy@confidence_threshold=0.7,0.0,experiments/calibration_bins_10,none
calibration_bins_10,calibration_bins,run,majority,test,10,all,1,10,0.0,0,execution.turnover_proxy@confidence_threshold=0.7,0.0,experiments/calibration_bins_10,none
calibration_bins_10,calibration_bins,run,majority,test,10,all,1,10,0.0,0,execution.gross_signal_return_proxy@confidence_threshold=0.7,0.0,experiments/calibration_bins_10,none
calibration_bins_10,calibration_bins,run,majority,test,10,all,1,10,0.0,0,execution.cost_proxy@confidence_threshold=0.7,0.0,experiments/calibration_bins_10,none
calibration_bins_10,calibration_bins,run,majority,test,10,all,1,10,0.0,0,execution.net_signal_return_proxy@confidence_threshold=0.7,0.0,experiments/calibration_bins_10,none
calibration_bins_10,calibration_bins,run,majority,test,10,all,1,10,0.0,0,execution.hit_rate_proxy@confidence_threshold=0.7,0.0,experiments/calibration_bins_10,none
calibration_bins_10,calibration_bins,run,majority,test,10,all,1,10,1.0,0,execution.eligible_predictions@confidence_threshold=0.7,0.0,experiments/calibration_bins_10,none
calibration_bins_10,calibration_bins,run,majority,test,10,all,1,10,1.0,0,execution.trade_count_proxy@confidence_threshold=0.7,0.0,experiments/calibration_bins_10,none
calibration_bins_10,calibration_bins,run,majority,test,10,all,1,10,1.0,0,execution.turnover_proxy@confidence_threshold=0.7,0.0,experiments/calibration_bins_10,none
calibration_bins_10,calibration_bins,run,majority,test,10,all,1,10,1.0,0,execution.gross_signal_return_proxy@confidence_threshold=0.7,0.0,experiments/calibration_bins_10,none
calibration_bins_10,calibration_bins,run,majority,test,10,all,1,10,1.0,0,execution.cost_proxy@confidence_threshold=0.7,0.0,experiments/calibration_bins_10,none
calibration_bins_10,calibration_bins,run,majority,test,10,all,1,10,1.0,0,execution.net_signal_return_proxy@confidence_threshold=0.7,0.0,experiments/calibration_bins_10,none
calibration_bins_10,calibration_bins,run,majority,test,10,all,1,10,1.0,0,execution.hit_rate_proxy@confidence_threshold=0.7,0.0,experiments/calibration_bins_10,none
calibration_bins_10,calibration_bins,run,majority,test,10,all,1,10,5.0,0,execution.eligible_predictions@confidence_threshold=0.7,0.0,experiments/calibration_bins_10,none
calibration_bins_10,calibration_bins,run,majority,test,10,all,1,10,5.0,0,execution.trade_count_proxy@confidence_threshold=0.7,0.0,experiments/calibration_bins_10,none
calibration_bins_10,calibration_bins,run,majority,test,10,all,1,10,5.0,0,execution.turnover_proxy@confidence_threshold=0.7,0.0,experiments/calibration_bins_10,none
calibration_bins_10,calibration_bins,run,majority,test,10,all,1,10,5.0,0,execution.gross_signal_return_proxy@confidence_threshold=0.7,0.0,experiments/calibration_bins_10,none
calibration_bins_10,calibration_bins,run,majority,test,10,all,1,10,5.0,0,execution.cost_proxy@confidence_threshold=0.7,0.0,experiments/calibration_bins_10,none
calibration_bins_10,calibration_bins,run,majority,test,10,all,1,10,5.0,0,execution.net_signal_return_proxy@confidence_threshold=0.7,0.0,experiments/calibration_bins_10,none
calibration_bins_10,calibration_bins,run,majority,test,10,all,1,10,5.0,0,execution.hit_rate_proxy@confidence_threshold=0.7,0.0,experiments/calibration_bins_10,none
calibration_bins_10,calibration_bins,run,logistic,test,10,all,1,10,0.0,0,execution.eligible_predictions@confidence_threshold=0,11676.0,experiments/calibration_bins_10,none
calibration_bins_10,calibration_bins,run,logistic,test,10,all,1,10,0.0,0,execution.trade_count_proxy@confidence_threshold=0,10845.0,experiments/calibration_bins_10,none
calibration_bins_10,calibration_bins,run,logistic,test,10,all,1,10,0.0,0,execution.turnover_proxy@confidence_threshold=0,10845.0,experiments/calibration_bins_10,none
calibration_bins_10,calibration_bins,run,logistic,test,10,all,1,10,0.0,0,execution.gross_signal_return_proxy@confidence_threshold=0,-0.4286252710396254,experiments/calibration_bins_10,none
calibration_bins_10,calibration_bins,run,logistic,test,10,all,1,10,0.0,0,execution.cost_proxy@confidence_threshold=0,0.0,experiments/calibration_bins_10,none
calibration_bins_10,calibration_bins,run,logistic,test,10,all,1,10,0.0,0,execution.net_signal_return_proxy@confidence_threshold=0,-0.4286252710396254,experiments/calibration_bins_10,none
calibration_bins_10,calibration_bins,run,logistic,test,10,all,1,10,0.0,0,execution.hit_rate_proxy@confidence_threshold=0,0.6233299075025693,experiments/calibration_bins_10,none
calibration_bins_10,calibration_bins,run,logistic,test,10,all,1,10,1.0,0,execution.eligible_predictions@confidence_threshold=0,11676.0,experiments/calibration_bins_10,none
calibration_bins_10,calibration_bins,run,logistic,test,10,all,1,10,1.0,0,execution.trade_count_proxy@confidence_threshold=0,10845.0,experiments/calibration_bins_10,none
calibration_bins_10,calibration_bins,run,logistic,test,10,all,1,10,1.0,0,execution.turnover_proxy@confidence_threshold=0,10845.0,experiments/calibration_bins_10,none
calibration_bins_10,calibration_bins,run,logistic,test,10,all,1,10,1.0,0,execution.gross_signal_return_proxy@confidence_threshold=0,-0.4286252710396254,experiments/calibration_bins_10,none
calibration_bins_10,calibration_bins,run,logistic,test,10,all,1,10,1.0,0,execution.cost_proxy@confidence_threshold=0,1.0,experiments/calibration_bins_10,none
calibration_bins_10,calibration_bins,run,logistic,test,10,all,1,10,1.0,0,execution.net_signal_return_proxy@confidence_threshold=0,-1.4286252710396254,experiments/calibration_bins_10,none
calibration_bins_10,calibration_bins,run,logistic,test,10,all,1,10,1.0,0,execution.hit_rate_proxy@confidence_threshold=0,0.6233299075025693,experiments/calibration_bins_10,none
calibration_bins_10,calibration_bins,run,logistic,test,10,all,1,10,5.0,0,execution.eligible_predictions@confidence_threshold=0,11676.0,experiments/calibration_bins_10,none
calibration_bins_10,calibration_bins,run,logistic,test,10,all,1,10,5.0,0,execution.trade_count_proxy@confidence_threshold=0,10845.0,experiments/calibration_bins_10,none
calibration_bins_10,calibration_bins,run,logistic,test,10,all,1,10,5.0,0,execution.turnover_proxy@confidence_threshold=0,10845.0,experiments/calibration_bins_10,none
calibration_bins_10,calibration_bins,run,logistic,test,10,all,1,10,5.0,0,execution.gross_signal_return_proxy@confidence_threshold=0,-0.4286252710396254,experiments/calibration_bins_10,none
calibration_bins_10,calibration_bins,run,logistic,test,10,all,1,10,5.0,0,execution.cost_proxy@confidence_threshold=0,5.0,experiments/calibration_bins_10,none
calibration_bins_10,calibration_bins,run,logistic,test,10,all,1,10,5.0,0,execution.net_signal_return_proxy@confidence_threshold=0,-5.428625271039626,experiments/calibration_bins_10,none
calibration_bins_10,calibration_bins,run,logistic,test,10,all,1,10,5.0,0,execution.hit_rate_proxy@confidence_threshold=0,0.6233299075025693,experiments/calibration_bins_10,none
calibration_bins_10,calibration_bins,run,logistic,test,10,all,1,10,0.0,0,execution.eligible_predictions@confidence_threshold=0.5,8679.0,experiments/calibration_bins_10,none
calibration_bins_10,calibration_bins,run,logistic,test,10,all,1,10,0.0,0,execution.trade_count_proxy@confidence_threshold=0.5,8418.0,experiments/calibration_bins_10,none
calibration_bins_10,calibration_bins,run,logistic,test,10,all,1,10,0.0,0,execution.turnover_proxy@confidence_threshold=0.5,8418.0,experiments/calibration_bins_10,none
calibration_bins_10,calibration_bins,run,logistic,test,10,all,1,10,0.0,0,execution.gross_signal_return_proxy@confidence_threshold=0.5,-0.5699791713708685,experiments/calibration_bins_10,none
calibration_bins_10,calibration_bins,run,logistic,test,10,all,1,10,0.0,0,execution.cost_proxy@confidence_threshold=0.5,0.0,experiments/calibration_bins_10,none
calibration_bins_10,calibration_bins,run,logistic,test,10,all,1,10,0.0,0,execution.net_signal_return_proxy@confidence_threshold=0.5,-0.5699791713708685,experiments/calibration_bins_10,none
calibration_bins_10,calibration_bins,run,logistic,test,10,all,1,10,0.0,0,execution.hit_rate_proxy@confidence_threshold=0.5,0.6798018204862312,experiments/calibration_bins_10,none
calibration_bins_10,calibration_bins,run,logistic,test,10,all,1,10,1.0,0,execution.eligible_predictions@confidence_threshold=0.5,8679.0,experiments/calibration_bins_10,none
calibration_bins_10,calibration_bins,run,logistic,test,10,all,1,10,1.0,0,execution.trade_count_proxy@confidence_threshold=0.5,8418.0,experiments/calibration_bins_10,none
calibration_bins_10,calibration_bins,run,logistic,test,10,all,1,10,1.0,0,execution.turnover_proxy@confidence_threshold=0.5,8418.0,experiments/calibration_bins_10,none
calibration_bins_10,calibration_bins,run,logistic,test,10,all,1,10,1.0,0,execution.gross_signal_return_proxy@confidence_threshold=0.5,-0.5699791713708685,experiments/calibration_bins_10,none
calibration_bins_10,calibration_bins,run,logistic,test,10,all,1,10,1.0,0,execution.cost_proxy@confidence_threshold=0.5,1.0,experiments/calibration_bins_10,none
calibration_bins_10,calibration_bins,run,logistic,test,10,all,1,10,1.0,0,execution.net_signal_return_proxy@confidence_threshold=0.5,-1.5699791713708686,experiments/calibration_bins_10,none
calibration_bins_10,calibration_bins,run,logistic,test,10,all,1,10,1.0,0,execution.hit_rate_proxy@confidence_threshold=0.5,0.6798018204862312,experiments/calibration_bins_10,none
calibration_bins_10,calibration_bins,run,logistic,test,10,all,1,10,5.0,0,execution.eligible_predictions@confidence_threshold=0.5,8679.0,experiments/calibration_bins_10,none
calibration_bins_10,calibration_bins,run,logistic,test,10,all,1,10,5.0,0,execution.trade_count_proxy@confidence_threshold=0.5,8418.0,experiments/calibration_bins_10,none
calibration_bins_10,calibration_bins,run,logistic,test,10,all,1,10,5.0,0,execution.turnover_proxy@confidence_threshold=0.5,8418.0,experiments/calibration_bins_10,none
calibration_bins_10,calibration_bins,run,logistic,test,10,all,1,10,5.0,0,execution.gross_signal_return_proxy@confidence_threshold=0.5,-0.5699791713708685,experiments/calibration_bins_10,none
calibration_bins_10,calibration_bins,run,logistic,test,10,all,1,10,5.0,0,execution.cost_proxy@confidence_threshold=0.5,5.0,experiments/calibration_bins_10,none
calibration_bins_10,calibration_bins,run,logistic,test,10,all,1,10,5.0,0,execution.net_signal_return_proxy@confidence_threshold=0.5,-5.569979171370869,experiments/calibration_bins_10,none
calibration_bins_10,calibration_bins,run,logistic,test,10,all,1,10,5.0,0,execution.hit_rate_proxy@confidence_threshold=0.5,0.6798018204862312,experiments/calibration_bins_10,none
calibration_bins_10,calibration_bins,run,logistic,test,10,all,1,10,0.0,0,execution.eligible_predictions@confidence_threshold=0.6,5127.0,experiments/calibration_bins_10,none
calibration_bins_10,calibration_bins,run,logistic,test,10,all,1,10,0.0,0,execution.trade_count_proxy@confidence_threshold=0.6,5018.0,experiments/calibration_bins_10,none
calibration_bins_10,calibration_bins,run,logistic,test,10,all,1,10,0.0,0,execution.turnover_proxy@confidence_threshold=0.6,5018.0,experiments/calibration_bins_10,none
calibration_bins_10,calibration_bins,run,logistic,test,10,all,1,10,0.0,0,execution.gross_signal_return_proxy@confidence_threshold=0.6,-0.937204108973911,experiments/calibration_bins_10,none
calibration_bins_10,calibration_bins,run,logistic,test,10,all,1,10,0.0,0,execution.cost_proxy@confidence_threshold=0.6,0.0,experiments/calibration_bins_10,none
calibration_bins_10,calibration_bins,run,logistic,test,10,all,1,10,0.0,0,execution.net_signal_return_proxy@confidence_threshold=0.6,-0.937204108973911,experiments/calibration_bins_10,none
calibration_bins_10,calibration_bins,run,logistic,test,10,all,1,10,0.0,0,execution.hit_rate_proxy@confidence_threshold=0.6,0.7275209674273454,experiments/calibration_bins_10,none
calibration_bins_10,calibration_bins,run,logistic,test,10,all,1,10,1.0,0,execution.eligible_predictions@confidence_threshold=0.6,5127.0,experiments/calibration_bins_10,none
calibration_bins_10,calibration_bins,run,logistic,test,10,all,1,10,1.0,0,execution.trade_count_proxy@confidence_threshold=0.6,5018.0,experiments/calibration_bins_10,none
calibration_bins_10,calibration_bins,run,logistic,test,10,all,1,10,1.0,0,execution.turnover_proxy@confidence_threshold=0.6,5018.0,experiments/calibration_bins_10,none
calibration_bins_10,calibration_bins,run,logistic,test,10,all,1,10,1.0,0,execution.gross_signal_return_proxy@confidence_threshold=0.6,-0.937204108973911,experiments/calibration_bins_10,none
calibration_bins_10,calibration_bins,run,logistic,test,10,all,1,10,1.0,0,execution.cost_proxy@confidence_threshold=0.6,1.0,experiments/calibration_bins_10,none
calibration_bins_10,calibration_bins,run,logistic,test,10,all,1,10,1.0,0,execution.net_signal_return_proxy@confidence_threshold=0.6,-1.9372041089739112,experiments/calibration_bins_10,none
calibration_bins_10,calibration_bins,run,logistic,test,10,all,1,10,1.0,0,execution.hit_rate_proxy@confidence_threshold=0.6,0.7275209674273454,experiments/calibration_bins_10,none
calibration_bins_10,calibration_bins,run,logistic,test,10,all,1,10,5.0,0,execution.eligible_predictions@confidence_threshold=0.6,5127.0,experiments/calibration_bins_10,none
calibration_bins_10,calibration_bins,run,logistic,test,10,all,1,10,5.0,0,execution.trade_count_proxy@confidence_threshold=0.6,5018.0,experiments/calibration_bins_10,none
calibration_bins_10,calibration_bins,run,logistic,test,10,all,1,10,5.0,0,execution.turnover_proxy@confidence_threshold=0.6,5018.0,experiments/calibration_bins_10,none
calibration_bins_10,calibration_bins,run,logistic,test,10,all,1,10,5.0,0,execution.gross_signal_return_proxy@confidence_threshold=0.6,-0.937204108973911,experiments/calibration_bins_10,none
calibration_bins_10,calibration_bins,run,logistic,test,10,all,1,10,5.0,0,execution.cost_proxy@confidence_threshold=0.6,5.0,experiments/calibration_bins_10,none
calibration_bins_10,calibration_bins,run,logistic,test,10,all,1,10,5.0,0,execution.net_signal_return_proxy@confidence_threshold=0.6,-5.937204108973911,experiments/calibration_bins_10,none
calibration_bins_10,calibration_bins,run,logistic,test,10,all,1,10,5.0,0,execution.hit_rate_proxy@confidence_threshold=0.6,0.7275209674273454,experiments/calibration_bins_10,none
calibration_bins_10,calibration_bins,run,logistic,test,10,all,1,10,0.0,0,execution.eligible_predictions@confidence_threshold=0.7,2300.0,experiments/calibration_bins_10,none
calibration_bins_10,calibration_bins,run,logistic,test,10,all,1,10,0.0,0,execution.trade_count_proxy@confidence_threshold=0.7,2251.0,experiments/calibration_bins_10,none
calibration_bins_10,calibration_bins,run,logistic,test,10,all,1,10,0.0,0,execution.turnover_proxy@confidence_threshold=0.7,2251.0,experiments/calibration_bins_10,none
calibration_bins_10,calibration_bins,run,logistic,test,10,all,1,10,0.0,0,execution.gross_signal_return_proxy@confidence_threshold=0.7,-1.5156647992317125,experiments/calibration_bins_10,none
calibration_bins_10,calibration_bins,run,logistic,test,10,all,1,10,0.0,0,execution.cost_proxy@confidence_threshold=0.7,0.0,experiments/calibration_bins_10,none
calibration_bins_10,calibration_bins,run,logistic,test,10,all,1,10,0.0,0,execution.net_signal_return_proxy@confidence_threshold=0.7,-1.5156647992317125,experiments/calibration_bins_10,none
calibration_bins_10,calibration_bins,run,logistic,test,10,all,1,10,0.0,0,execution.hit_rate_proxy@confidence_threshold=0.7,0.7495652173913043,experiments/calibration_bins_10,none
calibration_bins_10,calibration_bins,run,logistic,test,10,all,1,10,1.0,0,execution.eligible_predictions@confidence_threshold=0.7,2300.0,experiments/calibration_bins_10,none
calibration_bins_10,calibration_bins,run,logistic,test,10,all,1,10,1.0,0,execution.trade_count_proxy@confidence_threshold=0.7,2251.0,experiments/calibration_bins_10,none
calibration_bins_10,calibration_bins,run,logistic,test,10,all,1,10,1.0,0,execution.turnover_proxy@confidence_threshold=0.7,2251.0,experiments/calibration_bins_10,none
calibration_bins_10,calibration_bins,run,logistic,test,10,all,1,10,1.0,0,execution.gross_signal_return_proxy@confidence_threshold=0.7,-1.5156647992317125,experiments/calibration_bins_10,none
calibration_bins_10,calibration_bins,run,logistic,test,10,all,1,10,1.0,0,execution.cost_proxy@confidence_threshold=0.7,1.0,experiments/calibration_bins_10,none
calibration_bins_10,calibration_bins,run,logistic,test,10,all,1,10,1.0,0,execution.net_signal_return_proxy@confidence_threshold=0.7,-2.515664799231712,experiments/calibration_bins_10,none
calibration_bins_10,calibration_bins,run,logistic,test,10,all,1,10,1.0,0,execution.hit_rate_proxy@confidence_threshold=0.7,0.7495652173913043,experiments/calibration_bins_10,none
calibration_bins_10,calibration_bins,run,logistic,test,10,all,1,10,5.0,0,execution.eligible_predictions@confidence_threshold=0.7,2300.0,experiments/calibration_bins_10,none
calibration_bins_10,calibration_bins,run,logistic,test,10,all,1,10,5.0,0,execution.trade_count_proxy@confidence_threshold=0.7,2251.0,experiments/calibration_bins_10,none
calibration_bins_10,calibration_bins,run,logistic,test,10,all,1,10,5.0,0,execution.turnover_proxy@confidence_threshold=0.7,2251.0,experiments/calibration_bins_10,none
calibration_bins_10,calibration_bins,run,logistic,test,10,all,1,10,5.0,0,execution.gross_signal_return_proxy@confidence_threshold=0.7,-1.5156647992317125,experiments/calibration_bins_10,none
calibration_bins_10,calibration_bins,run,logistic,test,10,all,1,10,5.0,0,execution.cost_proxy@confidence_threshold=0.7,5.0,experiments/calibration_bins_10,none
calibration_bins_10,calibration_bins,run,logistic,test,10,all,1,10,5.0,0,execution.net_signal_return_proxy@confidence_threshold=0.7,-6.515664799231712,experiments/calibration_bins_10,none
calibration_bins_10,calibration_bins,run,logistic,test,10,all,1,10,5.0,0,execution.hit_rate_proxy@confidence_threshold=0.7,0.7495652173913043,experiments/calibration_bins_10,none
calibration_bins_10,calibration_bins,run,deeplob_style,test,10,all,1,10,0.0,0,execution.eligible_predictions@confidence_threshold=0,11676.0,experiments/calibration_bins_10,none
calibration_bins_10,calibration_bins,run,deeplob_style,test,10,all,1,10,0.0,0,execution.trade_count_proxy@confidence_threshold=0,11676.0,experiments/calibration_bins_10,none
calibration_bins_10,calibration_bins,run,deeplob_style,test,10,all,1,10,0.0,0,execution.turnover_proxy@confidence_threshold=0,11676.0,experiments/calibration_bins_10,none
calibration_bins_10,calibration_bins,run,deeplob_style,test,10,all,1,10,0.0,0,execution.gross_signal_return_proxy@confidence_threshold=0,-0.3748037982730208,experiments/calibration_bins_10,none
calibration_bins_10,calibration_bins,run,deeplob_style,test,10,all,1,10,0.0,0,execution.cost_proxy@confidence_threshold=0,0.0,experiments/calibration_bins_10,none
calibration_bins_10,calibration_bins,run,deeplob_style,test,10,all,1,10,0.0,0,execution.net_signal_return_proxy@confidence_threshold=0,-0.3748037982730208,experiments/calibration_bins_10,none
calibration_bins_10,calibration_bins,run,deeplob_style,test,10,all,1,10,0.0,0,execution.hit_rate_proxy@confidence_threshold=0,0.5671462829736211,experiments/calibration_bins_10,none
calibration_bins_10,calibration_bins,run,deeplob_style,test,10,all,1,10,1.0,0,execution.eligible_predictions@confidence_threshold=0,11676.0,experiments/calibration_bins_10,none
calibration_bins_10,calibration_bins,run,deeplob_style,test,10,all,1,10,1.0,0,execution.trade_count_proxy@confidence_threshold=0,11676.0,experiments/calibration_bins_10,none
calibration_bins_10,calibration_bins,run,deeplob_style,test,10,all,1,10,1.0,0,execution.turnover_proxy@confidence_threshold=0,11676.0,experiments/calibration_bins_10,none
calibration_bins_10,calibration_bins,run,deeplob_style,test,10,all,1,10,1.0,0,execution.gross_signal_return_proxy@confidence_threshold=0,-0.3748037982730208,experiments/calibration_bins_10,none
calibration_bins_10,calibration_bins,run,deeplob_style,test,10,all,1,10,1.0,0,execution.cost_proxy@confidence_threshold=0,1.0,experiments/calibration_bins_10,none
calibration_bins_10,calibration_bins,run,deeplob_style,test,10,all,1,10,1.0,0,execution.net_signal_return_proxy@confidence_threshold=0,-1.3748037982730208,experiments/calibration_bins_10,none
calibration_bins_10,calibration_bins,run,deeplob_style,test,10,all,1,10,1.0,0,execution.hit_rate_proxy@confidence_threshold=0,0.5671462829736211,experiments/calibration_bins_10,none
calibration_bins_10,calibration_bins,run,deeplob_style,test,10,all,1,10,5.0,0,execution.eligible_predictions@confidence_threshold=0,11676.0,experiments/calibration_bins_10,none
calibration_bins_10,calibration_bins,run,deeplob_style,test,10,all,1,10,5.0,0,execution.trade_count_proxy@confidence_threshold=0,11676.0,experiments/calibration_bins_10,none
calibration_bins_10,calibration_bins,run,deeplob_style,test,10,all,1,10,5.0,0,execution.turnover_proxy@confidence_threshold=0,11676.0,experiments/calibration_bins_10,none
calibration_bins_10,calibration_bins,run,deeplob_style,test,10,all,1,10,5.0,0,execution.gross_signal_return_proxy@confidence_threshold=0,-0.3748037982730208,experiments/calibration_bins_10,none
calibration_bins_10,calibration_bins,run,deeplob_style,test,10,all,1,10,5.0,0,execution.cost_proxy@confidence_threshold=0,5.0,experiments/calibration_bins_10,none
calibration_bins_10,calibration_bins,run,deeplob_style,test,10,all,1,10,5.0,0,execution.net_signal_return_proxy@confidence_threshold=0,-5.374803798273021,experiments/calibration_bins_10,none
calibration_bins_10,calibration_bins,run,deeplob_style,test,10,all,1,10,5.0,0,execution.hit_rate_proxy@confidence_threshold=0,0.5671462829736211,experiments/calibration_bins_10,none
calibration_bins_10,calibration_bins,run,deeplob_style,test,10,all,1,10,0.0,0,execution.eligible_predictions@confidence_threshold=0.5,2555.0,experiments/calibration_bins_10,none
calibration_bins_10,calibration_bins,run,deeplob_style,test,10,all,1,10,0.0,0,execution.trade_count_proxy@confidence_threshold=0.5,2555.0,experiments/calibration_bins_10,none
calibration_bins_10,calibration_bins,run,deeplob_style,test,10,all,1,10,0.0,0,execution.turnover_proxy@confidence_threshold=0.5,2555.0,experiments/calibration_bins_10,none
calibration_bins_10,calibration_bins,run,deeplob_style,test,10,all,1,10,0.0,0,execution.gross_signal_return_proxy@confidence_threshold=0.5,-1.2437741107634075,experiments/calibration_bins_10,none
calibration_bins_10,calibration_bins,run,deeplob_style,test,10,all,1,10,0.0,0,execution.cost_proxy@confidence_threshold=0.5,0.0,experiments/calibration_bins_10,none
calibration_bins_10,calibration_bins,run,deeplob_style,test,10,all,1,10,0.0,0,execution.net_signal_return_proxy@confidence_threshold=0.5,-1.2437741107634075,experiments/calibration_bins_10,none
calibration_bins_10,calibration_bins,run,deeplob_style,test,10,all,1,10,0.0,0,execution.hit_rate_proxy@confidence_threshold=0.5,0.7655577299412916,experiments/calibration_bins_10,none
calibration_bins_10,calibration_bins,run,deeplob_style,test,10,all,1,10,1.0,0,execution.eligible_predictions@confidence_threshold=0.5,2555.0,experiments/calibration_bins_10,none
calibration_bins_10,calibration_bins,run,deeplob_style,test,10,all,1,10,1.0,0,execution.trade_count_proxy@confidence_threshold=0.5,2555.0,experiments/calibration_bins_10,none
calibration_bins_10,calibration_bins,run,deeplob_style,test,10,all,1,10,1.0,0,execution.turnover_proxy@confidence_threshold=0.5,2555.0,experiments/calibration_bins_10,none
calibration_bins_10,calibration_bins,run,deeplob_style,test,10,all,1,10,1.0,0,execution.gross_signal_return_proxy@confidence_threshold=0.5,-1.2437741107634075,experiments/calibration_bins_10,none
calibration_bins_10,calibration_bins,run,deeplob_style,test,10,all,1,10,1.0,0,execution.cost_proxy@confidence_threshold=0.5,1.0,experiments/calibration_bins_10,none
calibration_bins_10,calibration_bins,run,deeplob_style,test,10,all,1,10,1.0,0,execution.net_signal_return_proxy@confidence_threshold=0.5,-2.2437741107634075,experiments/calibration_bins_10,none
calibration_bins_10,calibration_bins,run,deeplob_style,test,10,all,1,10,1.0,0,execution.hit_rate_proxy@confidence_threshold=0.5,0.7655577299412916,experiments/calibration_bins_10,none
calibration_bins_10,calibration_bins,run,deeplob_style,test,10,all,1,10,5.0,0,execution.eligible_predictions@confidence_threshold=0.5,2555.0,experiments/calibration_bins_10,none
calibration_bins_10,calibration_bins,run,deeplob_style,test,10,all,1,10,5.0,0,execution.trade_count_proxy@confidence_threshold=0.5,2555.0,experiments/calibration_bins_10,none
calibration_bins_10,calibration_bins,run,deeplob_style,test,10,all,1,10,5.0,0,execution.turnover_proxy@confidence_threshold=0.5,2555.0,experiments/calibration_bins_10,none
calibration_bins_10,calibration_bins,run,deeplob_style,test,10,all,1,10,5.0,0,execution.gross_signal_return_proxy@confidence_threshold=0.5,-1.2437741107634075,experiments/calibration_bins_10,none
calibration_bins_10,calibration_bins,run,deeplob_style,test,10,all,1,10,5.0,0,execution.cost_proxy@confidence_threshold=0.5,5.0,experiments/calibration_bins_10,none
calibration_bins_10,calibration_bins,run,deeplob_style,test,10,all,1,10,5.0,0,execution.net_signal_return_proxy@confidence_threshold=0.5,-6.243774110763408,experiments/calibration_bins_10,none
calibration_bins_10,calibration_bins,run,deeplob_style,test,10,all,1,10,5.0,0,execution.hit_rate_proxy@confidence_threshold=0.5,0.7655577299412916,experiments/calibration_bins_10,none
calibration_bins_10,calibration_bins,run,deeplob_style,test,10,all,1,10,0.0,0,execution.eligible_predictions@confidence_threshold=0.6,1.0,experiments/calibration_bins_10,none
calibration_bins_10,calibration_bins,run,deeplob_style,test,10,all,1,10,0.0,0,execution.trade_count_proxy@confidence_threshold=0.6,1.0,experiments/calibration_bins_10,none
calibration_bins_10,calibration_bins,run,deeplob_style,test,10,all,1,10,0.0,0,execution.turnover_proxy@confidence_threshold=0.6,1.0,experiments/calibration_bins_10,none
calibration_bins_10,calibration_bins,run,deeplob_style,test,10,all,1,10,0.0,0,execution.gross_signal_return_proxy@confidence_threshold=0.6,-15.658865289090976,experiments/calibration_bins_10,none
calibration_bins_10,calibration_bins,run,deeplob_style,test,10,all,1,10,0.0,0,execution.cost_proxy@confidence_threshold=0.6,0.0,experiments/calibration_bins_10,none
calibration_bins_10,calibration_bins,run,deeplob_style,test,10,all,1,10,0.0,0,execution.net_signal_return_proxy@confidence_threshold=0.6,-15.658865289090976,experiments/calibration_bins_10,none
calibration_bins_10,calibration_bins,run,deeplob_style,test,10,all,1,10,0.0,0,execution.hit_rate_proxy@confidence_threshold=0.6,1.0,experiments/calibration_bins_10,none
calibration_bins_10,calibration_bins,run,deeplob_style,test,10,all,1,10,1.0,0,execution.eligible_predictions@confidence_threshold=0.6,1.0,experiments/calibration_bins_10,none
calibration_bins_10,calibration_bins,run,deeplob_style,test,10,all,1,10,1.0,0,execution.trade_count_proxy@confidence_threshold=0.6,1.0,experiments/calibration_bins_10,none
calibration_bins_10,calibration_bins,run,deeplob_style,test,10,all,1,10,1.0,0,execution.turnover_proxy@confidence_threshold=0.6,1.0,experiments/calibration_bins_10,none
calibration_bins_10,calibration_bins,run,deeplob_style,test,10,all,1,10,1.0,0,execution.gross_signal_return_proxy@confidence_threshold=0.6,-15.658865289090976,experiments/calibration_bins_10,none
calibration_bins_10,calibration_bins,run,deeplob_style,test,10,all,1,10,1.0,0,execution.cost_proxy@confidence_threshold=0.6,1.0,experiments/calibration_bins_10,none
calibration_bins_10,calibration_bins,run,deeplob_style,test,10,all,1,10,1.0,0,execution.net_signal_return_proxy@confidence_threshold=0.6,-16.658865289090976,experiments/calibration_bins_10,none
calibration_bins_10,calibration_bins,run,deeplob_style,test,10,all,1,10,1.0,0,execution.hit_rate_proxy@confidence_threshold=0.6,1.0,experiments/calibration_bins_10,none
calibration_bins_10,calibration_bins,run,deeplob_style,test,10,all,1,10,5.0,0,execution.eligible_predictions@confidence_threshold=0.6,1.0,experiments/calibration_bins_10,none
calibration_bins_10,calibration_bins,run,deeplob_style,test,10,all,1,10,5.0,0,execution.trade_count_proxy@confidence_threshold=0.6,1.0,experiments/calibration_bins_10,none
calibration_bins_10,calibration_bins,run,deeplob_style,test,10,all,1,10,5.0,0,execution.turnover_proxy@confidence_threshold=0.6,1.0,experiments/calibration_bins_10,none
calibration_bins_10,calibration_bins,run,deeplob_style,test,10,all,1,10,5.0,0,execution.gross_signal_return_proxy@confidence_threshold=0.6,-15.658865289090976,experiments/calibration_bins_10,none
calibration_bins_10,calibration_bins,run,deeplob_style,test,10,all,1,10,5.0,0,execution.cost_proxy@confidence_threshold=0.6,5.0,experiments/calibration_bins_10,none
calibration_bins_10,calibration_bins,run,deeplob_style,test,10,all,1,10,5.0,0,execution.net_signal_return_proxy@confidence_threshold=0.6,-20.658865289090976,experiments/calibration_bins_10,none
calibration_bins_10,calibration_bins,run,deeplob_style,test,10,all,1,10,5.0,0,execution.hit_rate_proxy@confidence_threshold=0.6,1.0,experiments/calibration_bins_10,none
calibration_bins_10,calibration_bins,run,deeplob_style,test,10,all,1,10,0.0,0,execution.eligible_predictions@confidence_threshold=0.7,0.0,experiments/calibration_bins_10,none
calibration_bins_10,calibration_bins,run,deeplob_style,test,10,all,1,10,0.0,0,execution.trade_count_proxy@confidence_threshold=0.7,0.0,experiments/calibration_bins_10,none
calibration_bins_10,calibration_bins,run,deeplob_style,test,10,all,1,10,0.0,0,execution.turnover_proxy@confidence_threshold=0.7,0.0,experiments/calibration_bins_10,none
calibration_bins_10,calibration_bins,run,deeplob_style,test,10,all,1,10,0.0,0,execution.gross_signal_return_proxy@confidence_threshold=0.7,0.0,experiments/calibration_bins_10,none
calibration_bins_10,calibration_bins,run,deeplob_style,test,10,all,1,10,0.0,0,execution.cost_proxy@confidence_threshold=0.7,0.0,experiments/calibration_bins_10,none
calibration_bins_10,calibration_bins,run,deeplob_style,test,10,all,1,10,0.0,0,execution.net_signal_return_proxy@confidence_threshold=0.7,0.0,experiments/calibration_bins_10,none
calibration_bins_10,calibration_bins,run,deeplob_style,test,10,all,1,10,0.0,0,execution.hit_rate_proxy@confidence_threshold=0.7,0.0,experiments/calibration_bins_10,none
calibration_bins_10,calibration_bins,run,deeplob_style,test,10,all,1,10,1.0,0,execution.eligible_predictions@confidence_threshold=0.7,0.0,experiments/calibration_bins_10,none
calibration_bins_10,calibration_bins,run,deeplob_style,test,10,all,1,10,1.0,0,execution.trade_count_proxy@confidence_threshold=0.7,0.0,experiments/calibration_bins_10,none
calibration_bins_10,calibration_bins,run,deeplob_style,test,10,all,1,10,1.0,0,execution.turnover_proxy@confidence_threshold=0.7,0.0,experiments/calibration_bins_10,none
calibration_bins_10,calibration_bins,run,deeplob_style,test,10,all,1,10,1.0,0,execution.gross_signal_return_proxy@confidence_threshold=0.7,0.0,experiments/calibration_bins_10,none
calibration_bins_10,calibration_bins,run,deeplob_style,test,10,all,1,10,1.0,0,execution.cost_proxy@confidence_threshold=0.7,0.0,experiments/calibration_bins_10,none
calibration_bins_10,calibration_bins,run,deeplob_style,test,10,all,1,10,1.0,0,execution.net_signal_return_proxy@confidence_threshold=0.7,0.0,experiments/calibration_bins_10,none
calibration_bins_10,calibration_bins,run,deeplob_style,test,10,all,1,10,1.0,0,execution.hit_rate_proxy@confidence_threshold=0.7,0.0,experiments/calibration_bins_10,none
calibration_bins_10,calibration_bins,run,deeplob_style,test,10,all,1,10,5.0,0,execution.eligible_predictions@confidence_threshold=0.7,0.0,experiments/calibration_bins_10,none
calibration_bins_10,calibration_bins,run,deeplob_style,test,10,all,1,10,5.0,0,execution.trade_count_proxy@confidence_threshold=0.7,0.0,experiments/calibration_bins_10,none
calibration_bins_10,calibration_bins,run,deeplob_style,test,10,all,1,10,5.0,0,execution.turnover_proxy@confidence_threshold=0.7,0.0,experiments/calibration_bins_10,none
calibration_bins_10,calibration_bins,run,deeplob_style,test,10,all,1,10,5.0,0,execution.gross_signal_return_proxy@confidence_threshold=0.7,0.0,experiments/calibration_bins_10,none
calibration_bins_10,calibration_bins,run,deeplob_style,test,10,all,1,10,5.0,0,execution.cost_proxy@confidence_threshold=0.7,0.0,experiments/calibration_bins_10,none
calibration_bins_10,calibration_bins,run,deeplob_style,test,10,all,1,10,5.0,0,execution.net_signal_return_proxy@confidence_threshold=0.7,0.0,experiments/calibration_bins_10,none
calibration_bins_10,calibration_bins,run,deeplob_style,test,10,all,1,10,5.0,0,execution.hit_rate_proxy@confidence_threshold=0.7,0.0,experiments/calibration_bins_10,none
latency_0,latency_steps,run,majority,test,10,all,1,10,"0.0,1.0,5.0",0,accuracy,0.6286154372753723,experiments/latency_0,none
latency_0,latency_steps,run,majority,test,10,all,1,10,"0.0,1.0,5.0",0,macro_f1,0.25732100322264256,experiments/latency_0,none
latency_0,latency_steps,run,majority,test,10,all,1,10,"0.0,1.0,5.0",0,weighted_f1,0.4852678648828168,experiments/latency_0,none
latency_0,latency_steps,run,majority,test,10,all,1,10,"0.0,1.0,5.0",0,matthews_corrcoef,0.0,experiments/latency_0,none
latency_0,latency_steps,run,majority,test,10,all,1,10,"0.0,1.0,5.0",0,balanced_accuracy,0.3333333333333333,experiments/latency_0,none
latency_0,latency_steps,run,majority,test,10,all,1,10,"0.0,1.0,5.0",0,log_loss,0.9180419332042239,experiments/latency_0,none
latency_0,latency_steps,run,majority,test,10,all,1,10,"0.0,1.0,5.0",0,n_samples,11686.0,experiments/latency_0,none
latency_0,latency_steps,run,majority,test,10,all,1,10,"0.0,1.0,5.0",0,class_count_train,3.0,experiments/latency_0,none
latency_0,latency_steps,run,majority,test,10,all,1,10,"0.0,1.0,5.0",0,class_count_test,3.0,experiments/latency_0,none
latency_0,latency_steps,run,majority,test,10,all,1,10,"0.0,1.0,5.0",0,brier_score,0.5366889220539707,experiments/latency_0,none
latency_0,latency_steps,run,majority,test,10,all,1,10,"0.0,1.0,5.0",0,mean_confidence,0.6029411764705882,experiments/latency_0,none
latency_0,latency_steps,run,majority,test,10,all,1,10,"0.0,1.0,5.0",0,expected_calibration_error,0.025674260804784077,experiments/latency_0,none
latency_0,latency_steps,run,logistic,test,10,all,1,10,"0.0,1.0,5.0",0,accuracy,0.6233099435221633,experiments/latency_0,none
latency_0,latency_steps,run,logistic,test,10,all,1,10,"0.0,1.0,5.0",0,macro_f1,0.35146855037871383,experiments/latency_0,none
latency_0,latency_steps,run,logistic,test,10,all,1,10,"0.0,1.0,5.0",0,weighted_f1,0.5346427959541316,experiments/latency_0,none
latency_0,latency_steps,run,logistic,test,10,all,1,10,"0.0,1.0,5.0",0,matthews_corrcoef,0.1217722835157405,experiments/latency_0,none
latency_0,latency_steps,run,logistic,test,10,all,1,10,"0.0,1.0,5.0",0,balanced_accuracy,0.37574062520651225,experiments/latency_0,none
latency_0,latency_steps,run,logistic,test,10,all,1,10,"0.0,1.0,5.0",0,log_loss,0.8904304019275787,experiments/latency_0,none
latency_0,latency_steps,run,logistic,test,10,all,1,10,"0.0,1.0,5.0",0,n_samples,11686.0,experiments/latency_0,none
latency_0,latency_steps,run,logistic,test,10,all,1,10,"0.0,1.0,5.0",0,class_count_train,3.0,experiments/latency_0,none
latency_0,latency_steps,run,logistic,test,10,all,1,10,"0.0,1.0,5.0",0,class_count_test,3.0,experiments/latency_0,none
latency_0,latency_steps,run,logistic,test,10,all,1,10,"0.0,1.0,5.0",0,brier_score,0.5189866466149302,experiments/latency_0,none
latency_0,latency_steps,run,logistic,test,10,all,1,10,"0.0,1.0,5.0",0,mean_confidence,0.5874669568363994,experiments/latency_0,none
latency_0,latency_steps,run,logistic,test,10,all,1,10,"0.0,1.0,5.0",0,expected_calibration_error,0.041110897222318726,experiments/latency_0,none
latency_0,latency_steps,run,deeplob_style,test,10,all,1,10,"0.0,1.0,5.0",0,accuracy,0.5671743967140168,experiments/latency_0,none
latency_0,latency_steps,run,deeplob_style,test,10,all,1,10,"0.0,1.0,5.0",0,macro_f1,0.35243154257775067,experiments/latency_0,none
latency_0,latency_steps,run,deeplob_style,test,10,all,1,10,"0.0,1.0,5.0",0,weighted_f1,0.5256265549301775,experiments/latency_0,none
latency_0,latency_steps,run,deeplob_style,test,10,all,1,10,"0.0,1.0,5.0",0,matthews_corrcoef,0.1473504491981849,experiments/latency_0,none
latency_0,latency_steps,run,deeplob_style,test,10,all,1,10,"0.0,1.0,5.0",0,balanced_accuracy,0.3945728413951921,experiments/latency_0,none
latency_0,latency_steps,run,deeplob_style,test,10,all,1,10,"0.0,1.0,5.0",0,log_loss,0.9880791335262586,experiments/latency_0,none
latency_0,latency_steps,run,deeplob_style,test,10,all,1,10,"0.0,1.0,5.0",0,n_samples,11686.0,experiments/latency_0,none
latency_0,latency_steps,run,deeplob_style,test,10,all,1,10,"0.0,1.0,5.0",0,class_count_train,3.0,experiments/latency_0,none
latency_0,latency_steps,run,deeplob_style,test,10,all,1,10,"0.0,1.0,5.0",0,class_count_test,3.0,experiments/latency_0,none
latency_0,latency_steps,run,deeplob_style,test,10,all,1,10,"0.0,1.0,5.0",0,brier_score,0.5877204413734426,experiments/latency_0,none
latency_0,latency_steps,run,deeplob_style,test,10,all,1,10,"0.0,1.0,5.0",0,mean_confidence,0.4311215798681263,experiments/latency_0,none
latency_0,latency_steps,run,deeplob_style,test,10,all,1,10,"0.0,1.0,5.0",0,expected_calibration_error,0.13605281684589038,experiments/latency_0,none
latency_0,latency_steps,run,majority,test,10,all,1,10,"0.0,1.0,5.0",0,calibration.bin_0.count,0.0,experiments/latency_0,none
latency_0,latency_steps,run,majority,test,10,all,1,10,"0.0,1.0,5.0",0,calibration.bin_0.mean_confidence,0.05,experiments/latency_0,none
latency_0,latency_steps,run,majority,test,10,all,1,10,"0.0,1.0,5.0",0,calibration.bin_0.accuracy,0.0,experiments/latency_0,none
latency_0,latency_steps,run,majority,test,10,all,1,10,"0.0,1.0,5.0",0,calibration.bin_0.confidence_gap,0.0,experiments/latency_0,none
latency_0,latency_steps,run,majority,test,10,all,1,10,"0.0,1.0,5.0",0,calibration.bin_1.count,0.0,experiments/latency_0,none
latency_0,latency_steps,run,majority,test,10,all,1,10,"0.0,1.0,5.0",0,calibration.bin_1.mean_confidence,0.15,experiments/latency_0,none
latency_0,latency_steps,run,majority,test,10,all,1,10,"0.0,1.0,5.0",0,calibration.bin_1.accuracy,0.0,experiments/latency_0,none
latency_0,latency_steps,run,majority,test,10,all,1,10,"0.0,1.0,5.0",0,calibration.bin_1.confidence_gap,0.0,experiments/latency_0,none
latency_0,latency_steps,run,majority,test,10,all,1,10,"0.0,1.0,5.0",0,calibration.bin_2.count,0.0,experiments/latency_0,none
latency_0,latency_steps,run,majority,test,10,all,1,10,"0.0,1.0,5.0",0,calibration.bin_2.mean_confidence,0.25,experiments/latency_0,none
latency_0,latency_steps,run,majority,test,10,all,1,10,"0.0,1.0,5.0",0,calibration.bin_2.accuracy,0.0,experiments/latency_0,none
latency_0,latency_steps,run,majority,test,10,all,1,10,"0.0,1.0,5.0",0,calibration.bin_2.confidence_gap,0.0,experiments/latency_0,none
latency_0,latency_steps,run,majority,test,10,all,1,10,"0.0,1.0,5.0",0,calibration.bin_3.count,0.0,experiments/latency_0,none
latency_0,latency_steps,run,majority,test,10,all,1,10,"0.0,1.0,5.0",0,calibration.bin_3.mean_confidence,0.35,experiments/latency_0,none
latency_0,latency_steps,run,majority,test,10,all,1,10,"0.0,1.0,5.0",0,calibration.bin_3.accuracy,0.0,experiments/latency_0,none
latency_0,latency_steps,run,majority,test,10,all,1,10,"0.0,1.0,5.0",0,calibration.bin_3.confidence_gap,0.0,experiments/latency_0,none
latency_0,latency_steps,run,majority,test,10,all,1,10,"0.0,1.0,5.0",0,calibration.bin_4.count,0.0,experiments/latency_0,none
latency_0,latency_steps,run,majority,test,10,all,1,10,"0.0,1.0,5.0",0,calibration.bin_4.mean_confidence,0.45,experiments/latency_0,none
latency_0,latency_steps,run,majority,test,10,all,1,10,"0.0,1.0,5.0",0,calibration.bin_4.accuracy,0.0,experiments/latency_0,none
latency_0,latency_steps,run,majority,test,10,all,1,10,"0.0,1.0,5.0",0,calibration.bin_4.confidence_gap,0.0,experiments/latency_0,none
latency_0,latency_steps,run,majority,test,10,all,1,10,"0.0,1.0,5.0",0,calibration.bin_5.count,0.0,experiments/latency_0,none
latency_0,latency_steps,run,majority,test,10,all,1,10,"0.0,1.0,5.0",0,calibration.bin_5.mean_confidence,0.55,experiments/latency_0,none
latency_0,latency_steps,run,majority,test,10,all,1,10,"0.0,1.0,5.0",0,calibration.bin_5.accuracy,0.0,experiments/latency_0,none
latency_0,latency_steps,run,majority,test,10,all,1,10,"0.0,1.0,5.0",0,calibration.bin_5.confidence_gap,0.0,experiments/latency_0,none
latency_0,latency_steps,run,majority,test,10,all,1,10,"0.0,1.0,5.0",0,calibration.bin_6.count,11686.0,experiments/latency_0,none
latency_0,latency_steps,run,majority,test,10,all,1,10,"0.0,1.0,5.0",0,calibration.bin_6.mean_confidence,0.6029411764705882,experiments/latency_0,none
latency_0,latency_steps,run,majority,test,10,all,1,10,"0.0,1.0,5.0",0,calibration.bin_6.accuracy,0.6286154372753723,experiments/latency_0,none
latency_0,latency_steps,run,majority,test,10,all,1,10,"0.0,1.0,5.0",0,calibration.bin_6.confidence_gap,0.025674260804784,experiments/latency_0,none
latency_0,latency_steps,run,majority,test,10,all,1,10,"0.0,1.0,5.0",0,calibration.bin_7.count,0.0,experiments/latency_0,none
latency_0,latency_steps,run,majority,test,10,all,1,10,"0.0,1.0,5.0",0,calibration.bin_7.mean_confidence,0.75,experiments/latency_0,none
latency_0,latency_steps,run,majority,test,10,all,1,10,"0.0,1.0,5.0",0,calibration.bin_7.accuracy,0.0,experiments/latency_0,none
latency_0,latency_steps,run,majority,test,10,all,1,10,"0.0,1.0,5.0",0,calibration.bin_7.confidence_gap,0.0,experiments/latency_0,none
latency_0,latency_steps,run,majority,test,10,all,1,10,"0.0,1.0,5.0",0,calibration.bin_8.count,0.0,experiments/latency_0,none
latency_0,latency_steps,run,majority,test,10,all,1,10,"0.0,1.0,5.0",0,calibration.bin_8.mean_confidence,0.8500000000000001,experiments/latency_0,none
latency_0,latency_steps,run,majority,test,10,all,1,10,"0.0,1.0,5.0",0,calibration.bin_8.accuracy,0.0,experiments/latency_0,none
latency_0,latency_steps,run,majority,test,10,all,1,10,"0.0,1.0,5.0",0,calibration.bin_8.confidence_gap,0.0,experiments/latency_0,none
latency_0,latency_steps,run,majority,test,10,all,1,10,"0.0,1.0,5.0",0,calibration.bin_9.count,0.0,experiments/latency_0,none
latency_0,latency_steps,run,majority,test,10,all,1,10,"0.0,1.0,5.0",0,calibration.bin_9.mean_confidence,0.95,experiments/latency_0,none
latency_0,latency_steps,run,majority,test,10,all,1,10,"0.0,1.0,5.0",0,calibration.bin_9.accuracy,0.0,experiments/latency_0,none
latency_0,latency_steps,run,majority,test,10,all,1,10,"0.0,1.0,5.0",0,calibration.bin_9.confidence_gap,0.0,experiments/latency_0,none
latency_0,latency_steps,run,logistic,test,10,all,1,10,"0.0,1.0,5.0",0,calibration.bin_0.count,0.0,experiments/latency_0,none
latency_0,latency_steps,run,logistic,test,10,all,1,10,"0.0,1.0,5.0",0,calibration.bin_0.mean_confidence,0.05,experiments/latency_0,none
latency_0,latency_steps,run,logistic,test,10,all,1,10,"0.0,1.0,5.0",0,calibration.bin_0.accuracy,0.0,experiments/latency_0,none
latency_0,latency_steps,run,logistic,test,10,all,1,10,"0.0,1.0,5.0",0,calibration.bin_0.confidence_gap,0.0,experiments/latency_0,none
latency_0,latency_steps,run,logistic,test,10,all,1,10,"0.0,1.0,5.0",0,calibration.bin_1.count,0.0,experiments/latency_0,none
latency_0,latency_steps,run,logistic,test,10,all,1,10,"0.0,1.0,5.0",0,calibration.bin_1.mean_confidence,0.15,experiments/latency_0,none
latency_0,latency_steps,run,logistic,test,10,all,1,10,"0.0,1.0,5.0",0,calibration.bin_1.accuracy,0.0,experiments/latency_0,none
latency_0,latency_steps,run,logistic,test,10,all,1,10,"0.0,1.0,5.0",0,calibration.bin_1.confidence_gap,0.0,experiments/latency_0,none
latency_0,latency_steps,run,logistic,test,10,all,1,10,"0.0,1.0,5.0",0,calibration.bin_2.count,0.0,experiments/latency_0,none
latency_0,latency_steps,run,logistic,test,10,all,1,10,"0.0,1.0,5.0",0,calibration.bin_2.mean_confidence,0.25,experiments/latency_0,none
latency_0,latency_steps,run,logistic,test,10,all,1,10,"0.0,1.0,5.0",0,calibration.bin_2.accuracy,0.0,experiments/latency_0,none
latency_0,latency_steps,run,logistic,test,10,all,1,10,"0.0,1.0,5.0",0,calibration.bin_2.confidence_gap,0.0,experiments/latency_0,none
latency_0,latency_steps,run,logistic,test,10,all,1,10,"0.0,1.0,5.0",0,calibration.bin_3.count,496.0,experiments/latency_0,none
latency_0,latency_steps,run,logistic,test,10,all,1,10,"0.0,1.0,5.0",0,calibration.bin_3.mean_confidence,0.378542820211792,experiments/latency_0,none
latency_0,latency_steps,run,logistic,test,10,all,1,10,"0.0,1.0,5.0",0,calibration.bin_3.accuracy,0.3508064516129032,experiments/latency_0,none
latency_0,latency_steps,run,logistic,test,10,all,1,10,"0.0,1.0,5.0",0,calibration.bin_3.confidence_gap,0.0277363685988887,experiments/latency_0,none
latency_0,latency_steps,run,logistic,test,10,all,1,10,"0.0,1.0,5.0",0,calibration.bin_4.count,2501.0,experiments/latency_0,none
latency_0,latency_steps,run,logistic,test,10,all,1,10,"0.0,1.0,5.0",0,calibration.bin_4.mean_confidence,0.4563493231015716,experiments/latency_0,none
latency_0,latency_steps,run,logistic,test,10,all,1,10,"0.0,1.0,5.0",0,calibration.bin_4.accuracy,0.4814074370251899,experiments/latency_0,none
latency_0,latency_steps,run,logistic,test,10,all,1,10,"0.0,1.0,5.0",0,calibration.bin_4.confidence_gap,0.0250581139236182,experiments/latency_0,none
latency_0,latency_steps,run,logistic,test,10,all,1,10,"0.0,1.0,5.0",0,calibration.bin_5.count,3556.0,experiments/latency_0,none
latency_0,latency_steps,run,logistic,test,10,all,1,10,"0.0,1.0,5.0",0,calibration.bin_5.mean_confidence,0.5515976077339129,experiments/latency_0,none
latency_0,latency_steps,run,logistic,test,10,all,1,10,"0.0,1.0,5.0",0,calibration.bin_5.accuracy,0.6105174353205849,experiments/latency_0,none
latency_0,latency_steps,run,logistic,test,10,all,1,10,"0.0,1.0,5.0",0,calibration.bin_5.confidence_gap,0.058919827586672,experiments/latency_0,none
latency_0,latency_steps,run,logistic,test,10,all,1,10,"0.0,1.0,5.0",0,calibration.bin_6.count,2830.0,experiments/latency_0,none
latency_0,latency_steps,run,logistic,test,10,all,1,10,"0.0,1.0,5.0",0,calibration.bin_6.mean_confidence,0.6489150854487953,experiments/latency_0,none
latency_0,latency_steps,run,logistic,test,10,all,1,10,"0.0,1.0,5.0",0,calibration.bin_6.accuracy,0.7098939929328622,experiments/latency_0,none
latency_0,latency_steps,run,logistic,test,10,all,1,10,"0.0,1.0,5.0",0,calibration.bin_6.confidence_gap,0.0609789074840668,experiments/latency_0,none
latency_0,latency_steps,run,logistic,test,10,all,1,10,"0.0,1.0,5.0",0,calibration.bin_7.count,2001.0,experiments/latency_0,none
latency_0,latency_steps,run,logistic,test,10,all,1,10,"0.0,1.0,5.0",0,calibration.bin_7.mean_confidence,0.7431874134563505,experiments/latency_0,none
latency_0,latency_steps,run,logistic,test,10,all,1,10,"0.0,1.0,5.0",0,calibration.bin_7.accuracy,0.7456271864067966,experiments/latency_0,none
latency_0,latency_steps,run,logistic,test,10,all,1,10,"0.0,1.0,5.0",0,calibration.bin_7.confidence_gap,0.002439772950446,experiments/latency_0,none
latency_0,latency_steps,run,logistic,test,10,all,1,10,"0.0,1.0,5.0",0,calibration.bin_8.count,292.0,experiments/latency_0,none
latency_0,latency_steps,run,logistic,test,10,all,1,10,"0.0,1.0,5.0",0,calibration.bin_8.mean_confidence,0.8271102484332379,experiments/latency_0,none
latency_0,latency_steps,run,logistic,test,10,all,1,10,"0.0,1.0,5.0",0,calibration.bin_8.accuracy,0.7808219178082192,experiments/latency_0,none
latency_0,latency_steps,run,logistic,test,10,all,1,10,"0.0,1.0,5.0",0,calibration.bin_8.confidence_gap,0.0462883306250186,experiments/latency_0,none
latency_0,latency_steps,run,logistic,test,10,all,1,10,"0.0,1.0,5.0",0,calibration.bin_9.count,10.0,experiments/latency_0,none
latency_0,latency_steps,run,logistic,test,10,all,1,10,"0.0,1.0,5.0",0,calibration.bin_9.mean_confidence,0.9506969897535475,experiments/latency_0,none
latency_0,latency_steps,run,logistic,test,10,all,1,10,"0.0,1.0,5.0",0,calibration.bin_9.accuracy,0.6,experiments/latency_0,none
latency_0,latency_steps,run,logistic,test,10,all,1,10,"0.0,1.0,5.0",0,calibration.bin_9.confidence_gap,0.3506969897535475,experiments/latency_0,none
latency_0,latency_steps,run,deeplob_style,test,10,all,1,10,"0.0,1.0,5.0",0,calibration.bin_0.count,0.0,experiments/latency_0,none
latency_0,latency_steps,run,deeplob_style,test,10,all,1,10,"0.0,1.0,5.0",0,calibration.bin_0.mean_confidence,0.05,experiments/latency_0,none
latency_0,latency_steps,run,deeplob_style,test,10,all,1,10,"0.0,1.0,5.0",0,calibration.bin_0.accuracy,0.0,experiments/latency_0,none
latency_0,latency_steps,run,deeplob_style,test,10,all,1,10,"0.0,1.0,5.0",0,calibration.bin_0.confidence_gap,0.0,experiments/latency_0,none
latency_0,latency_steps,run,deeplob_style,test,10,all,1,10,"0.0,1.0,5.0",0,calibration.bin_1.count,0.0,experiments/latency_0,none
latency_0,latency_steps,run,deeplob_style,test,10,all,1,10,"0.0,1.0,5.0",0,calibration.bin_1.mean_confidence,0.15,experiments/latency_0,none
latency_0,latency_steps,run,deeplob_style,test,10,all,1,10,"0.0,1.0,5.0",0,calibration.bin_1.accuracy,0.0,experiments/latency_0,none
latency_0,latency_steps,run,deeplob_style,test,10,all,1,10,"0.0,1.0,5.0",0,calibration.bin_1.confidence_gap,0.0,experiments/latency_0,none
latency_0,latency_steps,run,deeplob_style,test,10,all,1,10,"0.0,1.0,5.0",0,calibration.bin_2.count,0.0,experiments/latency_0,none
latency_0,latency_steps,run,deeplob_style,test,10,all,1,10,"0.0,1.0,5.0",0,calibration.bin_2.mean_confidence,0.25,experiments/latency_0,none
latency_0,latency_steps,run,deeplob_style,test,10,all,1,10,"0.0,1.0,5.0",0,calibration.bin_2.accuracy,0.0,experiments/latency_0,none
latency_0,latency_steps,run,deeplob_style,test,10,all,1,10,"0.0,1.0,5.0",0,calibration.bin_2.confidence_gap,0.0,experiments/latency_0,none
latency_0,latency_steps,run,deeplob_style,test,10,all,1,10,"0.0,1.0,5.0",0,calibration.bin_3.count,5738.0,experiments/latency_0,none
latency_0,latency_steps,run,deeplob_style,test,10,all,1,10,"0.0,1.0,5.0",0,calibration.bin_3.mean_confidence,0.3761954318861263,experiments/latency_0,none
latency_0,latency_steps,run,deeplob_style,test,10,all,1,10,"0.0,1.0,5.0",0,calibration.bin_3.accuracy,0.3976995468804462,experiments/latency_0,none
latency_0,latency_steps,run,deeplob_style,test,10,all,1,10,"0.0,1.0,5.0",0,calibration.bin_3.confidence_gap,0.0215041149943198,experiments/latency_0,none
latency_0,latency_steps,run,deeplob_style,test,10,all,1,10,"0.0,1.0,5.0",0,calibration.bin_4.count,3389.0,experiments/latency_0,none
latency_0,latency_steps,run,deeplob_style,test,10,all,1,10,"0.0,1.0,5.0",0,calibration.bin_4.mean_confidence,0.4482917762820247,experiments/latency_0,none
latency_0,latency_steps,run,deeplob_style,test,10,all,1,10,"0.0,1.0,5.0",0,calibration.bin_4.accuracy,0.7043375627028622,experiments/latency_0,none
latency_0,latency_steps,run,deeplob_style,test,10,all,1,10,"0.0,1.0,5.0",0,calibration.bin_4.confidence_gap,0.2560457864208374,experiments/latency_0,none
latency_0,latency_steps,run,deeplob_style,test,10,all,1,10,"0.0,1.0,5.0",0,calibration.bin_5.count,2558.0,experiments/latency_0,none
latency_0,latency_steps,run,deeplob_style,test,10,all,1,10,"0.0,1.0,5.0",0,calibration.bin_5.mean_confidence,0.5315117140002354,experiments/latency_0,none
latency_0,latency_steps,run,deeplob_style,test,10,all,1,10,"0.0,1.0,5.0",0,calibration.bin_5.accuracy,0.7654417513682564,experiments/latency_0,none
latency_0,latency_steps,run,deeplob_style,test,10,all,1,10,"0.0,1.0,5.0",0,calibration.bin_5.confidence_gap,0.2339300373680209,experiments/latency_0,none
latency_0,latency_steps,run,deeplob_style,test,10,all,1,10,"0.0,1.0,5.0",0,calibration.bin_6.count,1.0,experiments/latency_0,none
latency_0,latency_steps,run,deeplob_style,test,10,all,1,10,"0.0,1.0,5.0",0,calibration.bin_6.mean_confidence,0.6095999439477979,experiments/latency_0,none
latency_0,latency_steps,run,deeplob_style,test,10,all,1,10,"0.0,1.0,5.0",0,calibration.bin_6.accuracy,1.0,experiments/latency_0,none
latency_0,latency_steps,run,deeplob_style,test,10,all,1,10,"0.0,1.0,5.0",0,calibration.bin_6.confidence_gap,0.390400056052202,experiments/latency_0,none
latency_0,latency_steps,run,deeplob_style,test,10,all,1,10,"0.0,1.0,5.0",0,calibration.bin_7.count,0.0,experiments/latency_0,none
latency_0,latency_steps,run,deeplob_style,test,10,all,1,10,"0.0,1.0,5.0",0,calibration.bin_7.mean_confidence,0.75,experiments/latency_0,none
latency_0,latency_steps,run,deeplob_style,test,10,all,1,10,"0.0,1.0,5.0",0,calibration.bin_7.accuracy,0.0,experiments/latency_0,none
latency_0,latency_steps,run,deeplob_style,test,10,all,1,10,"0.0,1.0,5.0",0,calibration.bin_7.confidence_gap,0.0,experiments/latency_0,none
latency_0,latency_steps,run,deeplob_style,test,10,all,1,10,"0.0,1.0,5.0",0,calibration.bin_8.count,0.0,experiments/latency_0,none
latency_0,latency_steps,run,deeplob_style,test,10,all,1,10,"0.0,1.0,5.0",0,calibration.bin_8.mean_confidence,0.8500000000000001,experiments/latency_0,none
latency_0,latency_steps,run,deeplob_style,test,10,all,1,10,"0.0,1.0,5.0",0,calibration.bin_8.accuracy,0.0,experiments/latency_0,none
latency_0,latency_steps,run,deeplob_style,test,10,all,1,10,"0.0,1.0,5.0",0,calibration.bin_8.confidence_gap,0.0,experiments/latency_0,none
latency_0,latency_steps,run,deeplob_style,test,10,all,1,10,"0.0,1.0,5.0",0,calibration.bin_9.count,0.0,experiments/latency_0,none
latency_0,latency_steps,run,deeplob_style,test,10,all,1,10,"0.0,1.0,5.0",0,calibration.bin_9.mean_confidence,0.95,experiments/latency_0,none
latency_0,latency_steps,run,deeplob_style,test,10,all,1,10,"0.0,1.0,5.0",0,calibration.bin_9.accuracy,0.0,experiments/latency_0,none
latency_0,latency_steps,run,deeplob_style,test,10,all,1,10,"0.0,1.0,5.0",0,calibration.bin_9.confidence_gap,0.0,experiments/latency_0,none
latency_0,latency_steps,run,majority,test,10,all,1,10,0.0,0,execution.eligible_predictions@confidence_threshold=0,11676.0,experiments/latency_0,none
latency_0,latency_steps,run,majority,test,10,all,1,10,0.0,0,execution.trade_count_proxy@confidence_threshold=0,11676.0,experiments/latency_0,none
latency_0,latency_steps,run,majority,test,10,all,1,10,0.0,0,execution.turnover_proxy@confidence_threshold=0,11676.0,experiments/latency_0,none
latency_0,latency_steps,run,majority,test,10,all,1,10,0.0,0,execution.gross_signal_return_proxy@confidence_threshold=0,-0.4374632647694284,experiments/latency_0,none
latency_0,latency_steps,run,majority,test,10,all,1,10,0.0,0,execution.cost_proxy@confidence_threshold=0,0.0,experiments/latency_0,none
latency_0,latency_steps,run,majority,test,10,all,1,10,0.0,0,execution.net_signal_return_proxy@confidence_threshold=0,-0.4374632647694284,experiments/latency_0,none
latency_0,latency_steps,run,majority,test,10,all,1,10,0.0,0,execution.hit_rate_proxy@confidence_threshold=0,0.6286399451867077,experiments/latency_0,none
latency_0,latency_steps,run,majority,test,10,all,1,10,1.0,0,execution.eligible_predictions@confidence_threshold=0,11676.0,experiments/latency_0,none
latency_0,latency_steps,run,majority,test,10,all,1,10,1.0,0,execution.trade_count_proxy@confidence_threshold=0,11676.0,experiments/latency_0,none
latency_0,latency_steps,run,majority,test,10,all,1,10,1.0,0,execution.turnover_proxy@confidence_threshold=0,11676.0,experiments/latency_0,none
latency_0,latency_steps,run,majority,test,10,all,1,10,1.0,0,execution.gross_signal_return_proxy@confidence_threshold=0,-0.4374632647694284,experiments/latency_0,none
latency_0,latency_steps,run,majority,test,10,all,1,10,1.0,0,execution.cost_proxy@confidence_threshold=0,1.0,experiments/latency_0,none
latency_0,latency_steps,run,majority,test,10,all,1,10,1.0,0,execution.net_signal_return_proxy@confidence_threshold=0,-1.4374632647694283,experiments/latency_0,none
latency_0,latency_steps,run,majority,test,10,all,1,10,1.0,0,execution.hit_rate_proxy@confidence_threshold=0,0.6286399451867077,experiments/latency_0,none
latency_0,latency_steps,run,majority,test,10,all,1,10,5.0,0,execution.eligible_predictions@confidence_threshold=0,11676.0,experiments/latency_0,none
latency_0,latency_steps,run,majority,test,10,all,1,10,5.0,0,execution.trade_count_proxy@confidence_threshold=0,11676.0,experiments/latency_0,none
latency_0,latency_steps,run,majority,test,10,all,1,10,5.0,0,execution.turnover_proxy@confidence_threshold=0,11676.0,experiments/latency_0,none
latency_0,latency_steps,run,majority,test,10,all,1,10,5.0,0,execution.gross_signal_return_proxy@confidence_threshold=0,-0.4374632647694284,experiments/latency_0,none
latency_0,latency_steps,run,majority,test,10,all,1,10,5.0,0,execution.cost_proxy@confidence_threshold=0,5.0,experiments/latency_0,none
latency_0,latency_steps,run,majority,test,10,all,1,10,5.0,0,execution.net_signal_return_proxy@confidence_threshold=0,-5.437463264769429,experiments/latency_0,none
latency_0,latency_steps,run,majority,test,10,all,1,10,5.0,0,execution.hit_rate_proxy@confidence_threshold=0,0.6286399451867077,experiments/latency_0,none
latency_0,latency_steps,run,majority,test,10,all,1,10,0.0,0,execution.eligible_predictions@confidence_threshold=0.5,11676.0,experiments/latency_0,none
latency_0,latency_steps,run,majority,test,10,all,1,10,0.0,0,execution.trade_count_proxy@confidence_threshold=0.5,11676.0,experiments/latency_0,none
latency_0,latency_steps,run,majority,test,10,all,1,10,0.0,0,execution.turnover_proxy@confidence_threshold=0.5,11676.0,experiments/latency_0,none
latency_0,latency_steps,run,majority,test,10,all,1,10,0.0,0,execution.gross_signal_return_proxy@confidence_threshold=0.5,-0.4374632647694284,experiments/latency_0,none
latency_0,latency_steps,run,majority,test,10,all,1,10,0.0,0,execution.cost_proxy@confidence_threshold=0.5,0.0,experiments/latency_0,none
latency_0,latency_steps,run,majority,test,10,all,1,10,0.0,0,execution.net_signal_return_proxy@confidence_threshold=0.5,-0.4374632647694284,experiments/latency_0,none
latency_0,latency_steps,run,majority,test,10,all,1,10,0.0,0,execution.hit_rate_proxy@confidence_threshold=0.5,0.6286399451867077,experiments/latency_0,none
latency_0,latency_steps,run,majority,test,10,all,1,10,1.0,0,execution.eligible_predictions@confidence_threshold=0.5,11676.0,experiments/latency_0,none
latency_0,latency_steps,run,majority,test,10,all,1,10,1.0,0,execution.trade_count_proxy@confidence_threshold=0.5,11676.0,experiments/latency_0,none
latency_0,latency_steps,run,majority,test,10,all,1,10,1.0,0,execution.turnover_proxy@confidence_threshold=0.5,11676.0,experiments/latency_0,none
latency_0,latency_steps,run,majority,test,10,all,1,10,1.0,0,execution.gross_signal_return_proxy@confidence_threshold=0.5,-0.4374632647694284,experiments/latency_0,none
latency_0,latency_steps,run,majority,test,10,all,1,10,1.0,0,execution.cost_proxy@confidence_threshold=0.5,1.0,experiments/latency_0,none
latency_0,latency_steps,run,majority,test,10,all,1,10,1.0,0,execution.net_signal_return_proxy@confidence_threshold=0.5,-1.4374632647694283,experiments/latency_0,none
latency_0,latency_steps,run,majority,test,10,all,1,10,1.0,0,execution.hit_rate_proxy@confidence_threshold=0.5,0.6286399451867077,experiments/latency_0,none
latency_0,latency_steps,run,majority,test,10,all,1,10,5.0,0,execution.eligible_predictions@confidence_threshold=0.5,11676.0,experiments/latency_0,none
latency_0,latency_steps,run,majority,test,10,all,1,10,5.0,0,execution.trade_count_proxy@confidence_threshold=0.5,11676.0,experiments/latency_0,none
latency_0,latency_steps,run,majority,test,10,all,1,10,5.0,0,execution.turnover_proxy@confidence_threshold=0.5,11676.0,experiments/latency_0,none
latency_0,latency_steps,run,majority,test,10,all,1,10,5.0,0,execution.gross_signal_return_proxy@confidence_threshold=0.5,-0.4374632647694284,experiments/latency_0,none
latency_0,latency_steps,run,majority,test,10,all,1,10,5.0,0,execution.cost_proxy@confidence_threshold=0.5,5.0,experiments/latency_0,none
latency_0,latency_steps,run,majority,test,10,all,1,10,5.0,0,execution.net_signal_return_proxy@confidence_threshold=0.5,-5.437463264769429,experiments/latency_0,none
latency_0,latency_steps,run,majority,test,10,all,1,10,5.0,0,execution.hit_rate_proxy@confidence_threshold=0.5,0.6286399451867077,experiments/latency_0,none
latency_0,latency_steps,run,majority,test,10,all,1,10,0.0,0,execution.eligible_predictions@confidence_threshold=0.6,11676.0,experiments/latency_0,none
latency_0,latency_steps,run,majority,test,10,all,1,10,0.0,0,execution.trade_count_proxy@confidence_threshold=0.6,11676.0,experiments/latency_0,none
latency_0,latency_steps,run,majority,test,10,all,1,10,0.0,0,execution.turnover_proxy@confidence_threshold=0.6,11676.0,experiments/latency_0,none
latency_0,latency_steps,run,majority,test,10,all,1,10,0.0,0,execution.gross_signal_return_proxy@confidence_threshold=0.6,-0.4374632647694284,experiments/latency_0,none
latency_0,latency_steps,run,majority,test,10,all,1,10,0.0,0,execution.cost_proxy@confidence_threshold=0.6,0.0,experiments/latency_0,none
latency_0,latency_steps,run,majority,test,10,all,1,10,0.0,0,execution.net_signal_return_proxy@confidence_threshold=0.6,-0.4374632647694284,experiments/latency_0,none
latency_0,latency_steps,run,majority,test,10,all,1,10,0.0,0,execution.hit_rate_proxy@confidence_threshold=0.6,0.6286399451867077,experiments/latency_0,none
latency_0,latency_steps,run,majority,test,10,all,1,10,1.0,0,execution.eligible_predictions@confidence_threshold=0.6,11676.0,experiments/latency_0,none
latency_0,latency_steps,run,majority,test,10,all,1,10,1.0,0,execution.trade_count_proxy@confidence_threshold=0.6,11676.0,experiments/latency_0,none
latency_0,latency_steps,run,majority,test,10,all,1,10,1.0,0,execution.turnover_proxy@confidence_threshold=0.6,11676.0,experiments/latency_0,none
latency_0,latency_steps,run,majority,test,10,all,1,10,1.0,0,execution.gross_signal_return_proxy@confidence_threshold=0.6,-0.4374632647694284,experiments/latency_0,none
latency_0,latency_steps,run,majority,test,10,all,1,10,1.0,0,execution.cost_proxy@confidence_threshold=0.6,1.0,experiments/latency_0,none
latency_0,latency_steps,run,majority,test,10,all,1,10,1.0,0,execution.net_signal_return_proxy@confidence_threshold=0.6,-1.4374632647694283,experiments/latency_0,none
latency_0,latency_steps,run,majority,test,10,all,1,10,1.0,0,execution.hit_rate_proxy@confidence_threshold=0.6,0.6286399451867077,experiments/latency_0,none
latency_0,latency_steps,run,majority,test,10,all,1,10,5.0,0,execution.eligible_predictions@confidence_threshold=0.6,11676.0,experiments/latency_0,none
latency_0,latency_steps,run,majority,test,10,all,1,10,5.0,0,execution.trade_count_proxy@confidence_threshold=0.6,11676.0,experiments/latency_0,none
latency_0,latency_steps,run,majority,test,10,all,1,10,5.0,0,execution.turnover_proxy@confidence_threshold=0.6,11676.0,experiments/latency_0,none
latency_0,latency_steps,run,majority,test,10,all,1,10,5.0,0,execution.gross_signal_return_proxy@confidence_threshold=0.6,-0.4374632647694284,experiments/latency_0,none
latency_0,latency_steps,run,majority,test,10,all,1,10,5.0,0,execution.cost_proxy@confidence_threshold=0.6,5.0,experiments/latency_0,none
latency_0,latency_steps,run,majority,test,10,all,1,10,5.0,0,execution.net_signal_return_proxy@confidence_threshold=0.6,-5.437463264769429,experiments/latency_0,none
latency_0,latency_steps,run,majority,test,10,all,1,10,5.0,0,execution.hit_rate_proxy@confidence_threshold=0.6,0.6286399451867077,experiments/latency_0,none
latency_0,latency_steps,run,majority,test,10,all,1,10,0.0,0,execution.eligible_predictions@confidence_threshold=0.7,0.0,experiments/latency_0,none
latency_0,latency_steps,run,majority,test,10,all,1,10,0.0,0,execution.trade_count_proxy@confidence_threshold=0.7,0.0,experiments/latency_0,none
latency_0,latency_steps,run,majority,test,10,all,1,10,0.0,0,execution.turnover_proxy@confidence_threshold=0.7,0.0,experiments/latency_0,none
latency_0,latency_steps,run,majority,test,10,all,1,10,0.0,0,execution.gross_signal_return_proxy@confidence_threshold=0.7,0.0,experiments/latency_0,none
latency_0,latency_steps,run,majority,test,10,all,1,10,0.0,0,execution.cost_proxy@confidence_threshold=0.7,0.0,experiments/latency_0,none
latency_0,latency_steps,run,majority,test,10,all,1,10,0.0,0,execution.net_signal_return_proxy@confidence_threshold=0.7,0.0,experiments/latency_0,none
latency_0,latency_steps,run,majority,test,10,all,1,10,0.0,0,execution.hit_rate_proxy@confidence_threshold=0.7,0.0,experiments/latency_0,none
latency_0,latency_steps,run,majority,test,10,all,1,10,1.0,0,execution.eligible_predictions@confidence_threshold=0.7,0.0,experiments/latency_0,none
latency_0,latency_steps,run,majority,test,10,all,1,10,1.0,0,execution.trade_count_proxy@confidence_threshold=0.7,0.0,experiments/latency_0,none
latency_0,latency_steps,run,majority,test,10,all,1,10,1.0,0,execution.turnover_proxy@confidence_threshold=0.7,0.0,experiments/latency_0,none
latency_0,latency_steps,run,majority,test,10,all,1,10,1.0,0,execution.gross_signal_return_proxy@confidence_threshold=0.7,0.0,experiments/latency_0,none
latency_0,latency_steps,run,majority,test,10,all,1,10,1.0,0,execution.cost_proxy@confidence_threshold=0.7,0.0,experiments/latency_0,none
latency_0,latency_steps,run,majority,test,10,all,1,10,1.0,0,execution.net_signal_return_proxy@confidence_threshold=0.7,0.0,experiments/latency_0,none
latency_0,latency_steps,run,majority,test,10,all,1,10,1.0,0,execution.hit_rate_proxy@confidence_threshold=0.7,0.0,experiments/latency_0,none
latency_0,latency_steps,run,majority,test,10,all,1,10,5.0,0,execution.eligible_predictions@confidence_threshold=0.7,0.0,experiments/latency_0,none
latency_0,latency_steps,run,majority,test,10,all,1,10,5.0,0,execution.trade_count_proxy@confidence_threshold=0.7,0.0,experiments/latency_0,none
latency_0,latency_steps,run,majority,test,10,all,1,10,5.0,0,execution.turnover_proxy@confidence_threshold=0.7,0.0,experiments/latency_0,none
latency_0,latency_steps,run,majority,test,10,all,1,10,5.0,0,execution.gross_signal_return_proxy@confidence_threshold=0.7,0.0,experiments/latency_0,none
latency_0,latency_steps,run,majority,test,10,all,1,10,5.0,0,execution.cost_proxy@confidence_threshold=0.7,0.0,experiments/latency_0,none
latency_0,latency_steps,run,majority,test,10,all,1,10,5.0,0,execution.net_signal_return_proxy@confidence_threshold=0.7,0.0,experiments/latency_0,none
latency_0,latency_steps,run,majority,test,10,all,1,10,5.0,0,execution.hit_rate_proxy@confidence_threshold=0.7,0.0,experiments/latency_0,none
latency_0,latency_steps,run,logistic,test,10,all,1,10,0.0,0,execution.eligible_predictions@confidence_threshold=0,11676.0,experiments/latency_0,none
latency_0,latency_steps,run,logistic,test,10,all,1,10,0.0,0,execution.trade_count_proxy@confidence_threshold=0,10845.0,experiments/latency_0,none
latency_0,latency_steps,run,logistic,test,10,all,1,10,0.0,0,execution.turnover_proxy@confidence_threshold=0,10845.0,experiments/latency_0,none
latency_0,latency_steps,run,logistic,test,10,all,1,10,0.0,0,execution.gross_signal_return_proxy@confidence_threshold=0,-0.4286252710396254,experiments/latency_0,none
latency_0,latency_steps,run,logistic,test,10,all,1,10,0.0,0,execution.cost_proxy@confidence_threshold=0,0.0,experiments/latency_0,none
latency_0,latency_steps,run,logistic,test,10,all,1,10,0.0,0,execution.net_signal_return_proxy@confidence_threshold=0,-0.4286252710396254,experiments/latency_0,none
latency_0,latency_steps,run,logistic,test,10,all,1,10,0.0,0,execution.hit_rate_proxy@confidence_threshold=0,0.6233299075025693,experiments/latency_0,none
latency_0,latency_steps,run,logistic,test,10,all,1,10,1.0,0,execution.eligible_predictions@confidence_threshold=0,11676.0,experiments/latency_0,none
latency_0,latency_steps,run,logistic,test,10,all,1,10,1.0,0,execution.trade_count_proxy@confidence_threshold=0,10845.0,experiments/latency_0,none
latency_0,latency_steps,run,logistic,test,10,all,1,10,1.0,0,execution.turnover_proxy@confidence_threshold=0,10845.0,experiments/latency_0,none
latency_0,latency_steps,run,logistic,test,10,all,1,10,1.0,0,execution.gross_signal_return_proxy@confidence_threshold=0,-0.4286252710396254,experiments/latency_0,none
latency_0,latency_steps,run,logistic,test,10,all,1,10,1.0,0,execution.cost_proxy@confidence_threshold=0,1.0,experiments/latency_0,none
latency_0,latency_steps,run,logistic,test,10,all,1,10,1.0,0,execution.net_signal_return_proxy@confidence_threshold=0,-1.4286252710396254,experiments/latency_0,none
latency_0,latency_steps,run,logistic,test,10,all,1,10,1.0,0,execution.hit_rate_proxy@confidence_threshold=0,0.6233299075025693,experiments/latency_0,none
latency_0,latency_steps,run,logistic,test,10,all,1,10,5.0,0,execution.eligible_predictions@confidence_threshold=0,11676.0,experiments/latency_0,none
latency_0,latency_steps,run,logistic,test,10,all,1,10,5.0,0,execution.trade_count_proxy@confidence_threshold=0,10845.0,experiments/latency_0,none
latency_0,latency_steps,run,logistic,test,10,all,1,10,5.0,0,execution.turnover_proxy@confidence_threshold=0,10845.0,experiments/latency_0,none
latency_0,latency_steps,run,logistic,test,10,all,1,10,5.0,0,execution.gross_signal_return_proxy@confidence_threshold=0,-0.4286252710396254,experiments/latency_0,none
latency_0,latency_steps,run,logistic,test,10,all,1,10,5.0,0,execution.cost_proxy@confidence_threshold=0,5.0,experiments/latency_0,none
latency_0,latency_steps,run,logistic,test,10,all,1,10,5.0,0,execution.net_signal_return_proxy@confidence_threshold=0,-5.428625271039626,experiments/latency_0,none
latency_0,latency_steps,run,logistic,test,10,all,1,10,5.0,0,execution.hit_rate_proxy@confidence_threshold=0,0.6233299075025693,experiments/latency_0,none
latency_0,latency_steps,run,logistic,test,10,all,1,10,0.0,0,execution.eligible_predictions@confidence_threshold=0.5,8679.0,experiments/latency_0,none
latency_0,latency_steps,run,logistic,test,10,all,1,10,0.0,0,execution.trade_count_proxy@confidence_threshold=0.5,8418.0,experiments/latency_0,none
latency_0,latency_steps,run,logistic,test,10,all,1,10,0.0,0,execution.turnover_proxy@confidence_threshold=0.5,8418.0,experiments/latency_0,none
latency_0,latency_steps,run,logistic,test,10,all,1,10,0.0,0,execution.gross_signal_return_proxy@confidence_threshold=0.5,-0.5699791713708685,experiments/latency_0,none
latency_0,latency_steps,run,logistic,test,10,all,1,10,0.0,0,execution.cost_proxy@confidence_threshold=0.5,0.0,experiments/latency_0,none
latency_0,latency_steps,run,logistic,test,10,all,1,10,0.0,0,execution.net_signal_return_proxy@confidence_threshold=0.5,-0.5699791713708685,experiments/latency_0,none
latency_0,latency_steps,run,logistic,test,10,all,1,10,0.0,0,execution.hit_rate_proxy@confidence_threshold=0.5,0.6798018204862312,experiments/latency_0,none
latency_0,latency_steps,run,logistic,test,10,all,1,10,1.0,0,execution.eligible_predictions@confidence_threshold=0.5,8679.0,experiments/latency_0,none
latency_0,latency_steps,run,logistic,test,10,all,1,10,1.0,0,execution.trade_count_proxy@confidence_threshold=0.5,8418.0,experiments/latency_0,none
latency_0,latency_steps,run,logistic,test,10,all,1,10,1.0,0,execution.turnover_proxy@confidence_threshold=0.5,8418.0,experiments/latency_0,none
latency_0,latency_steps,run,logistic,test,10,all,1,10,1.0,0,execution.gross_signal_return_proxy@confidence_threshold=0.5,-0.5699791713708685,experiments/latency_0,none
latency_0,latency_steps,run,logistic,test,10,all,1,10,1.0,0,execution.cost_proxy@confidence_threshold=0.5,1.0,experiments/latency_0,none
latency_0,latency_steps,run,logistic,test,10,all,1,10,1.0,0,execution.net_signal_return_proxy@confidence_threshold=0.5,-1.5699791713708686,experiments/latency_0,none
latency_0,latency_steps,run,logistic,test,10,all,1,10,1.0,0,execution.hit_rate_proxy@confidence_threshold=0.5,0.6798018204862312,experiments/latency_0,none
latency_0,latency_steps,run,logistic,test,10,all,1,10,5.0,0,execution.eligible_predictions@confidence_threshold=0.5,8679.0,experiments/latency_0,none
latency_0,latency_steps,run,logistic,test,10,all,1,10,5.0,0,execution.trade_count_proxy@confidence_threshold=0.5,8418.0,experiments/latency_0,none
latency_0,latency_steps,run,logistic,test,10,all,1,10,5.0,0,execution.turnover_proxy@confidence_threshold=0.5,8418.0,experiments/latency_0,none
latency_0,latency_steps,run,logistic,test,10,all,1,10,5.0,0,execution.gross_signal_return_proxy@confidence_threshold=0.5,-0.5699791713708685,experiments/latency_0,none
latency_0,latency_steps,run,logistic,test,10,all,1,10,5.0,0,execution.cost_proxy@confidence_threshold=0.5,5.0,experiments/latency_0,none
latency_0,latency_steps,run,logistic,test,10,all,1,10,5.0,0,execution.net_signal_return_proxy@confidence_threshold=0.5,-5.569979171370869,experiments/latency_0,none
latency_0,latency_steps,run,logistic,test,10,all,1,10,5.0,0,execution.hit_rate_proxy@confidence_threshold=0.5,0.6798018204862312,experiments/latency_0,none
latency_0,latency_steps,run,logistic,test,10,all,1,10,0.0,0,execution.eligible_predictions@confidence_threshold=0.6,5127.0,experiments/latency_0,none
latency_0,latency_steps,run,logistic,test,10,all,1,10,0.0,0,execution.trade_count_proxy@confidence_threshold=0.6,5018.0,experiments/latency_0,none
latency_0,latency_steps,run,logistic,test,10,all,1,10,0.0,0,execution.turnover_proxy@confidence_threshold=0.6,5018.0,experiments/latency_0,none
latency_0,latency_steps,run,logistic,test,10,all,1,10,0.0,0,execution.gross_signal_return_proxy@confidence_threshold=0.6,-0.937204108973911,experiments/latency_0,none
latency_0,latency_steps,run,logistic,test,10,all,1,10,0.0,0,execution.cost_proxy@confidence_threshold=0.6,0.0,experiments/latency_0,none
latency_0,latency_steps,run,logistic,test,10,all,1,10,0.0,0,execution.net_signal_return_proxy@confidence_threshold=0.6,-0.937204108973911,experiments/latency_0,none
latency_0,latency_steps,run,logistic,test,10,all,1,10,0.0,0,execution.hit_rate_proxy@confidence_threshold=0.6,0.7275209674273454,experiments/latency_0,none
latency_0,latency_steps,run,logistic,test,10,all,1,10,1.0,0,execution.eligible_predictions@confidence_threshold=0.6,5127.0,experiments/latency_0,none
latency_0,latency_steps,run,logistic,test,10,all,1,10,1.0,0,execution.trade_count_proxy@confidence_threshold=0.6,5018.0,experiments/latency_0,none
latency_0,latency_steps,run,logistic,test,10,all,1,10,1.0,0,execution.turnover_proxy@confidence_threshold=0.6,5018.0,experiments/latency_0,none
latency_0,latency_steps,run,logistic,test,10,all,1,10,1.0,0,execution.gross_signal_return_proxy@confidence_threshold=0.6,-0.937204108973911,experiments/latency_0,none
latency_0,latency_steps,run,logistic,test,10,all,1,10,1.0,0,execution.cost_proxy@confidence_threshold=0.6,1.0,experiments/latency_0,none
latency_0,latency_steps,run,logistic,test,10,all,1,10,1.0,0,execution.net_signal_return_proxy@confidence_threshold=0.6,-1.9372041089739112,experiments/latency_0,none
latency_0,latency_steps,run,logistic,test,10,all,1,10,1.0,0,execution.hit_rate_proxy@confidence_threshold=0.6,0.7275209674273454,experiments/latency_0,none
latency_0,latency_steps,run,logistic,test,10,all,1,10,5.0,0,execution.eligible_predictions@confidence_threshold=0.6,5127.0,experiments/latency_0,none
latency_0,latency_steps,run,logistic,test,10,all,1,10,5.0,0,execution.trade_count_proxy@confidence_threshold=0.6,5018.0,experiments/latency_0,none
latency_0,latency_steps,run,logistic,test,10,all,1,10,5.0,0,execution.turnover_proxy@confidence_threshold=0.6,5018.0,experiments/latency_0,none
latency_0,latency_steps,run,logistic,test,10,all,1,10,5.0,0,execution.gross_signal_return_proxy@confidence_threshold=0.6,-0.937204108973911,experiments/latency_0,none
latency_0,latency_steps,run,logistic,test,10,all,1,10,5.0,0,execution.cost_proxy@confidence_threshold=0.6,5.0,experiments/latency_0,none
latency_0,latency_steps,run,logistic,test,10,all,1,10,5.0,0,execution.net_signal_return_proxy@confidence_threshold=0.6,-5.937204108973911,experiments/latency_0,none
latency_0,latency_steps,run,logistic,test,10,all,1,10,5.0,0,execution.hit_rate_proxy@confidence_threshold=0.6,0.7275209674273454,experiments/latency_0,none
latency_0,latency_steps,run,logistic,test,10,all,1,10,0.0,0,execution.eligible_predictions@confidence_threshold=0.7,2300.0,experiments/latency_0,none
latency_0,latency_steps,run,logistic,test,10,all,1,10,0.0,0,execution.trade_count_proxy@confidence_threshold=0.7,2251.0,experiments/latency_0,none
latency_0,latency_steps,run,logistic,test,10,all,1,10,0.0,0,execution.turnover_proxy@confidence_threshold=0.7,2251.0,experiments/latency_0,none
latency_0,latency_steps,run,logistic,test,10,all,1,10,0.0,0,execution.gross_signal_return_proxy@confidence_threshold=0.7,-1.5156647992317125,experiments/latency_0,none
latency_0,latency_steps,run,logistic,test,10,all,1,10,0.0,0,execution.cost_proxy@confidence_threshold=0.7,0.0,experiments/latency_0,none
latency_0,latency_steps,run,logistic,test,10,all,1,10,0.0,0,execution.net_signal_return_proxy@confidence_threshold=0.7,-1.5156647992317125,experiments/latency_0,none
latency_0,latency_steps,run,logistic,test,10,all,1,10,0.0,0,execution.hit_rate_proxy@confidence_threshold=0.7,0.7495652173913043,experiments/latency_0,none
latency_0,latency_steps,run,logistic,test,10,all,1,10,1.0,0,execution.eligible_predictions@confidence_threshold=0.7,2300.0,experiments/latency_0,none
latency_0,latency_steps,run,logistic,test,10,all,1,10,1.0,0,execution.trade_count_proxy@confidence_threshold=0.7,2251.0,experiments/latency_0,none
latency_0,latency_steps,run,logistic,test,10,all,1,10,1.0,0,execution.turnover_proxy@confidence_threshold=0.7,2251.0,experiments/latency_0,none
latency_0,latency_steps,run,logistic,test,10,all,1,10,1.0,0,execution.gross_signal_return_proxy@confidence_threshold=0.7,-1.5156647992317125,experiments/latency_0,none
latency_0,latency_steps,run,logistic,test,10,all,1,10,1.0,0,execution.cost_proxy@confidence_threshold=0.7,1.0,experiments/latency_0,none
latency_0,latency_steps,run,logistic,test,10,all,1,10,1.0,0,execution.net_signal_return_proxy@confidence_threshold=0.7,-2.515664799231712,experiments/latency_0,none
latency_0,latency_steps,run,logistic,test,10,all,1,10,1.0,0,execution.hit_rate_proxy@confidence_threshold=0.7,0.7495652173913043,experiments/latency_0,none
latency_0,latency_steps,run,logistic,test,10,all,1,10,5.0,0,execution.eligible_predictions@confidence_threshold=0.7,2300.0,experiments/latency_0,none
latency_0,latency_steps,run,logistic,test,10,all,1,10,5.0,0,execution.trade_count_proxy@confidence_threshold=0.7,2251.0,experiments/latency_0,none
latency_0,latency_steps,run,logistic,test,10,all,1,10,5.0,0,execution.turnover_proxy@confidence_threshold=0.7,2251.0,experiments/latency_0,none
latency_0,latency_steps,run,logistic,test,10,all,1,10,5.0,0,execution.gross_signal_return_proxy@confidence_threshold=0.7,-1.5156647992317125,experiments/latency_0,none
latency_0,latency_steps,run,logistic,test,10,all,1,10,5.0,0,execution.cost_proxy@confidence_threshold=0.7,5.0,experiments/latency_0,none
latency_0,latency_steps,run,logistic,test,10,all,1,10,5.0,0,execution.net_signal_return_proxy@confidence_threshold=0.7,-6.515664799231712,experiments/latency_0,none
latency_0,latency_steps,run,logistic,test,10,all,1,10,5.0,0,execution.hit_rate_proxy@confidence_threshold=0.7,0.7495652173913043,experiments/latency_0,none
latency_0,latency_steps,run,deeplob_style,test,10,all,1,10,0.0,0,execution.eligible_predictions@confidence_threshold=0,11676.0,experiments/latency_0,none
latency_0,latency_steps,run,deeplob_style,test,10,all,1,10,0.0,0,execution.trade_count_proxy@confidence_threshold=0,11676.0,experiments/latency_0,none
latency_0,latency_steps,run,deeplob_style,test,10,all,1,10,0.0,0,execution.turnover_proxy@confidence_threshold=0,11676.0,experiments/latency_0,none
latency_0,latency_steps,run,deeplob_style,test,10,all,1,10,0.0,0,execution.gross_signal_return_proxy@confidence_threshold=0,-0.3748037982730208,experiments/latency_0,none
latency_0,latency_steps,run,deeplob_style,test,10,all,1,10,0.0,0,execution.cost_proxy@confidence_threshold=0,0.0,experiments/latency_0,none
latency_0,latency_steps,run,deeplob_style,test,10,all,1,10,0.0,0,execution.net_signal_return_proxy@confidence_threshold=0,-0.3748037982730208,experiments/latency_0,none
latency_0,latency_steps,run,deeplob_style,test,10,all,1,10,0.0,0,execution.hit_rate_proxy@confidence_threshold=0,0.5671462829736211,experiments/latency_0,none
latency_0,latency_steps,run,deeplob_style,test,10,all,1,10,1.0,0,execution.eligible_predictions@confidence_threshold=0,11676.0,experiments/latency_0,none
latency_0,latency_steps,run,deeplob_style,test,10,all,1,10,1.0,0,execution.trade_count_proxy@confidence_threshold=0,11676.0,experiments/latency_0,none
latency_0,latency_steps,run,deeplob_style,test,10,all,1,10,1.0,0,execution.turnover_proxy@confidence_threshold=0,11676.0,experiments/latency_0,none
latency_0,latency_steps,run,deeplob_style,test,10,all,1,10,1.0,0,execution.gross_signal_return_proxy@confidence_threshold=0,-0.3748037982730208,experiments/latency_0,none
latency_0,latency_steps,run,deeplob_style,test,10,all,1,10,1.0,0,execution.cost_proxy@confidence_threshold=0,1.0,experiments/latency_0,none
latency_0,latency_steps,run,deeplob_style,test,10,all,1,10,1.0,0,execution.net_signal_return_proxy@confidence_threshold=0,-1.3748037982730208,experiments/latency_0,none
latency_0,latency_steps,run,deeplob_style,test,10,all,1,10,1.0,0,execution.hit_rate_proxy@confidence_threshold=0,0.5671462829736211,experiments/latency_0,none
latency_0,latency_steps,run,deeplob_style,test,10,all,1,10,5.0,0,execution.eligible_predictions@confidence_threshold=0,11676.0,experiments/latency_0,none
latency_0,latency_steps,run,deeplob_style,test,10,all,1,10,5.0,0,execution.trade_count_proxy@confidence_threshold=0,11676.0,experiments/latency_0,none
latency_0,latency_steps,run,deeplob_style,test,10,all,1,10,5.0,0,execution.turnover_proxy@confidence_threshold=0,11676.0,experiments/latency_0,none
latency_0,latency_steps,run,deeplob_style,test,10,all,1,10,5.0,0,execution.gross_signal_return_proxy@confidence_threshold=0,-0.3748037982730208,experiments/latency_0,none
latency_0,latency_steps,run,deeplob_style,test,10,all,1,10,5.0,0,execution.cost_proxy@confidence_threshold=0,5.0,experiments/latency_0,none
latency_0,latency_steps,run,deeplob_style,test,10,all,1,10,5.0,0,execution.net_signal_return_proxy@confidence_threshold=0,-5.374803798273021,experiments/latency_0,none
latency_0,latency_steps,run,deeplob_style,test,10,all,1,10,5.0,0,execution.hit_rate_proxy@confidence_threshold=0,0.5671462829736211,experiments/latency_0,none
latency_0,latency_steps,run,deeplob_style,test,10,all,1,10,0.0,0,execution.eligible_predictions@confidence_threshold=0.5,2555.0,experiments/latency_0,none
latency_0,latency_steps,run,deeplob_style,test,10,all,1,10,0.0,0,execution.trade_count_proxy@confidence_threshold=0.5,2555.0,experiments/latency_0,none
latency_0,latency_steps,run,deeplob_style,test,10,all,1,10,0.0,0,execution.turnover_proxy@confidence_threshold=0.5,2555.0,experiments/latency_0,none
latency_0,latency_steps,run,deeplob_style,test,10,all,1,10,0.0,0,execution.gross_signal_return_proxy@confidence_threshold=0.5,-1.2437741107634075,experiments/latency_0,none
latency_0,latency_steps,run,deeplob_style,test,10,all,1,10,0.0,0,execution.cost_proxy@confidence_threshold=0.5,0.0,experiments/latency_0,none
latency_0,latency_steps,run,deeplob_style,test,10,all,1,10,0.0,0,execution.net_signal_return_proxy@confidence_threshold=0.5,-1.2437741107634075,experiments/latency_0,none
latency_0,latency_steps,run,deeplob_style,test,10,all,1,10,0.0,0,execution.hit_rate_proxy@confidence_threshold=0.5,0.7655577299412916,experiments/latency_0,none
latency_0,latency_steps,run,deeplob_style,test,10,all,1,10,1.0,0,execution.eligible_predictions@confidence_threshold=0.5,2555.0,experiments/latency_0,none
latency_0,latency_steps,run,deeplob_style,test,10,all,1,10,1.0,0,execution.trade_count_proxy@confidence_threshold=0.5,2555.0,experiments/latency_0,none
latency_0,latency_steps,run,deeplob_style,test,10,all,1,10,1.0,0,execution.turnover_proxy@confidence_threshold=0.5,2555.0,experiments/latency_0,none
latency_0,latency_steps,run,deeplob_style,test,10,all,1,10,1.0,0,execution.gross_signal_return_proxy@confidence_threshold=0.5,-1.2437741107634075,experiments/latency_0,none
latency_0,latency_steps,run,deeplob_style,test,10,all,1,10,1.0,0,execution.cost_proxy@confidence_threshold=0.5,1.0,experiments/latency_0,none
latency_0,latency_steps,run,deeplob_style,test,10,all,1,10,1.0,0,execution.net_signal_return_proxy@confidence_threshold=0.5,-2.2437741107634075,experiments/latency_0,none
latency_0,latency_steps,run,deeplob_style,test,10,all,1,10,1.0,0,execution.hit_rate_proxy@confidence_threshold=0.5,0.7655577299412916,experiments/latency_0,none
latency_0,latency_steps,run,deeplob_style,test,10,all,1,10,5.0,0,execution.eligible_predictions@confidence_threshold=0.5,2555.0,experiments/latency_0,none
latency_0,latency_steps,run,deeplob_style,test,10,all,1,10,5.0,0,execution.trade_count_proxy@confidence_threshold=0.5,2555.0,experiments/latency_0,none
latency_0,latency_steps,run,deeplob_style,test,10,all,1,10,5.0,0,execution.turnover_proxy@confidence_threshold=0.5,2555.0,experiments/latency_0,none
latency_0,latency_steps,run,deeplob_style,test,10,all,1,10,5.0,0,execution.gross_signal_return_proxy@confidence_threshold=0.5,-1.2437741107634075,experiments/latency_0,none
latency_0,latency_steps,run,deeplob_style,test,10,all,1,10,5.0,0,execution.cost_proxy@confidence_threshold=0.5,5.0,experiments/latency_0,none
latency_0,latency_steps,run,deeplob_style,test,10,all,1,10,5.0,0,execution.net_signal_return_proxy@confidence_threshold=0.5,-6.243774110763408,experiments/latency_0,none
latency_0,latency_steps,run,deeplob_style,test,10,all,1,10,5.0,0,execution.hit_rate_proxy@confidence_threshold=0.5,0.7655577299412916,experiments/latency_0,none
latency_0,latency_steps,run,deeplob_style,test,10,all,1,10,0.0,0,execution.eligible_predictions@confidence_threshold=0.6,1.0,experiments/latency_0,none
latency_0,latency_steps,run,deeplob_style,test,10,all,1,10,0.0,0,execution.trade_count_proxy@confidence_threshold=0.6,1.0,experiments/latency_0,none
latency_0,latency_steps,run,deeplob_style,test,10,all,1,10,0.0,0,execution.turnover_proxy@confidence_threshold=0.6,1.0,experiments/latency_0,none
latency_0,latency_steps,run,deeplob_style,test,10,all,1,10,0.0,0,execution.gross_signal_return_proxy@confidence_threshold=0.6,-15.658865289090976,experiments/latency_0,none
latency_0,latency_steps,run,deeplob_style,test,10,all,1,10,0.0,0,execution.cost_proxy@confidence_threshold=0.6,0.0,experiments/latency_0,none
latency_0,latency_steps,run,deeplob_style,test,10,all,1,10,0.0,0,execution.net_signal_return_proxy@confidence_threshold=0.6,-15.658865289090976,experiments/latency_0,none
latency_0,latency_steps,run,deeplob_style,test,10,all,1,10,0.0,0,execution.hit_rate_proxy@confidence_threshold=0.6,1.0,experiments/latency_0,none
latency_0,latency_steps,run,deeplob_style,test,10,all,1,10,1.0,0,execution.eligible_predictions@confidence_threshold=0.6,1.0,experiments/latency_0,none
latency_0,latency_steps,run,deeplob_style,test,10,all,1,10,1.0,0,execution.trade_count_proxy@confidence_threshold=0.6,1.0,experiments/latency_0,none
latency_0,latency_steps,run,deeplob_style,test,10,all,1,10,1.0,0,execution.turnover_proxy@confidence_threshold=0.6,1.0,experiments/latency_0,none
latency_0,latency_steps,run,deeplob_style,test,10,all,1,10,1.0,0,execution.gross_signal_return_proxy@confidence_threshold=0.6,-15.658865289090976,experiments/latency_0,none
latency_0,latency_steps,run,deeplob_style,test,10,all,1,10,1.0,0,execution.cost_proxy@confidence_threshold=0.6,1.0,experiments/latency_0,none
latency_0,latency_steps,run,deeplob_style,test,10,all,1,10,1.0,0,execution.net_signal_return_proxy@confidence_threshold=0.6,-16.658865289090976,experiments/latency_0,none
latency_0,latency_steps,run,deeplob_style,test,10,all,1,10,1.0,0,execution.hit_rate_proxy@confidence_threshold=0.6,1.0,experiments/latency_0,none
latency_0,latency_steps,run,deeplob_style,test,10,all,1,10,5.0,0,execution.eligible_predictions@confidence_threshold=0.6,1.0,experiments/latency_0,none
latency_0,latency_steps,run,deeplob_style,test,10,all,1,10,5.0,0,execution.trade_count_proxy@confidence_threshold=0.6,1.0,experiments/latency_0,none
latency_0,latency_steps,run,deeplob_style,test,10,all,1,10,5.0,0,execution.turnover_proxy@confidence_threshold=0.6,1.0,experiments/latency_0,none
latency_0,latency_steps,run,deeplob_style,test,10,all,1,10,5.0,0,execution.gross_signal_return_proxy@confidence_threshold=0.6,-15.658865289090976,experiments/latency_0,none
latency_0,latency_steps,run,deeplob_style,test,10,all,1,10,5.0,0,execution.cost_proxy@confidence_threshold=0.6,5.0,experiments/latency_0,none
latency_0,latency_steps,run,deeplob_style,test,10,all,1,10,5.0,0,execution.net_signal_return_proxy@confidence_threshold=0.6,-20.658865289090976,experiments/latency_0,none
latency_0,latency_steps,run,deeplob_style,test,10,all,1,10,5.0,0,execution.hit_rate_proxy@confidence_threshold=0.6,1.0,experiments/latency_0,none
latency_0,latency_steps,run,deeplob_style,test,10,all,1,10,0.0,0,execution.eligible_predictions@confidence_threshold=0.7,0.0,experiments/latency_0,none
latency_0,latency_steps,run,deeplob_style,test,10,all,1,10,0.0,0,execution.trade_count_proxy@confidence_threshold=0.7,0.0,experiments/latency_0,none
latency_0,latency_steps,run,deeplob_style,test,10,all,1,10,0.0,0,execution.turnover_proxy@confidence_threshold=0.7,0.0,experiments/latency_0,none
latency_0,latency_steps,run,deeplob_style,test,10,all,1,10,0.0,0,execution.gross_signal_return_proxy@confidence_threshold=0.7,0.0,experiments/latency_0,none
latency_0,latency_steps,run,deeplob_style,test,10,all,1,10,0.0,0,execution.cost_proxy@confidence_threshold=0.7,0.0,experiments/latency_0,none
latency_0,latency_steps,run,deeplob_style,test,10,all,1,10,0.0,0,execution.net_signal_return_proxy@confidence_threshold=0.7,0.0,experiments/latency_0,none
latency_0,latency_steps,run,deeplob_style,test,10,all,1,10,0.0,0,execution.hit_rate_proxy@confidence_threshold=0.7,0.0,experiments/latency_0,none
latency_0,latency_steps,run,deeplob_style,test,10,all,1,10,1.0,0,execution.eligible_predictions@confidence_threshold=0.7,0.0,experiments/latency_0,none
latency_0,latency_steps,run,deeplob_style,test,10,all,1,10,1.0,0,execution.trade_count_proxy@confidence_threshold=0.7,0.0,experiments/latency_0,none
latency_0,latency_steps,run,deeplob_style,test,10,all,1,10,1.0,0,execution.turnover_proxy@confidence_threshold=0.7,0.0,experiments/latency_0,none
latency_0,latency_steps,run,deeplob_style,test,10,all,1,10,1.0,0,execution.gross_signal_return_proxy@confidence_threshold=0.7,0.0,experiments/latency_0,none
latency_0,latency_steps,run,deeplob_style,test,10,all,1,10,1.0,0,execution.cost_proxy@confidence_threshold=0.7,0.0,experiments/latency_0,none
latency_0,latency_steps,run,deeplob_style,test,10,all,1,10,1.0,0,execution.net_signal_return_proxy@confidence_threshold=0.7,0.0,experiments/latency_0,none
latency_0,latency_steps,run,deeplob_style,test,10,all,1,10,1.0,0,execution.hit_rate_proxy@confidence_threshold=0.7,0.0,experiments/latency_0,none
latency_0,latency_steps,run,deeplob_style,test,10,all,1,10,5.0,0,execution.eligible_predictions@confidence_threshold=0.7,0.0,experiments/latency_0,none
latency_0,latency_steps,run,deeplob_style,test,10,all,1,10,5.0,0,execution.trade_count_proxy@confidence_threshold=0.7,0.0,experiments/latency_0,none
latency_0,latency_steps,run,deeplob_style,test,10,all,1,10,5.0,0,execution.turnover_proxy@confidence_threshold=0.7,0.0,experiments/latency_0,none
latency_0,latency_steps,run,deeplob_style,test,10,all,1,10,5.0,0,execution.gross_signal_return_proxy@confidence_threshold=0.7,0.0,experiments/latency_0,none
latency_0,latency_steps,run,deeplob_style,test,10,all,1,10,5.0,0,execution.cost_proxy@confidence_threshold=0.7,0.0,experiments/latency_0,none
latency_0,latency_steps,run,deeplob_style,test,10,all,1,10,5.0,0,execution.net_signal_return_proxy@confidence_threshold=0.7,0.0,experiments/latency_0,none
latency_0,latency_steps,run,deeplob_style,test,10,all,1,10,5.0,0,execution.hit_rate_proxy@confidence_threshold=0.7,0.0,experiments/latency_0,none
latency_1,latency_steps,run,majority,test,10,all,1,10,"0.0,1.0,5.0",1,accuracy,0.6286154372753723,experiments/latency_1,none
latency_1,latency_steps,run,majority,test,10,all,1,10,"0.0,1.0,5.0",1,macro_f1,0.25732100322264256,experiments/latency_1,none
latency_1,latency_steps,run,majority,test,10,all,1,10,"0.0,1.0,5.0",1,weighted_f1,0.4852678648828168,experiments/latency_1,none
latency_1,latency_steps,run,majority,test,10,all,1,10,"0.0,1.0,5.0",1,matthews_corrcoef,0.0,experiments/latency_1,none
latency_1,latency_steps,run,majority,test,10,all,1,10,"0.0,1.0,5.0",1,balanced_accuracy,0.3333333333333333,experiments/latency_1,none
latency_1,latency_steps,run,majority,test,10,all,1,10,"0.0,1.0,5.0",1,log_loss,0.9180419332042239,experiments/latency_1,none
latency_1,latency_steps,run,majority,test,10,all,1,10,"0.0,1.0,5.0",1,n_samples,11686.0,experiments/latency_1,none
latency_1,latency_steps,run,majority,test,10,all,1,10,"0.0,1.0,5.0",1,class_count_train,3.0,experiments/latency_1,none
latency_1,latency_steps,run,majority,test,10,all,1,10,"0.0,1.0,5.0",1,class_count_test,3.0,experiments/latency_1,none
latency_1,latency_steps,run,majority,test,10,all,1,10,"0.0,1.0,5.0",1,brier_score,0.5366889220539707,experiments/latency_1,none
latency_1,latency_steps,run,majority,test,10,all,1,10,"0.0,1.0,5.0",1,mean_confidence,0.6029411764705882,experiments/latency_1,none
latency_1,latency_steps,run,majority,test,10,all,1,10,"0.0,1.0,5.0",1,expected_calibration_error,0.025674260804784077,experiments/latency_1,none
latency_1,latency_steps,run,logistic,test,10,all,1,10,"0.0,1.0,5.0",1,accuracy,0.6233099435221633,experiments/latency_1,none
latency_1,latency_steps,run,logistic,test,10,all,1,10,"0.0,1.0,5.0",1,macro_f1,0.35146855037871383,experiments/latency_1,none
latency_1,latency_steps,run,logistic,test,10,all,1,10,"0.0,1.0,5.0",1,weighted_f1,0.5346427959541316,experiments/latency_1,none
latency_1,latency_steps,run,logistic,test,10,all,1,10,"0.0,1.0,5.0",1,matthews_corrcoef,0.1217722835157405,experiments/latency_1,none
latency_1,latency_steps,run,logistic,test,10,all,1,10,"0.0,1.0,5.0",1,balanced_accuracy,0.37574062520651225,experiments/latency_1,none
latency_1,latency_steps,run,logistic,test,10,all,1,10,"0.0,1.0,5.0",1,log_loss,0.8904304019275787,experiments/latency_1,none
latency_1,latency_steps,run,logistic,test,10,all,1,10,"0.0,1.0,5.0",1,n_samples,11686.0,experiments/latency_1,none
latency_1,latency_steps,run,logistic,test,10,all,1,10,"0.0,1.0,5.0",1,class_count_train,3.0,experiments/latency_1,none
latency_1,latency_steps,run,logistic,test,10,all,1,10,"0.0,1.0,5.0",1,class_count_test,3.0,experiments/latency_1,none
latency_1,latency_steps,run,logistic,test,10,all,1,10,"0.0,1.0,5.0",1,brier_score,0.5189866466149302,experiments/latency_1,none
latency_1,latency_steps,run,logistic,test,10,all,1,10,"0.0,1.0,5.0",1,mean_confidence,0.5874669568363994,experiments/latency_1,none
latency_1,latency_steps,run,logistic,test,10,all,1,10,"0.0,1.0,5.0",1,expected_calibration_error,0.041110897222318726,experiments/latency_1,none
latency_1,latency_steps,run,deeplob_style,test,10,all,1,10,"0.0,1.0,5.0",1,accuracy,0.5671743967140168,experiments/latency_1,none
latency_1,latency_steps,run,deeplob_style,test,10,all,1,10,"0.0,1.0,5.0",1,macro_f1,0.35243154257775067,experiments/latency_1,none
latency_1,latency_steps,run,deeplob_style,test,10,all,1,10,"0.0,1.0,5.0",1,weighted_f1,0.5256265549301775,experiments/latency_1,none
latency_1,latency_steps,run,deeplob_style,test,10,all,1,10,"0.0,1.0,5.0",1,matthews_corrcoef,0.1473504491981849,experiments/latency_1,none
latency_1,latency_steps,run,deeplob_style,test,10,all,1,10,"0.0,1.0,5.0",1,balanced_accuracy,0.3945728413951921,experiments/latency_1,none
latency_1,latency_steps,run,deeplob_style,test,10,all,1,10,"0.0,1.0,5.0",1,log_loss,0.9880791335262586,experiments/latency_1,none
latency_1,latency_steps,run,deeplob_style,test,10,all,1,10,"0.0,1.0,5.0",1,n_samples,11686.0,experiments/latency_1,none
latency_1,latency_steps,run,deeplob_style,test,10,all,1,10,"0.0,1.0,5.0",1,class_count_train,3.0,experiments/latency_1,none
latency_1,latency_steps,run,deeplob_style,test,10,all,1,10,"0.0,1.0,5.0",1,class_count_test,3.0,experiments/latency_1,none
latency_1,latency_steps,run,deeplob_style,test,10,all,1,10,"0.0,1.0,5.0",1,brier_score,0.5877204413734426,experiments/latency_1,none
latency_1,latency_steps,run,deeplob_style,test,10,all,1,10,"0.0,1.0,5.0",1,mean_confidence,0.4311215798681263,experiments/latency_1,none
latency_1,latency_steps,run,deeplob_style,test,10,all,1,10,"0.0,1.0,5.0",1,expected_calibration_error,0.13605281684589038,experiments/latency_1,none
latency_1,latency_steps,run,majority,test,10,all,1,10,"0.0,1.0,5.0",1,calibration.bin_0.count,0.0,experiments/latency_1,none
latency_1,latency_steps,run,majority,test,10,all,1,10,"0.0,1.0,5.0",1,calibration.bin_0.mean_confidence,0.05,experiments/latency_1,none
latency_1,latency_steps,run,majority,test,10,all,1,10,"0.0,1.0,5.0",1,calibration.bin_0.accuracy,0.0,experiments/latency_1,none
latency_1,latency_steps,run,majority,test,10,all,1,10,"0.0,1.0,5.0",1,calibration.bin_0.confidence_gap,0.0,experiments/latency_1,none
latency_1,latency_steps,run,majority,test,10,all,1,10,"0.0,1.0,5.0",1,calibration.bin_1.count,0.0,experiments/latency_1,none
latency_1,latency_steps,run,majority,test,10,all,1,10,"0.0,1.0,5.0",1,calibration.bin_1.mean_confidence,0.15,experiments/latency_1,none
latency_1,latency_steps,run,majority,test,10,all,1,10,"0.0,1.0,5.0",1,calibration.bin_1.accuracy,0.0,experiments/latency_1,none
latency_1,latency_steps,run,majority,test,10,all,1,10,"0.0,1.0,5.0",1,calibration.bin_1.confidence_gap,0.0,experiments/latency_1,none
latency_1,latency_steps,run,majority,test,10,all,1,10,"0.0,1.0,5.0",1,calibration.bin_2.count,0.0,experiments/latency_1,none
latency_1,latency_steps,run,majority,test,10,all,1,10,"0.0,1.0,5.0",1,calibration.bin_2.mean_confidence,0.25,experiments/latency_1,none
latency_1,latency_steps,run,majority,test,10,all,1,10,"0.0,1.0,5.0",1,calibration.bin_2.accuracy,0.0,experiments/latency_1,none
latency_1,latency_steps,run,majority,test,10,all,1,10,"0.0,1.0,5.0",1,calibration.bin_2.confidence_gap,0.0,experiments/latency_1,none
latency_1,latency_steps,run,majority,test,10,all,1,10,"0.0,1.0,5.0",1,calibration.bin_3.count,0.0,experiments/latency_1,none
latency_1,latency_steps,run,majority,test,10,all,1,10,"0.0,1.0,5.0",1,calibration.bin_3.mean_confidence,0.35,experiments/latency_1,none
latency_1,latency_steps,run,majority,test,10,all,1,10,"0.0,1.0,5.0",1,calibration.bin_3.accuracy,0.0,experiments/latency_1,none
latency_1,latency_steps,run,majority,test,10,all,1,10,"0.0,1.0,5.0",1,calibration.bin_3.confidence_gap,0.0,experiments/latency_1,none
latency_1,latency_steps,run,majority,test,10,all,1,10,"0.0,1.0,5.0",1,calibration.bin_4.count,0.0,experiments/latency_1,none
latency_1,latency_steps,run,majority,test,10,all,1,10,"0.0,1.0,5.0",1,calibration.bin_4.mean_confidence,0.45,experiments/latency_1,none
latency_1,latency_steps,run,majority,test,10,all,1,10,"0.0,1.0,5.0",1,calibration.bin_4.accuracy,0.0,experiments/latency_1,none
latency_1,latency_steps,run,majority,test,10,all,1,10,"0.0,1.0,5.0",1,calibration.bin_4.confidence_gap,0.0,experiments/latency_1,none
latency_1,latency_steps,run,majority,test,10,all,1,10,"0.0,1.0,5.0",1,calibration.bin_5.count,0.0,experiments/latency_1,none
latency_1,latency_steps,run,majority,test,10,all,1,10,"0.0,1.0,5.0",1,calibration.bin_5.mean_confidence,0.55,experiments/latency_1,none
latency_1,latency_steps,run,majority,test,10,all,1,10,"0.0,1.0,5.0",1,calibration.bin_5.accuracy,0.0,experiments/latency_1,none
latency_1,latency_steps,run,majority,test,10,all,1,10,"0.0,1.0,5.0",1,calibration.bin_5.confidence_gap,0.0,experiments/latency_1,none
latency_1,latency_steps,run,majority,test,10,all,1,10,"0.0,1.0,5.0",1,calibration.bin_6.count,11686.0,experiments/latency_1,none
latency_1,latency_steps,run,majority,test,10,all,1,10,"0.0,1.0,5.0",1,calibration.bin_6.mean_confidence,0.6029411764705882,experiments/latency_1,none
latency_1,latency_steps,run,majority,test,10,all,1,10,"0.0,1.0,5.0",1,calibration.bin_6.accuracy,0.6286154372753723,experiments/latency_1,none
latency_1,latency_steps,run,majority,test,10,all,1,10,"0.0,1.0,5.0",1,calibration.bin_6.confidence_gap,0.025674260804784,experiments/latency_1,none
latency_1,latency_steps,run,majority,test,10,all,1,10,"0.0,1.0,5.0",1,calibration.bin_7.count,0.0,experiments/latency_1,none
latency_1,latency_steps,run,majority,test,10,all,1,10,"0.0,1.0,5.0",1,calibration.bin_7.mean_confidence,0.75,experiments/latency_1,none
latency_1,latency_steps,run,majority,test,10,all,1,10,"0.0,1.0,5.0",1,calibration.bin_7.accuracy,0.0,experiments/latency_1,none
latency_1,latency_steps,run,majority,test,10,all,1,10,"0.0,1.0,5.0",1,calibration.bin_7.confidence_gap,0.0,experiments/latency_1,none
latency_1,latency_steps,run,majority,test,10,all,1,10,"0.0,1.0,5.0",1,calibration.bin_8.count,0.0,experiments/latency_1,none
latency_1,latency_steps,run,majority,test,10,all,1,10,"0.0,1.0,5.0",1,calibration.bin_8.mean_confidence,0.8500000000000001,experiments/latency_1,none
latency_1,latency_steps,run,majority,test,10,all,1,10,"0.0,1.0,5.0",1,calibration.bin_8.accuracy,0.0,experiments/latency_1,none
latency_1,latency_steps,run,majority,test,10,all,1,10,"0.0,1.0,5.0",1,calibration.bin_8.confidence_gap,0.0,experiments/latency_1,none
latency_1,latency_steps,run,majority,test,10,all,1,10,"0.0,1.0,5.0",1,calibration.bin_9.count,0.0,experiments/latency_1,none
latency_1,latency_steps,run,majority,test,10,all,1,10,"0.0,1.0,5.0",1,calibration.bin_9.mean_confidence,0.95,experiments/latency_1,none
latency_1,latency_steps,run,majority,test,10,all,1,10,"0.0,1.0,5.0",1,calibration.bin_9.accuracy,0.0,experiments/latency_1,none
latency_1,latency_steps,run,majority,test,10,all,1,10,"0.0,1.0,5.0",1,calibration.bin_9.confidence_gap,0.0,experiments/latency_1,none
latency_1,latency_steps,run,logistic,test,10,all,1,10,"0.0,1.0,5.0",1,calibration.bin_0.count,0.0,experiments/latency_1,none
latency_1,latency_steps,run,logistic,test,10,all,1,10,"0.0,1.0,5.0",1,calibration.bin_0.mean_confidence,0.05,experiments/latency_1,none
latency_1,latency_steps,run,logistic,test,10,all,1,10,"0.0,1.0,5.0",1,calibration.bin_0.accuracy,0.0,experiments/latency_1,none
latency_1,latency_steps,run,logistic,test,10,all,1,10,"0.0,1.0,5.0",1,calibration.bin_0.confidence_gap,0.0,experiments/latency_1,none
latency_1,latency_steps,run,logistic,test,10,all,1,10,"0.0,1.0,5.0",1,calibration.bin_1.count,0.0,experiments/latency_1,none
latency_1,latency_steps,run,logistic,test,10,all,1,10,"0.0,1.0,5.0",1,calibration.bin_1.mean_confidence,0.15,experiments/latency_1,none
latency_1,latency_steps,run,logistic,test,10,all,1,10,"0.0,1.0,5.0",1,calibration.bin_1.accuracy,0.0,experiments/latency_1,none
latency_1,latency_steps,run,logistic,test,10,all,1,10,"0.0,1.0,5.0",1,calibration.bin_1.confidence_gap,0.0,experiments/latency_1,none
latency_1,latency_steps,run,logistic,test,10,all,1,10,"0.0,1.0,5.0",1,calibration.bin_2.count,0.0,experiments/latency_1,none
latency_1,latency_steps,run,logistic,test,10,all,1,10,"0.0,1.0,5.0",1,calibration.bin_2.mean_confidence,0.25,experiments/latency_1,none
latency_1,latency_steps,run,logistic,test,10,all,1,10,"0.0,1.0,5.0",1,calibration.bin_2.accuracy,0.0,experiments/latency_1,none
latency_1,latency_steps,run,logistic,test,10,all,1,10,"0.0,1.0,5.0",1,calibration.bin_2.confidence_gap,0.0,experiments/latency_1,none
latency_1,latency_steps,run,logistic,test,10,all,1,10,"0.0,1.0,5.0",1,calibration.bin_3.count,496.0,experiments/latency_1,none
latency_1,latency_steps,run,logistic,test,10,all,1,10,"0.0,1.0,5.0",1,calibration.bin_3.mean_confidence,0.378542820211792,experiments/latency_1,none
latency_1,latency_steps,run,logistic,test,10,all,1,10,"0.0,1.0,5.0",1,calibration.bin_3.accuracy,0.3508064516129032,experiments/latency_1,none
latency_1,latency_steps,run,logistic,test,10,all,1,10,"0.0,1.0,5.0",1,calibration.bin_3.confidence_gap,0.0277363685988887,experiments/latency_1,none
latency_1,latency_steps,run,logistic,test,10,all,1,10,"0.0,1.0,5.0",1,calibration.bin_4.count,2501.0,experiments/latency_1,none
latency_1,latency_steps,run,logistic,test,10,all,1,10,"0.0,1.0,5.0",1,calibration.bin_4.mean_confidence,0.4563493231015716,experiments/latency_1,none
latency_1,latency_steps,run,logistic,test,10,all,1,10,"0.0,1.0,5.0",1,calibration.bin_4.accuracy,0.4814074370251899,experiments/latency_1,none
latency_1,latency_steps,run,logistic,test,10,all,1,10,"0.0,1.0,5.0",1,calibration.bin_4.confidence_gap,0.0250581139236182,experiments/latency_1,none
latency_1,latency_steps,run,logistic,test,10,all,1,10,"0.0,1.0,5.0",1,calibration.bin_5.count,3556.0,experiments/latency_1,none
latency_1,latency_steps,run,logistic,test,10,all,1,10,"0.0,1.0,5.0",1,calibration.bin_5.mean_confidence,0.5515976077339129,experiments/latency_1,none
latency_1,latency_steps,run,logistic,test,10,all,1,10,"0.0,1.0,5.0",1,calibration.bin_5.accuracy,0.6105174353205849,experiments/latency_1,none
latency_1,latency_steps,run,logistic,test,10,all,1,10,"0.0,1.0,5.0",1,calibration.bin_5.confidence_gap,0.058919827586672,experiments/latency_1,none
latency_1,latency_steps,run,logistic,test,10,all,1,10,"0.0,1.0,5.0",1,calibration.bin_6.count,2830.0,experiments/latency_1,none
latency_1,latency_steps,run,logistic,test,10,all,1,10,"0.0,1.0,5.0",1,calibration.bin_6.mean_confidence,0.6489150854487953,experiments/latency_1,none
latency_1,latency_steps,run,logistic,test,10,all,1,10,"0.0,1.0,5.0",1,calibration.bin_6.accuracy,0.7098939929328622,experiments/latency_1,none
latency_1,latency_steps,run,logistic,test,10,all,1,10,"0.0,1.0,5.0",1,calibration.bin_6.confidence_gap,0.0609789074840668,experiments/latency_1,none
latency_1,latency_steps,run,logistic,test,10,all,1,10,"0.0,1.0,5.0",1,calibration.bin_7.count,2001.0,experiments/latency_1,none
latency_1,latency_steps,run,logistic,test,10,all,1,10,"0.0,1.0,5.0",1,calibration.bin_7.mean_confidence,0.7431874134563505,experiments/latency_1,none
latency_1,latency_steps,run,logistic,test,10,all,1,10,"0.0,1.0,5.0",1,calibration.bin_7.accuracy,0.7456271864067966,experiments/latency_1,none
latency_1,latency_steps,run,logistic,test,10,all,1,10,"0.0,1.0,5.0",1,calibration.bin_7.confidence_gap,0.002439772950446,experiments/latency_1,none
latency_1,latency_steps,run,logistic,test,10,all,1,10,"0.0,1.0,5.0",1,calibration.bin_8.count,292.0,experiments/latency_1,none
latency_1,latency_steps,run,logistic,test,10,all,1,10,"0.0,1.0,5.0",1,calibration.bin_8.mean_confidence,0.8271102484332379,experiments/latency_1,none
latency_1,latency_steps,run,logistic,test,10,all,1,10,"0.0,1.0,5.0",1,calibration.bin_8.accuracy,0.7808219178082192,experiments/latency_1,none
latency_1,latency_steps,run,logistic,test,10,all,1,10,"0.0,1.0,5.0",1,calibration.bin_8.confidence_gap,0.0462883306250186,experiments/latency_1,none
latency_1,latency_steps,run,logistic,test,10,all,1,10,"0.0,1.0,5.0",1,calibration.bin_9.count,10.0,experiments/latency_1,none
latency_1,latency_steps,run,logistic,test,10,all,1,10,"0.0,1.0,5.0",1,calibration.bin_9.mean_confidence,0.9506969897535475,experiments/latency_1,none
latency_1,latency_steps,run,logistic,test,10,all,1,10,"0.0,1.0,5.0",1,calibration.bin_9.accuracy,0.6,experiments/latency_1,none
latency_1,latency_steps,run,logistic,test,10,all,1,10,"0.0,1.0,5.0",1,calibration.bin_9.confidence_gap,0.3506969897535475,experiments/latency_1,none
latency_1,latency_steps,run,deeplob_style,test,10,all,1,10,"0.0,1.0,5.0",1,calibration.bin_0.count,0.0,experiments/latency_1,none
latency_1,latency_steps,run,deeplob_style,test,10,all,1,10,"0.0,1.0,5.0",1,calibration.bin_0.mean_confidence,0.05,experiments/latency_1,none
latency_1,latency_steps,run,deeplob_style,test,10,all,1,10,"0.0,1.0,5.0",1,calibration.bin_0.accuracy,0.0,experiments/latency_1,none
latency_1,latency_steps,run,deeplob_style,test,10,all,1,10,"0.0,1.0,5.0",1,calibration.bin_0.confidence_gap,0.0,experiments/latency_1,none
latency_1,latency_steps,run,deeplob_style,test,10,all,1,10,"0.0,1.0,5.0",1,calibration.bin_1.count,0.0,experiments/latency_1,none
latency_1,latency_steps,run,deeplob_style,test,10,all,1,10,"0.0,1.0,5.0",1,calibration.bin_1.mean_confidence,0.15,experiments/latency_1,none
latency_1,latency_steps,run,deeplob_style,test,10,all,1,10,"0.0,1.0,5.0",1,calibration.bin_1.accuracy,0.0,experiments/latency_1,none
latency_1,latency_steps,run,deeplob_style,test,10,all,1,10,"0.0,1.0,5.0",1,calibration.bin_1.confidence_gap,0.0,experiments/latency_1,none
latency_1,latency_steps,run,deeplob_style,test,10,all,1,10,"0.0,1.0,5.0",1,calibration.bin_2.count,0.0,experiments/latency_1,none
latency_1,latency_steps,run,deeplob_style,test,10,all,1,10,"0.0,1.0,5.0",1,calibration.bin_2.mean_confidence,0.25,experiments/latency_1,none
latency_1,latency_steps,run,deeplob_style,test,10,all,1,10,"0.0,1.0,5.0",1,calibration.bin_2.accuracy,0.0,experiments/latency_1,none
latency_1,latency_steps,run,deeplob_style,test,10,all,1,10,"0.0,1.0,5.0",1,calibration.bin_2.confidence_gap,0.0,experiments/latency_1,none
latency_1,latency_steps,run,deeplob_style,test,10,all,1,10,"0.0,1.0,5.0",1,calibration.bin_3.count,5738.0,experiments/latency_1,none
latency_1,latency_steps,run,deeplob_style,test,10,all,1,10,"0.0,1.0,5.0",1,calibration.bin_3.mean_confidence,0.3761954318861263,experiments/latency_1,none
latency_1,latency_steps,run,deeplob_style,test,10,all,1,10,"0.0,1.0,5.0",1,calibration.bin_3.accuracy,0.3976995468804462,experiments/latency_1,none
latency_1,latency_steps,run,deeplob_style,test,10,all,1,10,"0.0,1.0,5.0",1,calibration.bin_3.confidence_gap,0.0215041149943198,experiments/latency_1,none
latency_1,latency_steps,run,deeplob_style,test,10,all,1,10,"0.0,1.0,5.0",1,calibration.bin_4.count,3389.0,experiments/latency_1,none
latency_1,latency_steps,run,deeplob_style,test,10,all,1,10,"0.0,1.0,5.0",1,calibration.bin_4.mean_confidence,0.4482917762820247,experiments/latency_1,none
latency_1,latency_steps,run,deeplob_style,test,10,all,1,10,"0.0,1.0,5.0",1,calibration.bin_4.accuracy,0.7043375627028622,experiments/latency_1,none
latency_1,latency_steps,run,deeplob_style,test,10,all,1,10,"0.0,1.0,5.0",1,calibration.bin_4.confidence_gap,0.2560457864208374,experiments/latency_1,none
latency_1,latency_steps,run,deeplob_style,test,10,all,1,10,"0.0,1.0,5.0",1,calibration.bin_5.count,2558.0,experiments/latency_1,none
latency_1,latency_steps,run,deeplob_style,test,10,all,1,10,"0.0,1.0,5.0",1,calibration.bin_5.mean_confidence,0.5315117140002354,experiments/latency_1,none
latency_1,latency_steps,run,deeplob_style,test,10,all,1,10,"0.0,1.0,5.0",1,calibration.bin_5.accuracy,0.7654417513682564,experiments/latency_1,none
latency_1,latency_steps,run,deeplob_style,test,10,all,1,10,"0.0,1.0,5.0",1,calibration.bin_5.confidence_gap,0.2339300373680209,experiments/latency_1,none
latency_1,latency_steps,run,deeplob_style,test,10,all,1,10,"0.0,1.0,5.0",1,calibration.bin_6.count,1.0,experiments/latency_1,none
latency_1,latency_steps,run,deeplob_style,test,10,all,1,10,"0.0,1.0,5.0",1,calibration.bin_6.mean_confidence,0.6095999439477979,experiments/latency_1,none
latency_1,latency_steps,run,deeplob_style,test,10,all,1,10,"0.0,1.0,5.0",1,calibration.bin_6.accuracy,1.0,experiments/latency_1,none
latency_1,latency_steps,run,deeplob_style,test,10,all,1,10,"0.0,1.0,5.0",1,calibration.bin_6.confidence_gap,0.390400056052202,experiments/latency_1,none
latency_1,latency_steps,run,deeplob_style,test,10,all,1,10,"0.0,1.0,5.0",1,calibration.bin_7.count,0.0,experiments/latency_1,none
latency_1,latency_steps,run,deeplob_style,test,10,all,1,10,"0.0,1.0,5.0",1,calibration.bin_7.mean_confidence,0.75,experiments/latency_1,none
latency_1,latency_steps,run,deeplob_style,test,10,all,1,10,"0.0,1.0,5.0",1,calibration.bin_7.accuracy,0.0,experiments/latency_1,none
latency_1,latency_steps,run,deeplob_style,test,10,all,1,10,"0.0,1.0,5.0",1,calibration.bin_7.confidence_gap,0.0,experiments/latency_1,none
latency_1,latency_steps,run,deeplob_style,test,10,all,1,10,"0.0,1.0,5.0",1,calibration.bin_8.count,0.0,experiments/latency_1,none
latency_1,latency_steps,run,deeplob_style,test,10,all,1,10,"0.0,1.0,5.0",1,calibration.bin_8.mean_confidence,0.8500000000000001,experiments/latency_1,none
latency_1,latency_steps,run,deeplob_style,test,10,all,1,10,"0.0,1.0,5.0",1,calibration.bin_8.accuracy,0.0,experiments/latency_1,none
latency_1,latency_steps,run,deeplob_style,test,10,all,1,10,"0.0,1.0,5.0",1,calibration.bin_8.confidence_gap,0.0,experiments/latency_1,none
latency_1,latency_steps,run,deeplob_style,test,10,all,1,10,"0.0,1.0,5.0",1,calibration.bin_9.count,0.0,experiments/latency_1,none
latency_1,latency_steps,run,deeplob_style,test,10,all,1,10,"0.0,1.0,5.0",1,calibration.bin_9.mean_confidence,0.95,experiments/latency_1,none
latency_1,latency_steps,run,deeplob_style,test,10,all,1,10,"0.0,1.0,5.0",1,calibration.bin_9.accuracy,0.0,experiments/latency_1,none
latency_1,latency_steps,run,deeplob_style,test,10,all,1,10,"0.0,1.0,5.0",1,calibration.bin_9.confidence_gap,0.0,experiments/latency_1,none
latency_1,latency_steps,run,majority,test,10,all,1,10,0.0,1,execution.eligible_predictions@confidence_threshold=0,11675.0,experiments/latency_1,none
latency_1,latency_steps,run,majority,test,10,all,1,10,0.0,1,execution.trade_count_proxy@confidence_threshold=0,11675.0,experiments/latency_1,none
latency_1,latency_steps,run,majority,test,10,all,1,10,0.0,1,execution.turnover_proxy@confidence_threshold=0,11675.0,experiments/latency_1,none
latency_1,latency_steps,run,majority,test,10,all,1,10,0.0,1,execution.gross_signal_return_proxy@confidence_threshold=0,-0.4371572762817535,experiments/latency_1,none
latency_1,latency_steps,run,majority,test,10,all,1,10,0.0,1,execution.cost_proxy@confidence_threshold=0,0.0,experiments/latency_1,none
latency_1,latency_steps,run,majority,test,10,all,1,10,0.0,1,execution.net_signal_return_proxy@confidence_threshold=0,-0.4371572762817535,experiments/latency_1,none
latency_1,latency_steps,run,majority,test,10,all,1,10,0.0,1,execution.hit_rate_proxy@confidence_threshold=0,0.6286937901498929,experiments/latency_1,none
latency_1,latency_steps,run,majority,test,10,all,1,10,1.0,1,execution.eligible_predictions@confidence_threshold=0,11675.0,experiments/latency_1,none
latency_1,latency_steps,run,majority,test,10,all,1,10,1.0,1,execution.trade_count_proxy@confidence_threshold=0,11675.0,experiments/latency_1,none
latency_1,latency_steps,run,majority,test,10,all,1,10,1.0,1,execution.turnover_proxy@confidence_threshold=0,11675.0,experiments/latency_1,none
latency_1,latency_steps,run,majority,test,10,all,1,10,1.0,1,execution.gross_signal_return_proxy@confidence_threshold=0,-0.4371572762817535,experiments/latency_1,none
latency_1,latency_steps,run,majority,test,10,all,1,10,1.0,1,execution.cost_proxy@confidence_threshold=0,1.0,experiments/latency_1,none
latency_1,latency_steps,run,majority,test,10,all,1,10,1.0,1,execution.net_signal_return_proxy@confidence_threshold=0,-1.4371572762817535,experiments/latency_1,none
latency_1,latency_steps,run,majority,test,10,all,1,10,1.0,1,execution.hit_rate_proxy@confidence_threshold=0,0.6286937901498929,experiments/latency_1,none
latency_1,latency_steps,run,majority,test,10,all,1,10,5.0,1,execution.eligible_predictions@confidence_threshold=0,11675.0,experiments/latency_1,none
latency_1,latency_steps,run,majority,test,10,all,1,10,5.0,1,execution.trade_count_proxy@confidence_threshold=0,11675.0,experiments/latency_1,none
latency_1,latency_steps,run,majority,test,10,all,1,10,5.0,1,execution.turnover_proxy@confidence_threshold=0,11675.0,experiments/latency_1,none
latency_1,latency_steps,run,majority,test,10,all,1,10,5.0,1,execution.gross_signal_return_proxy@confidence_threshold=0,-0.4371572762817535,experiments/latency_1,none
latency_1,latency_steps,run,majority,test,10,all,1,10,5.0,1,execution.cost_proxy@confidence_threshold=0,5.0,experiments/latency_1,none
latency_1,latency_steps,run,majority,test,10,all,1,10,5.0,1,execution.net_signal_return_proxy@confidence_threshold=0,-5.437157276281754,experiments/latency_1,none
latency_1,latency_steps,run,majority,test,10,all,1,10,5.0,1,execution.hit_rate_proxy@confidence_threshold=0,0.6286937901498929,experiments/latency_1,none
latency_1,latency_steps,run,majority,test,10,all,1,10,0.0,1,execution.eligible_predictions@confidence_threshold=0.5,11675.0,experiments/latency_1,none
latency_1,latency_steps,run,majority,test,10,all,1,10,0.0,1,execution.trade_count_proxy@confidence_threshold=0.5,11675.0,experiments/latency_1,none
latency_1,latency_steps,run,majority,test,10,all,1,10,0.0,1,execution.turnover_proxy@confidence_threshold=0.5,11675.0,experiments/latency_1,none
latency_1,latency_steps,run,majority,test,10,all,1,10,0.0,1,execution.gross_signal_return_proxy@confidence_threshold=0.5,-0.4371572762817535,experiments/latency_1,none
latency_1,latency_steps,run,majority,test,10,all,1,10,0.0,1,execution.cost_proxy@confidence_threshold=0.5,0.0,experiments/latency_1,none
latency_1,latency_steps,run,majority,test,10,all,1,10,0.0,1,execution.net_signal_return_proxy@confidence_threshold=0.5,-0.4371572762817535,experiments/latency_1,none
latency_1,latency_steps,run,majority,test,10,all,1,10,0.0,1,execution.hit_rate_proxy@confidence_threshold=0.5,0.6286937901498929,experiments/latency_1,none
latency_1,latency_steps,run,majority,test,10,all,1,10,1.0,1,execution.eligible_predictions@confidence_threshold=0.5,11675.0,experiments/latency_1,none
latency_1,latency_steps,run,majority,test,10,all,1,10,1.0,1,execution.trade_count_proxy@confidence_threshold=0.5,11675.0,experiments/latency_1,none
latency_1,latency_steps,run,majority,test,10,all,1,10,1.0,1,execution.turnover_proxy@confidence_threshold=0.5,11675.0,experiments/latency_1,none
latency_1,latency_steps,run,majority,test,10,all,1,10,1.0,1,execution.gross_signal_return_proxy@confidence_threshold=0.5,-0.4371572762817535,experiments/latency_1,none
latency_1,latency_steps,run,majority,test,10,all,1,10,1.0,1,execution.cost_proxy@confidence_threshold=0.5,1.0,experiments/latency_1,none
latency_1,latency_steps,run,majority,test,10,all,1,10,1.0,1,execution.net_signal_return_proxy@confidence_threshold=0.5,-1.4371572762817535,experiments/latency_1,none
latency_1,latency_steps,run,majority,test,10,all,1,10,1.0,1,execution.hit_rate_proxy@confidence_threshold=0.5,0.6286937901498929,experiments/latency_1,none
latency_1,latency_steps,run,majority,test,10,all,1,10,5.0,1,execution.eligible_predictions@confidence_threshold=0.5,11675.0,experiments/latency_1,none
latency_1,latency_steps,run,majority,test,10,all,1,10,5.0,1,execution.trade_count_proxy@confidence_threshold=0.5,11675.0,experiments/latency_1,none
latency_1,latency_steps,run,majority,test,10,all,1,10,5.0,1,execution.turnover_proxy@confidence_threshold=0.5,11675.0,experiments/latency_1,none
latency_1,latency_steps,run,majority,test,10,all,1,10,5.0,1,execution.gross_signal_return_proxy@confidence_threshold=0.5,-0.4371572762817535,experiments/latency_1,none
latency_1,latency_steps,run,majority,test,10,all,1,10,5.0,1,execution.cost_proxy@confidence_threshold=0.5,5.0,experiments/latency_1,none
latency_1,latency_steps,run,majority,test,10,all,1,10,5.0,1,execution.net_signal_return_proxy@confidence_threshold=0.5,-5.437157276281754,experiments/latency_1,none
latency_1,latency_steps,run,majority,test,10,all,1,10,5.0,1,execution.hit_rate_proxy@confidence_threshold=0.5,0.6286937901498929,experiments/latency_1,none
latency_1,latency_steps,run,majority,test,10,all,1,10,0.0,1,execution.eligible_predictions@confidence_threshold=0.6,11675.0,experiments/latency_1,none
latency_1,latency_steps,run,majority,test,10,all,1,10,0.0,1,execution.trade_count_proxy@confidence_threshold=0.6,11675.0,experiments/latency_1,none
latency_1,latency_steps,run,majority,test,10,all,1,10,0.0,1,execution.turnover_proxy@confidence_threshold=0.6,11675.0,experiments/latency_1,none
latency_1,latency_steps,run,majority,test,10,all,1,10,0.0,1,execution.gross_signal_return_proxy@confidence_threshold=0.6,-0.4371572762817535,experiments/latency_1,none
latency_1,latency_steps,run,majority,test,10,all,1,10,0.0,1,execution.cost_proxy@confidence_threshold=0.6,0.0,experiments/latency_1,none
latency_1,latency_steps,run,majority,test,10,all,1,10,0.0,1,execution.net_signal_return_proxy@confidence_threshold=0.6,-0.4371572762817535,experiments/latency_1,none
latency_1,latency_steps,run,majority,test,10,all,1,10,0.0,1,execution.hit_rate_proxy@confidence_threshold=0.6,0.6286937901498929,experiments/latency_1,none
latency_1,latency_steps,run,majority,test,10,all,1,10,1.0,1,execution.eligible_predictions@confidence_threshold=0.6,11675.0,experiments/latency_1,none
latency_1,latency_steps,run,majority,test,10,all,1,10,1.0,1,execution.trade_count_proxy@confidence_threshold=0.6,11675.0,experiments/latency_1,none
latency_1,latency_steps,run,majority,test,10,all,1,10,1.0,1,execution.turnover_proxy@confidence_threshold=0.6,11675.0,experiments/latency_1,none
latency_1,latency_steps,run,majority,test,10,all,1,10,1.0,1,execution.gross_signal_return_proxy@confidence_threshold=0.6,-0.4371572762817535,experiments/latency_1,none
latency_1,latency_steps,run,majority,test,10,all,1,10,1.0,1,execution.cost_proxy@confidence_threshold=0.6,1.0,experiments/latency_1,none
latency_1,latency_steps,run,majority,test,10,all,1,10,1.0,1,execution.net_signal_return_proxy@confidence_threshold=0.6,-1.4371572762817535,experiments/latency_1,none
latency_1,latency_steps,run,majority,test,10,all,1,10,1.0,1,execution.hit_rate_proxy@confidence_threshold=0.6,0.6286937901498929,experiments/latency_1,none
latency_1,latency_steps,run,majority,test,10,all,1,10,5.0,1,execution.eligible_predictions@confidence_threshold=0.6,11675.0,experiments/latency_1,none
latency_1,latency_steps,run,majority,test,10,all,1,10,5.0,1,execution.trade_count_proxy@confidence_threshold=0.6,11675.0,experiments/latency_1,none
latency_1,latency_steps,run,majority,test,10,all,1,10,5.0,1,execution.turnover_proxy@confidence_threshold=0.6,11675.0,experiments/latency_1,none
latency_1,latency_steps,run,majority,test,10,all,1,10,5.0,1,execution.gross_signal_return_proxy@confidence_threshold=0.6,-0.4371572762817535,experiments/latency_1,none
latency_1,latency_steps,run,majority,test,10,all,1,10,5.0,1,execution.cost_proxy@confidence_threshold=0.6,5.0,experiments/latency_1,none
latency_1,latency_steps,run,majority,test,10,all,1,10,5.0,1,execution.net_signal_return_proxy@confidence_threshold=0.6,-5.437157276281754,experiments/latency_1,none
latency_1,latency_steps,run,majority,test,10,all,1,10,5.0,1,execution.hit_rate_proxy@confidence_threshold=0.6,0.6286937901498929,experiments/latency_1,none
latency_1,latency_steps,run,majority,test,10,all,1,10,0.0,1,execution.eligible_predictions@confidence_threshold=0.7,0.0,experiments/latency_1,none
latency_1,latency_steps,run,majority,test,10,all,1,10,0.0,1,execution.trade_count_proxy@confidence_threshold=0.7,0.0,experiments/latency_1,none
latency_1,latency_steps,run,majority,test,10,all,1,10,0.0,1,execution.turnover_proxy@confidence_threshold=0.7,0.0,experiments/latency_1,none
latency_1,latency_steps,run,majority,test,10,all,1,10,0.0,1,execution.gross_signal_return_proxy@confidence_threshold=0.7,0.0,experiments/latency_1,none
latency_1,latency_steps,run,majority,test,10,all,1,10,0.0,1,execution.cost_proxy@confidence_threshold=0.7,0.0,experiments/latency_1,none
latency_1,latency_steps,run,majority,test,10,all,1,10,0.0,1,execution.net_signal_return_proxy@confidence_threshold=0.7,0.0,experiments/latency_1,none
latency_1,latency_steps,run,majority,test,10,all,1,10,0.0,1,execution.hit_rate_proxy@confidence_threshold=0.7,0.0,experiments/latency_1,none
latency_1,latency_steps,run,majority,test,10,all,1,10,1.0,1,execution.eligible_predictions@confidence_threshold=0.7,0.0,experiments/latency_1,none
latency_1,latency_steps,run,majority,test,10,all,1,10,1.0,1,execution.trade_count_proxy@confidence_threshold=0.7,0.0,experiments/latency_1,none
latency_1,latency_steps,run,majority,test,10,all,1,10,1.0,1,execution.turnover_proxy@confidence_threshold=0.7,0.0,experiments/latency_1,none
latency_1,latency_steps,run,majority,test,10,all,1,10,1.0,1,execution.gross_signal_return_proxy@confidence_threshold=0.7,0.0,experiments/latency_1,none
latency_1,latency_steps,run,majority,test,10,all,1,10,1.0,1,execution.cost_proxy@confidence_threshold=0.7,0.0,experiments/latency_1,none
latency_1,latency_steps,run,majority,test,10,all,1,10,1.0,1,execution.net_signal_return_proxy@confidence_threshold=0.7,0.0,experiments/latency_1,none
latency_1,latency_steps,run,majority,test,10,all,1,10,1.0,1,execution.hit_rate_proxy@confidence_threshold=0.7,0.0,experiments/latency_1,none
latency_1,latency_steps,run,majority,test,10,all,1,10,5.0,1,execution.eligible_predictions@confidence_threshold=0.7,0.0,experiments/latency_1,none
latency_1,latency_steps,run,majority,test,10,all,1,10,5.0,1,execution.trade_count_proxy@confidence_threshold=0.7,0.0,experiments/latency_1,none
latency_1,latency_steps,run,majority,test,10,all,1,10,5.0,1,execution.turnover_proxy@confidence_threshold=0.7,0.0,experiments/latency_1,none
latency_1,latency_steps,run,majority,test,10,all,1,10,5.0,1,execution.gross_signal_return_proxy@confidence_threshold=0.7,0.0,experiments/latency_1,none
latency_1,latency_steps,run,majority,test,10,all,1,10,5.0,1,execution.cost_proxy@confidence_threshold=0.7,0.0,experiments/latency_1,none
latency_1,latency_steps,run,majority,test,10,all,1,10,5.0,1,execution.net_signal_return_proxy@confidence_threshold=0.7,0.0,experiments/latency_1,none
latency_1,latency_steps,run,majority,test,10,all,1,10,5.0,1,execution.hit_rate_proxy@confidence_threshold=0.7,0.0,experiments/latency_1,none
latency_1,latency_steps,run,logistic,test,10,all,1,10,0.0,1,execution.eligible_predictions@confidence_threshold=0,11675.0,experiments/latency_1,none
latency_1,latency_steps,run,logistic,test,10,all,1,10,0.0,1,execution.trade_count_proxy@confidence_threshold=0,10844.0,experiments/latency_1,none
latency_1,latency_steps,run,logistic,test,10,all,1,10,0.0,1,execution.turnover_proxy@confidence_threshold=0,10844.0,experiments/latency_1,none
latency_1,latency_steps,run,logistic,test,10,all,1,10,0.0,1,execution.gross_signal_return_proxy@confidence_threshold=0,-0.5429624925499515,experiments/latency_1,none
latency_1,latency_steps,run,logistic,test,10,all,1,10,0.0,1,execution.cost_proxy@confidence_threshold=0,0.0,experiments/latency_1,none
latency_1,latency_steps,run,logistic,test,10,all,1,10,0.0,1,execution.net_signal_return_proxy@confidence_threshold=0,-0.5429624925499515,experiments/latency_1,none
latency_1,latency_steps,run,logistic,test,10,all,1,10,0.0,1,execution.hit_rate_proxy@confidence_threshold=0,0.6233832976445396,experiments/latency_1,none
latency_1,latency_steps,run,logistic,test,10,all,1,10,1.0,1,execution.eligible_predictions@confidence_threshold=0,11675.0,experiments/latency_1,none
latency_1,latency_steps,run,logistic,test,10,all,1,10,1.0,1,execution.trade_count_proxy@confidence_threshold=0,10844.0,experiments/latency_1,none
latency_1,latency_steps,run,logistic,test,10,all,1,10,1.0,1,execution.turnover_proxy@confidence_threshold=0,10844.0,experiments/latency_1,none
latency_1,latency_steps,run,logistic,test,10,all,1,10,1.0,1,execution.gross_signal_return_proxy@confidence_threshold=0,-0.5429624925499515,experiments/latency_1,none
latency_1,latency_steps,run,logistic,test,10,all,1,10,1.0,1,execution.cost_proxy@confidence_threshold=0,1.0,experiments/latency_1,none
latency_1,latency_steps,run,logistic,test,10,all,1,10,1.0,1,execution.net_signal_return_proxy@confidence_threshold=0,-1.5429624925499517,experiments/latency_1,none
latency_1,latency_steps,run,logistic,test,10,all,1,10,1.0,1,execution.hit_rate_proxy@confidence_threshold=0,0.6233832976445396,experiments/latency_1,none
latency_1,latency_steps,run,logistic,test,10,all,1,10,5.0,1,execution.eligible_predictions@confidence_threshold=0,11675.0,experiments/latency_1,none
latency_1,latency_steps,run,logistic,test,10,all,1,10,5.0,1,execution.trade_count_proxy@confidence_threshold=0,10844.0,experiments/latency_1,none
latency_1,latency_steps,run,logistic,test,10,all,1,10,5.0,1,execution.turnover_proxy@confidence_threshold=0,10844.0,experiments/latency_1,none
latency_1,latency_steps,run,logistic,test,10,all,1,10,5.0,1,execution.gross_signal_return_proxy@confidence_threshold=0,-0.5429624925499515,experiments/latency_1,none
latency_1,latency_steps,run,logistic,test,10,all,1,10,5.0,1,execution.cost_proxy@confidence_threshold=0,5.0,experiments/latency_1,none
latency_1,latency_steps,run,logistic,test,10,all,1,10,5.0,1,execution.net_signal_return_proxy@confidence_threshold=0,-5.542962492549951,experiments/latency_1,none
latency_1,latency_steps,run,logistic,test,10,all,1,10,5.0,1,execution.hit_rate_proxy@confidence_threshold=0,0.6233832976445396,experiments/latency_1,none
latency_1,latency_steps,run,logistic,test,10,all,1,10,0.0,1,execution.eligible_predictions@confidence_threshold=0.5,8678.0,experiments/latency_1,none
latency_1,latency_steps,run,logistic,test,10,all,1,10,0.0,1,execution.trade_count_proxy@confidence_threshold=0.5,8417.0,experiments/latency_1,none
latency_1,latency_steps,run,logistic,test,10,all,1,10,0.0,1,execution.turnover_proxy@confidence_threshold=0.5,8417.0,experiments/latency_1,none
latency_1,latency_steps,run,logistic,test,10,all,1,10,0.0,1,execution.gross_signal_return_proxy@confidence_threshold=0.5,-0.6599003627353778,experiments/latency_1,none
latency_1,latency_steps,run,logistic,test,10,all,1,10,0.0,1,execution.cost_proxy@confidence_threshold=0.5,0.0,experiments/latency_1,none
latency_1,latency_steps,run,logistic,test,10,all,1,10,0.0,1,execution.net_signal_return_proxy@confidence_threshold=0.5,-0.6599003627353778,experiments/latency_1,none
latency_1,latency_steps,run,logistic,test,10,all,1,10,0.0,1,execution.hit_rate_proxy@confidence_threshold=0.5,0.6798801567181378,experiments/latency_1,none
latency_1,latency_steps,run,logistic,test,10,all,1,10,1.0,1,execution.eligible_predictions@confidence_threshold=0.5,8678.0,experiments/latency_1,none
latency_1,latency_steps,run,logistic,test,10,all,1,10,1.0,1,execution.trade_count_proxy@confidence_threshold=0.5,8417.0,experiments/latency_1,none
latency_1,latency_steps,run,logistic,test,10,all,1,10,1.0,1,execution.turnover_proxy@confidence_threshold=0.5,8417.0,experiments/latency_1,none
latency_1,latency_steps,run,logistic,test,10,all,1,10,1.0,1,execution.gross_signal_return_proxy@confidence_threshold=0.5,-0.6599003627353778,experiments/latency_1,none
latency_1,latency_steps,run,logistic,test,10,all,1,10,1.0,1,execution.cost_proxy@confidence_threshold=0.5,1.0,experiments/latency_1,none
latency_1,latency_steps,run,logistic,test,10,all,1,10,1.0,1,execution.net_signal_return_proxy@confidence_threshold=0.5,-1.6599003627353777,experiments/latency_1,none
latency_1,latency_steps,run,logistic,test,10,all,1,10,1.0,1,execution.hit_rate_proxy@confidence_threshold=0.5,0.6798801567181378,experiments/latency_1,none
latency_1,latency_steps,run,logistic,test,10,all,1,10,5.0,1,execution.eligible_predictions@confidence_threshold=0.5,8678.0,experiments/latency_1,none
latency_1,latency_steps,run,logistic,test,10,all,1,10,5.0,1,execution.trade_count_proxy@confidence_threshold=0.5,8417.0,experiments/latency_1,none
latency_1,latency_steps,run,logistic,test,10,all,1,10,5.0,1,execution.turnover_proxy@confidence_threshold=0.5,8417.0,experiments/latency_1,none
latency_1,latency_steps,run,logistic,test,10,all,1,10,5.0,1,execution.gross_signal_return_proxy@confidence_threshold=0.5,-0.6599003627353778,experiments/latency_1,none
latency_1,latency_steps,run,logistic,test,10,all,1,10,5.0,1,execution.cost_proxy@confidence_threshold=0.5,5.0,experiments/latency_1,none
latency_1,latency_steps,run,logistic,test,10,all,1,10,5.0,1,execution.net_signal_return_proxy@confidence_threshold=0.5,-5.659900362735378,experiments/latency_1,none
latency_1,latency_steps,run,logistic,test,10,all,1,10,5.0,1,execution.hit_rate_proxy@confidence_threshold=0.5,0.6798801567181378,experiments/latency_1,none
latency_1,latency_steps,run,logistic,test,10,all,1,10,0.0,1,execution.eligible_predictions@confidence_threshold=0.6,5127.0,experiments/latency_1,none
latency_1,latency_steps,run,logistic,test,10,all,1,10,0.0,1,execution.trade_count_proxy@confidence_threshold=0.6,5018.0,experiments/latency_1,none
latency_1,latency_steps,run,logistic,test,10,all,1,10,0.0,1,execution.turnover_proxy@confidence_threshold=0.6,5018.0,experiments/latency_1,none
latency_1,latency_steps,run,logistic,test,10,all,1,10,0.0,1,execution.gross_signal_return_proxy@confidence_threshold=0.6,-0.9282721406569864,experiments/latency_1,none
latency_1,latency_steps,run,logistic,test,10,all,1,10,0.0,1,execution.cost_proxy@confidence_threshold=0.6,0.0,experiments/latency_1,none
latency_1,latency_steps,run,logistic,test,10,all,1,10,0.0,1,execution.net_signal_return_proxy@confidence_threshold=0.6,-0.9282721406569864,experiments/latency_1,none
latency_1,latency_steps,run,logistic,test,10,all,1,10,0.0,1,execution.hit_rate_proxy@confidence_threshold=0.6,0.7275209674273454,experiments/latency_1,none
latency_1,latency_steps,run,logistic,test,10,all,1,10,1.0,1,execution.eligible_predictions@confidence_threshold=0.6,5127.0,experiments/latency_1,none
latency_1,latency_steps,run,logistic,test,10,all,1,10,1.0,1,execution.trade_count_proxy@confidence_threshold=0.6,5018.0,experiments/latency_1,none
latency_1,latency_steps,run,logistic,test,10,all,1,10,1.0,1,execution.turnover_proxy@confidence_threshold=0.6,5018.0,experiments/latency_1,none
latency_1,latency_steps,run,logistic,test,10,all,1,10,1.0,1,execution.gross_signal_return_proxy@confidence_threshold=0.6,-0.9282721406569864,experiments/latency_1,none
latency_1,latency_steps,run,logistic,test,10,all,1,10,1.0,1,execution.cost_proxy@confidence_threshold=0.6,1.0,experiments/latency_1,none
latency_1,latency_steps,run,logistic,test,10,all,1,10,1.0,1,execution.net_signal_return_proxy@confidence_threshold=0.6,-1.9282721406569865,experiments/latency_1,none
latency_1,latency_steps,run,logistic,test,10,all,1,10,1.0,1,execution.hit_rate_proxy@confidence_threshold=0.6,0.7275209674273454,experiments/latency_1,none
latency_1,latency_steps,run,logistic,test,10,all,1,10,5.0,1,execution.eligible_predictions@confidence_threshold=0.6,5127.0,experiments/latency_1,none
latency_1,latency_steps,run,logistic,test,10,all,1,10,5.0,1,execution.trade_count_proxy@confidence_threshold=0.6,5018.0,experiments/latency_1,none
latency_1,latency_steps,run,logistic,test,10,all,1,10,5.0,1,execution.turnover_proxy@confidence_threshold=0.6,5018.0,experiments/latency_1,none
latency_1,latency_steps,run,logistic,test,10,all,1,10,5.0,1,execution.gross_signal_return_proxy@confidence_threshold=0.6,-0.9282721406569864,experiments/latency_1,none
latency_1,latency_steps,run,logistic,test,10,all,1,10,5.0,1,execution.cost_proxy@confidence_threshold=0.6,5.0,experiments/latency_1,none
latency_1,latency_steps,run,logistic,test,10,all,1,10,5.0,1,execution.net_signal_return_proxy@confidence_threshold=0.6,-5.928272140656986,experiments/latency_1,none
latency_1,latency_steps,run,logistic,test,10,all,1,10,5.0,1,execution.hit_rate_proxy@confidence_threshold=0.6,0.7275209674273454,experiments/latency_1,none
latency_1,latency_steps,run,logistic,test,10,all,1,10,0.0,1,execution.eligible_predictions@confidence_threshold=0.7,2300.0,experiments/latency_1,none
latency_1,latency_steps,run,logistic,test,10,all,1,10,0.0,1,execution.trade_count_proxy@confidence_threshold=0.7,2251.0,experiments/latency_1,none
latency_1,latency_steps,run,logistic,test,10,all,1,10,0.0,1,execution.turnover_proxy@confidence_threshold=0.7,2251.0,experiments/latency_1,none
latency_1,latency_steps,run,logistic,test,10,all,1,10,0.0,1,execution.gross_signal_return_proxy@confidence_threshold=0.7,-1.4349465149613283,experiments/latency_1,none
latency_1,latency_steps,run,logistic,test,10,all,1,10,0.0,1,execution.cost_proxy@confidence_threshold=0.7,0.0,experiments/latency_1,none
latency_1,latency_steps,run,logistic,test,10,all,1,10,0.0,1,execution.net_signal_return_proxy@confidence_threshold=0.7,-1.4349465149613283,experiments/latency_1,none
latency_1,latency_steps,run,logistic,test,10,all,1,10,0.0,1,execution.hit_rate_proxy@confidence_threshold=0.7,0.7495652173913043,experiments/latency_1,none
latency_1,latency_steps,run,logistic,test,10,all,1,10,1.0,1,execution.eligible_predictions@confidence_threshold=0.7,2300.0,experiments/latency_1,none
latency_1,latency_steps,run,logistic,test,10,all,1,10,1.0,1,execution.trade_count_proxy@confidence_threshold=0.7,2251.0,experiments/latency_1,none
latency_1,latency_steps,run,logistic,test,10,all,1,10,1.0,1,execution.turnover_proxy@confidence_threshold=0.7,2251.0,experiments/latency_1,none
latency_1,latency_steps,run,logistic,test,10,all,1,10,1.0,1,execution.gross_signal_return_proxy@confidence_threshold=0.7,-1.4349465149613283,experiments/latency_1,none
latency_1,latency_steps,run,logistic,test,10,all,1,10,1.0,1,execution.cost_proxy@confidence_threshold=0.7,1.0,experiments/latency_1,none
latency_1,latency_steps,run,logistic,test,10,all,1,10,1.0,1,execution.net_signal_return_proxy@confidence_threshold=0.7,-2.4349465149613287,experiments/latency_1,none
latency_1,latency_steps,run,logistic,test,10,all,1,10,1.0,1,execution.hit_rate_proxy@confidence_threshold=0.7,0.7495652173913043,experiments/latency_1,none
latency_1,latency_steps,run,logistic,test,10,all,1,10,5.0,1,execution.eligible_predictions@confidence_threshold=0.7,2300.0,experiments/latency_1,none
latency_1,latency_steps,run,logistic,test,10,all,1,10,5.0,1,execution.trade_count_proxy@confidence_threshold=0.7,2251.0,experiments/latency_1,none
latency_1,latency_steps,run,logistic,test,10,all,1,10,5.0,1,execution.turnover_proxy@confidence_threshold=0.7,2251.0,experiments/latency_1,none
latency_1,latency_steps,run,logistic,test,10,all,1,10,5.0,1,execution.gross_signal_return_proxy@confidence_threshold=0.7,-1.4349465149613283,experiments/latency_1,none
latency_1,latency_steps,run,logistic,test,10,all,1,10,5.0,1,execution.cost_proxy@confidence_threshold=0.7,5.0,experiments/latency_1,none
latency_1,latency_steps,run,logistic,test,10,all,1,10,5.0,1,execution.net_signal_return_proxy@confidence_threshold=0.7,-6.434946514961329,experiments/latency_1,none
latency_1,latency_steps,run,logistic,test,10,all,1,10,5.0,1,execution.hit_rate_proxy@confidence_threshold=0.7,0.7495652173913043,experiments/latency_1,none
latency_1,latency_steps,run,deeplob_style,test,10,all,1,10,0.0,1,execution.eligible_predictions@confidence_threshold=0,11675.0,experiments/latency_1,none
latency_1,latency_steps,run,deeplob_style,test,10,all,1,10,0.0,1,execution.trade_count_proxy@confidence_threshold=0,11675.0,experiments/latency_1,none
latency_1,latency_steps,run,deeplob_style,test,10,all,1,10,0.0,1,execution.turnover_proxy@confidence_threshold=0,11675.0,experiments/latency_1,none
latency_1,latency_steps,run,deeplob_style,test,10,all,1,10,0.0,1,execution.gross_signal_return_proxy@confidence_threshold=0,-0.4546012996459557,experiments/latency_1,none
latency_1,latency_steps,run,deeplob_style,test,10,all,1,10,0.0,1,execution.cost_proxy@confidence_threshold=0,0.0,experiments/latency_1,none
latency_1,latency_steps,run,deeplob_style,test,10,all,1,10,0.0,1,execution.net_signal_return_proxy@confidence_threshold=0,-0.4546012996459557,experiments/latency_1,none
latency_1,latency_steps,run,deeplob_style,test,10,all,1,10,0.0,1,execution.hit_rate_proxy@confidence_threshold=0,0.5671948608137045,experiments/latency_1,none
latency_1,latency_steps,run,deeplob_style,test,10,all,1,10,1.0,1,execution.eligible_predictions@confidence_threshold=0,11675.0,experiments/latency_1,none
latency_1,latency_steps,run,deeplob_style,test,10,all,1,10,1.0,1,execution.trade_count_proxy@confidence_threshold=0,11675.0,experiments/latency_1,none
latency_1,latency_steps,run,deeplob_style,test,10,all,1,10,1.0,1,execution.turnover_proxy@confidence_threshold=0,11675.0,experiments/latency_1,none
latency_1,latency_steps,run,deeplob_style,test,10,all,1,10,1.0,1,execution.gross_signal_return_proxy@confidence_threshold=0,-0.4546012996459557,experiments/latency_1,none
latency_1,latency_steps,run,deeplob_style,test,10,all,1,10,1.0,1,execution.cost_proxy@confidence_threshold=0,1.0,experiments/latency_1,none
latency_1,latency_steps,run,deeplob_style,test,10,all,1,10,1.0,1,execution.net_signal_return_proxy@confidence_threshold=0,-1.4546012996459556,experiments/latency_1,none
latency_1,latency_steps,run,deeplob_style,test,10,all,1,10,1.0,1,execution.hit_rate_proxy@confidence_threshold=0,0.5671948608137045,experiments/latency_1,none
latency_1,latency_steps,run,deeplob_style,test,10,all,1,10,5.0,1,execution.eligible_predictions@confidence_threshold=0,11675.0,experiments/latency_1,none
latency_1,latency_steps,run,deeplob_style,test,10,all,1,10,5.0,1,execution.trade_count_proxy@confidence_threshold=0,11675.0,experiments/latency_1,none
latency_1,latency_steps,run,deeplob_style,test,10,all,1,10,5.0,1,execution.turnover_proxy@confidence_threshold=0,11675.0,experiments/latency_1,none
latency_1,latency_steps,run,deeplob_style,test,10,all,1,10,5.0,1,execution.gross_signal_return_proxy@confidence_threshold=0,-0.4546012996459557,experiments/latency_1,none
latency_1,latency_steps,run,deeplob_style,test,10,all,1,10,5.0,1,execution.cost_proxy@confidence_threshold=0,5.0,experiments/latency_1,none
latency_1,latency_steps,run,deeplob_style,test,10,all,1,10,5.0,1,execution.net_signal_return_proxy@confidence_threshold=0,-5.454601299645955,experiments/latency_1,none
latency_1,latency_steps,run,deeplob_style,test,10,all,1,10,5.0,1,execution.hit_rate_proxy@confidence_threshold=0,0.5671948608137045,experiments/latency_1,none
latency_1,latency_steps,run,deeplob_style,test,10,all,1,10,0.0,1,execution.eligible_predictions@confidence_threshold=0.5,2555.0,experiments/latency_1,none
latency_1,latency_steps,run,deeplob_style,test,10,all,1,10,0.0,1,execution.trade_count_proxy@confidence_threshold=0.5,2555.0,experiments/latency_1,none
latency_1,latency_steps,run,deeplob_style,test,10,all,1,10,0.0,1,execution.turnover_proxy@confidence_threshold=0.5,2555.0,experiments/latency_1,none
latency_1,latency_steps,run,deeplob_style,test,10,all,1,10,0.0,1,execution.gross_signal_return_proxy@confidence_threshold=0.5,-1.0713719012640048,experiments/latency_1,none
latency_1,latency_steps,run,deeplob_style,test,10,all,1,10,0.0,1,execution.cost_proxy@confidence_threshold=0.5,0.0,experiments/latency_1,none
latency_1,latency_steps,run,deeplob_style,test,10,all,1,10,0.0,1,execution.net_signal_return_proxy@confidence_threshold=0.5,-1.0713719012640048,experiments/latency_1,none
latency_1,latency_steps,run,deeplob_style,test,10,all,1,10,0.0,1,execution.hit_rate_proxy@confidence_threshold=0.5,0.7655577299412916,experiments/latency_1,none
latency_1,latency_steps,run,deeplob_style,test,10,all,1,10,1.0,1,execution.eligible_predictions@confidence_threshold=0.5,2555.0,experiments/latency_1,none
latency_1,latency_steps,run,deeplob_style,test,10,all,1,10,1.0,1,execution.trade_count_proxy@confidence_threshold=0.5,2555.0,experiments/latency_1,none
latency_1,latency_steps,run,deeplob_style,test,10,all,1,10,1.0,1,execution.turnover_proxy@confidence_threshold=0.5,2555.0,experiments/latency_1,none
latency_1,latency_steps,run,deeplob_style,test,10,all,1,10,1.0,1,execution.gross_signal_return_proxy@confidence_threshold=0.5,-1.0713719012640048,experiments/latency_1,none
latency_1,latency_steps,run,deeplob_style,test,10,all,1,10,1.0,1,execution.cost_proxy@confidence_threshold=0.5,1.0,experiments/latency_1,none
latency_1,latency_steps,run,deeplob_style,test,10,all,1,10,1.0,1,execution.net_signal_return_proxy@confidence_threshold=0.5,-2.071371901264005,experiments/latency_1,none
latency_1,latency_steps,run,deeplob_style,test,10,all,1,10,1.0,1,execution.hit_rate_proxy@confidence_threshold=0.5,0.7655577299412916,experiments/latency_1,none
latency_1,latency_steps,run,deeplob_style,test,10,all,1,10,5.0,1,execution.eligible_predictions@confidence_threshold=0.5,2555.0,experiments/latency_1,none
latency_1,latency_steps,run,deeplob_style,test,10,all,1,10,5.0,1,execution.trade_count_proxy@confidence_threshold=0.5,2555.0,experiments/latency_1,none
latency_1,latency_steps,run,deeplob_style,test,10,all,1,10,5.0,1,execution.turnover_proxy@confidence_threshold=0.5,2555.0,experiments/latency_1,none
latency_1,latency_steps,run,deeplob_style,test,10,all,1,10,5.0,1,execution.gross_signal_return_proxy@confidence_threshold=0.5,-1.0713719012640048,experiments/latency_1,none
latency_1,latency_steps,run,deeplob_style,test,10,all,1,10,5.0,1,execution.cost_proxy@confidence_threshold=0.5,5.0,experiments/latency_1,none
latency_1,latency_steps,run,deeplob_style,test,10,all,1,10,5.0,1,execution.net_signal_return_proxy@confidence_threshold=0.5,-6.071371901264005,experiments/latency_1,none
latency_1,latency_steps,run,deeplob_style,test,10,all,1,10,5.0,1,execution.hit_rate_proxy@confidence_threshold=0.5,0.7655577299412916,experiments/latency_1,none
latency_1,latency_steps,run,deeplob_style,test,10,all,1,10,0.0,1,execution.eligible_predictions@confidence_threshold=0.6,1.0,experiments/latency_1,none
latency_1,latency_steps,run,deeplob_style,test,10,all,1,10,0.0,1,execution.trade_count_proxy@confidence_threshold=0.6,1.0,experiments/latency_1,none
latency_1,latency_steps,run,deeplob_style,test,10,all,1,10,0.0,1,execution.turnover_proxy@confidence_threshold=0.6,1.0,experiments/latency_1,none
latency_1,latency_steps,run,deeplob_style,test,10,all,1,10,0.0,1,execution.gross_signal_return_proxy@confidence_threshold=0.6,-19.584799041099156,experiments/latency_1,none
latency_1,latency_steps,run,deeplob_style,test,10,all,1,10,0.0,1,execution.cost_proxy@confidence_threshold=0.6,0.0,experiments/latency_1,none
latency_1,latency_steps,run,deeplob_style,test,10,all,1,10,0.0,1,execution.net_signal_return_proxy@confidence_threshold=0.6,-19.584799041099156,experiments/latency_1,none
latency_1,latency_steps,run,deeplob_style,test,10,all,1,10,0.0,1,execution.hit_rate_proxy@confidence_threshold=0.6,1.0,experiments/latency_1,none
latency_1,latency_steps,run,deeplob_style,test,10,all,1,10,1.0,1,execution.eligible_predictions@confidence_threshold=0.6,1.0,experiments/latency_1,none
latency_1,latency_steps,run,deeplob_style,test,10,all,1,10,1.0,1,execution.trade_count_proxy@confidence_threshold=0.6,1.0,experiments/latency_1,none
latency_1,latency_steps,run,deeplob_style,test,10,all,1,10,1.0,1,execution.turnover_proxy@confidence_threshold=0.6,1.0,experiments/latency_1,none
latency_1,latency_steps,run,deeplob_style,test,10,all,1,10,1.0,1,execution.gross_signal_return_proxy@confidence_threshold=0.6,-19.584799041099156,experiments/latency_1,none
latency_1,latency_steps,run,deeplob_style,test,10,all,1,10,1.0,1,execution.cost_proxy@confidence_threshold=0.6,1.0,experiments/latency_1,none
latency_1,latency_steps,run,deeplob_style,test,10,all,1,10,1.0,1,execution.net_signal_return_proxy@confidence_threshold=0.6,-20.584799041099156,experiments/latency_1,none
latency_1,latency_steps,run,deeplob_style,test,10,all,1,10,1.0,1,execution.hit_rate_proxy@confidence_threshold=0.6,1.0,experiments/latency_1,none
latency_1,latency_steps,run,deeplob_style,test,10,all,1,10,5.0,1,execution.eligible_predictions@confidence_threshold=0.6,1.0,experiments/latency_1,none
latency_1,latency_steps,run,deeplob_style,test,10,all,1,10,5.0,1,execution.trade_count_proxy@confidence_threshold=0.6,1.0,experiments/latency_1,none
latency_1,latency_steps,run,deeplob_style,test,10,all,1,10,5.0,1,execution.turnover_proxy@confidence_threshold=0.6,1.0,experiments/latency_1,none
latency_1,latency_steps,run,deeplob_style,test,10,all,1,10,5.0,1,execution.gross_signal_return_proxy@confidence_threshold=0.6,-19.584799041099156,experiments/latency_1,none
latency_1,latency_steps,run,deeplob_style,test,10,all,1,10,5.0,1,execution.cost_proxy@confidence_threshold=0.6,5.0,experiments/latency_1,none
latency_1,latency_steps,run,deeplob_style,test,10,all,1,10,5.0,1,execution.net_signal_return_proxy@confidence_threshold=0.6,-24.584799041099156,experiments/latency_1,none
latency_1,latency_steps,run,deeplob_style,test,10,all,1,10,5.0,1,execution.hit_rate_proxy@confidence_threshold=0.6,1.0,experiments/latency_1,none
latency_1,latency_steps,run,deeplob_style,test,10,all,1,10,0.0,1,execution.eligible_predictions@confidence_threshold=0.7,0.0,experiments/latency_1,none
latency_1,latency_steps,run,deeplob_style,test,10,all,1,10,0.0,1,execution.trade_count_proxy@confidence_threshold=0.7,0.0,experiments/latency_1,none
latency_1,latency_steps,run,deeplob_style,test,10,all,1,10,0.0,1,execution.turnover_proxy@confidence_threshold=0.7,0.0,experiments/latency_1,none
latency_1,latency_steps,run,deeplob_style,test,10,all,1,10,0.0,1,execution.gross_signal_return_proxy@confidence_threshold=0.7,0.0,experiments/latency_1,none
latency_1,latency_steps,run,deeplob_style,test,10,all,1,10,0.0,1,execution.cost_proxy@confidence_threshold=0.7,0.0,experiments/latency_1,none
latency_1,latency_steps,run,deeplob_style,test,10,all,1,10,0.0,1,execution.net_signal_return_proxy@confidence_threshold=0.7,0.0,experiments/latency_1,none
latency_1,latency_steps,run,deeplob_style,test,10,all,1,10,0.0,1,execution.hit_rate_proxy@confidence_threshold=0.7,0.0,experiments/latency_1,none
latency_1,latency_steps,run,deeplob_style,test,10,all,1,10,1.0,1,execution.eligible_predictions@confidence_threshold=0.7,0.0,experiments/latency_1,none
latency_1,latency_steps,run,deeplob_style,test,10,all,1,10,1.0,1,execution.trade_count_proxy@confidence_threshold=0.7,0.0,experiments/latency_1,none
latency_1,latency_steps,run,deeplob_style,test,10,all,1,10,1.0,1,execution.turnover_proxy@confidence_threshold=0.7,0.0,experiments/latency_1,none
latency_1,latency_steps,run,deeplob_style,test,10,all,1,10,1.0,1,execution.gross_signal_return_proxy@confidence_threshold=0.7,0.0,experiments/latency_1,none
latency_1,latency_steps,run,deeplob_style,test,10,all,1,10,1.0,1,execution.cost_proxy@confidence_threshold=0.7,0.0,experiments/latency_1,none
latency_1,latency_steps,run,deeplob_style,test,10,all,1,10,1.0,1,execution.net_signal_return_proxy@confidence_threshold=0.7,0.0,experiments/latency_1,none
latency_1,latency_steps,run,deeplob_style,test,10,all,1,10,1.0,1,execution.hit_rate_proxy@confidence_threshold=0.7,0.0,experiments/latency_1,none
latency_1,latency_steps,run,deeplob_style,test,10,all,1,10,5.0,1,execution.eligible_predictions@confidence_threshold=0.7,0.0,experiments/latency_1,none
latency_1,latency_steps,run,deeplob_style,test,10,all,1,10,5.0,1,execution.trade_count_proxy@confidence_threshold=0.7,0.0,experiments/latency_1,none
latency_1,latency_steps,run,deeplob_style,test,10,all,1,10,5.0,1,execution.turnover_proxy@confidence_threshold=0.7,0.0,experiments/latency_1,none
latency_1,latency_steps,run,deeplob_style,test,10,all,1,10,5.0,1,execution.gross_signal_return_proxy@confidence_threshold=0.7,0.0,experiments/latency_1,none
latency_1,latency_steps,run,deeplob_style,test,10,all,1,10,5.0,1,execution.cost_proxy@confidence_threshold=0.7,0.0,experiments/latency_1,none
latency_1,latency_steps,run,deeplob_style,test,10,all,1,10,5.0,1,execution.net_signal_return_proxy@confidence_threshold=0.7,0.0,experiments/latency_1,none
latency_1,latency_steps,run,deeplob_style,test,10,all,1,10,5.0,1,execution.hit_rate_proxy@confidence_threshold=0.7,0.0,experiments/latency_1,none
horizon_50,horizon,run,majority,test,50,all,1,10,"0.0,1.0,5.0",0,accuracy,0.3524730446688345,experiments/horizon_50,none
horizon_50,horizon,run,majority,test,50,all,1,10,"0.0,1.0,5.0",0,macro_f1,0.1737424865548877,experiments/horizon_50,none
horizon_50,horizon,run,majority,test,50,all,1,10,"0.0,1.0,5.0",0,weighted_f1,0.18371862967300592,experiments/horizon_50,none
horizon_50,horizon,run,majority,test,50,all,1,10,"0.0,1.0,5.0",0,matthews_corrcoef,0.0,experiments/horizon_50,none
horizon_50,horizon,run,majority,test,50,all,1,10,"0.0,1.0,5.0",0,balanced_accuracy,0.3333333333333333,experiments/horizon_50,none
horizon_50,horizon,run,majority,test,50,all,1,10,"0.0,1.0,5.0",0,log_loss,1.099104874205195,experiments/horizon_50,none
horizon_50,horizon,run,majority,test,50,all,1,10,"0.0,1.0,5.0",0,n_samples,11686.0,experiments/horizon_50,none
horizon_50,horizon,run,majority,test,50,all,1,10,"0.0,1.0,5.0",0,class_count_train,3.0,experiments/horizon_50,none
horizon_50,horizon,run,majority,test,50,all,1,10,"0.0,1.0,5.0",0,class_count_test,3.0,experiments/horizon_50,none
horizon_50,horizon,run,majority,test,50,all,1,10,"0.0,1.0,5.0",0,brier_score,0.6669647744448555,experiments/horizon_50,none
horizon_50,horizon,run,majority,test,50,all,1,10,"0.0,1.0,5.0",0,mean_confidence,0.3525377732140237,experiments/horizon_50,none
horizon_50,horizon,run,majority,test,50,all,1,10,"0.0,1.0,5.0",0,expected_calibration_error,6.472854518918547e-05,experiments/horizon_50,none
horizon_50,horizon,run,logistic,test,50,all,1,10,"0.0,1.0,5.0",0,accuracy,0.451651548861886,experiments/horizon_50,none
horizon_50,horizon,run,logistic,test,50,all,1,10,"0.0,1.0,5.0",0,macro_f1,0.45069502617962587,experiments/horizon_50,none
horizon_50,horizon,run,logistic,test,50,all,1,10,"0.0,1.0,5.0",0,weighted_f1,0.4491654305737226,experiments/horizon_50,none
horizon_50,horizon,run,logistic,test,50,all,1,10,"0.0,1.0,5.0",0,matthews_corrcoef,0.18824441009738715,experiments/horizon_50,none
horizon_50,horizon,run,logistic,test,50,all,1,10,"0.0,1.0,5.0",0,balanced_accuracy,0.4595839439837854,experiments/horizon_50,none
horizon_50,horizon,run,logistic,test,50,all,1,10,"0.0,1.0,5.0",0,log_loss,1.0638802227084572,experiments/horizon_50,none
horizon_50,horizon,run,logistic,test,50,all,1,10,"0.0,1.0,5.0",0,n_samples,11686.0,experiments/horizon_50,none
horizon_50,horizon,run,logistic,test,50,all,1,10,"0.0,1.0,5.0",0,class_count_train,3.0,experiments/horizon_50,none
horizon_50,horizon,run,logistic,test,50,all,1,10,"0.0,1.0,5.0",0,class_count_test,3.0,experiments/horizon_50,none
horizon_50,horizon,run,logistic,test,50,all,1,10,"0.0,1.0,5.0",0,brier_score,0.640472545574419,experiments/horizon_50,none
horizon_50,horizon,run,logistic,test,50,all,1,10,"0.0,1.0,5.0",0,mean_confidence,0.46317091099735885,experiments/horizon_50,none
horizon_50,horizon,run,logistic,test,50,all,1,10,"0.0,1.0,5.0",0,expected_calibration_error,0.031073191491901464,experiments/horizon_50,none
horizon_50,horizon,run,deeplob_style,test,50,all,1,10,"0.0,1.0,5.0",0,accuracy,0.3999657710080438,experiments/horizon_50,none
horizon_50,horizon,run,deeplob_style,test,50,all,1,10,"0.0,1.0,5.0",0,macro_f1,0.3213829718442079,experiments/horizon_50,none
horizon_50,horizon,run,deeplob_style,test,50,all,1,10,"0.0,1.0,5.0",0,weighted_f1,0.310970361541507,experiments/horizon_50,none
horizon_50,horizon,run,deeplob_style,test,50,all,1,10,"0.0,1.0,5.0",0,matthews_corrcoef,0.12535218142536134,experiments/horizon_50,none
horizon_50,horizon,run,deeplob_style,test,50,all,1,10,"0.0,1.0,5.0",0,balanced_accuracy,0.4064730828152224,experiments/horizon_50,none
horizon_50,horizon,run,deeplob_style,test,50,all,1,10,"0.0,1.0,5.0",0,log_loss,1.1829101268791447,experiments/horizon_50,none
horizon_50,horizon,run,deeplob_style,test,50,all,1,10,"0.0,1.0,5.0",0,n_samples,11686.0,experiments/horizon_50,none
horizon_50,horizon,run,deeplob_style,test,50,all,1,10,"0.0,1.0,5.0",0,class_count_train,3.0,experiments/horizon_50,none
horizon_50,horizon,run,deeplob_style,test,50,all,1,10,"0.0,1.0,5.0",0,class_count_test,3.0,experiments/horizon_50,none
horizon_50,horizon,run,deeplob_style,test,50,all,1,10,"0.0,1.0,5.0",0,brier_score,0.7091697412832779,experiments/horizon_50,none
horizon_50,horizon,run,deeplob_style,test,50,all,1,10,"0.0,1.0,5.0",0,mean_confidence,0.5414521773020236,experiments/horizon_50,none
horizon_50,horizon,run,deeplob_style,test,50,all,1,10,"0.0,1.0,5.0",0,expected_calibration_error,0.1415530731722764,experiments/horizon_50,none
horizon_50,horizon,run,majority,test,50,all,1,10,"0.0,1.0,5.0",0,calibration.bin_0.count,0.0,experiments/horizon_50,none
horizon_50,horizon,run,majority,test,50,all,1,10,"0.0,1.0,5.0",0,calibration.bin_0.mean_confidence,0.05,experiments/horizon_50,none
horizon_50,horizon,run,majority,test,50,all,1,10,"0.0,1.0,5.0",0,calibration.bin_0.accuracy,0.0,experiments/horizon_50,none
horizon_50,horizon,run,majority,test,50,all,1,10,"0.0,1.0,5.0",0,calibration.bin_0.confidence_gap,0.0,experiments/horizon_50,none
horizon_50,horizon,run,majority,test,50,all,1,10,"0.0,1.0,5.0",0,calibration.bin_1.count,0.0,experiments/horizon_50,none
horizon_50,horizon,run,majority,test,50,all,1,10,"0.0,1.0,5.0",0,calibration.bin_1.mean_confidence,0.15,experiments/horizon_50,none
horizon_50,horizon,run,majority,test,50,all,1,10,"0.0,1.0,5.0",0,calibration.bin_1.accuracy,0.0,experiments/horizon_50,none
horizon_50,horizon,run,majority,test,50,all,1,10,"0.0,1.0,5.0",0,calibration.bin_1.confidence_gap,0.0,experiments/horizon_50,none
horizon_50,horizon,run,majority,test,50,all,1,10,"0.0,1.0,5.0",0,calibration.bin_2.count,0.0,experiments/horizon_50,none
horizon_50,horizon,run,majority,test,50,all,1,10,"0.0,1.0,5.0",0,calibration.bin_2.mean_confidence,0.25,experiments/horizon_50,none
horizon_50,horizon,run,majority,test,50,all,1,10,"0.0,1.0,5.0",0,calibration.bin_2.accuracy,0.0,experiments/horizon_50,none
horizon_50,horizon,run,majority,test,50,all,1,10,"0.0,1.0,5.0",0,calibration.bin_2.confidence_gap,0.0,experiments/horizon_50,none
horizon_50,horizon,run,majority,test,50,all,1,10,"0.0,1.0,5.0",0,calibration.bin_3.count,11686.0,experiments/horizon_50,none
horizon_50,horizon,run,majority,test,50,all,1,10,"0.0,1.0,5.0",0,calibration.bin_3.mean_confidence,0.3525377732140237,experiments/horizon_50,none
horizon_50,horizon,run,majority,test,50,all,1,10,"0.0,1.0,5.0",0,calibration.bin_3.accuracy,0.3524730446688345,experiments/horizon_50,none
horizon_50,horizon,run,majority,test,50,all,1,10,"0.0,1.0,5.0",0,calibration.bin_3.confidence_gap,6.472854518918547e-05,experiments/horizon_50,none
horizon_50,horizon,run,majority,test,50,all,1,10,"0.0,1.0,5.0",0,calibration.bin_4.count,0.0,experiments/horizon_50,none
horizon_50,horizon,run,majority,test,50,all,1,10,"0.0,1.0,5.0",0,calibration.bin_4.mean_confidence,0.45,experiments/horizon_50,none
horizon_50,horizon,run,majority,test,50,all,1,10,"0.0,1.0,5.0",0,calibration.bin_4.accuracy,0.0,experiments/horizon_50,none
horizon_50,horizon,run,majority,test,50,all,1,10,"0.0,1.0,5.0",0,calibration.bin_4.confidence_gap,0.0,experiments/horizon_50,none
horizon_50,horizon,run,majority,test,50,all,1,10,"0.0,1.0,5.0",0,calibration.bin_5.count,0.0,experiments/horizon_50,none
horizon_50,horizon,run,majority,test,50,all,1,10,"0.0,1.0,5.0",0,calibration.bin_5.mean_confidence,0.55,experiments/horizon_50,none
horizon_50,horizon,run,majority,test,50,all,1,10,"0.0,1.0,5.0",0,calibration.bin_5.accuracy,0.0,experiments/horizon_50,none
horizon_50,horizon,run,majority,test,50,all,1,10,"0.0,1.0,5.0",0,calibration.bin_5.confidence_gap,0.0,experiments/horizon_50,none
horizon_50,horizon,run,majority,test,50,all,1,10,"0.0,1.0,5.0",0,calibration.bin_6.count,0.0,experiments/horizon_50,none
horizon_50,horizon,run,majority,test,50,all,1,10,"0.0,1.0,5.0",0,calibration.bin_6.mean_confidence,0.6500000000000001,experiments/horizon_50,none
horizon_50,horizon,run,majority,test,50,all,1,10,"0.0,1.0,5.0",0,calibration.bin_6.accuracy,0.0,experiments/horizon_50,none
horizon_50,horizon,run,majority,test,50,all,1,10,"0.0,1.0,5.0",0,calibration.bin_6.confidence_gap,0.0,experiments/horizon_50,none
horizon_50,horizon,run,majority,test,50,all,1,10,"0.0,1.0,5.0",0,calibration.bin_7.count,0.0,experiments/horizon_50,none
horizon_50,horizon,run,majority,test,50,all,1,10,"0.0,1.0,5.0",0,calibration.bin_7.mean_confidence,0.75,experiments/horizon_50,none
horizon_50,horizon,run,majority,test,50,all,1,10,"0.0,1.0,5.0",0,calibration.bin_7.accuracy,0.0,experiments/horizon_50,none
horizon_50,horizon,run,majority,test,50,all,1,10,"0.0,1.0,5.0",0,calibration.bin_7.confidence_gap,0.0,experiments/horizon_50,none
horizon_50,horizon,run,majority,test,50,all,1,10,"0.0,1.0,5.0",0,calibration.bin_8.count,0.0,experiments/horizon_50,none
horizon_50,horizon,run,majority,test,50,all,1,10,"0.0,1.0,5.0",0,calibration.bin_8.mean_confidence,0.8500000000000001,experiments/horizon_50,none
horizon_50,horizon,run,majority,test,50,all,1,10,"0.0,1.0,5.0",0,calibration.bin_8.accuracy,0.0,experiments/horizon_50,none
horizon_50,horizon,run,majority,test,50,all,1,10,"0.0,1.0,5.0",0,calibration.bin_8.confidence_gap,0.0,experiments/horizon_50,none
horizon_50,horizon,run,majority,test,50,all,1,10,"0.0,1.0,5.0",0,calibration.bin_9.count,0.0,experiments/horizon_50,none
horizon_50,horizon,run,majority,test,50,all,1,10,"0.0,1.0,5.0",0,calibration.bin_9.mean_confidence,0.95,experiments/horizon_50,none
horizon_50,horizon,run,majority,test,50,all,1,10,"0.0,1.0,5.0",0,calibration.bin_9.accuracy,0.0,experiments/horizon_50,none
horizon_50,horizon,run,majority,test,50,all,1,10,"0.0,1.0,5.0",0,calibration.bin_9.confidence_gap,0.0,experiments/horizon_50,none
horizon_50,horizon,run,logistic,test,50,all,1,10,"0.0,1.0,5.0",0,calibration.bin_0.count,0.0,experiments/horizon_50,none
horizon_50,horizon,run,logistic,test,50,all,1,10,"0.0,1.0,5.0",0,calibration.bin_0.mean_confidence,0.05,experiments/horizon_50,none
horizon_50,horizon,run,logistic,test,50,all,1,10,"0.0,1.0,5.0",0,calibration.bin_0.accuracy,0.0,experiments/horizon_50,none
horizon_50,horizon,run,logistic,test,50,all,1,10,"0.0,1.0,5.0",0,calibration.bin_0.confidence_gap,0.0,experiments/horizon_50,none
horizon_50,horizon,run,logistic,test,50,all,1,10,"0.0,1.0,5.0",0,calibration.bin_1.count,0.0,experiments/horizon_50,none
horizon_50,horizon,run,logistic,test,50,all,1,10,"0.0,1.0,5.0",0,calibration.bin_1.mean_confidence,0.15,experiments/horizon_50,none
horizon_50,horizon,run,logistic,test,50,all,1,10,"0.0,1.0,5.0",0,calibration.bin_1.accuracy,0.0,experiments/horizon_50,none
horizon_50,horizon,run,logistic,test,50,all,1,10,"0.0,1.0,5.0",0,calibration.bin_1.confidence_gap,0.0,experiments/horizon_50,none
horizon_50,horizon,run,logistic,test,50,all,1,10,"0.0,1.0,5.0",0,calibration.bin_2.count,0.0,experiments/horizon_50,none
horizon_50,horizon,run,logistic,test,50,all,1,10,"0.0,1.0,5.0",0,calibration.bin_2.mean_confidence,0.25,experiments/horizon_50,none
horizon_50,horizon,run,logistic,test,50,all,1,10,"0.0,1.0,5.0",0,calibration.bin_2.accuracy,0.0,experiments/horizon_50,none
horizon_50,horizon,run,logistic,test,50,all,1,10,"0.0,1.0,5.0",0,calibration.bin_2.confidence_gap,0.0,experiments/horizon_50,none
horizon_50,horizon,run,logistic,test,50,all,1,10,"0.0,1.0,5.0",0,calibration.bin_3.count,3347.0,experiments/horizon_50,none
horizon_50,horizon,run,logistic,test,50,all,1,10,"0.0,1.0,5.0",0,calibration.bin_3.mean_confidence,0.3757833806604086,experiments/horizon_50,none
horizon_50,horizon,run,logistic,test,50,all,1,10,"0.0,1.0,5.0",0,calibration.bin_3.accuracy,0.4099193307439498,experiments/horizon_50,none
horizon_50,horizon,run,logistic,test,50,all,1,10,"0.0,1.0,5.0",0,calibration.bin_3.confidence_gap,0.0341359500835412,experiments/horizon_50,none
horizon_50,horizon,run,logistic,test,50,all,1,10,"0.0,1.0,5.0",0,calibration.bin_4.count,5415.0,experiments/horizon_50,none
horizon_50,horizon,run,logistic,test,50,all,1,10,"0.0,1.0,5.0",0,calibration.bin_4.mean_confidence,0.4424806172558383,experiments/horizon_50,none
horizon_50,horizon,run,logistic,test,50,all,1,10,"0.0,1.0,5.0",0,calibration.bin_4.accuracy,0.4413665743305632,experiments/horizon_50,none
horizon_50,horizon,run,logistic,test,50,all,1,10,"0.0,1.0,5.0",0,calibration.bin_4.confidence_gap,0.001114042925275,experiments/horizon_50,none
horizon_50,horizon,run,logistic,test,50,all,1,10,"0.0,1.0,5.0",0,calibration.bin_5.count,1824.0,experiments/horizon_50,none
horizon_50,horizon,run,logistic,test,50,all,1,10,"0.0,1.0,5.0",0,calibration.bin_5.mean_confidence,0.5392964995718097,experiments/horizon_50,none
horizon_50,horizon,run,logistic,test,50,all,1,10,"0.0,1.0,5.0",0,calibration.bin_5.accuracy,0.4912280701754385,experiments/horizon_50,none
horizon_50,horizon,run,logistic,test,50,all,1,10,"0.0,1.0,5.0",0,calibration.bin_5.confidence_gap,0.0480684293963711,experiments/horizon_50,none
horizon_50,horizon,run,logistic,test,50,all,1,10,"0.0,1.0,5.0",0,calibration.bin_6.count,688.0,experiments/horizon_50,none
horizon_50,horizon,run,logistic,test,50,all,1,10,"0.0,1.0,5.0",0,calibration.bin_6.mean_confidence,0.6423680302737548,experiments/horizon_50,none
horizon_50,horizon,run,logistic,test,50,all,1,10,"0.0,1.0,5.0",0,calibration.bin_6.accuracy,0.5276162790697675,experiments/horizon_50,none
horizon_50,horizon,run,logistic,test,50,all,1,10,"0.0,1.0,5.0",0,calibration.bin_6.confidence_gap,0.1147517512039872,experiments/horizon_50,none
horizon_50,horizon,run,logistic,test,50,all,1,10,"0.0,1.0,5.0",0,calibration.bin_7.count,224.0,experiments/horizon_50,none
horizon_50,horizon,run,logistic,test,50,all,1,10,"0.0,1.0,5.0",0,calibration.bin_7.mean_confidence,0.7431446226606379,experiments/horizon_50,none
horizon_50,horizon,run,logistic,test,50,all,1,10,"0.0,1.0,5.0",0,calibration.bin_7.accuracy,0.6383928571428571,experiments/horizon_50,none
horizon_50,horizon,run,logistic,test,50,all,1,10,"0.0,1.0,5.0",0,calibration.bin_7.confidence_gap,0.1047517655177807,experiments/horizon_50,none
horizon_50,horizon,run,logistic,test,50,all,1,10,"0.0,1.0,5.0",0,calibration.bin_8.count,113.0,experiments/horizon_50,none
horizon_50,horizon,run,logistic,test,50,all,1,10,"0.0,1.0,5.0",0,calibration.bin_8.mean_confidence,0.845522656391405,experiments/horizon_50,none
horizon_50,horizon,run,logistic,test,50,all,1,10,"0.0,1.0,5.0",0,calibration.bin_8.accuracy,0.6106194690265486,experiments/horizon_50,none
horizon_50,horizon,run,logistic,test,50,all,1,10,"0.0,1.0,5.0",0,calibration.bin_8.confidence_gap,0.2349031873648563,experiments/horizon_50,none
horizon_50,horizon,run,logistic,test,50,all,1,10,"0.0,1.0,5.0",0,calibration.bin_9.count,75.0,experiments/horizon_50,none
horizon_50,horizon,run,logistic,test,50,all,1,10,"0.0,1.0,5.0",0,calibration.bin_9.mean_confidence,0.9493503027846372,experiments/horizon_50,none
horizon_50,horizon,run,logistic,test,50,all,1,10,"0.0,1.0,5.0",0,calibration.bin_9.accuracy,0.6,experiments/horizon_50,none
horizon_50,horizon,run,logistic,test,50,all,1,10,"0.0,1.0,5.0",0,calibration.bin_9.confidence_gap,0.3493503027846371,experiments/horizon_50,none
horizon_50,horizon,run,deeplob_style,test,50,all,1,10,"0.0,1.0,5.0",0,calibration.bin_0.count,0.0,experiments/horizon_50,none
horizon_50,horizon,run,deeplob_style,test,50,all,1,10,"0.0,1.0,5.0",0,calibration.bin_0.mean_confidence,0.05,experiments/horizon_50,none
horizon_50,horizon,run,deeplob_style,test,50,all,1,10,"0.0,1.0,5.0",0,calibration.bin_0.accuracy,0.0,experiments/horizon_50,none
horizon_50,horizon,run,deeplob_style,test,50,all,1,10,"0.0,1.0,5.0",0,calibration.bin_0.confidence_gap,0.0,experiments/horizon_50,none
horizon_50,horizon,run,deeplob_style,test,50,all,1,10,"0.0,1.0,5.0",0,calibration.bin_1.count,0.0,experiments/horizon_50,none
horizon_50,horizon,run,deeplob_style,test,50,all,1,10,"0.0,1.0,5.0",0,calibration.bin_1.mean_confidence,0.15,experiments/horizon_50,none
horizon_50,horizon,run,deeplob_style,test,50,all,1,10,"0.0,1.0,5.0",0,calibration.bin_1.accuracy,0.0,experiments/horizon_50,none
horizon_50,horizon,run,deeplob_style,test,50,all,1,10,"0.0,1.0,5.0",0,calibration.bin_1.confidence_gap,0.0,experiments/horizon_50,none
horizon_50,horizon,run,deeplob_style,test,50,all,1,10,"0.0,1.0,5.0",0,calibration.bin_2.count,0.0,experiments/horizon_50,none
horizon_50,horizon,run,deeplob_style,test,50,all,1,10,"0.0,1.0,5.0",0,calibration.bin_2.mean_confidence,0.25,experiments/horizon_50,none
horizon_50,horizon,run,deeplob_style,test,50,all,1,10,"0.0,1.0,5.0",0,calibration.bin_2.accuracy,0.0,experiments/horizon_50,none
horizon_50,horizon,run,deeplob_style,test,50,all,1,10,"0.0,1.0,5.0",0,calibration.bin_2.confidence_gap,0.0,experiments/horizon_50,none
horizon_50,horizon,run,deeplob_style,test,50,all,1,10,"0.0,1.0,5.0",0,calibration.bin_3.count,12.0,experiments/horizon_50,none
horizon_50,horizon,run,deeplob_style,test,50,all,1,10,"0.0,1.0,5.0",0,calibration.bin_3.mean_confidence,0.3842054525093401,experiments/horizon_50,none
horizon_50,horizon,run,deeplob_style,test,50,all,1,10,"0.0,1.0,5.0",0,calibration.bin_3.accuracy,0.4166666666666667,experiments/horizon_50,none
horizon_50,horizon,run,deeplob_style,test,50,all,1,10,"0.0,1.0,5.0",0,calibration.bin_3.confidence_gap,0.0324612141573266,experiments/horizon_50,none
horizon_50,horizon,run,deeplob_style,test,50,all,1,10,"0.0,1.0,5.0",0,calibration.bin_4.count,3517.0,experiments/horizon_50,none
horizon_50,horizon,run,deeplob_style,test,50,all,1,10,"0.0,1.0,5.0",0,calibration.bin_4.mean_confidence,0.4629687693680271,experiments/horizon_50,none
horizon_50,horizon,run,deeplob_style,test,50,all,1,10,"0.0,1.0,5.0",0,calibration.bin_4.accuracy,0.3466022177992607,experiments/horizon_50,none
horizon_50,horizon,run,deeplob_style,test,50,all,1,10,"0.0,1.0,5.0",0,calibration.bin_4.confidence_gap,0.1163665515687664,experiments/horizon_50,none
horizon_50,horizon,run,deeplob_style,test,50,all,1,10,"0.0,1.0,5.0",0,calibration.bin_5.count,6792.0,experiments/horizon_50,none
horizon_50,horizon,run,deeplob_style,test,50,all,1,10,"0.0,1.0,5.0",0,calibration.bin_5.mean_confidence,0.5572937164543021,experiments/horizon_50,none
horizon_50,horizon,run,deeplob_style,test,50,all,1,10,"0.0,1.0,5.0",0,calibration.bin_5.accuracy,0.3989988221436985,experiments/horizon_50,none
horizon_50,horizon,run,deeplob_style,test,50,all,1,10,"0.0,1.0,5.0",0,calibration.bin_5.confidence_gap,0.1582948943106036,experiments/horizon_50,none
horizon_50,horizon,run,deeplob_style,test,50,all,1,10,"0.0,1.0,5.0",0,calibration.bin_6.count,1034.0,experiments/horizon_50,none
horizon_50,horizon,run,deeplob_style,test,50,all,1,10,"0.0,1.0,5.0",0,calibration.bin_6.mean_confidence,0.6510606563680328,experiments/horizon_50,none
horizon_50,horizon,run,deeplob_style,test,50,all,1,10,"0.0,1.0,5.0",0,calibration.bin_6.accuracy,0.5203094777562862,experiments/horizon_50,none
horizon_50,horizon,run,deeplob_style,test,50,all,1,10,"0.0,1.0,5.0",0,calibration.bin_6.confidence_gap,0.1307511786117465,experiments/horizon_50,none
horizon_50,horizon,run,deeplob_style,test,50,all,1,10,"0.0,1.0,5.0",0,calibration.bin_7.count,331.0,experiments/horizon_50,none
horizon_50,horizon,run,deeplob_style,test,50,all,1,10,"0.0,1.0,5.0",0,calibration.bin_7.mean_confidence,0.7136038544163646,experiments/horizon_50,none
horizon_50,horizon,run,deeplob_style,test,50,all,1,10,"0.0,1.0,5.0",0,calibration.bin_7.accuracy,0.6102719033232629,experiments/horizon_50,none
horizon_50,horizon,run,deeplob_style,test,50,all,1,10,"0.0,1.0,5.0",0,calibration.bin_7.confidence_gap,0.1033319510931017,experiments/horizon_50,none
horizon_50,horizon,run,deeplob_style,test,50,all,1,10,"0.0,1.0,5.0",0,calibration.bin_8.count,0.0,experiments/horizon_50,none
horizon_50,horizon,run,deeplob_style,test,50,all,1,10,"0.0,1.0,5.0",0,calibration.bin_8.mean_confidence,0.8500000000000001,experiments/horizon_50,none
horizon_50,horizon,run,deeplob_style,test,50,all,1,10,"0.0,1.0,5.0",0,calibration.bin_8.accuracy,0.0,experiments/horizon_50,none
horizon_50,horizon,run,deeplob_style,test,50,all,1,10,"0.0,1.0,5.0",0,calibration.bin_8.confidence_gap,0.0,experiments/horizon_50,none
horizon_50,horizon,run,deeplob_style,test,50,all,1,10,"0.0,1.0,5.0",0,calibration.bin_9.count,0.0,experiments/horizon_50,none
horizon_50,horizon,run,deeplob_style,test,50,all,1,10,"0.0,1.0,5.0",0,calibration.bin_9.mean_confidence,0.95,experiments/horizon_50,none
horizon_50,horizon,run,deeplob_style,test,50,all,1,10,"0.0,1.0,5.0",0,calibration.bin_9.accuracy,0.0,experiments/horizon_50,none
horizon_50,horizon,run,deeplob_style,test,50,all,1,10,"0.0,1.0,5.0",0,calibration.bin_9.confidence_gap,0.0,experiments/horizon_50,none
horizon_50,horizon,run,majority,test,50,all,1,10,0.0,0,execution.eligible_predictions@confidence_threshold=0,11636.0,experiments/horizon_50,none
horizon_50,horizon,run,majority,test,50,all,1,10,0.0,0,execution.trade_count_proxy@confidence_threshold=0,11636.0,experiments/horizon_50,none
horizon_50,horizon,run,majority,test,50,all,1,10,0.0,0,execution.turnover_proxy@confidence_threshold=0,11636.0,experiments/horizon_50,none
horizon_50,horizon,run,majority,test,50,all,1,10,0.0,0,execution.gross_signal_return_proxy@confidence_threshold=0,2.282378357500449,experiments/horizon_50,none
horizon_50,horizon,run,majority,test,50,all,1,10,0.0,0,execution.cost_proxy@confidence_threshold=0,0.0,experiments/horizon_50,none
horizon_50,horizon,run,majority,test,50,all,1,10,0.0,0,execution.net_signal_return_proxy@confidence_threshold=0,2.282378357500449,experiments/horizon_50,none
horizon_50,horizon,run,majority,test,50,all,1,10,0.0,0,execution.hit_rate_proxy@confidence_threshold=0,0.3507218975592987,experiments/horizon_50,none
horizon_50,horizon,run,majority,test,50,all,1,10,1.0,0,execution.eligible_predictions@confidence_threshold=0,11636.0,experiments/horizon_50,none
horizon_50,horizon,run,majority,test,50,all,1,10,1.0,0,execution.trade_count_proxy@confidence_threshold=0,11636.0,experiments/horizon_50,none
horizon_50,horizon,run,majority,test,50,all,1,10,1.0,0,execution.turnover_proxy@confidence_threshold=0,11636.0,experiments/horizon_50,none
horizon_50,horizon,run,majority,test,50,all,1,10,1.0,0,execution.gross_signal_return_proxy@confidence_threshold=0,2.282378357500449,experiments/horizon_50,none
horizon_50,horizon,run,majority,test,50,all,1,10,1.0,0,execution.cost_proxy@confidence_threshold=0,1.0,experiments/horizon_50,none
horizon_50,horizon,run,majority,test,50,all,1,10,1.0,0,execution.net_signal_return_proxy@confidence_threshold=0,1.2823783575004488,experiments/horizon_50,none
horizon_50,horizon,run,majority,test,50,all,1,10,1.0,0,execution.hit_rate_proxy@confidence_threshold=0,0.3507218975592987,experiments/horizon_50,none
horizon_50,horizon,run,majority,test,50,all,1,10,5.0,0,execution.eligible_predictions@confidence_threshold=0,11636.0,experiments/horizon_50,none
horizon_50,horizon,run,majority,test,50,all,1,10,5.0,0,execution.trade_count_proxy@confidence_threshold=0,11636.0,experiments/horizon_50,none
horizon_50,horizon,run,majority,test,50,all,1,10,5.0,0,execution.turnover_proxy@confidence_threshold=0,11636.0,experiments/horizon_50,none
horizon_50,horizon,run,majority,test,50,all,1,10,5.0,0,execution.gross_signal_return_proxy@confidence_threshold=0,2.282378357500449,experiments/horizon_50,none
horizon_50,horizon,run,majority,test,50,all,1,10,5.0,0,execution.cost_proxy@confidence_threshold=0,5.0,experiments/horizon_50,none
horizon_50,horizon,run,majority,test,50,all,1,10,5.0,0,execution.net_signal_return_proxy@confidence_threshold=0,-2.717621642499551,experiments/horizon_50,none
horizon_50,horizon,run,majority,test,50,all,1,10,5.0,0,execution.hit_rate_proxy@confidence_threshold=0,0.3507218975592987,experiments/horizon_50,none
horizon_50,horizon,run,majority,test,50,all,1,10,0.0,0,execution.eligible_predictions@confidence_threshold=0.5,0.0,experiments/horizon_50,none
horizon_50,horizon,run,majority,test,50,all,1,10,0.0,0,execution.trade_count_proxy@confidence_threshold=0.5,0.0,experiments/horizon_50,none
horizon_50,horizon,run,majority,test,50,all,1,10,0.0,0,execution.turnover_proxy@confidence_threshold=0.5,0.0,experiments/horizon_50,none
horizon_50,horizon,run,majority,test,50,all,1,10,0.0,0,execution.gross_signal_return_proxy@confidence_threshold=0.5,0.0,experiments/horizon_50,none
horizon_50,horizon,run,majority,test,50,all,1,10,0.0,0,execution.cost_proxy@confidence_threshold=0.5,0.0,experiments/horizon_50,none
horizon_50,horizon,run,majority,test,50,all,1,10,0.0,0,execution.net_signal_return_proxy@confidence_threshold=0.5,0.0,experiments/horizon_50,none
horizon_50,horizon,run,majority,test,50,all,1,10,0.0,0,execution.hit_rate_proxy@confidence_threshold=0.5,0.0,experiments/horizon_50,none
horizon_50,horizon,run,majority,test,50,all,1,10,1.0,0,execution.eligible_predictions@confidence_threshold=0.5,0.0,experiments/horizon_50,none
horizon_50,horizon,run,majority,test,50,all,1,10,1.0,0,execution.trade_count_proxy@confidence_threshold=0.5,0.0,experiments/horizon_50,none
horizon_50,horizon,run,majority,test,50,all,1,10,1.0,0,execution.turnover_proxy@confidence_threshold=0.5,0.0,experiments/horizon_50,none
horizon_50,horizon,run,majority,test,50,all,1,10,1.0,0,execution.gross_signal_return_proxy@confidence_threshold=0.5,0.0,experiments/horizon_50,none
horizon_50,horizon,run,majority,test,50,all,1,10,1.0,0,execution.cost_proxy@confidence_threshold=0.5,0.0,experiments/horizon_50,none
horizon_50,horizon,run,majority,test,50,all,1,10,1.0,0,execution.net_signal_return_proxy@confidence_threshold=0.5,0.0,experiments/horizon_50,none
horizon_50,horizon,run,majority,test,50,all,1,10,1.0,0,execution.hit_rate_proxy@confidence_threshold=0.5,0.0,experiments/horizon_50,none
horizon_50,horizon,run,majority,test,50,all,1,10,5.0,0,execution.eligible_predictions@confidence_threshold=0.5,0.0,experiments/horizon_50,none
horizon_50,horizon,run,majority,test,50,all,1,10,5.0,0,execution.trade_count_proxy@confidence_threshold=0.5,0.0,experiments/horizon_50,none
horizon_50,horizon,run,majority,test,50,all,1,10,5.0,0,execution.turnover_proxy@confidence_threshold=0.5,0.0,experiments/horizon_50,none
horizon_50,horizon,run,majority,test,50,all,1,10,5.0,0,execution.gross_signal_return_proxy@confidence_threshold=0.5,0.0,experiments/horizon_50,none
horizon_50,horizon,run,majority,test,50,all,1,10,5.0,0,execution.cost_proxy@confidence_threshold=0.5,0.0,experiments/horizon_50,none
horizon_50,horizon,run,majority,test,50,all,1,10,5.0,0,execution.net_signal_return_proxy@confidence_threshold=0.5,0.0,experiments/horizon_50,none
horizon_50,horizon,run,majority,test,50,all,1,10,5.0,0,execution.hit_rate_proxy@confidence_threshold=0.5,0.0,experiments/horizon_50,none
horizon_50,horizon,run,majority,test,50,all,1,10,0.0,0,execution.eligible_predictions@confidence_threshold=0.6,0.0,experiments/horizon_50,none
horizon_50,horizon,run,majority,test,50,all,1,10,0.0,0,execution.trade_count_proxy@confidence_threshold=0.6,0.0,experiments/horizon_50,none
horizon_50,horizon,run,majority,test,50,all,1,10,0.0,0,execution.turnover_proxy@confidence_threshold=0.6,0.0,experiments/horizon_50,none
horizon_50,horizon,run,majority,test,50,all,1,10,0.0,0,execution.gross_signal_return_proxy@confidence_threshold=0.6,0.0,experiments/horizon_50,none
horizon_50,horizon,run,majority,test,50,all,1,10,0.0,0,execution.cost_proxy@confidence_threshold=0.6,0.0,experiments/horizon_50,none
horizon_50,horizon,run,majority,test,50,all,1,10,0.0,0,execution.net_signal_return_proxy@confidence_threshold=0.6,0.0,experiments/horizon_50,none
horizon_50,horizon,run,majority,test,50,all,1,10,0.0,0,execution.hit_rate_proxy@confidence_threshold=0.6,0.0,experiments/horizon_50,none
horizon_50,horizon,run,majority,test,50,all,1,10,1.0,0,execution.eligible_predictions@confidence_threshold=0.6,0.0,experiments/horizon_50,none
horizon_50,horizon,run,majority,test,50,all,1,10,1.0,0,execution.trade_count_proxy@confidence_threshold=0.6,0.0,experiments/horizon_50,none
horizon_50,horizon,run,majority,test,50,all,1,10,1.0,0,execution.turnover_proxy@confidence_threshold=0.6,0.0,experiments/horizon_50,none
horizon_50,horizon,run,majority,test,50,all,1,10,1.0,0,execution.gross_signal_return_proxy@confidence_threshold=0.6,0.0,experiments/horizon_50,none
horizon_50,horizon,run,majority,test,50,all,1,10,1.0,0,execution.cost_proxy@confidence_threshold=0.6,0.0,experiments/horizon_50,none
horizon_50,horizon,run,majority,test,50,all,1,10,1.0,0,execution.net_signal_return_proxy@confidence_threshold=0.6,0.0,experiments/horizon_50,none
horizon_50,horizon,run,majority,test,50,all,1,10,1.0,0,execution.hit_rate_proxy@confidence_threshold=0.6,0.0,experiments/horizon_50,none
horizon_50,horizon,run,majority,test,50,all,1,10,5.0,0,execution.eligible_predictions@confidence_threshold=0.6,0.0,experiments/horizon_50,none
horizon_50,horizon,run,majority,test,50,all,1,10,5.0,0,execution.trade_count_proxy@confidence_threshold=0.6,0.0,experiments/horizon_50,none
horizon_50,horizon,run,majority,test,50,all,1,10,5.0,0,execution.turnover_proxy@confidence_threshold=0.6,0.0,experiments/horizon_50,none
horizon_50,horizon,run,majority,test,50,all,1,10,5.0,0,execution.gross_signal_return_proxy@confidence_threshold=0.6,0.0,experiments/horizon_50,none
horizon_50,horizon,run,majority,test,50,all,1,10,5.0,0,execution.cost_proxy@confidence_threshold=0.6,0.0,experiments/horizon_50,none
horizon_50,horizon,run,majority,test,50,all,1,10,5.0,0,execution.net_signal_return_proxy@confidence_threshold=0.6,0.0,experiments/horizon_50,none
horizon_50,horizon,run,majority,test,50,all,1,10,5.0,0,execution.hit_rate_proxy@confidence_threshold=0.6,0.0,experiments/horizon_50,none
horizon_50,horizon,run,majority,test,50,all,1,10,0.0,0,execution.eligible_predictions@confidence_threshold=0.7,0.0,experiments/horizon_50,none
horizon_50,horizon,run,majority,test,50,all,1,10,0.0,0,execution.trade_count_proxy@confidence_threshold=0.7,0.0,experiments/horizon_50,none
horizon_50,horizon,run,majority,test,50,all,1,10,0.0,0,execution.turnover_proxy@confidence_threshold=0.7,0.0,experiments/horizon_50,none
horizon_50,horizon,run,majority,test,50,all,1,10,0.0,0,execution.gross_signal_return_proxy@confidence_threshold=0.7,0.0,experiments/horizon_50,none
horizon_50,horizon,run,majority,test,50,all,1,10,0.0,0,execution.cost_proxy@confidence_threshold=0.7,0.0,experiments/horizon_50,none
horizon_50,horizon,run,majority,test,50,all,1,10,0.0,0,execution.net_signal_return_proxy@confidence_threshold=0.7,0.0,experiments/horizon_50,none
horizon_50,horizon,run,majority,test,50,all,1,10,0.0,0,execution.hit_rate_proxy@confidence_threshold=0.7,0.0,experiments/horizon_50,none
horizon_50,horizon,run,majority,test,50,all,1,10,1.0,0,execution.eligible_predictions@confidence_threshold=0.7,0.0,experiments/horizon_50,none
horizon_50,horizon,run,majority,test,50,all,1,10,1.0,0,execution.trade_count_proxy@confidence_threshold=0.7,0.0,experiments/horizon_50,none
horizon_50,horizon,run,majority,test,50,all,1,10,1.0,0,execution.turnover_proxy@confidence_threshold=0.7,0.0,experiments/horizon_50,none
horizon_50,horizon,run,majority,test,50,all,1,10,1.0,0,execution.gross_signal_return_proxy@confidence_threshold=0.7,0.0,experiments/horizon_50,none
horizon_50,horizon,run,majority,test,50,all,1,10,1.0,0,execution.cost_proxy@confidence_threshold=0.7,0.0,experiments/horizon_50,none
horizon_50,horizon,run,majority,test,50,all,1,10,1.0,0,execution.net_signal_return_proxy@confidence_threshold=0.7,0.0,experiments/horizon_50,none
horizon_50,horizon,run,majority,test,50,all,1,10,1.0,0,execution.hit_rate_proxy@confidence_threshold=0.7,0.0,experiments/horizon_50,none
horizon_50,horizon,run,majority,test,50,all,1,10,5.0,0,execution.eligible_predictions@confidence_threshold=0.7,0.0,experiments/horizon_50,none
horizon_50,horizon,run,majority,test,50,all,1,10,5.0,0,execution.trade_count_proxy@confidence_threshold=0.7,0.0,experiments/horizon_50,none
horizon_50,horizon,run,majority,test,50,all,1,10,5.0,0,execution.turnover_proxy@confidence_threshold=0.7,0.0,experiments/horizon_50,none
horizon_50,horizon,run,majority,test,50,all,1,10,5.0,0,execution.gross_signal_return_proxy@confidence_threshold=0.7,0.0,experiments/horizon_50,none
horizon_50,horizon,run,majority,test,50,all,1,10,5.0,0,execution.cost_proxy@confidence_threshold=0.7,0.0,experiments/horizon_50,none
horizon_50,horizon,run,majority,test,50,all,1,10,5.0,0,execution.net_signal_return_proxy@confidence_threshold=0.7,0.0,experiments/horizon_50,none
horizon_50,horizon,run,majority,test,50,all,1,10,5.0,0,execution.hit_rate_proxy@confidence_threshold=0.7,0.0,experiments/horizon_50,none
horizon_50,horizon,run,logistic,test,50,all,1,10,0.0,0,execution.eligible_predictions@confidence_threshold=0,11636.0,experiments/horizon_50,none
horizon_50,horizon,run,logistic,test,50,all,1,10,0.0,0,execution.trade_count_proxy@confidence_threshold=0,6715.0,experiments/horizon_50,none
horizon_50,horizon,run,logistic,test,50,all,1,10,0.0,0,execution.turnover_proxy@confidence_threshold=0,6715.0,experiments/horizon_50,none
horizon_50,horizon,run,logistic,test,50,all,1,10,0.0,0,execution.gross_signal_return_proxy@confidence_threshold=0,2.65882516594728,experiments/horizon_50,none
horizon_50,horizon,run,logistic,test,50,all,1,10,0.0,0,execution.cost_proxy@confidence_threshold=0,0.0,experiments/horizon_50,none
horizon_50,horizon,run,logistic,test,50,all,1,10,0.0,0,execution.net_signal_return_proxy@confidence_threshold=0,2.65882516594728,experiments/horizon_50,none
horizon_50,horizon,run,logistic,test,50,all,1,10,0.0,0,execution.hit_rate_proxy@confidence_threshold=0,0.4512719147473358,experiments/horizon_50,none
horizon_50,horizon,run,logistic,test,50,all,1,10,1.0,0,execution.eligible_predictions@confidence_threshold=0,11636.0,experiments/horizon_50,none
horizon_50,horizon,run,logistic,test,50,all,1,10,1.0,0,execution.trade_count_proxy@confidence_threshold=0,6715.0,experiments/horizon_50,none
horizon_50,horizon,run,logistic,test,50,all,1,10,1.0,0,execution.turnover_proxy@confidence_threshold=0,6715.0,experiments/horizon_50,none
horizon_50,horizon,run,logistic,test,50,all,1,10,1.0,0,execution.gross_signal_return_proxy@confidence_threshold=0,2.65882516594728,experiments/horizon_50,none
horizon_50,horizon,run,logistic,test,50,all,1,10,1.0,0,execution.cost_proxy@confidence_threshold=0,1.0,experiments/horizon_50,none
horizon_50,horizon,run,logistic,test,50,all,1,10,1.0,0,execution.net_signal_return_proxy@confidence_threshold=0,1.6588251659472797,experiments/horizon_50,none
horizon_50,horizon,run,logistic,test,50,all,1,10,1.0,0,execution.hit_rate_proxy@confidence_threshold=0,0.4512719147473358,experiments/horizon_50,none
horizon_50,horizon,run,logistic,test,50,all,1,10,5.0,0,execution.eligible_predictions@confidence_threshold=0,11636.0,experiments/horizon_50,none
horizon_50,horizon,run,logistic,test,50,all,1,10,5.0,0,execution.trade_count_proxy@confidence_threshold=0,6715.0,experiments/horizon_50,none
horizon_50,horizon,run,logistic,test,50,all,1,10,5.0,0,execution.turnover_proxy@confidence_threshold=0,6715.0,experiments/horizon_50,none
horizon_50,horizon,run,logistic,test,50,all,1,10,5.0,0,execution.gross_signal_return_proxy@confidence_threshold=0,2.65882516594728,experiments/horizon_50,none
horizon_50,horizon,run,logistic,test,50,all,1,10,5.0,0,execution.cost_proxy@confidence_threshold=0,5.0,experiments/horizon_50,none
horizon_50,horizon,run,logistic,test,50,all,1,10,5.0,0,execution.net_signal_return_proxy@confidence_threshold=0,-2.3411748340527203,experiments/horizon_50,none
horizon_50,horizon,run,logistic,test,50,all,1,10,5.0,0,execution.hit_rate_proxy@confidence_threshold=0,0.4512719147473358,experiments/horizon_50,none
horizon_50,horizon,run,logistic,test,50,all,1,10,0.0,0,execution.eligible_predictions@confidence_threshold=0.5,2921.0,experiments/horizon_50,none
horizon_50,horizon,run,logistic,test,50,all,1,10,0.0,0,execution.trade_count_proxy@confidence_threshold=0.5,1188.0,experiments/horizon_50,none
horizon_50,horizon,run,logistic,test,50,all,1,10,0.0,0,execution.turnover_proxy@confidence_threshold=0.5,1188.0,experiments/horizon_50,none
horizon_50,horizon,run,logistic,test,50,all,1,10,0.0,0,execution.gross_signal_return_proxy@confidence_threshold=0.5,4.475222706874045,experiments/horizon_50,none
horizon_50,horizon,run,logistic,test,50,all,1,10,0.0,0,execution.cost_proxy@confidence_threshold=0.5,0.0,experiments/horizon_50,none
horizon_50,horizon,run,logistic,test,50,all,1,10,0.0,0,execution.net_signal_return_proxy@confidence_threshold=0.5,4.475222706874045,experiments/horizon_50,none
horizon_50,horizon,run,logistic,test,50,all,1,10,0.0,0,execution.hit_rate_proxy@confidence_threshold=0.5,0.5190003423485108,experiments/horizon_50,none
horizon_50,horizon,run,logistic,test,50,all,1,10,1.0,0,execution.eligible_predictions@confidence_threshold=0.5,2921.0,experiments/horizon_50,none
horizon_50,horizon,run,logistic,test,50,all,1,10,1.0,0,execution.trade_count_proxy@confidence_threshold=0.5,1188.0,experiments/horizon_50,none
horizon_50,horizon,run,logistic,test,50,all,1,10,1.0,0,execution.turnover_proxy@confidence_threshold=0.5,1188.0,experiments/horizon_50,none
horizon_50,horizon,run,logistic,test,50,all,1,10,1.0,0,execution.gross_signal_return_proxy@confidence_threshold=0.5,4.475222706874045,experiments/horizon_50,none
horizon_50,horizon,run,logistic,test,50,all,1,10,1.0,0,execution.cost_proxy@confidence_threshold=0.5,1.0,experiments/horizon_50,none
horizon_50,horizon,run,logistic,test,50,all,1,10,1.0,0,execution.net_signal_return_proxy@confidence_threshold=0.5,3.475222706874045,experiments/horizon_50,none
horizon_50,horizon,run,logistic,test,50,all,1,10,1.0,0,execution.hit_rate_proxy@confidence_threshold=0.5,0.5190003423485108,experiments/horizon_50,none
horizon_50,horizon,run,logistic,test,50,all,1,10,5.0,0,execution.eligible_predictions@confidence_threshold=0.5,2921.0,experiments/horizon_50,none
horizon_50,horizon,run,logistic,test,50,all,1,10,5.0,0,execution.trade_count_proxy@confidence_threshold=0.5,1188.0,experiments/horizon_50,none
horizon_50,horizon,run,logistic,test,50,all,1,10,5.0,0,execution.turnover_proxy@confidence_threshold=0.5,1188.0,experiments/horizon_50,none
horizon_50,horizon,run,logistic,test,50,all,1,10,5.0,0,execution.gross_signal_return_proxy@confidence_threshold=0.5,4.475222706874045,experiments/horizon_50,none
horizon_50,horizon,run,logistic,test,50,all,1,10,5.0,0,execution.cost_proxy@confidence_threshold=0.5,5.0,experiments/horizon_50,none
horizon_50,horizon,run,logistic,test,50,all,1,10,5.0,0,execution.net_signal_return_proxy@confidence_threshold=0.5,-0.5247772931259549,experiments/horizon_50,none
horizon_50,horizon,run,logistic,test,50,all,1,10,5.0,0,execution.hit_rate_proxy@confidence_threshold=0.5,0.5190003423485108,experiments/horizon_50,none
horizon_50,horizon,run,logistic,test,50,all,1,10,0.0,0,execution.eligible_predictions@confidence_threshold=0.6,1099.0,experiments/horizon_50,none
horizon_50,horizon,run,logistic,test,50,all,1,10,0.0,0,execution.trade_count_proxy@confidence_threshold=0.6,303.0,experiments/horizon_50,none
horizon_50,horizon,run,logistic,test,50,all,1,10,0.0,0,execution.turnover_proxy@confidence_threshold=0.6,303.0,experiments/horizon_50,none
horizon_50,horizon,run,logistic,test,50,all,1,10,0.0,0,execution.gross_signal_return_proxy@confidence_threshold=0.6,10.96977619660349,experiments/horizon_50,none
horizon_50,horizon,run,logistic,test,50,all,1,10,0.0,0,execution.cost_proxy@confidence_threshold=0.6,0.0,experiments/horizon_50,none
horizon_50,horizon,run,logistic,test,50,all,1,10,0.0,0,execution.net_signal_return_proxy@confidence_threshold=0.6,10.96977619660349,experiments/horizon_50,none
horizon_50,horizon,run,logistic,test,50,all,1,10,0.0,0,execution.hit_rate_proxy@confidence_threshold=0.6,0.5641492265696088,experiments/horizon_50,none
horizon_50,horizon,run,logistic,test,50,all,1,10,1.0,0,execution.eligible_predictions@confidence_threshold=0.6,1099.0,experiments/horizon_50,none
horizon_50,horizon,run,logistic,test,50,all,1,10,1.0,0,execution.trade_count_proxy@confidence_threshold=0.6,303.0,experiments/horizon_50,none
horizon_50,horizon,run,logistic,test,50,all,1,10,1.0,0,execution.turnover_proxy@confidence_threshold=0.6,303.0,experiments/horizon_50,none
horizon_50,horizon,run,logistic,test,50,all,1,10,1.0,0,execution.gross_signal_return_proxy@confidence_threshold=0.6,10.96977619660349,experiments/horizon_50,none
horizon_50,horizon,run,logistic,test,50,all,1,10,1.0,0,execution.cost_proxy@confidence_threshold=0.6,1.0,experiments/horizon_50,none
horizon_50,horizon,run,logistic,test,50,all,1,10,1.0,0,execution.net_signal_return_proxy@confidence_threshold=0.6,9.96977619660349,experiments/horizon_50,none
horizon_50,horizon,run,logistic,test,50,all,1,10,1.0,0,execution.hit_rate_proxy@confidence_threshold=0.6,0.5641492265696088,experiments/horizon_50,none
horizon_50,horizon,run,logistic,test,50,all,1,10,5.0,0,execution.eligible_predictions@confidence_threshold=0.6,1099.0,experiments/horizon_50,none
horizon_50,horizon,run,logistic,test,50,all,1,10,5.0,0,execution.trade_count_proxy@confidence_threshold=0.6,303.0,experiments/horizon_50,none
horizon_50,horizon,run,logistic,test,50,all,1,10,5.0,0,execution.turnover_proxy@confidence_threshold=0.6,303.0,experiments/horizon_50,none
horizon_50,horizon,run,logistic,test,50,all,1,10,5.0,0,execution.gross_signal_return_proxy@confidence_threshold=0.6,10.96977619660349,experiments/horizon_50,none
horizon_50,horizon,run,logistic,test,50,all,1,10,5.0,0,execution.cost_proxy@confidence_threshold=0.6,5.0,experiments/horizon_50,none
horizon_50,horizon,run,logistic,test,50,all,1,10,5.0,0,execution.net_signal_return_proxy@confidence_threshold=0.6,5.96977619660349,experiments/horizon_50,none
horizon_50,horizon,run,logistic,test,50,all,1,10,5.0,0,execution.hit_rate_proxy@confidence_threshold=0.6,0.5641492265696088,experiments/horizon_50,none
horizon_50,horizon,run,logistic,test,50,all,1,10,0.0,0,execution.eligible_predictions@confidence_threshold=0.7,412.0,experiments/horizon_50,none
horizon_50,horizon,run,logistic,test,50,all,1,10,0.0,0,execution.trade_count_proxy@confidence_threshold=0.7,94.0,experiments/horizon_50,none
horizon_50,horizon,run,logistic,test,50,all,1,10,0.0,0,execution.turnover_proxy@confidence_threshold=0.7,94.0,experiments/horizon_50,none
horizon_50,horizon,run,logistic,test,50,all,1,10,0.0,0,execution.gross_signal_return_proxy@confidence_threshold=0.7,17.62125297941039,experiments/horizon_50,none
horizon_50,horizon,run,logistic,test,50,all,1,10,0.0,0,execution.cost_proxy@confidence_threshold=0.7,0.0,experiments/horizon_50,none
horizon_50,horizon,run,logistic,test,50,all,1,10,0.0,0,execution.net_signal_return_proxy@confidence_threshold=0.7,17.62125297941039,experiments/horizon_50,none
horizon_50,horizon,run,logistic,test,50,all,1,10,0.0,0,execution.hit_rate_proxy@confidence_threshold=0.7,0.6237864077669902,experiments/horizon_50,none
horizon_50,horizon,run,logistic,test,50,all,1,10,1.0,0,execution.eligible_predictions@confidence_threshold=0.7,412.0,experiments/horizon_50,none
horizon_50,horizon,run,logistic,test,50,all,1,10,1.0,0,execution.trade_count_proxy@confidence_threshold=0.7,94.0,experiments/horizon_50,none
horizon_50,horizon,run,logistic,test,50,all,1,10,1.0,0,execution.turnover_proxy@confidence_threshold=0.7,94.0,experiments/horizon_50,none
horizon_50,horizon,run,logistic,test,50,all,1,10,1.0,0,execution.gross_signal_return_proxy@confidence_threshold=0.7,17.62125297941039,experiments/horizon_50,none
horizon_50,horizon,run,logistic,test,50,all,1,10,1.0,0,execution.cost_proxy@confidence_threshold=0.7,1.0,experiments/horizon_50,none
horizon_50,horizon,run,logistic,test,50,all,1,10,1.0,0,execution.net_signal_return_proxy@confidence_threshold=0.7,16.62125297941039,experiments/horizon_50,none
horizon_50,horizon,run,logistic,test,50,all,1,10,1.0,0,execution.hit_rate_proxy@confidence_threshold=0.7,0.6237864077669902,experiments/horizon_50,none
horizon_50,horizon,run,logistic,test,50,all,1,10,5.0,0,execution.eligible_predictions@confidence_threshold=0.7,412.0,experiments/horizon_50,none
horizon_50,horizon,run,logistic,test,50,all,1,10,5.0,0,execution.trade_count_proxy@confidence_threshold=0.7,94.0,experiments/horizon_50,none
horizon_50,horizon,run,logistic,test,50,all,1,10,5.0,0,execution.turnover_proxy@confidence_threshold=0.7,94.0,experiments/horizon_50,none
horizon_50,horizon,run,logistic,test,50,all,1,10,5.0,0,execution.gross_signal_return_proxy@confidence_threshold=0.7,17.62125297941039,experiments/horizon_50,none
horizon_50,horizon,run,logistic,test,50,all,1,10,5.0,0,execution.cost_proxy@confidence_threshold=0.7,5.0,experiments/horizon_50,none
horizon_50,horizon,run,logistic,test,50,all,1,10,5.0,0,execution.net_signal_return_proxy@confidence_threshold=0.7,12.62125297941039,experiments/horizon_50,none
horizon_50,horizon,run,logistic,test,50,all,1,10,5.0,0,execution.hit_rate_proxy@confidence_threshold=0.7,0.6237864077669902,experiments/horizon_50,none
horizon_50,horizon,run,deeplob_style,test,50,all,1,10,0.0,0,execution.eligible_predictions@confidence_threshold=0,11636.0,experiments/horizon_50,none
horizon_50,horizon,run,deeplob_style,test,50,all,1,10,0.0,0,execution.trade_count_proxy@confidence_threshold=0,8024.0,experiments/horizon_50,none
horizon_50,horizon,run,deeplob_style,test,50,all,1,10,0.0,0,execution.turnover_proxy@confidence_threshold=0,8024.0,experiments/horizon_50,none
horizon_50,horizon,run,deeplob_style,test,50,all,1,10,0.0,0,execution.gross_signal_return_proxy@confidence_threshold=0,3.7685885701544,experiments/horizon_50,none
horizon_50,horizon,run,deeplob_style,test,50,all,1,10,0.0,0,execution.cost_proxy@confidence_threshold=0,0.0,experiments/horizon_50,none
horizon_50,horizon,run,deeplob_style,test,50,all,1,10,0.0,0,execution.net_signal_return_proxy@confidence_threshold=0,3.7685885701544,experiments/horizon_50,none
horizon_50,horizon,run,deeplob_style,test,50,all,1,10,0.0,0,execution.hit_rate_proxy@confidence_threshold=0,0.3987624613269164,experiments/horizon_50,none
horizon_50,horizon,run,deeplob_style,test,50,all,1,10,1.0,0,execution.eligible_predictions@confidence_threshold=0,11636.0,experiments/horizon_50,none
horizon_50,horizon,run,deeplob_style,test,50,all,1,10,1.0,0,execution.trade_count_proxy@confidence_threshold=0,8024.0,experiments/horizon_50,none
horizon_50,horizon,run,deeplob_style,test,50,all,1,10,1.0,0,execution.turnover_proxy@confidence_threshold=0,8024.0,experiments/horizon_50,none
horizon_50,horizon,run,deeplob_style,test,50,all,1,10,1.0,0,execution.gross_signal_return_proxy@confidence_threshold=0,3.7685885701544,experiments/horizon_50,none
horizon_50,horizon,run,deeplob_style,test,50,all,1,10,1.0,0,execution.cost_proxy@confidence_threshold=0,1.0,experiments/horizon_50,none
horizon_50,horizon,run,deeplob_style,test,50,all,1,10,1.0,0,execution.net_signal_return_proxy@confidence_threshold=0,2.7685885701543995,experiments/horizon_50,none
horizon_50,horizon,run,deeplob_style,test,50,all,1,10,1.0,0,execution.hit_rate_proxy@confidence_threshold=0,0.3987624613269164,experiments/horizon_50,none
horizon_50,horizon,run,deeplob_style,test,50,all,1,10,5.0,0,execution.eligible_predictions@confidence_threshold=0,11636.0,experiments/horizon_50,none
horizon_50,horizon,run,deeplob_style,test,50,all,1,10,5.0,0,execution.trade_count_proxy@confidence_threshold=0,8024.0,experiments/horizon_50,none
horizon_50,horizon,run,deeplob_style,test,50,all,1,10,5.0,0,execution.turnover_proxy@confidence_threshold=0,8024.0,experiments/horizon_50,none
horizon_50,horizon,run,deeplob_style,test,50,all,1,10,5.0,0,execution.gross_signal_return_proxy@confidence_threshold=0,3.7685885701544,experiments/horizon_50,none
horizon_50,horizon,run,deeplob_style,test,50,all,1,10,5.0,0,execution.cost_proxy@confidence_threshold=0,5.0,experiments/horizon_50,none
horizon_50,horizon,run,deeplob_style,test,50,all,1,10,5.0,0,execution.net_signal_return_proxy@confidence_threshold=0,-1.2314114298456005,experiments/horizon_50,none
horizon_50,horizon,run,deeplob_style,test,50,all,1,10,5.0,0,execution.hit_rate_proxy@confidence_threshold=0,0.3987624613269164,experiments/horizon_50,none
horizon_50,horizon,run,deeplob_style,test,50,all,1,10,0.0,0,execution.eligible_predictions@confidence_threshold=0.5,8125.0,experiments/horizon_50,none
horizon_50,horizon,run,deeplob_style,test,50,all,1,10,0.0,0,execution.trade_count_proxy@confidence_threshold=0.5,5851.0,experiments/horizon_50,none
horizon_50,horizon,run,deeplob_style,test,50,all,1,10,0.0,0,execution.turnover_proxy@confidence_threshold=0.5,5851.0,experiments/horizon_50,none
horizon_50,horizon,run,deeplob_style,test,50,all,1,10,0.0,0,execution.gross_signal_return_proxy@confidence_threshold=0.5,5.860148329077278,experiments/horizon_50,none
horizon_50,horizon,run,deeplob_style,test,50,all,1,10,0.0,0,execution.cost_proxy@confidence_threshold=0.5,0.0,experiments/horizon_50,none
horizon_50,horizon,run,deeplob_style,test,50,all,1,10,0.0,0,execution.net_signal_return_proxy@confidence_threshold=0.5,5.860148329077278,experiments/horizon_50,none
horizon_50,horizon,run,deeplob_style,test,50,all,1,10,0.0,0,execution.hit_rate_proxy@confidence_threshold=0.5,0.4220307692307692,experiments/horizon_50,none
horizon_50,horizon,run,deeplob_style,test,50,all,1,10,1.0,0,execution.eligible_predictions@confidence_threshold=0.5,8125.0,experiments/horizon_50,none
horizon_50,horizon,run,deeplob_style,test,50,all,1,10,1.0,0,execution.trade_count_proxy@confidence_threshold=0.5,5851.0,experiments/horizon_50,none
horizon_50,horizon,run,deeplob_style,test,50,all,1,10,1.0,0,execution.turnover_proxy@confidence_threshold=0.5,5851.0,experiments/horizon_50,none
horizon_50,horizon,run,deeplob_style,test,50,all,1,10,1.0,0,execution.gross_signal_return_proxy@confidence_threshold=0.5,5.860148329077278,experiments/horizon_50,none
horizon_50,horizon,run,deeplob_style,test,50,all,1,10,1.0,0,execution.cost_proxy@confidence_threshold=0.5,1.0,experiments/horizon_50,none
horizon_50,horizon,run,deeplob_style,test,50,all,1,10,1.0,0,execution.net_signal_return_proxy@confidence_threshold=0.5,4.860148329077278,experiments/horizon_50,none
horizon_50,horizon,run,deeplob_style,test,50,all,1,10,1.0,0,execution.hit_rate_proxy@confidence_threshold=0.5,0.4220307692307692,experiments/horizon_50,none
horizon_50,horizon,run,deeplob_style,test,50,all,1,10,5.0,0,execution.eligible_predictions@confidence_threshold=0.5,8125.0,experiments/horizon_50,none
horizon_50,horizon,run,deeplob_style,test,50,all,1,10,5.0,0,execution.trade_count_proxy@confidence_threshold=0.5,5851.0,experiments/horizon_50,none
horizon_50,horizon,run,deeplob_style,test,50,all,1,10,5.0,0,execution.turnover_proxy@confidence_threshold=0.5,5851.0,experiments/horizon_50,none
horizon_50,horizon,run,deeplob_style,test,50,all,1,10,5.0,0,execution.gross_signal_return_proxy@confidence_threshold=0.5,5.860148329077278,experiments/horizon_50,none
horizon_50,horizon,run,deeplob_style,test,50,all,1,10,5.0,0,execution.cost_proxy@confidence_threshold=0.5,5.0,experiments/horizon_50,none
horizon_50,horizon,run,deeplob_style,test,50,all,1,10,5.0,0,execution.net_signal_return_proxy@confidence_threshold=0.5,0.860148329077278,experiments/horizon_50,none
horizon_50,horizon,run,deeplob_style,test,50,all,1,10,5.0,0,execution.hit_rate_proxy@confidence_threshold=0.5,0.4220307692307692,experiments/horizon_50,none
horizon_50,horizon,run,deeplob_style,test,50,all,1,10,0.0,0,execution.eligible_predictions@confidence_threshold=0.6,1359.0,experiments/horizon_50,none
horizon_50,horizon,run,deeplob_style,test,50,all,1,10,0.0,0,execution.trade_count_proxy@confidence_threshold=0.6,300.0,experiments/horizon_50,none
horizon_50,horizon,run,deeplob_style,test,50,all,1,10,0.0,0,execution.turnover_proxy@confidence_threshold=0.6,300.0,experiments/horizon_50,none
horizon_50,horizon,run,deeplob_style,test,50,all,1,10,0.0,0,execution.gross_signal_return_proxy@confidence_threshold=0.6,14.834241786499364,experiments/horizon_50,none
horizon_50,horizon,run,deeplob_style,test,50,all,1,10,0.0,0,execution.cost_proxy@confidence_threshold=0.6,0.0,experiments/horizon_50,none
horizon_50,horizon,run,deeplob_style,test,50,all,1,10,0.0,0,execution.net_signal_return_proxy@confidence_threshold=0.6,14.834241786499364,experiments/horizon_50,none
horizon_50,horizon,run,deeplob_style,test,50,all,1,10,0.0,0,execution.hit_rate_proxy@confidence_threshold=0.6,0.5423105224429727,experiments/horizon_50,none
horizon_50,horizon,run,deeplob_style,test,50,all,1,10,1.0,0,execution.eligible_predictions@confidence_threshold=0.6,1359.0,experiments/horizon_50,none
horizon_50,horizon,run,deeplob_style,test,50,all,1,10,1.0,0,execution.trade_count_proxy@confidence_threshold=0.6,300.0,experiments/horizon_50,none
horizon_50,horizon,run,deeplob_style,test,50,all,1,10,1.0,0,execution.turnover_proxy@confidence_threshold=0.6,300.0,experiments/horizon_50,none
horizon_50,horizon,run,deeplob_style,test,50,all,1,10,1.0,0,execution.gross_signal_return_proxy@confidence_threshold=0.6,14.834241786499364,experiments/horizon_50,none
horizon_50,horizon,run,deeplob_style,test,50,all,1,10,1.0,0,execution.cost_proxy@confidence_threshold=0.6,1.0,experiments/horizon_50,none
horizon_50,horizon,run,deeplob_style,test,50,all,1,10,1.0,0,execution.net_signal_return_proxy@confidence_threshold=0.6,13.834241786499364,experiments/horizon_50,none
horizon_50,horizon,run,deeplob_style,test,50,all,1,10,1.0,0,execution.hit_rate_proxy@confidence_threshold=0.6,0.5423105224429727,experiments/horizon_50,none
horizon_50,horizon,run,deeplob_style,test,50,all,1,10,5.0,0,execution.eligible_predictions@confidence_threshold=0.6,1359.0,experiments/horizon_50,none
horizon_50,horizon,run,deeplob_style,test,50,all,1,10,5.0,0,execution.trade_count_proxy@confidence_threshold=0.6,300.0,experiments/horizon_50,none
horizon_50,horizon,run,deeplob_style,test,50,all,1,10,5.0,0,execution.turnover_proxy@confidence_threshold=0.6,300.0,experiments/horizon_50,none
horizon_50,horizon,run,deeplob_style,test,50,all,1,10,5.0,0,execution.gross_signal_return_proxy@confidence_threshold=0.6,14.834241786499364,experiments/horizon_50,none
horizon_50,horizon,run,deeplob_style,test,50,all,1,10,5.0,0,execution.cost_proxy@confidence_threshold=0.6,5.0,experiments/horizon_50,none
horizon_50,horizon,run,deeplob_style,test,50,all,1,10,5.0,0,execution.net_signal_return_proxy@confidence_threshold=0.6,9.834241786499364,experiments/horizon_50,none
horizon_50,horizon,run,deeplob_style,test,50,all,1,10,5.0,0,execution.hit_rate_proxy@confidence_threshold=0.6,0.5423105224429727,experiments/horizon_50,none
horizon_50,horizon,run,deeplob_style,test,50,all,1,10,0.0,0,execution.eligible_predictions@confidence_threshold=0.7,330.0,experiments/horizon_50,none
horizon_50,horizon,run,deeplob_style,test,50,all,1,10,0.0,0,execution.trade_count_proxy@confidence_threshold=0.7,141.0,experiments/horizon_50,none
horizon_50,horizon,run,deeplob_style,test,50,all,1,10,0.0,0,execution.turnover_proxy@confidence_threshold=0.7,141.0,experiments/horizon_50,none
horizon_50,horizon,run,deeplob_style,test,50,all,1,10,0.0,0,execution.gross_signal_return_proxy@confidence_threshold=0.7,14.87259817220455,experiments/horizon_50,none
horizon_50,horizon,run,deeplob_style,test,50,all,1,10,0.0,0,execution.cost_proxy@confidence_threshold=0.7,0.0,experiments/horizon_50,none
horizon_50,horizon,run,deeplob_style,test,50,all,1,10,0.0,0,execution.net_signal_return_proxy@confidence_threshold=0.7,14.87259817220455,experiments/horizon_50,none
horizon_50,horizon,run,deeplob_style,test,50,all,1,10,0.0,0,execution.hit_rate_proxy@confidence_threshold=0.7,0.6121212121212121,experiments/horizon_50,none
horizon_50,horizon,run,deeplob_style,test,50,all,1,10,1.0,0,execution.eligible_predictions@confidence_threshold=0.7,330.0,experiments/horizon_50,none
horizon_50,horizon,run,deeplob_style,test,50,all,1,10,1.0,0,execution.trade_count_proxy@confidence_threshold=0.7,141.0,experiments/horizon_50,none
horizon_50,horizon,run,deeplob_style,test,50,all,1,10,1.0,0,execution.turnover_proxy@confidence_threshold=0.7,141.0,experiments/horizon_50,none
horizon_50,horizon,run,deeplob_style,test,50,all,1,10,1.0,0,execution.gross_signal_return_proxy@confidence_threshold=0.7,14.87259817220455,experiments/horizon_50,none
horizon_50,horizon,run,deeplob_style,test,50,all,1,10,1.0,0,execution.cost_proxy@confidence_threshold=0.7,1.0,experiments/horizon_50,none
horizon_50,horizon,run,deeplob_style,test,50,all,1,10,1.0,0,execution.net_signal_return_proxy@confidence_threshold=0.7,13.87259817220455,experiments/horizon_50,none
horizon_50,horizon,run,deeplob_style,test,50,all,1,10,1.0,0,execution.hit_rate_proxy@confidence_threshold=0.7,0.6121212121212121,experiments/horizon_50,none
horizon_50,horizon,run,deeplob_style,test,50,all,1,10,5.0,0,execution.eligible_predictions@confidence_threshold=0.7,330.0,experiments/horizon_50,none
horizon_50,horizon,run,deeplob_style,test,50,all,1,10,5.0,0,execution.trade_count_proxy@confidence_threshold=0.7,141.0,experiments/horizon_50,none
horizon_50,horizon,run,deeplob_style,test,50,all,1,10,5.0,0,execution.turnover_proxy@confidence_threshold=0.7,141.0,experiments/horizon_50,none
horizon_50,horizon,run,deeplob_style,test,50,all,1,10,5.0,0,execution.gross_signal_return_proxy@confidence_threshold=0.7,14.87259817220455,experiments/horizon_50,none
horizon_50,horizon,run,deeplob_style,test,50,all,1,10,5.0,0,execution.cost_proxy@confidence_threshold=0.7,5.0,experiments/horizon_50,none
horizon_50,horizon,run,deeplob_style,test,50,all,1,10,5.0,0,execution.net_signal_return_proxy@confidence_threshold=0.7,9.87259817220455,experiments/horizon_50,none
horizon_50,horizon,run,deeplob_style,test,50,all,1,10,5.0,0,execution.hit_rate_proxy@confidence_threshold=0.7,0.6121212121212121,experiments/horizon_50,none
lookback_2,lookback,run,majority,test,10,all,2,10,"0.0,1.0,5.0",0,accuracy,0.6286154372753723,experiments/lookback_2,none
lookback_2,lookback,run,majority,test,10,all,2,10,"0.0,1.0,5.0",0,macro_f1,0.25732100322264256,experiments/lookback_2,none
lookback_2,lookback,run,majority,test,10,all,2,10,"0.0,1.0,5.0",0,weighted_f1,0.4852678648828168,experiments/lookback_2,none
lookback_2,lookback,run,majority,test,10,all,2,10,"0.0,1.0,5.0",0,matthews_corrcoef,0.0,experiments/lookback_2,none
lookback_2,lookback,run,majority,test,10,all,2,10,"0.0,1.0,5.0",0,balanced_accuracy,0.3333333333333333,experiments/lookback_2,none
lookback_2,lookback,run,majority,test,10,all,2,10,"0.0,1.0,5.0",0,log_loss,0.9180419332042239,experiments/lookback_2,none
lookback_2,lookback,run,majority,test,10,all,2,10,"0.0,1.0,5.0",0,n_samples,11686.0,experiments/lookback_2,none
lookback_2,lookback,run,majority,test,10,all,2,10,"0.0,1.0,5.0",0,class_count_train,3.0,experiments/lookback_2,none
lookback_2,lookback,run,majority,test,10,all,2,10,"0.0,1.0,5.0",0,class_count_test,3.0,experiments/lookback_2,none
lookback_2,lookback,run,majority,test,10,all,2,10,"0.0,1.0,5.0",0,brier_score,0.5366889220539707,experiments/lookback_2,none
lookback_2,lookback,run,majority,test,10,all,2,10,"0.0,1.0,5.0",0,mean_confidence,0.6029411764705882,experiments/lookback_2,none
lookback_2,lookback,run,majority,test,10,all,2,10,"0.0,1.0,5.0",0,expected_calibration_error,0.025674260804784077,experiments/lookback_2,none
lookback_2,lookback,run,logistic,test,10,all,2,10,"0.0,1.0,5.0",0,accuracy,0.6233099435221633,experiments/lookback_2,none
lookback_2,lookback,run,logistic,test,10,all,2,10,"0.0,1.0,5.0",0,macro_f1,0.35146855037871383,experiments/lookback_2,none
lookback_2,lookback,run,logistic,test,10,all,2,10,"0.0,1.0,5.0",0,weighted_f1,0.5346427959541316,experiments/lookback_2,none
lookback_2,lookback,run,logistic,test,10,all,2,10,"0.0,1.0,5.0",0,matthews_corrcoef,0.1217722835157405,experiments/lookback_2,none
lookback_2,lookback,run,logistic,test,10,all,2,10,"0.0,1.0,5.0",0,balanced_accuracy,0.37574062520651225,experiments/lookback_2,none
lookback_2,lookback,run,logistic,test,10,all,2,10,"0.0,1.0,5.0",0,log_loss,0.8904304019275787,experiments/lookback_2,none
lookback_2,lookback,run,logistic,test,10,all,2,10,"0.0,1.0,5.0",0,n_samples,11686.0,experiments/lookback_2,none
lookback_2,lookback,run,logistic,test,10,all,2,10,"0.0,1.0,5.0",0,class_count_train,3.0,experiments/lookback_2,none
lookback_2,lookback,run,logistic,test,10,all,2,10,"0.0,1.0,5.0",0,class_count_test,3.0,experiments/lookback_2,none
lookback_2,lookback,run,logistic,test,10,all,2,10,"0.0,1.0,5.0",0,brier_score,0.5189866466149302,experiments/lookback_2,none
lookback_2,lookback,run,logistic,test,10,all,2,10,"0.0,1.0,5.0",0,mean_confidence,0.5874669568363994,experiments/lookback_2,none
lookback_2,lookback,run,logistic,test,10,all,2,10,"0.0,1.0,5.0",0,expected_calibration_error,0.041110897222318726,experiments/lookback_2,none
lookback_2,lookback,run,deeplob_style,test,10,all,2,10,"0.0,1.0,5.0",0,accuracy,0.6825845100556269,experiments/lookback_2,none
lookback_2,lookback,run,deeplob_style,test,10,all,2,10,"0.0,1.0,5.0",0,macro_f1,0.49940383857118875,experiments/lookback_2,none
lookback_2,lookback,run,deeplob_style,test,10,all,2,10,"0.0,1.0,5.0",0,weighted_f1,0.6333085601181869,experiments/lookback_2,none
lookback_2,lookback,run,deeplob_style,test,10,all,2,10,"0.0,1.0,5.0",0,matthews_corrcoef,0.3192667789268538,experiments/lookback_2,none
lookback_2,lookback,run,deeplob_style,test,10,all,2,10,"0.0,1.0,5.0",0,balanced_accuracy,0.4773272144477662,experiments/lookback_2,none
lookback_2,lookback,run,deeplob_style,test,10,all,2,10,"0.0,1.0,5.0",0,log_loss,0.824691014908038,experiments/lookback_2,none
lookback_2,lookback,run,deeplob_style,test,10,all,2,10,"0.0,1.0,5.0",0,n_samples,11685.0,experiments/lookback_2,none
lookback_2,lookback,run,deeplob_style,test,10,all,2,10,"0.0,1.0,5.0",0,class_count_train,3.0,experiments/lookback_2,none
lookback_2,lookback,run,deeplob_style,test,10,all,2,10,"0.0,1.0,5.0",0,class_count_test,3.0,experiments/lookback_2,none
lookback_2,lookback,run,deeplob_style,test,10,all,2,10,"0.0,1.0,5.0",0,brier_score,0.4689944001320093,experiments/lookback_2,none
lookback_2,lookback,run,deeplob_style,test,10,all,2,10,"0.0,1.0,5.0",0,mean_confidence,0.6583631160761714,experiments/lookback_2,none
lookback_2,lookback,run,deeplob_style,test,10,all,2,10,"0.0,1.0,5.0",0,expected_calibration_error,0.04270878913205685,experiments/lookback_2,none
lookback_2,lookback,run,majority,test,10,all,2,10,"0.0,1.0,5.0",0,calibration.bin_0.count,0.0,experiments/lookback_2,none
lookback_2,lookback,run,majority,test,10,all,2,10,"0.0,1.0,5.0",0,calibration.bin_0.mean_confidence,0.05,experiments/lookback_2,none
lookback_2,lookback,run,majority,test,10,all,2,10,"0.0,1.0,5.0",0,calibration.bin_0.accuracy,0.0,experiments/lookback_2,none
lookback_2,lookback,run,majority,test,10,all,2,10,"0.0,1.0,5.0",0,calibration.bin_0.confidence_gap,0.0,experiments/lookback_2,none
lookback_2,lookback,run,majority,test,10,all,2,10,"0.0,1.0,5.0",0,calibration.bin_1.count,0.0,experiments/lookback_2,none
lookback_2,lookback,run,majority,test,10,all,2,10,"0.0,1.0,5.0",0,calibration.bin_1.mean_confidence,0.15,experiments/lookback_2,none
lookback_2,lookback,run,majority,test,10,all,2,10,"0.0,1.0,5.0",0,calibration.bin_1.accuracy,0.0,experiments/lookback_2,none
lookback_2,lookback,run,majority,test,10,all,2,10,"0.0,1.0,5.0",0,calibration.bin_1.confidence_gap,0.0,experiments/lookback_2,none
lookback_2,lookback,run,majority,test,10,all,2,10,"0.0,1.0,5.0",0,calibration.bin_2.count,0.0,experiments/lookback_2,none
lookback_2,lookback,run,majority,test,10,all,2,10,"0.0,1.0,5.0",0,calibration.bin_2.mean_confidence,0.25,experiments/lookback_2,none
lookback_2,lookback,run,majority,test,10,all,2,10,"0.0,1.0,5.0",0,calibration.bin_2.accuracy,0.0,experiments/lookback_2,none
lookback_2,lookback,run,majority,test,10,all,2,10,"0.0,1.0,5.0",0,calibration.bin_2.confidence_gap,0.0,experiments/lookback_2,none
lookback_2,lookback,run,majority,test,10,all,2,10,"0.0,1.0,5.0",0,calibration.bin_3.count,0.0,experiments/lookback_2,none
lookback_2,lookback,run,majority,test,10,all,2,10,"0.0,1.0,5.0",0,calibration.bin_3.mean_confidence,0.35,experiments/lookback_2,none
lookback_2,lookback,run,majority,test,10,all,2,10,"0.0,1.0,5.0",0,calibration.bin_3.accuracy,0.0,experiments/lookback_2,none
lookback_2,lookback,run,majority,test,10,all,2,10,"0.0,1.0,5.0",0,calibration.bin_3.confidence_gap,0.0,experiments/lookback_2,none
lookback_2,lookback,run,majority,test,10,all,2,10,"0.0,1.0,5.0",0,calibration.bin_4.count,0.0,experiments/lookback_2,none
lookback_2,lookback,run,majority,test,10,all,2,10,"0.0,1.0,5.0",0,calibration.bin_4.mean_confidence,0.45,experiments/lookback_2,none
lookback_2,lookback,run,majority,test,10,all,2,10,"0.0,1.0,5.0",0,calibration.bin_4.accuracy,0.0,experiments/lookback_2,none
lookback_2,lookback,run,majority,test,10,all,2,10,"0.0,1.0,5.0",0,calibration.bin_4.confidence_gap,0.0,experiments/lookback_2,none
lookback_2,lookback,run,majority,test,10,all,2,10,"0.0,1.0,5.0",0,calibration.bin_5.count,0.0,experiments/lookback_2,none
lookback_2,lookback,run,majority,test,10,all,2,10,"0.0,1.0,5.0",0,calibration.bin_5.mean_confidence,0.55,experiments/lookback_2,none
lookback_2,lookback,run,majority,test,10,all,2,10,"0.0,1.0,5.0",0,calibration.bin_5.accuracy,0.0,experiments/lookback_2,none
lookback_2,lookback,run,majority,test,10,all,2,10,"0.0,1.0,5.0",0,calibration.bin_5.confidence_gap,0.0,experiments/lookback_2,none
lookback_2,lookback,run,majority,test,10,all,2,10,"0.0,1.0,5.0",0,calibration.bin_6.count,11686.0,experiments/lookback_2,none
lookback_2,lookback,run,majority,test,10,all,2,10,"0.0,1.0,5.0",0,calibration.bin_6.mean_confidence,0.6029411764705882,experiments/lookback_2,none
lookback_2,lookback,run,majority,test,10,all,2,10,"0.0,1.0,5.0",0,calibration.bin_6.accuracy,0.6286154372753723,experiments/lookback_2,none
lookback_2,lookback,run,majority,test,10,all,2,10,"0.0,1.0,5.0",0,calibration.bin_6.confidence_gap,0.025674260804784,experiments/lookback_2,none
lookback_2,lookback,run,majority,test,10,all,2,10,"0.0,1.0,5.0",0,calibration.bin_7.count,0.0,experiments/lookback_2,none
lookback_2,lookback,run,majority,test,10,all,2,10,"0.0,1.0,5.0",0,calibration.bin_7.mean_confidence,0.75,experiments/lookback_2,none
lookback_2,lookback,run,majority,test,10,all,2,10,"0.0,1.0,5.0",0,calibration.bin_7.accuracy,0.0,experiments/lookback_2,none
lookback_2,lookback,run,majority,test,10,all,2,10,"0.0,1.0,5.0",0,calibration.bin_7.confidence_gap,0.0,experiments/lookback_2,none
lookback_2,lookback,run,majority,test,10,all,2,10,"0.0,1.0,5.0",0,calibration.bin_8.count,0.0,experiments/lookback_2,none
lookback_2,lookback,run,majority,test,10,all,2,10,"0.0,1.0,5.0",0,calibration.bin_8.mean_confidence,0.8500000000000001,experiments/lookback_2,none
lookback_2,lookback,run,majority,test,10,all,2,10,"0.0,1.0,5.0",0,calibration.bin_8.accuracy,0.0,experiments/lookback_2,none
lookback_2,lookback,run,majority,test,10,all,2,10,"0.0,1.0,5.0",0,calibration.bin_8.confidence_gap,0.0,experiments/lookback_2,none
lookback_2,lookback,run,majority,test,10,all,2,10,"0.0,1.0,5.0",0,calibration.bin_9.count,0.0,experiments/lookback_2,none
lookback_2,lookback,run,majority,test,10,all,2,10,"0.0,1.0,5.0",0,calibration.bin_9.mean_confidence,0.95,experiments/lookback_2,none
lookback_2,lookback,run,majority,test,10,all,2,10,"0.0,1.0,5.0",0,calibration.bin_9.accuracy,0.0,experiments/lookback_2,none
lookback_2,lookback,run,majority,test,10,all,2,10,"0.0,1.0,5.0",0,calibration.bin_9.confidence_gap,0.0,experiments/lookback_2,none
lookback_2,lookback,run,logistic,test,10,all,2,10,"0.0,1.0,5.0",0,calibration.bin_0.count,0.0,experiments/lookback_2,none
lookback_2,lookback,run,logistic,test,10,all,2,10,"0.0,1.0,5.0",0,calibration.bin_0.mean_confidence,0.05,experiments/lookback_2,none
lookback_2,lookback,run,logistic,test,10,all,2,10,"0.0,1.0,5.0",0,calibration.bin_0.accuracy,0.0,experiments/lookback_2,none
lookback_2,lookback,run,logistic,test,10,all,2,10,"0.0,1.0,5.0",0,calibration.bin_0.confidence_gap,0.0,experiments/lookback_2,none
lookback_2,lookback,run,logistic,test,10,all,2,10,"0.0,1.0,5.0",0,calibration.bin_1.count,0.0,experiments/lookback_2,none
lookback_2,lookback,run,logistic,test,10,all,2,10,"0.0,1.0,5.0",0,calibration.bin_1.mean_confidence,0.15,experiments/lookback_2,none
lookback_2,lookback,run,logistic,test,10,all,2,10,"0.0,1.0,5.0",0,calibration.bin_1.accuracy,0.0,experiments/lookback_2,none
lookback_2,lookback,run,logistic,test,10,all,2,10,"0.0,1.0,5.0",0,calibration.bin_1.confidence_gap,0.0,experiments/lookback_2,none
lookback_2,lookback,run,logistic,test,10,all,2,10,"0.0,1.0,5.0",0,calibration.bin_2.count,0.0,experiments/lookback_2,none
lookback_2,lookback,run,logistic,test,10,all,2,10,"0.0,1.0,5.0",0,calibration.bin_2.mean_confidence,0.25,experiments/lookback_2,none
lookback_2,lookback,run,logistic,test,10,all,2,10,"0.0,1.0,5.0",0,calibration.bin_2.accuracy,0.0,experiments/lookback_2,none
lookback_2,lookback,run,logistic,test,10,all,2,10,"0.0,1.0,5.0",0,calibration.bin_2.confidence_gap,0.0,experiments/lookback_2,none
lookback_2,lookback,run,logistic,test,10,all,2,10,"0.0,1.0,5.0",0,calibration.bin_3.count,496.0,experiments/lookback_2,none
lookback_2,lookback,run,logistic,test,10,all,2,10,"0.0,1.0,5.0",0,calibration.bin_3.mean_confidence,0.378542820211792,experiments/lookback_2,none
lookback_2,lookback,run,logistic,test,10,all,2,10,"0.0,1.0,5.0",0,calibration.bin_3.accuracy,0.3508064516129032,experiments/lookback_2,none
lookback_2,lookback,run,logistic,test,10,all,2,10,"0.0,1.0,5.0",0,calibration.bin_3.confidence_gap,0.0277363685988887,experiments/lookback_2,none
lookback_2,lookback,run,logistic,test,10,all,2,10,"0.0,1.0,5.0",0,calibration.bin_4.count,2501.0,experiments/lookback_2,none
lookback_2,lookback,run,logistic,test,10,all,2,10,"0.0,1.0,5.0",0,calibration.bin_4.mean_confidence,0.4563493231015716,experiments/lookback_2,none
lookback_2,lookback,run,logistic,test,10,all,2,10,"0.0,1.0,5.0",0,calibration.bin_4.accuracy,0.4814074370251899,experiments/lookback_2,none
lookback_2,lookback,run,logistic,test,10,all,2,10,"0.0,1.0,5.0",0,calibration.bin_4.confidence_gap,0.0250581139236182,experiments/lookback_2,none
lookback_2,lookback,run,logistic,test,10,all,2,10,"0.0,1.0,5.0",0,calibration.bin_5.count,3556.0,experiments/lookback_2,none
lookback_2,lookback,run,logistic,test,10,all,2,10,"0.0,1.0,5.0",0,calibration.bin_5.mean_confidence,0.5515976077339129,experiments/lookback_2,none
lookback_2,lookback,run,logistic,test,10,all,2,10,"0.0,1.0,5.0",0,calibration.bin_5.accuracy,0.6105174353205849,experiments/lookback_2,none
lookback_2,lookback,run,logistic,test,10,all,2,10,"0.0,1.0,5.0",0,calibration.bin_5.confidence_gap,0.058919827586672,experiments/lookback_2,none
lookback_2,lookback,run,logistic,test,10,all,2,10,"0.0,1.0,5.0",0,calibration.bin_6.count,2830.0,experiments/lookback_2,none
lookback_2,lookback,run,logistic,test,10,all,2,10,"0.0,1.0,5.0",0,calibration.bin_6.mean_confidence,0.6489150854487953,experiments/lookback_2,none
lookback_2,lookback,run,logistic,test,10,all,2,10,"0.0,1.0,5.0",0,calibration.bin_6.accuracy,0.7098939929328622,experiments/lookback_2,none
lookback_2,lookback,run,logistic,test,10,all,2,10,"0.0,1.0,5.0",0,calibration.bin_6.confidence_gap,0.0609789074840668,experiments/lookback_2,none
lookback_2,lookback,run,logistic,test,10,all,2,10,"0.0,1.0,5.0",0,calibration.bin_7.count,2001.0,experiments/lookback_2,none
lookback_2,lookback,run,logistic,test,10,all,2,10,"0.0,1.0,5.0",0,calibration.bin_7.mean_confidence,0.7431874134563505,experiments/lookback_2,none
lookback_2,lookback,run,logistic,test,10,all,2,10,"0.0,1.0,5.0",0,calibration.bin_7.accuracy,0.7456271864067966,experiments/lookback_2,none
lookback_2,lookback,run,logistic,test,10,all,2,10,"0.0,1.0,5.0",0,calibration.bin_7.confidence_gap,0.002439772950446,experiments/lookback_2,none
lookback_2,lookback,run,logistic,test,10,all,2,10,"0.0,1.0,5.0",0,calibration.bin_8.count,292.0,experiments/lookback_2,none
lookback_2,lookback,run,logistic,test,10,all,2,10,"0.0,1.0,5.0",0,calibration.bin_8.mean_confidence,0.8271102484332379,experiments/lookback_2,none
lookback_2,lookback,run,logistic,test,10,all,2,10,"0.0,1.0,5.0",0,calibration.bin_8.accuracy,0.7808219178082192,experiments/lookback_2,none
lookback_2,lookback,run,logistic,test,10,all,2,10,"0.0,1.0,5.0",0,calibration.bin_8.confidence_gap,0.0462883306250186,experiments/lookback_2,none
lookback_2,lookback,run,logistic,test,10,all,2,10,"0.0,1.0,5.0",0,calibration.bin_9.count,10.0,experiments/lookback_2,none
lookback_2,lookback,run,logistic,test,10,all,2,10,"0.0,1.0,5.0",0,calibration.bin_9.mean_confidence,0.9506969897535475,experiments/lookback_2,none
lookback_2,lookback,run,logistic,test,10,all,2,10,"0.0,1.0,5.0",0,calibration.bin_9.accuracy,0.6,experiments/lookback_2,none
lookback_2,lookback,run,logistic,test,10,all,2,10,"0.0,1.0,5.0",0,calibration.bin_9.confidence_gap,0.3506969897535475,experiments/lookback_2,none
lookback_2,lookback,run,deeplob_style,test,10,all,2,10,"0.0,1.0,5.0",0,calibration.bin_0.count,0.0,experiments/lookback_2,none
lookback_2,lookback,run,deeplob_style,test,10,all,2,10,"0.0,1.0,5.0",0,calibration.bin_0.mean_confidence,0.05,experiments/lookback_2,none
lookback_2,lookback,run,deeplob_style,test,10,all,2,10,"0.0,1.0,5.0",0,calibration.bin_0.accuracy,0.0,experiments/lookback_2,none
lookback_2,lookback,run,deeplob_style,test,10,all,2,10,"0.0,1.0,5.0",0,calibration.bin_0.confidence_gap,0.0,experiments/lookback_2,none
lookback_2,lookback,run,deeplob_style,test,10,all,2,10,"0.0,1.0,5.0",0,calibration.bin_1.count,0.0,experiments/lookback_2,none
lookback_2,lookback,run,deeplob_style,test,10,all,2,10,"0.0,1.0,5.0",0,calibration.bin_1.mean_confidence,0.15,experiments/lookback_2,none
lookback_2,lookback,run,deeplob_style,test,10,all,2,10,"0.0,1.0,5.0",0,calibration.bin_1.accuracy,0.0,experiments/lookback_2,none
lookback_2,lookback,run,deeplob_style,test,10,all,2,10,"0.0,1.0,5.0",0,calibration.bin_1.confidence_gap,0.0,experiments/lookback_2,none
lookback_2,lookback,run,deeplob_style,test,10,all,2,10,"0.0,1.0,5.0",0,calibration.bin_2.count,0.0,experiments/lookback_2,none
lookback_2,lookback,run,deeplob_style,test,10,all,2,10,"0.0,1.0,5.0",0,calibration.bin_2.mean_confidence,0.25,experiments/lookback_2,none
lookback_2,lookback,run,deeplob_style,test,10,all,2,10,"0.0,1.0,5.0",0,calibration.bin_2.accuracy,0.0,experiments/lookback_2,none
lookback_2,lookback,run,deeplob_style,test,10,all,2,10,"0.0,1.0,5.0",0,calibration.bin_2.confidence_gap,0.0,experiments/lookback_2,none
lookback_2,lookback,run,deeplob_style,test,10,all,2,10,"0.0,1.0,5.0",0,calibration.bin_3.count,70.0,experiments/lookback_2,none
lookback_2,lookback,run,deeplob_style,test,10,all,2,10,"0.0,1.0,5.0",0,calibration.bin_3.mean_confidence,0.3816218378097754,experiments/lookback_2,none
lookback_2,lookback,run,deeplob_style,test,10,all,2,10,"0.0,1.0,5.0",0,calibration.bin_3.accuracy,0.3571428571428571,experiments/lookback_2,none
lookback_2,lookback,run,deeplob_style,test,10,all,2,10,"0.0,1.0,5.0",0,calibration.bin_3.confidence_gap,0.0244789806669182,experiments/lookback_2,none
lookback_2,lookback,run,deeplob_style,test,10,all,2,10,"0.0,1.0,5.0",0,calibration.bin_4.count,487.0,experiments/lookback_2,none
lookback_2,lookback,run,deeplob_style,test,10,all,2,10,"0.0,1.0,5.0",0,calibration.bin_4.mean_confidence,0.4569161543685833,experiments/lookback_2,none
lookback_2,lookback,run,deeplob_style,test,10,all,2,10,"0.0,1.0,5.0",0,calibration.bin_4.accuracy,0.4229979466119096,experiments/lookback_2,none
lookback_2,lookback,run,deeplob_style,test,10,all,2,10,"0.0,1.0,5.0",0,calibration.bin_4.confidence_gap,0.0339182077566736,experiments/lookback_2,none
lookback_2,lookback,run,deeplob_style,test,10,all,2,10,"0.0,1.0,5.0",0,calibration.bin_5.count,1581.0,experiments/lookback_2,none
lookback_2,lookback,run,deeplob_style,test,10,all,2,10,"0.0,1.0,5.0",0,calibration.bin_5.mean_confidence,0.5566058841025969,experiments/lookback_2,none
lookback_2,lookback,run,deeplob_style,test,10,all,2,10,"0.0,1.0,5.0",0,calibration.bin_5.accuracy,0.5205566097406704,experiments/lookback_2,none
lookback_2,lookback,run,deeplob_style,test,10,all,2,10,"0.0,1.0,5.0",0,calibration.bin_5.confidence_gap,0.0360492743619265,experiments/lookback_2,none
lookback_2,lookback,run,deeplob_style,test,10,all,2,10,"0.0,1.0,5.0",0,calibration.bin_6.count,6906.0,experiments/lookback_2,none
lookback_2,lookback,run,deeplob_style,test,10,all,2,10,"0.0,1.0,5.0",0,calibration.bin_6.mean_confidence,0.6390056631627443,experiments/lookback_2,none
lookback_2,lookback,run,deeplob_style,test,10,all,2,10,"0.0,1.0,5.0",0,calibration.bin_6.accuracy,0.6947581812916305,experiments/lookback_2,none
lookback_2,lookback,run,deeplob_style,test,10,all,2,10,"0.0,1.0,5.0",0,calibration.bin_6.confidence_gap,0.0557525181288861,experiments/lookback_2,none
lookback_2,lookback,run,deeplob_style,test,10,all,2,10,"0.0,1.0,5.0",0,calibration.bin_7.count,1180.0,experiments/lookback_2,none
lookback_2,lookback,run,deeplob_style,test,10,all,2,10,"0.0,1.0,5.0",0,calibration.bin_7.mean_confidence,0.7447043818434173,experiments/lookback_2,none
lookback_2,lookback,run,deeplob_style,test,10,all,2,10,"0.0,1.0,5.0",0,calibration.bin_7.accuracy,0.7483050847457627,experiments/lookback_2,none
lookback_2,lookback,run,deeplob_style,test,10,all,2,10,"0.0,1.0,5.0",0,calibration.bin_7.confidence_gap,0.0036007029023454,experiments/lookback_2,none
lookback_2,lookback,run,deeplob_style,test,10,all,2,10,"0.0,1.0,5.0",0,calibration.bin_8.count,1148.0,experiments/lookback_2,none
lookback_2,lookback,run,deeplob_style,test,10,all,2,10,"0.0,1.0,5.0",0,calibration.bin_8.mean_confidence,0.8569573236835226,experiments/lookback_2,none
lookback_2,lookback,run,deeplob_style,test,10,all,2,10,"0.0,1.0,5.0",0,calibration.bin_8.accuracy,0.828397212543554,experiments/lookback_2,none
lookback_2,lookback,run,deeplob_style,test,10,all,2,10,"0.0,1.0,5.0",0,calibration.bin_8.confidence_gap,0.0285601111399685,experiments/lookback_2,none
lookback_2,lookback,run,deeplob_style,test,10,all,2,10,"0.0,1.0,5.0",0,calibration.bin_9.count,313.0,experiments/lookback_2,none
lookback_2,lookback,run,deeplob_style,test,10,all,2,10,"0.0,1.0,5.0",0,calibration.bin_9.mean_confidence,0.920882187839761,experiments/lookback_2,none
lookback_2,lookback,run,deeplob_style,test,10,all,2,10,"0.0,1.0,5.0",0,calibration.bin_9.accuracy,0.926517571884984,experiments/lookback_2,none
lookback_2,lookback,run,deeplob_style,test,10,all,2,10,"0.0,1.0,5.0",0,calibration.bin_9.confidence_gap,0.0056353840452231,experiments/lookback_2,none
lookback_2,lookback,run,majority,test,10,all,2,10,0.0,0,execution.eligible_predictions@confidence_threshold=0,11676.0,experiments/lookback_2,none
lookback_2,lookback,run,majority,test,10,all,2,10,0.0,0,execution.trade_count_proxy@confidence_threshold=0,11676.0,experiments/lookback_2,none
lookback_2,lookback,run,majority,test,10,all,2,10,0.0,0,execution.turnover_proxy@confidence_threshold=0,11676.0,experiments/lookback_2,none
lookback_2,lookback,run,majority,test,10,all,2,10,0.0,0,execution.gross_signal_return_proxy@confidence_threshold=0,-0.4374632647694284,experiments/lookback_2,none
lookback_2,lookback,run,majority,test,10,all,2,10,0.0,0,execution.cost_proxy@confidence_threshold=0,0.0,experiments/lookback_2,none
lookback_2,lookback,run,majority,test,10,all,2,10,0.0,0,execution.net_signal_return_proxy@confidence_threshold=0,-0.4374632647694284,experiments/lookback_2,none
lookback_2,lookback,run,majority,test,10,all,2,10,0.0,0,execution.hit_rate_proxy@confidence_threshold=0,0.6286399451867077,experiments/lookback_2,none
lookback_2,lookback,run,majority,test,10,all,2,10,1.0,0,execution.eligible_predictions@confidence_threshold=0,11676.0,experiments/lookback_2,none
lookback_2,lookback,run,majority,test,10,all,2,10,1.0,0,execution.trade_count_proxy@confidence_threshold=0,11676.0,experiments/lookback_2,none
lookback_2,lookback,run,majority,test,10,all,2,10,1.0,0,execution.turnover_proxy@confidence_threshold=0,11676.0,experiments/lookback_2,none
lookback_2,lookback,run,majority,test,10,all,2,10,1.0,0,execution.gross_signal_return_proxy@confidence_threshold=0,-0.4374632647694284,experiments/lookback_2,none
lookback_2,lookback,run,majority,test,10,all,2,10,1.0,0,execution.cost_proxy@confidence_threshold=0,1.0,experiments/lookback_2,none
lookback_2,lookback,run,majority,test,10,all,2,10,1.0,0,execution.net_signal_return_proxy@confidence_threshold=0,-1.4374632647694283,experiments/lookback_2,none
lookback_2,lookback,run,majority,test,10,all,2,10,1.0,0,execution.hit_rate_proxy@confidence_threshold=0,0.6286399451867077,experiments/lookback_2,none
lookback_2,lookback,run,majority,test,10,all,2,10,5.0,0,execution.eligible_predictions@confidence_threshold=0,11676.0,experiments/lookback_2,none
lookback_2,lookback,run,majority,test,10,all,2,10,5.0,0,execution.trade_count_proxy@confidence_threshold=0,11676.0,experiments/lookback_2,none
lookback_2,lookback,run,majority,test,10,all,2,10,5.0,0,execution.turnover_proxy@confidence_threshold=0,11676.0,experiments/lookback_2,none
lookback_2,lookback,run,majority,test,10,all,2,10,5.0,0,execution.gross_signal_return_proxy@confidence_threshold=0,-0.4374632647694284,experiments/lookback_2,none
lookback_2,lookback,run,majority,test,10,all,2,10,5.0,0,execution.cost_proxy@confidence_threshold=0,5.0,experiments/lookback_2,none
lookback_2,lookback,run,majority,test,10,all,2,10,5.0,0,execution.net_signal_return_proxy@confidence_threshold=0,-5.437463264769429,experiments/lookback_2,none
lookback_2,lookback,run,majority,test,10,all,2,10,5.0,0,execution.hit_rate_proxy@confidence_threshold=0,0.6286399451867077,experiments/lookback_2,none
lookback_2,lookback,run,majority,test,10,all,2,10,0.0,0,execution.eligible_predictions@confidence_threshold=0.5,11676.0,experiments/lookback_2,none
lookback_2,lookback,run,majority,test,10,all,2,10,0.0,0,execution.trade_count_proxy@confidence_threshold=0.5,11676.0,experiments/lookback_2,none
lookback_2,lookback,run,majority,test,10,all,2,10,0.0,0,execution.turnover_proxy@confidence_threshold=0.5,11676.0,experiments/lookback_2,none
lookback_2,lookback,run,majority,test,10,all,2,10,0.0,0,execution.gross_signal_return_proxy@confidence_threshold=0.5,-0.4374632647694284,experiments/lookback_2,none
lookback_2,lookback,run,majority,test,10,all,2,10,0.0,0,execution.cost_proxy@confidence_threshold=0.5,0.0,experiments/lookback_2,none
lookback_2,lookback,run,majority,test,10,all,2,10,0.0,0,execution.net_signal_return_proxy@confidence_threshold=0.5,-0.4374632647694284,experiments/lookback_2,none
lookback_2,lookback,run,majority,test,10,all,2,10,0.0,0,execution.hit_rate_proxy@confidence_threshold=0.5,0.6286399451867077,experiments/lookback_2,none
lookback_2,lookback,run,majority,test,10,all,2,10,1.0,0,execution.eligible_predictions@confidence_threshold=0.5,11676.0,experiments/lookback_2,none
lookback_2,lookback,run,majority,test,10,all,2,10,1.0,0,execution.trade_count_proxy@confidence_threshold=0.5,11676.0,experiments/lookback_2,none
lookback_2,lookback,run,majority,test,10,all,2,10,1.0,0,execution.turnover_proxy@confidence_threshold=0.5,11676.0,experiments/lookback_2,none
lookback_2,lookback,run,majority,test,10,all,2,10,1.0,0,execution.gross_signal_return_proxy@confidence_threshold=0.5,-0.4374632647694284,experiments/lookback_2,none
lookback_2,lookback,run,majority,test,10,all,2,10,1.0,0,execution.cost_proxy@confidence_threshold=0.5,1.0,experiments/lookback_2,none
lookback_2,lookback,run,majority,test,10,all,2,10,1.0,0,execution.net_signal_return_proxy@confidence_threshold=0.5,-1.4374632647694283,experiments/lookback_2,none
lookback_2,lookback,run,majority,test,10,all,2,10,1.0,0,execution.hit_rate_proxy@confidence_threshold=0.5,0.6286399451867077,experiments/lookback_2,none
lookback_2,lookback,run,majority,test,10,all,2,10,5.0,0,execution.eligible_predictions@confidence_threshold=0.5,11676.0,experiments/lookback_2,none
lookback_2,lookback,run,majority,test,10,all,2,10,5.0,0,execution.trade_count_proxy@confidence_threshold=0.5,11676.0,experiments/lookback_2,none
lookback_2,lookback,run,majority,test,10,all,2,10,5.0,0,execution.turnover_proxy@confidence_threshold=0.5,11676.0,experiments/lookback_2,none
lookback_2,lookback,run,majority,test,10,all,2,10,5.0,0,execution.gross_signal_return_proxy@confidence_threshold=0.5,-0.4374632647694284,experiments/lookback_2,none
lookback_2,lookback,run,majority,test,10,all,2,10,5.0,0,execution.cost_proxy@confidence_threshold=0.5,5.0,experiments/lookback_2,none
lookback_2,lookback,run,majority,test,10,all,2,10,5.0,0,execution.net_signal_return_proxy@confidence_threshold=0.5,-5.437463264769429,experiments/lookback_2,none
lookback_2,lookback,run,majority,test,10,all,2,10,5.0,0,execution.hit_rate_proxy@confidence_threshold=0.5,0.6286399451867077,experiments/lookback_2,none
lookback_2,lookback,run,majority,test,10,all,2,10,0.0,0,execution.eligible_predictions@confidence_threshold=0.6,11676.0,experiments/lookback_2,none
lookback_2,lookback,run,majority,test,10,all,2,10,0.0,0,execution.trade_count_proxy@confidence_threshold=0.6,11676.0,experiments/lookback_2,none
lookback_2,lookback,run,majority,test,10,all,2,10,0.0,0,execution.turnover_proxy@confidence_threshold=0.6,11676.0,experiments/lookback_2,none
lookback_2,lookback,run,majority,test,10,all,2,10,0.0,0,execution.gross_signal_return_proxy@confidence_threshold=0.6,-0.4374632647694284,experiments/lookback_2,none
lookback_2,lookback,run,majority,test,10,all,2,10,0.0,0,execution.cost_proxy@confidence_threshold=0.6,0.0,experiments/lookback_2,none
lookback_2,lookback,run,majority,test,10,all,2,10,0.0,0,execution.net_signal_return_proxy@confidence_threshold=0.6,-0.4374632647694284,experiments/lookback_2,none
lookback_2,lookback,run,majority,test,10,all,2,10,0.0,0,execution.hit_rate_proxy@confidence_threshold=0.6,0.6286399451867077,experiments/lookback_2,none
lookback_2,lookback,run,majority,test,10,all,2,10,1.0,0,execution.eligible_predictions@confidence_threshold=0.6,11676.0,experiments/lookback_2,none
lookback_2,lookback,run,majority,test,10,all,2,10,1.0,0,execution.trade_count_proxy@confidence_threshold=0.6,11676.0,experiments/lookback_2,none
lookback_2,lookback,run,majority,test,10,all,2,10,1.0,0,execution.turnover_proxy@confidence_threshold=0.6,11676.0,experiments/lookback_2,none
lookback_2,lookback,run,majority,test,10,all,2,10,1.0,0,execution.gross_signal_return_proxy@confidence_threshold=0.6,-0.4374632647694284,experiments/lookback_2,none
lookback_2,lookback,run,majority,test,10,all,2,10,1.0,0,execution.cost_proxy@confidence_threshold=0.6,1.0,experiments/lookback_2,none
lookback_2,lookback,run,majority,test,10,all,2,10,1.0,0,execution.net_signal_return_proxy@confidence_threshold=0.6,-1.4374632647694283,experiments/lookback_2,none
lookback_2,lookback,run,majority,test,10,all,2,10,1.0,0,execution.hit_rate_proxy@confidence_threshold=0.6,0.6286399451867077,experiments/lookback_2,none
lookback_2,lookback,run,majority,test,10,all,2,10,5.0,0,execution.eligible_predictions@confidence_threshold=0.6,11676.0,experiments/lookback_2,none
lookback_2,lookback,run,majority,test,10,all,2,10,5.0,0,execution.trade_count_proxy@confidence_threshold=0.6,11676.0,experiments/lookback_2,none
lookback_2,lookback,run,majority,test,10,all,2,10,5.0,0,execution.turnover_proxy@confidence_threshold=0.6,11676.0,experiments/lookback_2,none
lookback_2,lookback,run,majority,test,10,all,2,10,5.0,0,execution.gross_signal_return_proxy@confidence_threshold=0.6,-0.4374632647694284,experiments/lookback_2,none
lookback_2,lookback,run,majority,test,10,all,2,10,5.0,0,execution.cost_proxy@confidence_threshold=0.6,5.0,experiments/lookback_2,none
lookback_2,lookback,run,majority,test,10,all,2,10,5.0,0,execution.net_signal_return_proxy@confidence_threshold=0.6,-5.437463264769429,experiments/lookback_2,none
lookback_2,lookback,run,majority,test,10,all,2,10,5.0,0,execution.hit_rate_proxy@confidence_threshold=0.6,0.6286399451867077,experiments/lookback_2,none
lookback_2,lookback,run,majority,test,10,all,2,10,0.0,0,execution.eligible_predictions@confidence_threshold=0.7,0.0,experiments/lookback_2,none
lookback_2,lookback,run,majority,test,10,all,2,10,0.0,0,execution.trade_count_proxy@confidence_threshold=0.7,0.0,experiments/lookback_2,none
lookback_2,lookback,run,majority,test,10,all,2,10,0.0,0,execution.turnover_proxy@confidence_threshold=0.7,0.0,experiments/lookback_2,none
lookback_2,lookback,run,majority,test,10,all,2,10,0.0,0,execution.gross_signal_return_proxy@confidence_threshold=0.7,0.0,experiments/lookback_2,none
lookback_2,lookback,run,majority,test,10,all,2,10,0.0,0,execution.cost_proxy@confidence_threshold=0.7,0.0,experiments/lookback_2,none
lookback_2,lookback,run,majority,test,10,all,2,10,0.0,0,execution.net_signal_return_proxy@confidence_threshold=0.7,0.0,experiments/lookback_2,none
lookback_2,lookback,run,majority,test,10,all,2,10,0.0,0,execution.hit_rate_proxy@confidence_threshold=0.7,0.0,experiments/lookback_2,none
lookback_2,lookback,run,majority,test,10,all,2,10,1.0,0,execution.eligible_predictions@confidence_threshold=0.7,0.0,experiments/lookback_2,none
lookback_2,lookback,run,majority,test,10,all,2,10,1.0,0,execution.trade_count_proxy@confidence_threshold=0.7,0.0,experiments/lookback_2,none
lookback_2,lookback,run,majority,test,10,all,2,10,1.0,0,execution.turnover_proxy@confidence_threshold=0.7,0.0,experiments/lookback_2,none
lookback_2,lookback,run,majority,test,10,all,2,10,1.0,0,execution.gross_signal_return_proxy@confidence_threshold=0.7,0.0,experiments/lookback_2,none
lookback_2,lookback,run,majority,test,10,all,2,10,1.0,0,execution.cost_proxy@confidence_threshold=0.7,0.0,experiments/lookback_2,none
lookback_2,lookback,run,majority,test,10,all,2,10,1.0,0,execution.net_signal_return_proxy@confidence_threshold=0.7,0.0,experiments/lookback_2,none
lookback_2,lookback,run,majority,test,10,all,2,10,1.0,0,execution.hit_rate_proxy@confidence_threshold=0.7,0.0,experiments/lookback_2,none
lookback_2,lookback,run,majority,test,10,all,2,10,5.0,0,execution.eligible_predictions@confidence_threshold=0.7,0.0,experiments/lookback_2,none
lookback_2,lookback,run,majority,test,10,all,2,10,5.0,0,execution.trade_count_proxy@confidence_threshold=0.7,0.0,experiments/lookback_2,none
lookback_2,lookback,run,majority,test,10,all,2,10,5.0,0,execution.turnover_proxy@confidence_threshold=0.7,0.0,experiments/lookback_2,none
lookback_2,lookback,run,majority,test,10,all,2,10,5.0,0,execution.gross_signal_return_proxy@confidence_threshold=0.7,0.0,experiments/lookback_2,none
lookback_2,lookback,run,majority,test,10,all,2,10,5.0,0,execution.cost_proxy@confidence_threshold=0.7,0.0,experiments/lookback_2,none
lookback_2,lookback,run,majority,test,10,all,2,10,5.0,0,execution.net_signal_return_proxy@confidence_threshold=0.7,0.0,experiments/lookback_2,none
lookback_2,lookback,run,majority,test,10,all,2,10,5.0,0,execution.hit_rate_proxy@confidence_threshold=0.7,0.0,experiments/lookback_2,none
lookback_2,lookback,run,logistic,test,10,all,2,10,0.0,0,execution.eligible_predictions@confidence_threshold=0,11676.0,experiments/lookback_2,none
lookback_2,lookback,run,logistic,test,10,all,2,10,0.0,0,execution.trade_count_proxy@confidence_threshold=0,10845.0,experiments/lookback_2,none
lookback_2,lookback,run,logistic,test,10,all,2,10,0.0,0,execution.turnover_proxy@confidence_threshold=0,10845.0,experiments/lookback_2,none
lookback_2,lookback,run,logistic,test,10,all,2,10,0.0,0,execution.gross_signal_return_proxy@confidence_threshold=0,-0.4286252710396254,experiments/lookback_2,none
lookback_2,lookback,run,logistic,test,10,all,2,10,0.0,0,execution.cost_proxy@confidence_threshold=0,0.0,experiments/lookback_2,none
lookback_2,lookback,run,logistic,test,10,all,2,10,0.0,0,execution.net_signal_return_proxy@confidence_threshold=0,-0.4286252710396254,experiments/lookback_2,none
lookback_2,lookback,run,logistic,test,10,all,2,10,0.0,0,execution.hit_rate_proxy@confidence_threshold=0,0.6233299075025693,experiments/lookback_2,none
lookback_2,lookback,run,logistic,test,10,all,2,10,1.0,0,execution.eligible_predictions@confidence_threshold=0,11676.0,experiments/lookback_2,none
lookback_2,lookback,run,logistic,test,10,all,2,10,1.0,0,execution.trade_count_proxy@confidence_threshold=0,10845.0,experiments/lookback_2,none
lookback_2,lookback,run,logistic,test,10,all,2,10,1.0,0,execution.turnover_proxy@confidence_threshold=0,10845.0,experiments/lookback_2,none
lookback_2,lookback,run,logistic,test,10,all,2,10,1.0,0,execution.gross_signal_return_proxy@confidence_threshold=0,-0.4286252710396254,experiments/lookback_2,none
lookback_2,lookback,run,logistic,test,10,all,2,10,1.0,0,execution.cost_proxy@confidence_threshold=0,1.0,experiments/lookback_2,none
lookback_2,lookback,run,logistic,test,10,all,2,10,1.0,0,execution.net_signal_return_proxy@confidence_threshold=0,-1.4286252710396254,experiments/lookback_2,none
lookback_2,lookback,run,logistic,test,10,all,2,10,1.0,0,execution.hit_rate_proxy@confidence_threshold=0,0.6233299075025693,experiments/lookback_2,none
lookback_2,lookback,run,logistic,test,10,all,2,10,5.0,0,execution.eligible_predictions@confidence_threshold=0,11676.0,experiments/lookback_2,none
lookback_2,lookback,run,logistic,test,10,all,2,10,5.0,0,execution.trade_count_proxy@confidence_threshold=0,10845.0,experiments/lookback_2,none
lookback_2,lookback,run,logistic,test,10,all,2,10,5.0,0,execution.turnover_proxy@confidence_threshold=0,10845.0,experiments/lookback_2,none
lookback_2,lookback,run,logistic,test,10,all,2,10,5.0,0,execution.gross_signal_return_proxy@confidence_threshold=0,-0.4286252710396254,experiments/lookback_2,none
lookback_2,lookback,run,logistic,test,10,all,2,10,5.0,0,execution.cost_proxy@confidence_threshold=0,5.0,experiments/lookback_2,none
lookback_2,lookback,run,logistic,test,10,all,2,10,5.0,0,execution.net_signal_return_proxy@confidence_threshold=0,-5.428625271039626,experiments/lookback_2,none
lookback_2,lookback,run,logistic,test,10,all,2,10,5.0,0,execution.hit_rate_proxy@confidence_threshold=0,0.6233299075025693,experiments/lookback_2,none
lookback_2,lookback,run,logistic,test,10,all,2,10,0.0,0,execution.eligible_predictions@confidence_threshold=0.5,8679.0,experiments/lookback_2,none
lookback_2,lookback,run,logistic,test,10,all,2,10,0.0,0,execution.trade_count_proxy@confidence_threshold=0.5,8418.0,experiments/lookback_2,none
lookback_2,lookback,run,logistic,test,10,all,2,10,0.0,0,execution.turnover_proxy@confidence_threshold=0.5,8418.0,experiments/lookback_2,none
lookback_2,lookback,run,logistic,test,10,all,2,10,0.0,0,execution.gross_signal_return_proxy@confidence_threshold=0.5,-0.5699791713708685,experiments/lookback_2,none
lookback_2,lookback,run,logistic,test,10,all,2,10,0.0,0,execution.cost_proxy@confidence_threshold=0.5,0.0,experiments/lookback_2,none
lookback_2,lookback,run,logistic,test,10,all,2,10,0.0,0,execution.net_signal_return_proxy@confidence_threshold=0.5,-0.5699791713708685,experiments/lookback_2,none
lookback_2,lookback,run,logistic,test,10,all,2,10,0.0,0,execution.hit_rate_proxy@confidence_threshold=0.5,0.6798018204862312,experiments/lookback_2,none
lookback_2,lookback,run,logistic,test,10,all,2,10,1.0,0,execution.eligible_predictions@confidence_threshold=0.5,8679.0,experiments/lookback_2,none
lookback_2,lookback,run,logistic,test,10,all,2,10,1.0,0,execution.trade_count_proxy@confidence_threshold=0.5,8418.0,experiments/lookback_2,none
lookback_2,lookback,run,logistic,test,10,all,2,10,1.0,0,execution.turnover_proxy@confidence_threshold=0.5,8418.0,experiments/lookback_2,none
lookback_2,lookback,run,logistic,test,10,all,2,10,1.0,0,execution.gross_signal_return_proxy@confidence_threshold=0.5,-0.5699791713708685,experiments/lookback_2,none
lookback_2,lookback,run,logistic,test,10,all,2,10,1.0,0,execution.cost_proxy@confidence_threshold=0.5,1.0,experiments/lookback_2,none
lookback_2,lookback,run,logistic,test,10,all,2,10,1.0,0,execution.net_signal_return_proxy@confidence_threshold=0.5,-1.5699791713708686,experiments/lookback_2,none
lookback_2,lookback,run,logistic,test,10,all,2,10,1.0,0,execution.hit_rate_proxy@confidence_threshold=0.5,0.6798018204862312,experiments/lookback_2,none
lookback_2,lookback,run,logistic,test,10,all,2,10,5.0,0,execution.eligible_predictions@confidence_threshold=0.5,8679.0,experiments/lookback_2,none
lookback_2,lookback,run,logistic,test,10,all,2,10,5.0,0,execution.trade_count_proxy@confidence_threshold=0.5,8418.0,experiments/lookback_2,none
lookback_2,lookback,run,logistic,test,10,all,2,10,5.0,0,execution.turnover_proxy@confidence_threshold=0.5,8418.0,experiments/lookback_2,none
lookback_2,lookback,run,logistic,test,10,all,2,10,5.0,0,execution.gross_signal_return_proxy@confidence_threshold=0.5,-0.5699791713708685,experiments/lookback_2,none
lookback_2,lookback,run,logistic,test,10,all,2,10,5.0,0,execution.cost_proxy@confidence_threshold=0.5,5.0,experiments/lookback_2,none
lookback_2,lookback,run,logistic,test,10,all,2,10,5.0,0,execution.net_signal_return_proxy@confidence_threshold=0.5,-5.569979171370869,experiments/lookback_2,none
lookback_2,lookback,run,logistic,test,10,all,2,10,5.0,0,execution.hit_rate_proxy@confidence_threshold=0.5,0.6798018204862312,experiments/lookback_2,none
lookback_2,lookback,run,logistic,test,10,all,2,10,0.0,0,execution.eligible_predictions@confidence_threshold=0.6,5127.0,experiments/lookback_2,none
lookback_2,lookback,run,logistic,test,10,all,2,10,0.0,0,execution.trade_count_proxy@confidence_threshold=0.6,5018.0,experiments/lookback_2,none
lookback_2,lookback,run,logistic,test,10,all,2,10,0.0,0,execution.turnover_proxy@confidence_threshold=0.6,5018.0,experiments/lookback_2,none
lookback_2,lookback,run,logistic,test,10,all,2,10,0.0,0,execution.gross_signal_return_proxy@confidence_threshold=0.6,-0.937204108973911,experiments/lookback_2,none
lookback_2,lookback,run,logistic,test,10,all,2,10,0.0,0,execution.cost_proxy@confidence_threshold=0.6,0.0,experiments/lookback_2,none
lookback_2,lookback,run,logistic,test,10,all,2,10,0.0,0,execution.net_signal_return_proxy@confidence_threshold=0.6,-0.937204108973911,experiments/lookback_2,none
lookback_2,lookback,run,logistic,test,10,all,2,10,0.0,0,execution.hit_rate_proxy@confidence_threshold=0.6,0.7275209674273454,experiments/lookback_2,none
lookback_2,lookback,run,logistic,test,10,all,2,10,1.0,0,execution.eligible_predictions@confidence_threshold=0.6,5127.0,experiments/lookback_2,none
lookback_2,lookback,run,logistic,test,10,all,2,10,1.0,0,execution.trade_count_proxy@confidence_threshold=0.6,5018.0,experiments/lookback_2,none
lookback_2,lookback,run,logistic,test,10,all,2,10,1.0,0,execution.turnover_proxy@confidence_threshold=0.6,5018.0,experiments/lookback_2,none
lookback_2,lookback,run,logistic,test,10,all,2,10,1.0,0,execution.gross_signal_return_proxy@confidence_threshold=0.6,-0.937204108973911,experiments/lookback_2,none
lookback_2,lookback,run,logistic,test,10,all,2,10,1.0,0,execution.cost_proxy@confidence_threshold=0.6,1.0,experiments/lookback_2,none
lookback_2,lookback,run,logistic,test,10,all,2,10,1.0,0,execution.net_signal_return_proxy@confidence_threshold=0.6,-1.9372041089739112,experiments/lookback_2,none
lookback_2,lookback,run,logistic,test,10,all,2,10,1.0,0,execution.hit_rate_proxy@confidence_threshold=0.6,0.7275209674273454,experiments/lookback_2,none
lookback_2,lookback,run,logistic,test,10,all,2,10,5.0,0,execution.eligible_predictions@confidence_threshold=0.6,5127.0,experiments/lookback_2,none
lookback_2,lookback,run,logistic,test,10,all,2,10,5.0,0,execution.trade_count_proxy@confidence_threshold=0.6,5018.0,experiments/lookback_2,none
lookback_2,lookback,run,logistic,test,10,all,2,10,5.0,0,execution.turnover_proxy@confidence_threshold=0.6,5018.0,experiments/lookback_2,none
lookback_2,lookback,run,logistic,test,10,all,2,10,5.0,0,execution.gross_signal_return_proxy@confidence_threshold=0.6,-0.937204108973911,experiments/lookback_2,none
lookback_2,lookback,run,logistic,test,10,all,2,10,5.0,0,execution.cost_proxy@confidence_threshold=0.6,5.0,experiments/lookback_2,none
lookback_2,lookback,run,logistic,test,10,all,2,10,5.0,0,execution.net_signal_return_proxy@confidence_threshold=0.6,-5.937204108973911,experiments/lookback_2,none
lookback_2,lookback,run,logistic,test,10,all,2,10,5.0,0,execution.hit_rate_proxy@confidence_threshold=0.6,0.7275209674273454,experiments/lookback_2,none
lookback_2,lookback,run,logistic,test,10,all,2,10,0.0,0,execution.eligible_predictions@confidence_threshold=0.7,2300.0,experiments/lookback_2,none
lookback_2,lookback,run,logistic,test,10,all,2,10,0.0,0,execution.trade_count_proxy@confidence_threshold=0.7,2251.0,experiments/lookback_2,none
lookback_2,lookback,run,logistic,test,10,all,2,10,0.0,0,execution.turnover_proxy@confidence_threshold=0.7,2251.0,experiments/lookback_2,none
lookback_2,lookback,run,logistic,test,10,all,2,10,0.0,0,execution.gross_signal_return_proxy@confidence_threshold=0.7,-1.5156647992317125,experiments/lookback_2,none
lookback_2,lookback,run,logistic,test,10,all,2,10,0.0,0,execution.cost_proxy@confidence_threshold=0.7,0.0,experiments/lookback_2,none
lookback_2,lookback,run,logistic,test,10,all,2,10,0.0,0,execution.net_signal_return_proxy@confidence_threshold=0.7,-1.5156647992317125,experiments/lookback_2,none
lookback_2,lookback,run,logistic,test,10,all,2,10,0.0,0,execution.hit_rate_proxy@confidence_threshold=0.7,0.7495652173913043,experiments/lookback_2,none
lookback_2,lookback,run,logistic,test,10,all,2,10,1.0,0,execution.eligible_predictions@confidence_threshold=0.7,2300.0,experiments/lookback_2,none
lookback_2,lookback,run,logistic,test,10,all,2,10,1.0,0,execution.trade_count_proxy@confidence_threshold=0.7,2251.0,experiments/lookback_2,none
lookback_2,lookback,run,logistic,test,10,all,2,10,1.0,0,execution.turnover_proxy@confidence_threshold=0.7,2251.0,experiments/lookback_2,none
lookback_2,lookback,run,logistic,test,10,all,2,10,1.0,0,execution.gross_signal_return_proxy@confidence_threshold=0.7,-1.5156647992317125,experiments/lookback_2,none
lookback_2,lookback,run,logistic,test,10,all,2,10,1.0,0,execution.cost_proxy@confidence_threshold=0.7,1.0,experiments/lookback_2,none
lookback_2,lookback,run,logistic,test,10,all,2,10,1.0,0,execution.net_signal_return_proxy@confidence_threshold=0.7,-2.515664799231712,experiments/lookback_2,none
lookback_2,lookback,run,logistic,test,10,all,2,10,1.0,0,execution.hit_rate_proxy@confidence_threshold=0.7,0.7495652173913043,experiments/lookback_2,none
lookback_2,lookback,run,logistic,test,10,all,2,10,5.0,0,execution.eligible_predictions@confidence_threshold=0.7,2300.0,experiments/lookback_2,none
lookback_2,lookback,run,logistic,test,10,all,2,10,5.0,0,execution.trade_count_proxy@confidence_threshold=0.7,2251.0,experiments/lookback_2,none
lookback_2,lookback,run,logistic,test,10,all,2,10,5.0,0,execution.turnover_proxy@confidence_threshold=0.7,2251.0,experiments/lookback_2,none
lookback_2,lookback,run,logistic,test,10,all,2,10,5.0,0,execution.gross_signal_return_proxy@confidence_threshold=0.7,-1.5156647992317125,experiments/lookback_2,none
lookback_2,lookback,run,logistic,test,10,all,2,10,5.0,0,execution.cost_proxy@confidence_threshold=0.7,5.0,experiments/lookback_2,none
lookback_2,lookback,run,logistic,test,10,all,2,10,5.0,0,execution.net_signal_return_proxy@confidence_threshold=0.7,-6.515664799231712,experiments/lookback_2,none
lookback_2,lookback,run,logistic,test,10,all,2,10,5.0,0,execution.hit_rate_proxy@confidence_threshold=0.7,0.7495652173913043,experiments/lookback_2,none
lookback_2,lookback,run,deeplob_style,test,10,all,2,10,0.0,0,execution.eligible_predictions@confidence_threshold=0,11675.0,experiments/lookback_2,none
lookback_2,lookback,run,deeplob_style,test,10,all,2,10,0.0,0,execution.trade_count_proxy@confidence_threshold=0,10940.0,experiments/lookback_2,none
lookback_2,lookback,run,deeplob_style,test,10,all,2,10,0.0,0,execution.turnover_proxy@confidence_threshold=0,10940.0,experiments/lookback_2,none
lookback_2,lookback,run,deeplob_style,test,10,all,2,10,0.0,0,execution.gross_signal_return_proxy@confidence_threshold=0,-0.3531671881686601,experiments/lookback_2,none
lookback_2,lookback,run,deeplob_style,test,10,all,2,10,0.0,0,execution.cost_proxy@confidence_threshold=0,0.0,experiments/lookback_2,none
lookback_2,lookback,run,deeplob_style,test,10,all,2,10,0.0,0,execution.net_signal_return_proxy@confidence_threshold=0,-0.3531671881686601,experiments/lookback_2,none
lookback_2,lookback,run,deeplob_style,test,10,all,2,10,0.0,0,execution.hit_rate_proxy@confidence_threshold=0,0.6827408993576017,experiments/lookback_2,none
lookback_2,lookback,run,deeplob_style,test,10,all,2,10,1.0,0,execution.eligible_predictions@confidence_threshold=0,11675.0,experiments/lookback_2,none
lookback_2,lookback,run,deeplob_style,test,10,all,2,10,1.0,0,execution.trade_count_proxy@confidence_threshold=0,10940.0,experiments/lookback_2,none
lookback_2,lookback,run,deeplob_style,test,10,all,2,10,1.0,0,execution.turnover_proxy@confidence_threshold=0,10940.0,experiments/lookback_2,none
lookback_2,lookback,run,deeplob_style,test,10,all,2,10,1.0,0,execution.gross_signal_return_proxy@confidence_threshold=0,-0.3531671881686601,experiments/lookback_2,none
lookback_2,lookback,run,deeplob_style,test,10,all,2,10,1.0,0,execution.cost_proxy@confidence_threshold=0,1.0,experiments/lookback_2,none
lookback_2,lookback,run,deeplob_style,test,10,all,2,10,1.0,0,execution.net_signal_return_proxy@confidence_threshold=0,-1.3531671881686602,experiments/lookback_2,none
lookback_2,lookback,run,deeplob_style,test,10,all,2,10,1.0,0,execution.hit_rate_proxy@confidence_threshold=0,0.6827408993576017,experiments/lookback_2,none
lookback_2,lookback,run,deeplob_style,test,10,all,2,10,5.0,0,execution.eligible_predictions@confidence_threshold=0,11675.0,experiments/lookback_2,none
lookback_2,lookback,run,deeplob_style,test,10,all,2,10,5.0,0,execution.trade_count_proxy@confidence_threshold=0,10940.0,experiments/lookback_2,none
lookback_2,lookback,run,deeplob_style,test,10,all,2,10,5.0,0,execution.turnover_proxy@confidence_threshold=0,10940.0,experiments/lookback_2,none
lookback_2,lookback,run,deeplob_style,test,10,all,2,10,5.0,0,execution.gross_signal_return_proxy@confidence_threshold=0,-0.3531671881686601,experiments/lookback_2,none
lookback_2,lookback,run,deeplob_style,test,10,all,2,10,5.0,0,execution.cost_proxy@confidence_threshold=0,5.0,experiments/lookback_2,none
lookback_2,lookback,run,deeplob_style,test,10,all,2,10,5.0,0,execution.net_signal_return_proxy@confidence_threshold=0,-5.35316718816866,experiments/lookback_2,none
lookback_2,lookback,run,deeplob_style,test,10,all,2,10,5.0,0,execution.hit_rate_proxy@confidence_threshold=0,0.6827408993576017,experiments/lookback_2,none
lookback_2,lookback,run,deeplob_style,test,10,all,2,10,0.0,0,execution.eligible_predictions@confidence_threshold=0.5,11118.0,experiments/lookback_2,none
lookback_2,lookback,run,deeplob_style,test,10,all,2,10,0.0,0,execution.trade_count_proxy@confidence_threshold=0.5,10512.0,experiments/lookback_2,none
lookback_2,lookback,run,deeplob_style,test,10,all,2,10,0.0,0,execution.turnover_proxy@confidence_threshold=0.5,10512.0,experiments/lookback_2,none
lookback_2,lookback,run,deeplob_style,test,10,all,2,10,0.0,0,execution.gross_signal_return_proxy@confidence_threshold=0.5,-0.3790909845631983,experiments/lookback_2,none
lookback_2,lookback,run,deeplob_style,test,10,all,2,10,0.0,0,execution.cost_proxy@confidence_threshold=0.5,0.0,experiments/lookback_2,none
lookback_2,lookback,run,deeplob_style,test,10,all,2,10,0.0,0,execution.net_signal_return_proxy@confidence_threshold=0.5,-0.3790909845631983,experiments/lookback_2,none
lookback_2,lookback,run,deeplob_style,test,10,all,2,10,0.0,0,execution.hit_rate_proxy@confidence_threshold=0.5,0.6961683756071236,experiments/lookback_2,none
lookback_2,lookback,run,deeplob_style,test,10,all,2,10,1.0,0,execution.eligible_predictions@confidence_threshold=0.5,11118.0,experiments/lookback_2,none
lookback_2,lookback,run,deeplob_style,test,10,all,2,10,1.0,0,execution.trade_count_proxy@confidence_threshold=0.5,10512.0,experiments/lookback_2,none
lookback_2,lookback,run,deeplob_style,test,10,all,2,10,1.0,0,execution.turnover_proxy@confidence_threshold=0.5,10512.0,experiments/lookback_2,none
lookback_2,lookback,run,deeplob_style,test,10,all,2,10,1.0,0,execution.gross_signal_return_proxy@confidence_threshold=0.5,-0.3790909845631983,experiments/lookback_2,none
lookback_2,lookback,run,deeplob_style,test,10,all,2,10,1.0,0,execution.cost_proxy@confidence_threshold=0.5,1.0,experiments/lookback_2,none
lookback_2,lookback,run,deeplob_style,test,10,all,2,10,1.0,0,execution.net_signal_return_proxy@confidence_threshold=0.5,-1.3790909845631982,experiments/lookback_2,none
lookback_2,lookback,run,deeplob_style,test,10,all,2,10,1.0,0,execution.hit_rate_proxy@confidence_threshold=0.5,0.6961683756071236,experiments/lookback_2,none
lookback_2,lookback,run,deeplob_style,test,10,all,2,10,5.0,0,execution.eligible_predictions@confidence_threshold=0.5,11118.0,experiments/lookback_2,none
lookback_2,lookback,run,deeplob_style,test,10,all,2,10,5.0,0,execution.trade_count_proxy@confidence_threshold=0.5,10512.0,experiments/lookback_2,none
lookback_2,lookback,run,deeplob_style,test,10,all,2,10,5.0,0,execution.turnover_proxy@confidence_threshold=0.5,10512.0,experiments/lookback_2,none
lookback_2,lookback,run,deeplob_style,test,10,all,2,10,5.0,0,execution.gross_signal_return_proxy@confidence_threshold=0.5,-0.3790909845631983,experiments/lookback_2,none
lookback_2,lookback,run,deeplob_style,test,10,all,2,10,5.0,0,execution.cost_proxy@confidence_threshold=0.5,5.0,experiments/lookback_2,none
lookback_2,lookback,run,deeplob_style,test,10,all,2,10,5.0,0,execution.net_signal_return_proxy@confidence_threshold=0.5,-5.379090984563199,experiments/lookback_2,none
lookback_2,lookback,run,deeplob_style,test,10,all,2,10,5.0,0,execution.hit_rate_proxy@confidence_threshold=0.5,0.6961683756071236,experiments/lookback_2,none
lookback_2,lookback,run,deeplob_style,test,10,all,2,10,0.0,0,execution.eligible_predictions@confidence_threshold=0.6,9538.0,experiments/lookback_2,none
lookback_2,lookback,run,deeplob_style,test,10,all,2,10,0.0,0,execution.trade_count_proxy@confidence_threshold=0.6,9024.0,experiments/lookback_2,none
lookback_2,lookback,run,deeplob_style,test,10,all,2,10,0.0,0,execution.turnover_proxy@confidence_threshold=0.6,9024.0,experiments/lookback_2,none
lookback_2,lookback,run,deeplob_style,test,10,all,2,10,0.0,0,execution.gross_signal_return_proxy@confidence_threshold=0.6,-0.4596140980665253,experiments/lookback_2,none
lookback_2,lookback,run,deeplob_style,test,10,all,2,10,0.0,0,execution.cost_proxy@confidence_threshold=0.6,0.0,experiments/lookback_2,none
lookback_2,lookback,run,deeplob_style,test,10,all,2,10,0.0,0,execution.net_signal_return_proxy@confidence_threshold=0.6,-0.4596140980665253,experiments/lookback_2,none
lookback_2,lookback,run,deeplob_style,test,10,all,2,10,0.0,0,execution.hit_rate_proxy@confidence_threshold=0.6,0.7252044453763892,experiments/lookback_2,none
lookback_2,lookback,run,deeplob_style,test,10,all,2,10,1.0,0,execution.eligible_predictions@confidence_threshold=0.6,9538.0,experiments/lookback_2,none
lookback_2,lookback,run,deeplob_style,test,10,all,2,10,1.0,0,execution.trade_count_proxy@confidence_threshold=0.6,9024.0,experiments/lookback_2,none
lookback_2,lookback,run,deeplob_style,test,10,all,2,10,1.0,0,execution.turnover_proxy@confidence_threshold=0.6,9024.0,experiments/lookback_2,none
lookback_2,lookback,run,deeplob_style,test,10,all,2,10,1.0,0,execution.gross_signal_return_proxy@confidence_threshold=0.6,-0.4596140980665253,experiments/lookback_2,none
lookback_2,lookback,run,deeplob_style,test,10,all,2,10,1.0,0,execution.cost_proxy@confidence_threshold=0.6,1.0,experiments/lookback_2,none
lookback_2,lookback,run,deeplob_style,test,10,all,2,10,1.0,0,execution.net_signal_return_proxy@confidence_threshold=0.6,-1.459614098066525,experiments/lookback_2,none
lookback_2,lookback,run,deeplob_style,test,10,all,2,10,1.0,0,execution.hit_rate_proxy@confidence_threshold=0.6,0.7252044453763892,experiments/lookback_2,none
lookback_2,lookback,run,deeplob_style,test,10,all,2,10,5.0,0,execution.eligible_predictions@confidence_threshold=0.6,9538.0,experiments/lookback_2,none
lookback_2,lookback,run,deeplob_style,test,10,all,2,10,5.0,0,execution.trade_count_proxy@confidence_threshold=0.6,9024.0,experiments/lookback_2,none
lookback_2,lookback,run,deeplob_style,test,10,all,2,10,5.0,0,execution.turnover_proxy@confidence_threshold=0.6,9024.0,experiments/lookback_2,none
lookback_2,lookback,run,deeplob_style,test,10,all,2,10,5.0,0,execution.gross_signal_return_proxy@confidence_threshold=0.6,-0.4596140980665253,experiments/lookback_2,none
lookback_2,lookback,run,deeplob_style,test,10,all,2,10,5.0,0,execution.cost_proxy@confidence_threshold=0.6,5.0,experiments/lookback_2,none
lookback_2,lookback,run,deeplob_style,test,10,all,2,10,5.0,0,execution.net_signal_return_proxy@confidence_threshold=0.6,-5.459614098066526,experiments/lookback_2,none
lookback_2,lookback,run,deeplob_style,test,10,all,2,10,5.0,0,execution.hit_rate_proxy@confidence_threshold=0.6,0.7252044453763892,experiments/lookback_2,none
lookback_2,lookback,run,deeplob_style,test,10,all,2,10,0.0,0,execution.eligible_predictions@confidence_threshold=0.7,2640.0,experiments/lookback_2,none
lookback_2,lookback,run,deeplob_style,test,10,all,2,10,0.0,0,execution.trade_count_proxy@confidence_threshold=0.7,2267.0,experiments/lookback_2,none
lookback_2,lookback,run,deeplob_style,test,10,all,2,10,0.0,0,execution.turnover_proxy@confidence_threshold=0.7,2267.0,experiments/lookback_2,none
lookback_2,lookback,run,deeplob_style,test,10,all,2,10,0.0,0,execution.gross_signal_return_proxy@confidence_threshold=0.7,-0.1140663975360968,experiments/lookback_2,none
lookback_2,lookback,run,deeplob_style,test,10,all,2,10,0.0,0,execution.cost_proxy@confidence_threshold=0.7,0.0,experiments/lookback_2,none
lookback_2,lookback,run,deeplob_style,test,10,all,2,10,0.0,0,execution.net_signal_return_proxy@confidence_threshold=0.7,-0.1140663975360968,experiments/lookback_2,none
lookback_2,lookback,run,deeplob_style,test,10,all,2,10,0.0,0,execution.hit_rate_proxy@confidence_threshold=0.7,0.8045454545454546,experiments/lookback_2,none
lookback_2,lookback,run,deeplob_style,test,10,all,2,10,1.0,0,execution.eligible_predictions@confidence_threshold=0.7,2640.0,experiments/lookback_2,none
lookback_2,lookback,run,deeplob_style,test,10,all,2,10,1.0,0,execution.trade_count_proxy@confidence_threshold=0.7,2267.0,experiments/lookback_2,none
lookback_2,lookback,run,deeplob_style,test,10,all,2,10,1.0,0,execution.turnover_proxy@confidence_threshold=0.7,2267.0,experiments/lookback_2,none
lookback_2,lookback,run,deeplob_style,test,10,all,2,10,1.0,0,execution.gross_signal_return_proxy@confidence_threshold=0.7,-0.1140663975360968,experiments/lookback_2,none
lookback_2,lookback,run,deeplob_style,test,10,all,2,10,1.0,0,execution.cost_proxy@confidence_threshold=0.7,1.0,experiments/lookback_2,none
lookback_2,lookback,run,deeplob_style,test,10,all,2,10,1.0,0,execution.net_signal_return_proxy@confidence_threshold=0.7,-1.114066397536097,experiments/lookback_2,none
lookback_2,lookback,run,deeplob_style,test,10,all,2,10,1.0,0,execution.hit_rate_proxy@confidence_threshold=0.7,0.8045454545454546,experiments/lookback_2,none
lookback_2,lookback,run,deeplob_style,test,10,all,2,10,5.0,0,execution.eligible_predictions@confidence_threshold=0.7,2640.0,experiments/lookback_2,none
lookback_2,lookback,run,deeplob_style,test,10,all,2,10,5.0,0,execution.trade_count_proxy@confidence_threshold=0.7,2267.0,experiments/lookback_2,none
lookback_2,lookback,run,deeplob_style,test,10,all,2,10,5.0,0,execution.turnover_proxy@confidence_threshold=0.7,2267.0,experiments/lookback_2,none
lookback_2,lookback,run,deeplob_style,test,10,all,2,10,5.0,0,execution.gross_signal_return_proxy@confidence_threshold=0.7,-0.1140663975360968,experiments/lookback_2,none
lookback_2,lookback,run,deeplob_style,test,10,all,2,10,5.0,0,execution.cost_proxy@confidence_threshold=0.7,5.0,experiments/lookback_2,none
lookback_2,lookback,run,deeplob_style,test,10,all,2,10,5.0,0,execution.net_signal_return_proxy@confidence_threshold=0.7,-5.114066397536097,experiments/lookback_2,none
lookback_2,lookback,run,deeplob_style,test,10,all,2,10,5.0,0,execution.hit_rate_proxy@confidence_threshold=0.7,0.8045454545454546,experiments/lookback_2,none
lookback_4,lookback,run,majority,test,10,all,4,10,"0.0,1.0,5.0",0,accuracy,0.6286154372753723,experiments/lookback_4,none
lookback_4,lookback,run,majority,test,10,all,4,10,"0.0,1.0,5.0",0,macro_f1,0.25732100322264256,experiments/lookback_4,none
lookback_4,lookback,run,majority,test,10,all,4,10,"0.0,1.0,5.0",0,weighted_f1,0.4852678648828168,experiments/lookback_4,none
lookback_4,lookback,run,majority,test,10,all,4,10,"0.0,1.0,5.0",0,matthews_corrcoef,0.0,experiments/lookback_4,none
lookback_4,lookback,run,majority,test,10,all,4,10,"0.0,1.0,5.0",0,balanced_accuracy,0.3333333333333333,experiments/lookback_4,none
lookback_4,lookback,run,majority,test,10,all,4,10,"0.0,1.0,5.0",0,log_loss,0.9180419332042239,experiments/lookback_4,none
lookback_4,lookback,run,majority,test,10,all,4,10,"0.0,1.0,5.0",0,n_samples,11686.0,experiments/lookback_4,none
lookback_4,lookback,run,majority,test,10,all,4,10,"0.0,1.0,5.0",0,class_count_train,3.0,experiments/lookback_4,none
lookback_4,lookback,run,majority,test,10,all,4,10,"0.0,1.0,5.0",0,class_count_test,3.0,experiments/lookback_4,none
lookback_4,lookback,run,majority,test,10,all,4,10,"0.0,1.0,5.0",0,brier_score,0.5366889220539707,experiments/lookback_4,none
lookback_4,lookback,run,majority,test,10,all,4,10,"0.0,1.0,5.0",0,mean_confidence,0.6029411764705882,experiments/lookback_4,none
lookback_4,lookback,run,majority,test,10,all,4,10,"0.0,1.0,5.0",0,expected_calibration_error,0.025674260804784077,experiments/lookback_4,none
lookback_4,lookback,run,logistic,test,10,all,4,10,"0.0,1.0,5.0",0,accuracy,0.6233099435221633,experiments/lookback_4,none
lookback_4,lookback,run,logistic,test,10,all,4,10,"0.0,1.0,5.0",0,macro_f1,0.35146855037871383,experiments/lookback_4,none
lookback_4,lookback,run,logistic,test,10,all,4,10,"0.0,1.0,5.0",0,weighted_f1,0.5346427959541316,experiments/lookback_4,none
lookback_4,lookback,run,logistic,test,10,all,4,10,"0.0,1.0,5.0",0,matthews_corrcoef,0.1217722835157405,experiments/lookback_4,none
lookback_4,lookback,run,logistic,test,10,all,4,10,"0.0,1.0,5.0",0,balanced_accuracy,0.37574062520651225,experiments/lookback_4,none
lookback_4,lookback,run,logistic,test,10,all,4,10,"0.0,1.0,5.0",0,log_loss,0.8904304019275787,experiments/lookback_4,none
lookback_4,lookback,run,logistic,test,10,all,4,10,"0.0,1.0,5.0",0,n_samples,11686.0,experiments/lookback_4,none
lookback_4,lookback,run,logistic,test,10,all,4,10,"0.0,1.0,5.0",0,class_count_train,3.0,experiments/lookback_4,none
lookback_4,lookback,run,logistic,test,10,all,4,10,"0.0,1.0,5.0",0,class_count_test,3.0,experiments/lookback_4,none
lookback_4,lookback,run,logistic,test,10,all,4,10,"0.0,1.0,5.0",0,brier_score,0.5189866466149302,experiments/lookback_4,none
lookback_4,lookback,run,logistic,test,10,all,4,10,"0.0,1.0,5.0",0,mean_confidence,0.5874669568363994,experiments/lookback_4,none
lookback_4,lookback,run,logistic,test,10,all,4,10,"0.0,1.0,5.0",0,expected_calibration_error,0.041110897222318726,experiments/lookback_4,none
lookback_4,lookback,run,deeplob_style,test,10,all,4,10,"0.0,1.0,5.0",0,accuracy,0.6730291877086365,experiments/lookback_4,none
lookback_4,lookback,run,deeplob_style,test,10,all,4,10,"0.0,1.0,5.0",0,macro_f1,0.4700840066750615,experiments/lookback_4,none
lookback_4,lookback,run,deeplob_style,test,10,all,4,10,"0.0,1.0,5.0",0,weighted_f1,0.6173210131716532,experiments/lookback_4,none
lookback_4,lookback,run,deeplob_style,test,10,all,4,10,"0.0,1.0,5.0",0,matthews_corrcoef,0.29320851676608894,experiments/lookback_4,none
lookback_4,lookback,run,deeplob_style,test,10,all,4,10,"0.0,1.0,5.0",0,balanced_accuracy,0.4583202506891544,experiments/lookback_4,none
lookback_4,lookback,run,deeplob_style,test,10,all,4,10,"0.0,1.0,5.0",0,log_loss,0.8416644008796108,experiments/lookback_4,none
lookback_4,lookback,run,deeplob_style,test,10,all,4,10,"0.0,1.0,5.0",0,n_samples,11683.0,experiments/lookback_4,none
lookback_4,lookback,run,deeplob_style,test,10,all,4,10,"0.0,1.0,5.0",0,class_count_train,3.0,experiments/lookback_4,none
lookback_4,lookback,run,deeplob_style,test,10,all,4,10,"0.0,1.0,5.0",0,class_count_test,3.0,experiments/lookback_4,none
lookback_4,lookback,run,deeplob_style,test,10,all,4,10,"0.0,1.0,5.0",0,brier_score,0.4836165792251679,experiments/lookback_4,none
lookback_4,lookback,run,deeplob_style,test,10,all,4,10,"0.0,1.0,5.0",0,mean_confidence,0.5898060998431447,experiments/lookback_4,none
lookback_4,lookback,run,deeplob_style,test,10,all,4,10,"0.0,1.0,5.0",0,expected_calibration_error,0.08542145832714884,experiments/lookback_4,none
lookback_4,lookback,run,majority,test,10,all,4,10,"0.0,1.0,5.0",0,calibration.bin_0.count,0.0,experiments/lookback_4,none
lookback_4,lookback,run,majority,test,10,all,4,10,"0.0,1.0,5.0",0,calibration.bin_0.mean_confidence,0.05,experiments/lookback_4,none
lookback_4,lookback,run,majority,test,10,all,4,10,"0.0,1.0,5.0",0,calibration.bin_0.accuracy,0.0,experiments/lookback_4,none
lookback_4,lookback,run,majority,test,10,all,4,10,"0.0,1.0,5.0",0,calibration.bin_0.confidence_gap,0.0,experiments/lookback_4,none
lookback_4,lookback,run,majority,test,10,all,4,10,"0.0,1.0,5.0",0,calibration.bin_1.count,0.0,experiments/lookback_4,none
lookback_4,lookback,run,majority,test,10,all,4,10,"0.0,1.0,5.0",0,calibration.bin_1.mean_confidence,0.15,experiments/lookback_4,none
lookback_4,lookback,run,majority,test,10,all,4,10,"0.0,1.0,5.0",0,calibration.bin_1.accuracy,0.0,experiments/lookback_4,none
lookback_4,lookback,run,majority,test,10,all,4,10,"0.0,1.0,5.0",0,calibration.bin_1.confidence_gap,0.0,experiments/lookback_4,none
lookback_4,lookback,run,majority,test,10,all,4,10,"0.0,1.0,5.0",0,calibration.bin_2.count,0.0,experiments/lookback_4,none
lookback_4,lookback,run,majority,test,10,all,4,10,"0.0,1.0,5.0",0,calibration.bin_2.mean_confidence,0.25,experiments/lookback_4,none
lookback_4,lookback,run,majority,test,10,all,4,10,"0.0,1.0,5.0",0,calibration.bin_2.accuracy,0.0,experiments/lookback_4,none
lookback_4,lookback,run,majority,test,10,all,4,10,"0.0,1.0,5.0",0,calibration.bin_2.confidence_gap,0.0,experiments/lookback_4,none
lookback_4,lookback,run,majority,test,10,all,4,10,"0.0,1.0,5.0",0,calibration.bin_3.count,0.0,experiments/lookback_4,none
lookback_4,lookback,run,majority,test,10,all,4,10,"0.0,1.0,5.0",0,calibration.bin_3.mean_confidence,0.35,experiments/lookback_4,none
lookback_4,lookback,run,majority,test,10,all,4,10,"0.0,1.0,5.0",0,calibration.bin_3.accuracy,0.0,experiments/lookback_4,none
lookback_4,lookback,run,majority,test,10,all,4,10,"0.0,1.0,5.0",0,calibration.bin_3.confidence_gap,0.0,experiments/lookback_4,none
lookback_4,lookback,run,majority,test,10,all,4,10,"0.0,1.0,5.0",0,calibration.bin_4.count,0.0,experiments/lookback_4,none
lookback_4,lookback,run,majority,test,10,all,4,10,"0.0,1.0,5.0",0,calibration.bin_4.mean_confidence,0.45,experiments/lookback_4,none
lookback_4,lookback,run,majority,test,10,all,4,10,"0.0,1.0,5.0",0,calibration.bin_4.accuracy,0.0,experiments/lookback_4,none
lookback_4,lookback,run,majority,test,10,all,4,10,"0.0,1.0,5.0",0,calibration.bin_4.confidence_gap,0.0,experiments/lookback_4,none
lookback_4,lookback,run,majority,test,10,all,4,10,"0.0,1.0,5.0",0,calibration.bin_5.count,0.0,experiments/lookback_4,none
lookback_4,lookback,run,majority,test,10,all,4,10,"0.0,1.0,5.0",0,calibration.bin_5.mean_confidence,0.55,experiments/lookback_4,none
lookback_4,lookback,run,majority,test,10,all,4,10,"0.0,1.0,5.0",0,calibration.bin_5.accuracy,0.0,experiments/lookback_4,none
lookback_4,lookback,run,majority,test,10,all,4,10,"0.0,1.0,5.0",0,calibration.bin_5.confidence_gap,0.0,experiments/lookback_4,none
lookback_4,lookback,run,majority,test,10,all,4,10,"0.0,1.0,5.0",0,calibration.bin_6.count,11686.0,experiments/lookback_4,none
lookback_4,lookback,run,majority,test,10,all,4,10,"0.0,1.0,5.0",0,calibration.bin_6.mean_confidence,0.6029411764705882,experiments/lookback_4,none
lookback_4,lookback,run,majority,test,10,all,4,10,"0.0,1.0,5.0",0,calibration.bin_6.accuracy,0.6286154372753723,experiments/lookback_4,none
lookback_4,lookback,run,majority,test,10,all,4,10,"0.0,1.0,5.0",0,calibration.bin_6.confidence_gap,0.025674260804784,experiments/lookback_4,none
lookback_4,lookback,run,majority,test,10,all,4,10,"0.0,1.0,5.0",0,calibration.bin_7.count,0.0,experiments/lookback_4,none
lookback_4,lookback,run,majority,test,10,all,4,10,"0.0,1.0,5.0",0,calibration.bin_7.mean_confidence,0.75,experiments/lookback_4,none
lookback_4,lookback,run,majority,test,10,all,4,10,"0.0,1.0,5.0",0,calibration.bin_7.accuracy,0.0,experiments/lookback_4,none
lookback_4,lookback,run,majority,test,10,all,4,10,"0.0,1.0,5.0",0,calibration.bin_7.confidence_gap,0.0,experiments/lookback_4,none
lookback_4,lookback,run,majority,test,10,all,4,10,"0.0,1.0,5.0",0,calibration.bin_8.count,0.0,experiments/lookback_4,none
lookback_4,lookback,run,majority,test,10,all,4,10,"0.0,1.0,5.0",0,calibration.bin_8.mean_confidence,0.8500000000000001,experiments/lookback_4,none
lookback_4,lookback,run,majority,test,10,all,4,10,"0.0,1.0,5.0",0,calibration.bin_8.accuracy,0.0,experiments/lookback_4,none
lookback_4,lookback,run,majority,test,10,all,4,10,"0.0,1.0,5.0",0,calibration.bin_8.confidence_gap,0.0,experiments/lookback_4,none
lookback_4,lookback,run,majority,test,10,all,4,10,"0.0,1.0,5.0",0,calibration.bin_9.count,0.0,experiments/lookback_4,none
lookback_4,lookback,run,majority,test,10,all,4,10,"0.0,1.0,5.0",0,calibration.bin_9.mean_confidence,0.95,experiments/lookback_4,none
lookback_4,lookback,run,majority,test,10,all,4,10,"0.0,1.0,5.0",0,calibration.bin_9.accuracy,0.0,experiments/lookback_4,none
lookback_4,lookback,run,majority,test,10,all,4,10,"0.0,1.0,5.0",0,calibration.bin_9.confidence_gap,0.0,experiments/lookback_4,none
lookback_4,lookback,run,logistic,test,10,all,4,10,"0.0,1.0,5.0",0,calibration.bin_0.count,0.0,experiments/lookback_4,none
lookback_4,lookback,run,logistic,test,10,all,4,10,"0.0,1.0,5.0",0,calibration.bin_0.mean_confidence,0.05,experiments/lookback_4,none
lookback_4,lookback,run,logistic,test,10,all,4,10,"0.0,1.0,5.0",0,calibration.bin_0.accuracy,0.0,experiments/lookback_4,none
lookback_4,lookback,run,logistic,test,10,all,4,10,"0.0,1.0,5.0",0,calibration.bin_0.confidence_gap,0.0,experiments/lookback_4,none
lookback_4,lookback,run,logistic,test,10,all,4,10,"0.0,1.0,5.0",0,calibration.bin_1.count,0.0,experiments/lookback_4,none
lookback_4,lookback,run,logistic,test,10,all,4,10,"0.0,1.0,5.0",0,calibration.bin_1.mean_confidence,0.15,experiments/lookback_4,none
lookback_4,lookback,run,logistic,test,10,all,4,10,"0.0,1.0,5.0",0,calibration.bin_1.accuracy,0.0,experiments/lookback_4,none
lookback_4,lookback,run,logistic,test,10,all,4,10,"0.0,1.0,5.0",0,calibration.bin_1.confidence_gap,0.0,experiments/lookback_4,none
lookback_4,lookback,run,logistic,test,10,all,4,10,"0.0,1.0,5.0",0,calibration.bin_2.count,0.0,experiments/lookback_4,none
lookback_4,lookback,run,logistic,test,10,all,4,10,"0.0,1.0,5.0",0,calibration.bin_2.mean_confidence,0.25,experiments/lookback_4,none
lookback_4,lookback,run,logistic,test,10,all,4,10,"0.0,1.0,5.0",0,calibration.bin_2.accuracy,0.0,experiments/lookback_4,none
lookback_4,lookback,run,logistic,test,10,all,4,10,"0.0,1.0,5.0",0,calibration.bin_2.confidence_gap,0.0,experiments/lookback_4,none
lookback_4,lookback,run,logistic,test,10,all,4,10,"0.0,1.0,5.0",0,calibration.bin_3.count,496.0,experiments/lookback_4,none
lookback_4,lookback,run,logistic,test,10,all,4,10,"0.0,1.0,5.0",0,calibration.bin_3.mean_confidence,0.378542820211792,experiments/lookback_4,none
lookback_4,lookback,run,logistic,test,10,all,4,10,"0.0,1.0,5.0",0,calibration.bin_3.accuracy,0.3508064516129032,experiments/lookback_4,none
lookback_4,lookback,run,logistic,test,10,all,4,10,"0.0,1.0,5.0",0,calibration.bin_3.confidence_gap,0.0277363685988887,experiments/lookback_4,none
lookback_4,lookback,run,logistic,test,10,all,4,10,"0.0,1.0,5.0",0,calibration.bin_4.count,2501.0,experiments/lookback_4,none
lookback_4,lookback,run,logistic,test,10,all,4,10,"0.0,1.0,5.0",0,calibration.bin_4.mean_confidence,0.4563493231015716,experiments/lookback_4,none
lookback_4,lookback,run,logistic,test,10,all,4,10,"0.0,1.0,5.0",0,calibration.bin_4.accuracy,0.4814074370251899,experiments/lookback_4,none
lookback_4,lookback,run,logistic,test,10,all,4,10,"0.0,1.0,5.0",0,calibration.bin_4.confidence_gap,0.0250581139236182,experiments/lookback_4,none
lookback_4,lookback,run,logistic,test,10,all,4,10,"0.0,1.0,5.0",0,calibration.bin_5.count,3556.0,experiments/lookback_4,none
lookback_4,lookback,run,logistic,test,10,all,4,10,"0.0,1.0,5.0",0,calibration.bin_5.mean_confidence,0.5515976077339129,experiments/lookback_4,none
lookback_4,lookback,run,logistic,test,10,all,4,10,"0.0,1.0,5.0",0,calibration.bin_5.accuracy,0.6105174353205849,experiments/lookback_4,none
lookback_4,lookback,run,logistic,test,10,all,4,10,"0.0,1.0,5.0",0,calibration.bin_5.confidence_gap,0.058919827586672,experiments/lookback_4,none
lookback_4,lookback,run,logistic,test,10,all,4,10,"0.0,1.0,5.0",0,calibration.bin_6.count,2830.0,experiments/lookback_4,none
lookback_4,lookback,run,logistic,test,10,all,4,10,"0.0,1.0,5.0",0,calibration.bin_6.mean_confidence,0.6489150854487953,experiments/lookback_4,none
lookback_4,lookback,run,logistic,test,10,all,4,10,"0.0,1.0,5.0",0,calibration.bin_6.accuracy,0.7098939929328622,experiments/lookback_4,none
lookback_4,lookback,run,logistic,test,10,all,4,10,"0.0,1.0,5.0",0,calibration.bin_6.confidence_gap,0.0609789074840668,experiments/lookback_4,none
lookback_4,lookback,run,logistic,test,10,all,4,10,"0.0,1.0,5.0",0,calibration.bin_7.count,2001.0,experiments/lookback_4,none
lookback_4,lookback,run,logistic,test,10,all,4,10,"0.0,1.0,5.0",0,calibration.bin_7.mean_confidence,0.7431874134563505,experiments/lookback_4,none
lookback_4,lookback,run,logistic,test,10,all,4,10,"0.0,1.0,5.0",0,calibration.bin_7.accuracy,0.7456271864067966,experiments/lookback_4,none
lookback_4,lookback,run,logistic,test,10,all,4,10,"0.0,1.0,5.0",0,calibration.bin_7.confidence_gap,0.002439772950446,experiments/lookback_4,none
lookback_4,lookback,run,logistic,test,10,all,4,10,"0.0,1.0,5.0",0,calibration.bin_8.count,292.0,experiments/lookback_4,none
lookback_4,lookback,run,logistic,test,10,all,4,10,"0.0,1.0,5.0",0,calibration.bin_8.mean_confidence,0.8271102484332379,experiments/lookback_4,none
lookback_4,lookback,run,logistic,test,10,all,4,10,"0.0,1.0,5.0",0,calibration.bin_8.accuracy,0.7808219178082192,experiments/lookback_4,none
lookback_4,lookback,run,logistic,test,10,all,4,10,"0.0,1.0,5.0",0,calibration.bin_8.confidence_gap,0.0462883306250186,experiments/lookback_4,none
lookback_4,lookback,run,logistic,test,10,all,4,10,"0.0,1.0,5.0",0,calibration.bin_9.count,10.0,experiments/lookback_4,none
lookback_4,lookback,run,logistic,test,10,all,4,10,"0.0,1.0,5.0",0,calibration.bin_9.mean_confidence,0.9506969897535475,experiments/lookback_4,none
lookback_4,lookback,run,logistic,test,10,all,4,10,"0.0,1.0,5.0",0,calibration.bin_9.accuracy,0.6,experiments/lookback_4,none
lookback_4,lookback,run,logistic,test,10,all,4,10,"0.0,1.0,5.0",0,calibration.bin_9.confidence_gap,0.3506969897535475,experiments/lookback_4,none
lookback_4,lookback,run,deeplob_style,test,10,all,4,10,"0.0,1.0,5.0",0,calibration.bin_0.count,0.0,experiments/lookback_4,none
lookback_4,lookback,run,deeplob_style,test,10,all,4,10,"0.0,1.0,5.0",0,calibration.bin_0.mean_confidence,0.05,experiments/lookback_4,none
lookback_4,lookback,run,deeplob_style,test,10,all,4,10,"0.0,1.0,5.0",0,calibration.bin_0.accuracy,0.0,experiments/lookback_4,none
lookback_4,lookback,run,deeplob_style,test,10,all,4,10,"0.0,1.0,5.0",0,calibration.bin_0.confidence_gap,0.0,experiments/lookback_4,none
lookback_4,lookback,run,deeplob_style,test,10,all,4,10,"0.0,1.0,5.0",0,calibration.bin_1.count,0.0,experiments/lookback_4,none
lookback_4,lookback,run,deeplob_style,test,10,all,4,10,"0.0,1.0,5.0",0,calibration.bin_1.mean_confidence,0.15,experiments/lookback_4,none
lookback_4,lookback,run,deeplob_style,test,10,all,4,10,"0.0,1.0,5.0",0,calibration.bin_1.accuracy,0.0,experiments/lookback_4,none
lookback_4,lookback,run,deeplob_style,test,10,all,4,10,"0.0,1.0,5.0",0,calibration.bin_1.confidence_gap,0.0,experiments/lookback_4,none
lookback_4,lookback,run,deeplob_style,test,10,all,4,10,"0.0,1.0,5.0",0,calibration.bin_2.count,0.0,experiments/lookback_4,none
lookback_4,lookback,run,deeplob_style,test,10,all,4,10,"0.0,1.0,5.0",0,calibration.bin_2.mean_confidence,0.25,experiments/lookback_4,none
lookback_4,lookback,run,deeplob_style,test,10,all,4,10,"0.0,1.0,5.0",0,calibration.bin_2.accuracy,0.0,experiments/lookback_4,none
lookback_4,lookback,run,deeplob_style,test,10,all,4,10,"0.0,1.0,5.0",0,calibration.bin_2.confidence_gap,0.0,experiments/lookback_4,none
lookback_4,lookback,run,deeplob_style,test,10,all,4,10,"0.0,1.0,5.0",0,calibration.bin_3.count,297.0,experiments/lookback_4,none
lookback_4,lookback,run,deeplob_style,test,10,all,4,10,"0.0,1.0,5.0",0,calibration.bin_3.mean_confidence,0.3797455052395589,experiments/lookback_4,none
lookback_4,lookback,run,deeplob_style,test,10,all,4,10,"0.0,1.0,5.0",0,calibration.bin_3.accuracy,0.3872053872053872,experiments/lookback_4,none
lookback_4,lookback,run,deeplob_style,test,10,all,4,10,"0.0,1.0,5.0",0,calibration.bin_3.confidence_gap,0.0074598819658282,experiments/lookback_4,none
lookback_4,lookback,run,deeplob_style,test,10,all,4,10,"0.0,1.0,5.0",0,calibration.bin_4.count,2072.0,experiments/lookback_4,none
lookback_4,lookback,run,deeplob_style,test,10,all,4,10,"0.0,1.0,5.0",0,calibration.bin_4.mean_confidence,0.4574596556067852,experiments/lookback_4,none
lookback_4,lookback,run,deeplob_style,test,10,all,4,10,"0.0,1.0,5.0",0,calibration.bin_4.accuracy,0.4700772200772201,experiments/lookback_4,none
lookback_4,lookback,run,deeplob_style,test,10,all,4,10,"0.0,1.0,5.0",0,calibration.bin_4.confidence_gap,0.0126175644704348,experiments/lookback_4,none
lookback_4,lookback,run,deeplob_style,test,10,all,4,10,"0.0,1.0,5.0",0,calibration.bin_5.count,5231.0,experiments/lookback_4,none
lookback_4,lookback,run,deeplob_style,test,10,all,4,10,"0.0,1.0,5.0",0,calibration.bin_5.mean_confidence,0.5386954510261562,experiments/lookback_4,none
lookback_4,lookback,run,deeplob_style,test,10,all,4,10,"0.0,1.0,5.0",0,calibration.bin_5.accuracy,0.6641177595106098,experiments/lookback_4,none
lookback_4,lookback,run,deeplob_style,test,10,all,4,10,"0.0,1.0,5.0",0,calibration.bin_5.confidence_gap,0.1254223084844535,experiments/lookback_4,none
lookback_4,lookback,run,deeplob_style,test,10,all,4,10,"0.0,1.0,5.0",0,calibration.bin_6.count,2083.0,experiments/lookback_4,none
lookback_4,lookback,run,deeplob_style,test,10,all,4,10,"0.0,1.0,5.0",0,calibration.bin_6.mean_confidence,0.6413735174120615,experiments/lookback_4,none
lookback_4,lookback,run,deeplob_style,test,10,all,4,10,"0.0,1.0,5.0",0,calibration.bin_6.accuracy,0.771483437349976,experiments/lookback_4,none
lookback_4,lookback,run,deeplob_style,test,10,all,4,10,"0.0,1.0,5.0",0,calibration.bin_6.confidence_gap,0.1301099199379145,experiments/lookback_4,none
lookback_4,lookback,run,deeplob_style,test,10,all,4,10,"0.0,1.0,5.0",0,calibration.bin_7.count,723.0,experiments/lookback_4,none
lookback_4,lookback,run,deeplob_style,test,10,all,4,10,"0.0,1.0,5.0",0,calibration.bin_7.mean_confidence,0.7468478534802585,experiments/lookback_4,none
lookback_4,lookback,run,deeplob_style,test,10,all,4,10,"0.0,1.0,5.0",0,calibration.bin_7.accuracy,0.7869986168741355,experiments/lookback_4,none
lookback_4,lookback,run,deeplob_style,test,10,all,4,10,"0.0,1.0,5.0",0,calibration.bin_7.confidence_gap,0.040150763393877,experiments/lookback_4,none
lookback_4,lookback,run,deeplob_style,test,10,all,4,10,"0.0,1.0,5.0",0,calibration.bin_8.count,728.0,experiments/lookback_4,none
lookback_4,lookback,run,deeplob_style,test,10,all,4,10,"0.0,1.0,5.0",0,calibration.bin_8.mean_confidence,0.8528046443018807,experiments/lookback_4,none
lookback_4,lookback,run,deeplob_style,test,10,all,4,10,"0.0,1.0,5.0",0,calibration.bin_8.accuracy,0.8351648351648352,experiments/lookback_4,none
lookback_4,lookback,run,deeplob_style,test,10,all,4,10,"0.0,1.0,5.0",0,calibration.bin_8.confidence_gap,0.0176398091370455,experiments/lookback_4,none
lookback_4,lookback,run,deeplob_style,test,10,all,4,10,"0.0,1.0,5.0",0,calibration.bin_9.count,549.0,experiments/lookback_4,none
lookback_4,lookback,run,deeplob_style,test,10,all,4,10,"0.0,1.0,5.0",0,calibration.bin_9.mean_confidence,0.938714249160122,experiments/lookback_4,none
lookback_4,lookback,run,deeplob_style,test,10,all,4,10,"0.0,1.0,5.0",0,calibration.bin_9.accuracy,0.9398907103825136,experiments/lookback_4,none
lookback_4,lookback,run,deeplob_style,test,10,all,4,10,"0.0,1.0,5.0",0,calibration.bin_9.confidence_gap,0.0011764612223915,experiments/lookback_4,none
lookback_4,lookback,run,majority,test,10,all,4,10,0.0,0,execution.eligible_predictions@confidence_threshold=0,11676.0,experiments/lookback_4,none
lookback_4,lookback,run,majority,test,10,all,4,10,0.0,0,execution.trade_count_proxy@confidence_threshold=0,11676.0,experiments/lookback_4,none
lookback_4,lookback,run,majority,test,10,all,4,10,0.0,0,execution.turnover_proxy@confidence_threshold=0,11676.0,experiments/lookback_4,none
lookback_4,lookback,run,majority,test,10,all,4,10,0.0,0,execution.gross_signal_return_proxy@confidence_threshold=0,-0.4374632647694284,experiments/lookback_4,none
lookback_4,lookback,run,majority,test,10,all,4,10,0.0,0,execution.cost_proxy@confidence_threshold=0,0.0,experiments/lookback_4,none
lookback_4,lookback,run,majority,test,10,all,4,10,0.0,0,execution.net_signal_return_proxy@confidence_threshold=0,-0.4374632647694284,experiments/lookback_4,none
lookback_4,lookback,run,majority,test,10,all,4,10,0.0,0,execution.hit_rate_proxy@confidence_threshold=0,0.6286399451867077,experiments/lookback_4,none
lookback_4,lookback,run,majority,test,10,all,4,10,1.0,0,execution.eligible_predictions@confidence_threshold=0,11676.0,experiments/lookback_4,none
lookback_4,lookback,run,majority,test,10,all,4,10,1.0,0,execution.trade_count_proxy@confidence_threshold=0,11676.0,experiments/lookback_4,none
lookback_4,lookback,run,majority,test,10,all,4,10,1.0,0,execution.turnover_proxy@confidence_threshold=0,11676.0,experiments/lookback_4,none
lookback_4,lookback,run,majority,test,10,all,4,10,1.0,0,execution.gross_signal_return_proxy@confidence_threshold=0,-0.4374632647694284,experiments/lookback_4,none
lookback_4,lookback,run,majority,test,10,all,4,10,1.0,0,execution.cost_proxy@confidence_threshold=0,1.0,experiments/lookback_4,none
lookback_4,lookback,run,majority,test,10,all,4,10,1.0,0,execution.net_signal_return_proxy@confidence_threshold=0,-1.4374632647694283,experiments/lookback_4,none
lookback_4,lookback,run,majority,test,10,all,4,10,1.0,0,execution.hit_rate_proxy@confidence_threshold=0,0.6286399451867077,experiments/lookback_4,none
lookback_4,lookback,run,majority,test,10,all,4,10,5.0,0,execution.eligible_predictions@confidence_threshold=0,11676.0,experiments/lookback_4,none
lookback_4,lookback,run,majority,test,10,all,4,10,5.0,0,execution.trade_count_proxy@confidence_threshold=0,11676.0,experiments/lookback_4,none
lookback_4,lookback,run,majority,test,10,all,4,10,5.0,0,execution.turnover_proxy@confidence_threshold=0,11676.0,experiments/lookback_4,none
lookback_4,lookback,run,majority,test,10,all,4,10,5.0,0,execution.gross_signal_return_proxy@confidence_threshold=0,-0.4374632647694284,experiments/lookback_4,none
lookback_4,lookback,run,majority,test,10,all,4,10,5.0,0,execution.cost_proxy@confidence_threshold=0,5.0,experiments/lookback_4,none
lookback_4,lookback,run,majority,test,10,all,4,10,5.0,0,execution.net_signal_return_proxy@confidence_threshold=0,-5.437463264769429,experiments/lookback_4,none
lookback_4,lookback,run,majority,test,10,all,4,10,5.0,0,execution.hit_rate_proxy@confidence_threshold=0,0.6286399451867077,experiments/lookback_4,none
lookback_4,lookback,run,majority,test,10,all,4,10,0.0,0,execution.eligible_predictions@confidence_threshold=0.5,11676.0,experiments/lookback_4,none
lookback_4,lookback,run,majority,test,10,all,4,10,0.0,0,execution.trade_count_proxy@confidence_threshold=0.5,11676.0,experiments/lookback_4,none
lookback_4,lookback,run,majority,test,10,all,4,10,0.0,0,execution.turnover_proxy@confidence_threshold=0.5,11676.0,experiments/lookback_4,none
lookback_4,lookback,run,majority,test,10,all,4,10,0.0,0,execution.gross_signal_return_proxy@confidence_threshold=0.5,-0.4374632647694284,experiments/lookback_4,none
lookback_4,lookback,run,majority,test,10,all,4,10,0.0,0,execution.cost_proxy@confidence_threshold=0.5,0.0,experiments/lookback_4,none
lookback_4,lookback,run,majority,test,10,all,4,10,0.0,0,execution.net_signal_return_proxy@confidence_threshold=0.5,-0.4374632647694284,experiments/lookback_4,none
lookback_4,lookback,run,majority,test,10,all,4,10,0.0,0,execution.hit_rate_proxy@confidence_threshold=0.5,0.6286399451867077,experiments/lookback_4,none
lookback_4,lookback,run,majority,test,10,all,4,10,1.0,0,execution.eligible_predictions@confidence_threshold=0.5,11676.0,experiments/lookback_4,none
lookback_4,lookback,run,majority,test,10,all,4,10,1.0,0,execution.trade_count_proxy@confidence_threshold=0.5,11676.0,experiments/lookback_4,none
lookback_4,lookback,run,majority,test,10,all,4,10,1.0,0,execution.turnover_proxy@confidence_threshold=0.5,11676.0,experiments/lookback_4,none
lookback_4,lookback,run,majority,test,10,all,4,10,1.0,0,execution.gross_signal_return_proxy@confidence_threshold=0.5,-0.4374632647694284,experiments/lookback_4,none
lookback_4,lookback,run,majority,test,10,all,4,10,1.0,0,execution.cost_proxy@confidence_threshold=0.5,1.0,experiments/lookback_4,none
lookback_4,lookback,run,majority,test,10,all,4,10,1.0,0,execution.net_signal_return_proxy@confidence_threshold=0.5,-1.4374632647694283,experiments/lookback_4,none
lookback_4,lookback,run,majority,test,10,all,4,10,1.0,0,execution.hit_rate_proxy@confidence_threshold=0.5,0.6286399451867077,experiments/lookback_4,none
lookback_4,lookback,run,majority,test,10,all,4,10,5.0,0,execution.eligible_predictions@confidence_threshold=0.5,11676.0,experiments/lookback_4,none
lookback_4,lookback,run,majority,test,10,all,4,10,5.0,0,execution.trade_count_proxy@confidence_threshold=0.5,11676.0,experiments/lookback_4,none
lookback_4,lookback,run,majority,test,10,all,4,10,5.0,0,execution.turnover_proxy@confidence_threshold=0.5,11676.0,experiments/lookback_4,none
lookback_4,lookback,run,majority,test,10,all,4,10,5.0,0,execution.gross_signal_return_proxy@confidence_threshold=0.5,-0.4374632647694284,experiments/lookback_4,none
lookback_4,lookback,run,majority,test,10,all,4,10,5.0,0,execution.cost_proxy@confidence_threshold=0.5,5.0,experiments/lookback_4,none
lookback_4,lookback,run,majority,test,10,all,4,10,5.0,0,execution.net_signal_return_proxy@confidence_threshold=0.5,-5.437463264769429,experiments/lookback_4,none
lookback_4,lookback,run,majority,test,10,all,4,10,5.0,0,execution.hit_rate_proxy@confidence_threshold=0.5,0.6286399451867077,experiments/lookback_4,none
lookback_4,lookback,run,majority,test,10,all,4,10,0.0,0,execution.eligible_predictions@confidence_threshold=0.6,11676.0,experiments/lookback_4,none
lookback_4,lookback,run,majority,test,10,all,4,10,0.0,0,execution.trade_count_proxy@confidence_threshold=0.6,11676.0,experiments/lookback_4,none
lookback_4,lookback,run,majority,test,10,all,4,10,0.0,0,execution.turnover_proxy@confidence_threshold=0.6,11676.0,experiments/lookback_4,none
lookback_4,lookback,run,majority,test,10,all,4,10,0.0,0,execution.gross_signal_return_proxy@confidence_threshold=0.6,-0.4374632647694284,experiments/lookback_4,none
lookback_4,lookback,run,majority,test,10,all,4,10,0.0,0,execution.cost_proxy@confidence_threshold=0.6,0.0,experiments/lookback_4,none
lookback_4,lookback,run,majority,test,10,all,4,10,0.0,0,execution.net_signal_return_proxy@confidence_threshold=0.6,-0.4374632647694284,experiments/lookback_4,none
lookback_4,lookback,run,majority,test,10,all,4,10,0.0,0,execution.hit_rate_proxy@confidence_threshold=0.6,0.6286399451867077,experiments/lookback_4,none
lookback_4,lookback,run,majority,test,10,all,4,10,1.0,0,execution.eligible_predictions@confidence_threshold=0.6,11676.0,experiments/lookback_4,none
lookback_4,lookback,run,majority,test,10,all,4,10,1.0,0,execution.trade_count_proxy@confidence_threshold=0.6,11676.0,experiments/lookback_4,none
lookback_4,lookback,run,majority,test,10,all,4,10,1.0,0,execution.turnover_proxy@confidence_threshold=0.6,11676.0,experiments/lookback_4,none
lookback_4,lookback,run,majority,test,10,all,4,10,1.0,0,execution.gross_signal_return_proxy@confidence_threshold=0.6,-0.4374632647694284,experiments/lookback_4,none
lookback_4,lookback,run,majority,test,10,all,4,10,1.0,0,execution.cost_proxy@confidence_threshold=0.6,1.0,experiments/lookback_4,none
lookback_4,lookback,run,majority,test,10,all,4,10,1.0,0,execution.net_signal_return_proxy@confidence_threshold=0.6,-1.4374632647694283,experiments/lookback_4,none
lookback_4,lookback,run,majority,test,10,all,4,10,1.0,0,execution.hit_rate_proxy@confidence_threshold=0.6,0.6286399451867077,experiments/lookback_4,none
lookback_4,lookback,run,majority,test,10,all,4,10,5.0,0,execution.eligible_predictions@confidence_threshold=0.6,11676.0,experiments/lookback_4,none
lookback_4,lookback,run,majority,test,10,all,4,10,5.0,0,execution.trade_count_proxy@confidence_threshold=0.6,11676.0,experiments/lookback_4,none
lookback_4,lookback,run,majority,test,10,all,4,10,5.0,0,execution.turnover_proxy@confidence_threshold=0.6,11676.0,experiments/lookback_4,none
lookback_4,lookback,run,majority,test,10,all,4,10,5.0,0,execution.gross_signal_return_proxy@confidence_threshold=0.6,-0.4374632647694284,experiments/lookback_4,none
lookback_4,lookback,run,majority,test,10,all,4,10,5.0,0,execution.cost_proxy@confidence_threshold=0.6,5.0,experiments/lookback_4,none
lookback_4,lookback,run,majority,test,10,all,4,10,5.0,0,execution.net_signal_return_proxy@confidence_threshold=0.6,-5.437463264769429,experiments/lookback_4,none
lookback_4,lookback,run,majority,test,10,all,4,10,5.0,0,execution.hit_rate_proxy@confidence_threshold=0.6,0.6286399451867077,experiments/lookback_4,none
lookback_4,lookback,run,majority,test,10,all,4,10,0.0,0,execution.eligible_predictions@confidence_threshold=0.7,0.0,experiments/lookback_4,none
lookback_4,lookback,run,majority,test,10,all,4,10,0.0,0,execution.trade_count_proxy@confidence_threshold=0.7,0.0,experiments/lookback_4,none
lookback_4,lookback,run,majority,test,10,all,4,10,0.0,0,execution.turnover_proxy@confidence_threshold=0.7,0.0,experiments/lookback_4,none
lookback_4,lookback,run,majority,test,10,all,4,10,0.0,0,execution.gross_signal_return_proxy@confidence_threshold=0.7,0.0,experiments/lookback_4,none
lookback_4,lookback,run,majority,test,10,all,4,10,0.0,0,execution.cost_proxy@confidence_threshold=0.7,0.0,experiments/lookback_4,none
lookback_4,lookback,run,majority,test,10,all,4,10,0.0,0,execution.net_signal_return_proxy@confidence_threshold=0.7,0.0,experiments/lookback_4,none
lookback_4,lookback,run,majority,test,10,all,4,10,0.0,0,execution.hit_rate_proxy@confidence_threshold=0.7,0.0,experiments/lookback_4,none
lookback_4,lookback,run,majority,test,10,all,4,10,1.0,0,execution.eligible_predictions@confidence_threshold=0.7,0.0,experiments/lookback_4,none
lookback_4,lookback,run,majority,test,10,all,4,10,1.0,0,execution.trade_count_proxy@confidence_threshold=0.7,0.0,experiments/lookback_4,none
lookback_4,lookback,run,majority,test,10,all,4,10,1.0,0,execution.turnover_proxy@confidence_threshold=0.7,0.0,experiments/lookback_4,none
lookback_4,lookback,run,majority,test,10,all,4,10,1.0,0,execution.gross_signal_return_proxy@confidence_threshold=0.7,0.0,experiments/lookback_4,none
lookback_4,lookback,run,majority,test,10,all,4,10,1.0,0,execution.cost_proxy@confidence_threshold=0.7,0.0,experiments/lookback_4,none
lookback_4,lookback,run,majority,test,10,all,4,10,1.0,0,execution.net_signal_return_proxy@confidence_threshold=0.7,0.0,experiments/lookback_4,none
lookback_4,lookback,run,majority,test,10,all,4,10,1.0,0,execution.hit_rate_proxy@confidence_threshold=0.7,0.0,experiments/lookback_4,none
lookback_4,lookback,run,majority,test,10,all,4,10,5.0,0,execution.eligible_predictions@confidence_threshold=0.7,0.0,experiments/lookback_4,none
lookback_4,lookback,run,majority,test,10,all,4,10,5.0,0,execution.trade_count_proxy@confidence_threshold=0.7,0.0,experiments/lookback_4,none
lookback_4,lookback,run,majority,test,10,all,4,10,5.0,0,execution.turnover_proxy@confidence_threshold=0.7,0.0,experiments/lookback_4,none
lookback_4,lookback,run,majority,test,10,all,4,10,5.0,0,execution.gross_signal_return_proxy@confidence_threshold=0.7,0.0,experiments/lookback_4,none
lookback_4,lookback,run,majority,test,10,all,4,10,5.0,0,execution.cost_proxy@confidence_threshold=0.7,0.0,experiments/lookback_4,none
lookback_4,lookback,run,majority,test,10,all,4,10,5.0,0,execution.net_signal_return_proxy@confidence_threshold=0.7,0.0,experiments/lookback_4,none
lookback_4,lookback,run,majority,test,10,all,4,10,5.0,0,execution.hit_rate_proxy@confidence_threshold=0.7,0.0,experiments/lookback_4,none
lookback_4,lookback,run,logistic,test,10,all,4,10,0.0,0,execution.eligible_predictions@confidence_threshold=0,11676.0,experiments/lookback_4,none
lookback_4,lookback,run,logistic,test,10,all,4,10,0.0,0,execution.trade_count_proxy@confidence_threshold=0,10845.0,experiments/lookback_4,none
lookback_4,lookback,run,logistic,test,10,all,4,10,0.0,0,execution.turnover_proxy@confidence_threshold=0,10845.0,experiments/lookback_4,none
lookback_4,lookback,run,logistic,test,10,all,4,10,0.0,0,execution.gross_signal_return_proxy@confidence_threshold=0,-0.4286252710396254,experiments/lookback_4,none
lookback_4,lookback,run,logistic,test,10,all,4,10,0.0,0,execution.cost_proxy@confidence_threshold=0,0.0,experiments/lookback_4,none
lookback_4,lookback,run,logistic,test,10,all,4,10,0.0,0,execution.net_signal_return_proxy@confidence_threshold=0,-0.4286252710396254,experiments/lookback_4,none
lookback_4,lookback,run,logistic,test,10,all,4,10,0.0,0,execution.hit_rate_proxy@confidence_threshold=0,0.6233299075025693,experiments/lookback_4,none
lookback_4,lookback,run,logistic,test,10,all,4,10,1.0,0,execution.eligible_predictions@confidence_threshold=0,11676.0,experiments/lookback_4,none
lookback_4,lookback,run,logistic,test,10,all,4,10,1.0,0,execution.trade_count_proxy@confidence_threshold=0,10845.0,experiments/lookback_4,none
lookback_4,lookback,run,logistic,test,10,all,4,10,1.0,0,execution.turnover_proxy@confidence_threshold=0,10845.0,experiments/lookback_4,none
lookback_4,lookback,run,logistic,test,10,all,4,10,1.0,0,execution.gross_signal_return_proxy@confidence_threshold=0,-0.4286252710396254,experiments/lookback_4,none
lookback_4,lookback,run,logistic,test,10,all,4,10,1.0,0,execution.cost_proxy@confidence_threshold=0,1.0,experiments/lookback_4,none
lookback_4,lookback,run,logistic,test,10,all,4,10,1.0,0,execution.net_signal_return_proxy@confidence_threshold=0,-1.4286252710396254,experiments/lookback_4,none
lookback_4,lookback,run,logistic,test,10,all,4,10,1.0,0,execution.hit_rate_proxy@confidence_threshold=0,0.6233299075025693,experiments/lookback_4,none
lookback_4,lookback,run,logistic,test,10,all,4,10,5.0,0,execution.eligible_predictions@confidence_threshold=0,11676.0,experiments/lookback_4,none
lookback_4,lookback,run,logistic,test,10,all,4,10,5.0,0,execution.trade_count_proxy@confidence_threshold=0,10845.0,experiments/lookback_4,none
lookback_4,lookback,run,logistic,test,10,all,4,10,5.0,0,execution.turnover_proxy@confidence_threshold=0,10845.0,experiments/lookback_4,none
lookback_4,lookback,run,logistic,test,10,all,4,10,5.0,0,execution.gross_signal_return_proxy@confidence_threshold=0,-0.4286252710396254,experiments/lookback_4,none
lookback_4,lookback,run,logistic,test,10,all,4,10,5.0,0,execution.cost_proxy@confidence_threshold=0,5.0,experiments/lookback_4,none
lookback_4,lookback,run,logistic,test,10,all,4,10,5.0,0,execution.net_signal_return_proxy@confidence_threshold=0,-5.428625271039626,experiments/lookback_4,none
lookback_4,lookback,run,logistic,test,10,all,4,10,5.0,0,execution.hit_rate_proxy@confidence_threshold=0,0.6233299075025693,experiments/lookback_4,none
lookback_4,lookback,run,logistic,test,10,all,4,10,0.0,0,execution.eligible_predictions@confidence_threshold=0.5,8679.0,experiments/lookback_4,none
lookback_4,lookback,run,logistic,test,10,all,4,10,0.0,0,execution.trade_count_proxy@confidence_threshold=0.5,8418.0,experiments/lookback_4,none
lookback_4,lookback,run,logistic,test,10,all,4,10,0.0,0,execution.turnover_proxy@confidence_threshold=0.5,8418.0,experiments/lookback_4,none
lookback_4,lookback,run,logistic,test,10,all,4,10,0.0,0,execution.gross_signal_return_proxy@confidence_threshold=0.5,-0.5699791713708685,experiments/lookback_4,none
lookback_4,lookback,run,logistic,test,10,all,4,10,0.0,0,execution.cost_proxy@confidence_threshold=0.5,0.0,experiments/lookback_4,none
lookback_4,lookback,run,logistic,test,10,all,4,10,0.0,0,execution.net_signal_return_proxy@confidence_threshold=0.5,-0.5699791713708685,experiments/lookback_4,none
lookback_4,lookback,run,logistic,test,10,all,4,10,0.0,0,execution.hit_rate_proxy@confidence_threshold=0.5,0.6798018204862312,experiments/lookback_4,none
lookback_4,lookback,run,logistic,test,10,all,4,10,1.0,0,execution.eligible_predictions@confidence_threshold=0.5,8679.0,experiments/lookback_4,none
lookback_4,lookback,run,logistic,test,10,all,4,10,1.0,0,execution.trade_count_proxy@confidence_threshold=0.5,8418.0,experiments/lookback_4,none
lookback_4,lookback,run,logistic,test,10,all,4,10,1.0,0,execution.turnover_proxy@confidence_threshold=0.5,8418.0,experiments/lookback_4,none
lookback_4,lookback,run,logistic,test,10,all,4,10,1.0,0,execution.gross_signal_return_proxy@confidence_threshold=0.5,-0.5699791713708685,experiments/lookback_4,none
lookback_4,lookback,run,logistic,test,10,all,4,10,1.0,0,execution.cost_proxy@confidence_threshold=0.5,1.0,experiments/lookback_4,none
lookback_4,lookback,run,logistic,test,10,all,4,10,1.0,0,execution.net_signal_return_proxy@confidence_threshold=0.5,-1.5699791713708686,experiments/lookback_4,none
lookback_4,lookback,run,logistic,test,10,all,4,10,1.0,0,execution.hit_rate_proxy@confidence_threshold=0.5,0.6798018204862312,experiments/lookback_4,none
lookback_4,lookback,run,logistic,test,10,all,4,10,5.0,0,execution.eligible_predictions@confidence_threshold=0.5,8679.0,experiments/lookback_4,none
lookback_4,lookback,run,logistic,test,10,all,4,10,5.0,0,execution.trade_count_proxy@confidence_threshold=0.5,8418.0,experiments/lookback_4,none
lookback_4,lookback,run,logistic,test,10,all,4,10,5.0,0,execution.turnover_proxy@confidence_threshold=0.5,8418.0,experiments/lookback_4,none
lookback_4,lookback,run,logistic,test,10,all,4,10,5.0,0,execution.gross_signal_return_proxy@confidence_threshold=0.5,-0.5699791713708685,experiments/lookback_4,none
lookback_4,lookback,run,logistic,test,10,all,4,10,5.0,0,execution.cost_proxy@confidence_threshold=0.5,5.0,experiments/lookback_4,none
lookback_4,lookback,run,logistic,test,10,all,4,10,5.0,0,execution.net_signal_return_proxy@confidence_threshold=0.5,-5.569979171370869,experiments/lookback_4,none
lookback_4,lookback,run,logistic,test,10,all,4,10,5.0,0,execution.hit_rate_proxy@confidence_threshold=0.5,0.6798018204862312,experiments/lookback_4,none
lookback_4,lookback,run,logistic,test,10,all,4,10,0.0,0,execution.eligible_predictions@confidence_threshold=0.6,5127.0,experiments/lookback_4,none
lookback_4,lookback,run,logistic,test,10,all,4,10,0.0,0,execution.trade_count_proxy@confidence_threshold=0.6,5018.0,experiments/lookback_4,none
lookback_4,lookback,run,logistic,test,10,all,4,10,0.0,0,execution.turnover_proxy@confidence_threshold=0.6,5018.0,experiments/lookback_4,none
lookback_4,lookback,run,logistic,test,10,all,4,10,0.0,0,execution.gross_signal_return_proxy@confidence_threshold=0.6,-0.937204108973911,experiments/lookback_4,none
lookback_4,lookback,run,logistic,test,10,all,4,10,0.0,0,execution.cost_proxy@confidence_threshold=0.6,0.0,experiments/lookback_4,none
lookback_4,lookback,run,logistic,test,10,all,4,10,0.0,0,execution.net_signal_return_proxy@confidence_threshold=0.6,-0.937204108973911,experiments/lookback_4,none
lookback_4,lookback,run,logistic,test,10,all,4,10,0.0,0,execution.hit_rate_proxy@confidence_threshold=0.6,0.7275209674273454,experiments/lookback_4,none
lookback_4,lookback,run,logistic,test,10,all,4,10,1.0,0,execution.eligible_predictions@confidence_threshold=0.6,5127.0,experiments/lookback_4,none
lookback_4,lookback,run,logistic,test,10,all,4,10,1.0,0,execution.trade_count_proxy@confidence_threshold=0.6,5018.0,experiments/lookback_4,none
lookback_4,lookback,run,logistic,test,10,all,4,10,1.0,0,execution.turnover_proxy@confidence_threshold=0.6,5018.0,experiments/lookback_4,none
lookback_4,lookback,run,logistic,test,10,all,4,10,1.0,0,execution.gross_signal_return_proxy@confidence_threshold=0.6,-0.937204108973911,experiments/lookback_4,none
lookback_4,lookback,run,logistic,test,10,all,4,10,1.0,0,execution.cost_proxy@confidence_threshold=0.6,1.0,experiments/lookback_4,none
lookback_4,lookback,run,logistic,test,10,all,4,10,1.0,0,execution.net_signal_return_proxy@confidence_threshold=0.6,-1.9372041089739112,experiments/lookback_4,none
lookback_4,lookback,run,logistic,test,10,all,4,10,1.0,0,execution.hit_rate_proxy@confidence_threshold=0.6,0.7275209674273454,experiments/lookback_4,none
lookback_4,lookback,run,logistic,test,10,all,4,10,5.0,0,execution.eligible_predictions@confidence_threshold=0.6,5127.0,experiments/lookback_4,none
lookback_4,lookback,run,logistic,test,10,all,4,10,5.0,0,execution.trade_count_proxy@confidence_threshold=0.6,5018.0,experiments/lookback_4,none
lookback_4,lookback,run,logistic,test,10,all,4,10,5.0,0,execution.turnover_proxy@confidence_threshold=0.6,5018.0,experiments/lookback_4,none
lookback_4,lookback,run,logistic,test,10,all,4,10,5.0,0,execution.gross_signal_return_proxy@confidence_threshold=0.6,-0.937204108973911,experiments/lookback_4,none
lookback_4,lookback,run,logistic,test,10,all,4,10,5.0,0,execution.cost_proxy@confidence_threshold=0.6,5.0,experiments/lookback_4,none
lookback_4,lookback,run,logistic,test,10,all,4,10,5.0,0,execution.net_signal_return_proxy@confidence_threshold=0.6,-5.937204108973911,experiments/lookback_4,none
lookback_4,lookback,run,logistic,test,10,all,4,10,5.0,0,execution.hit_rate_proxy@confidence_threshold=0.6,0.7275209674273454,experiments/lookback_4,none
lookback_4,lookback,run,logistic,test,10,all,4,10,0.0,0,execution.eligible_predictions@confidence_threshold=0.7,2300.0,experiments/lookback_4,none
lookback_4,lookback,run,logistic,test,10,all,4,10,0.0,0,execution.trade_count_proxy@confidence_threshold=0.7,2251.0,experiments/lookback_4,none
lookback_4,lookback,run,logistic,test,10,all,4,10,0.0,0,execution.turnover_proxy@confidence_threshold=0.7,2251.0,experiments/lookback_4,none
lookback_4,lookback,run,logistic,test,10,all,4,10,0.0,0,execution.gross_signal_return_proxy@confidence_threshold=0.7,-1.5156647992317125,experiments/lookback_4,none
lookback_4,lookback,run,logistic,test,10,all,4,10,0.0,0,execution.cost_proxy@confidence_threshold=0.7,0.0,experiments/lookback_4,none
lookback_4,lookback,run,logistic,test,10,all,4,10,0.0,0,execution.net_signal_return_proxy@confidence_threshold=0.7,-1.5156647992317125,experiments/lookback_4,none
lookback_4,lookback,run,logistic,test,10,all,4,10,0.0,0,execution.hit_rate_proxy@confidence_threshold=0.7,0.7495652173913043,experiments/lookback_4,none
lookback_4,lookback,run,logistic,test,10,all,4,10,1.0,0,execution.eligible_predictions@confidence_threshold=0.7,2300.0,experiments/lookback_4,none
lookback_4,lookback,run,logistic,test,10,all,4,10,1.0,0,execution.trade_count_proxy@confidence_threshold=0.7,2251.0,experiments/lookback_4,none
lookback_4,lookback,run,logistic,test,10,all,4,10,1.0,0,execution.turnover_proxy@confidence_threshold=0.7,2251.0,experiments/lookback_4,none
lookback_4,lookback,run,logistic,test,10,all,4,10,1.0,0,execution.gross_signal_return_proxy@confidence_threshold=0.7,-1.5156647992317125,experiments/lookback_4,none
lookback_4,lookback,run,logistic,test,10,all,4,10,1.0,0,execution.cost_proxy@confidence_threshold=0.7,1.0,experiments/lookback_4,none
lookback_4,lookback,run,logistic,test,10,all,4,10,1.0,0,execution.net_signal_return_proxy@confidence_threshold=0.7,-2.515664799231712,experiments/lookback_4,none
lookback_4,lookback,run,logistic,test,10,all,4,10,1.0,0,execution.hit_rate_proxy@confidence_threshold=0.7,0.7495652173913043,experiments/lookback_4,none
lookback_4,lookback,run,logistic,test,10,all,4,10,5.0,0,execution.eligible_predictions@confidence_threshold=0.7,2300.0,experiments/lookback_4,none
lookback_4,lookback,run,logistic,test,10,all,4,10,5.0,0,execution.trade_count_proxy@confidence_threshold=0.7,2251.0,experiments/lookback_4,none
lookback_4,lookback,run,logistic,test,10,all,4,10,5.0,0,execution.turnover_proxy@confidence_threshold=0.7,2251.0,experiments/lookback_4,none
lookback_4,lookback,run,logistic,test,10,all,4,10,5.0,0,execution.gross_signal_return_proxy@confidence_threshold=0.7,-1.5156647992317125,experiments/lookback_4,none
lookback_4,lookback,run,logistic,test,10,all,4,10,5.0,0,execution.cost_proxy@confidence_threshold=0.7,5.0,experiments/lookback_4,none
lookback_4,lookback,run,logistic,test,10,all,4,10,5.0,0,execution.net_signal_return_proxy@confidence_threshold=0.7,-6.515664799231712,experiments/lookback_4,none
lookback_4,lookback,run,logistic,test,10,all,4,10,5.0,0,execution.hit_rate_proxy@confidence_threshold=0.7,0.7495652173913043,experiments/lookback_4,none
lookback_4,lookback,run,deeplob_style,test,10,all,4,10,0.0,0,execution.eligible_predictions@confidence_threshold=0,11673.0,experiments/lookback_4,none
lookback_4,lookback,run,deeplob_style,test,10,all,4,10,0.0,0,execution.trade_count_proxy@confidence_threshold=0,11200.0,experiments/lookback_4,none
lookback_4,lookback,run,deeplob_style,test,10,all,4,10,0.0,0,execution.turnover_proxy@confidence_threshold=0,11200.0,experiments/lookback_4,none
lookback_4,lookback,run,deeplob_style,test,10,all,4,10,0.0,0,execution.gross_signal_return_proxy@confidence_threshold=0,-0.5586680588552495,experiments/lookback_4,none
lookback_4,lookback,run,deeplob_style,test,10,all,4,10,0.0,0,execution.cost_proxy@confidence_threshold=0,0.0,experiments/lookback_4,none
lookback_4,lookback,run,deeplob_style,test,10,all,4,10,0.0,0,execution.net_signal_return_proxy@confidence_threshold=0,-0.5586680588552495,experiments/lookback_4,none
lookback_4,lookback,run,deeplob_style,test,10,all,4,10,0.0,0,execution.hit_rate_proxy@confidence_threshold=0,0.6730917501927525,experiments/lookback_4,none
lookback_4,lookback,run,deeplob_style,test,10,all,4,10,1.0,0,execution.eligible_predictions@confidence_threshold=0,11673.0,experiments/lookback_4,none
lookback_4,lookback,run,deeplob_style,test,10,all,4,10,1.0,0,execution.trade_count_proxy@confidence_threshold=0,11200.0,experiments/lookback_4,none
lookback_4,lookback,run,deeplob_style,test,10,all,4,10,1.0,0,execution.turnover_proxy@confidence_threshold=0,11200.0,experiments/lookback_4,none
lookback_4,lookback,run,deeplob_style,test,10,all,4,10,1.0,0,execution.gross_signal_return_proxy@confidence_threshold=0,-0.5586680588552495,experiments/lookback_4,none
lookback_4,lookback,run,deeplob_style,test,10,all,4,10,1.0,0,execution.cost_proxy@confidence_threshold=0,1.0,experiments/lookback_4,none
lookback_4,lookback,run,deeplob_style,test,10,all,4,10,1.0,0,execution.net_signal_return_proxy@confidence_threshold=0,-1.5586680588552495,experiments/lookback_4,none
lookback_4,lookback,run,deeplob_style,test,10,all,4,10,1.0,0,execution.hit_rate_proxy@confidence_threshold=0,0.6730917501927525,experiments/lookback_4,none
lookback_4,lookback,run,deeplob_style,test,10,all,4,10,5.0,0,execution.eligible_predictions@confidence_threshold=0,11673.0,experiments/lookback_4,none
lookback_4,lookback,run,deeplob_style,test,10,all,4,10,5.0,0,execution.trade_count_proxy@confidence_threshold=0,11200.0,experiments/lookback_4,none
lookback_4,lookback,run,deeplob_style,test,10,all,4,10,5.0,0,execution.turnover_proxy@confidence_threshold=0,11200.0,experiments/lookback_4,none
lookback_4,lookback,run,deeplob_style,test,10,all,4,10,5.0,0,execution.gross_signal_return_proxy@confidence_threshold=0,-0.5586680588552495,experiments/lookback_4,none
lookback_4,lookback,run,deeplob_style,test,10,all,4,10,5.0,0,execution.cost_proxy@confidence_threshold=0,5.0,experiments/lookback_4,none
lookback_4,lookback,run,deeplob_style,test,10,all,4,10,5.0,0,execution.net_signal_return_proxy@confidence_threshold=0,-5.5586680588552495,experiments/lookback_4,none
lookback_4,lookback,run,deeplob_style,test,10,all,4,10,5.0,0,execution.hit_rate_proxy@confidence_threshold=0,0.6730917501927525,experiments/lookback_4,none
lookback_4,lookback,run,deeplob_style,test,10,all,4,10,0.0,0,execution.eligible_predictions@confidence_threshold=0.5,9306.0,experiments/lookback_4,none
lookback_4,lookback,run,deeplob_style,test,10,all,4,10,0.0,0,execution.trade_count_proxy@confidence_threshold=0.5,9038.0,experiments/lookback_4,none
lookback_4,lookback,run,deeplob_style,test,10,all,4,10,0.0,0,execution.turnover_proxy@confidence_threshold=0.5,9038.0,experiments/lookback_4,none
lookback_4,lookback,run,deeplob_style,test,10,all,4,10,0.0,0,execution.gross_signal_return_proxy@confidence_threshold=0.5,-0.5691416616234876,experiments/lookback_4,none
lookback_4,lookback,run,deeplob_style,test,10,all,4,10,0.0,0,execution.cost_proxy@confidence_threshold=0.5,0.0,experiments/lookback_4,none
lookback_4,lookback,run,deeplob_style,test,10,all,4,10,0.0,0,execution.net_signal_return_proxy@confidence_threshold=0.5,-0.5691416616234876,experiments/lookback_4,none
lookback_4,lookback,run,deeplob_style,test,10,all,4,10,0.0,0,execution.hit_rate_proxy@confidence_threshold=0.5,0.7274876423812594,experiments/lookback_4,none
lookback_4,lookback,run,deeplob_style,test,10,all,4,10,1.0,0,execution.eligible_predictions@confidence_threshold=0.5,9306.0,experiments/lookback_4,none
lookback_4,lookback,run,deeplob_style,test,10,all,4,10,1.0,0,execution.trade_count_proxy@confidence_threshold=0.5,9038.0,experiments/lookback_4,none
lookback_4,lookback,run,deeplob_style,test,10,all,4,10,1.0,0,execution.turnover_proxy@confidence_threshold=0.5,9038.0,experiments/lookback_4,none
lookback_4,lookback,run,deeplob_style,test,10,all,4,10,1.0,0,execution.gross_signal_return_proxy@confidence_threshold=0.5,-0.5691416616234876,experiments/lookback_4,none
lookback_4,lookback,run,deeplob_style,test,10,all,4,10,1.0,0,execution.cost_proxy@confidence_threshold=0.5,1.0,experiments/lookback_4,none
lookback_4,lookback,run,deeplob_style,test,10,all,4,10,1.0,0,execution.net_signal_return_proxy@confidence_threshold=0.5,-1.5691416616234877,experiments/lookback_4,none
lookback_4,lookback,run,deeplob_style,test,10,all,4,10,1.0,0,execution.hit_rate_proxy@confidence_threshold=0.5,0.7274876423812594,experiments/lookback_4,none
lookback_4,lookback,run,deeplob_style,test,10,all,4,10,5.0,0,execution.eligible_predictions@confidence_threshold=0.5,9306.0,experiments/lookback_4,none
lookback_4,lookback,run,deeplob_style,test,10,all,4,10,5.0,0,execution.trade_count_proxy@confidence_threshold=0.5,9038.0,experiments/lookback_4,none
lookback_4,lookback,run,deeplob_style,test,10,all,4,10,5.0,0,execution.turnover_proxy@confidence_threshold=0.5,9038.0,experiments/lookback_4,none
lookback_4,lookback,run,deeplob_style,test,10,all,4,10,5.0,0,execution.gross_signal_return_proxy@confidence_threshold=0.5,-0.5691416616234876,experiments/lookback_4,none
lookback_4,lookback,run,deeplob_style,test,10,all,4,10,5.0,0,execution.cost_proxy@confidence_threshold=0.5,5.0,experiments/lookback_4,none
lookback_4,lookback,run,deeplob_style,test,10,all,4,10,5.0,0,execution.net_signal_return_proxy@confidence_threshold=0.5,-5.569141661623488,experiments/lookback_4,none
lookback_4,lookback,run,deeplob_style,test,10,all,4,10,5.0,0,execution.hit_rate_proxy@confidence_threshold=0.5,0.7274876423812594,experiments/lookback_4,none
lookback_4,lookback,run,deeplob_style,test,10,all,4,10,0.0,0,execution.eligible_predictions@confidence_threshold=0.6,4081.0,experiments/lookback_4,none
lookback_4,lookback,run,deeplob_style,test,10,all,4,10,0.0,0,execution.trade_count_proxy@confidence_threshold=0.6,3894.0,experiments/lookback_4,none
lookback_4,lookback,run,deeplob_style,test,10,all,4,10,0.0,0,execution.turnover_proxy@confidence_threshold=0.6,3894.0,experiments/lookback_4,none
lookback_4,lookback,run,deeplob_style,test,10,all,4,10,0.0,0,execution.gross_signal_return_proxy@confidence_threshold=0.6,-0.6374895140385618,experiments/lookback_4,none
lookback_4,lookback,run,deeplob_style,test,10,all,4,10,0.0,0,execution.cost_proxy@confidence_threshold=0.6,0.0,experiments/lookback_4,none
lookback_4,lookback,run,deeplob_style,test,10,all,4,10,0.0,0,execution.net_signal_return_proxy@confidence_threshold=0.6,-0.6374895140385618,experiments/lookback_4,none
lookback_4,lookback,run,deeplob_style,test,10,all,4,10,0.0,0,execution.hit_rate_proxy@confidence_threshold=0.6,0.8083802989463367,experiments/lookback_4,none
lookback_4,lookback,run,deeplob_style,test,10,all,4,10,1.0,0,execution.eligible_predictions@confidence_threshold=0.6,4081.0,experiments/lookback_4,none
lookback_4,lookback,run,deeplob_style,test,10,all,4,10,1.0,0,execution.trade_count_proxy@confidence_threshold=0.6,3894.0,experiments/lookback_4,none
lookback_4,lookback,run,deeplob_style,test,10,all,4,10,1.0,0,execution.turnover_proxy@confidence_threshold=0.6,3894.0,experiments/lookback_4,none
lookback_4,lookback,run,deeplob_style,test,10,all,4,10,1.0,0,execution.gross_signal_return_proxy@confidence_threshold=0.6,-0.6374895140385618,experiments/lookback_4,none
lookback_4,lookback,run,deeplob_style,test,10,all,4,10,1.0,0,execution.cost_proxy@confidence_threshold=0.6,1.0,experiments/lookback_4,none
lookback_4,lookback,run,deeplob_style,test,10,all,4,10,1.0,0,execution.net_signal_return_proxy@confidence_threshold=0.6,-1.637489514038562,experiments/lookback_4,none
lookback_4,lookback,run,deeplob_style,test,10,all,4,10,1.0,0,execution.hit_rate_proxy@confidence_threshold=0.6,0.8083802989463367,experiments/lookback_4,none
lookback_4,lookback,run,deeplob_style,test,10,all,4,10,5.0,0,execution.eligible_predictions@confidence_threshold=0.6,4081.0,experiments/lookback_4,none
lookback_4,lookback,run,deeplob_style,test,10,all,4,10,5.0,0,execution.trade_count_proxy@confidence_threshold=0.6,3894.0,experiments/lookback_4,none
lookback_4,lookback,run,deeplob_style,test,10,all,4,10,5.0,0,execution.turnover_proxy@confidence_threshold=0.6,3894.0,experiments/lookback_4,none
lookback_4,lookback,run,deeplob_style,test,10,all,4,10,5.0,0,execution.gross_signal_return_proxy@confidence_threshold=0.6,-0.6374895140385618,experiments/lookback_4,none
lookback_4,lookback,run,deeplob_style,test,10,all,4,10,5.0,0,execution.cost_proxy@confidence_threshold=0.6,5.0,experiments/lookback_4,none
lookback_4,lookback,run,deeplob_style,test,10,all,4,10,5.0,0,execution.net_signal_return_proxy@confidence_threshold=0.6,-5.6374895140385615,experiments/lookback_4,none
lookback_4,lookback,run,deeplob_style,test,10,all,4,10,5.0,0,execution.hit_rate_proxy@confidence_threshold=0.6,0.8083802989463367,experiments/lookback_4,none
lookback_4,lookback,run,deeplob_style,test,10,all,4,10,0.0,0,execution.eligible_predictions@confidence_threshold=0.7,2000.0,experiments/lookback_4,none
lookback_4,lookback,run,deeplob_style,test,10,all,4,10,0.0,0,execution.trade_count_proxy@confidence_threshold=0.7,1870.0,experiments/lookback_4,none
lookback_4,lookback,run,deeplob_style,test,10,all,4,10,0.0,0,execution.turnover_proxy@confidence_threshold=0.7,1870.0,experiments/lookback_4,none
lookback_4,lookback,run,deeplob_style,test,10,all,4,10,0.0,0,execution.gross_signal_return_proxy@confidence_threshold=0.7,-0.2379573001028168,experiments/lookback_4,none
lookback_4,lookback,run,deeplob_style,test,10,all,4,10,0.0,0,execution.cost_proxy@confidence_threshold=0.7,0.0,experiments/lookback_4,none
lookback_4,lookback,run,deeplob_style,test,10,all,4,10,0.0,0,execution.net_signal_return_proxy@confidence_threshold=0.7,-0.2379573001028168,experiments/lookback_4,none
lookback_4,lookback,run,deeplob_style,test,10,all,4,10,0.0,0,execution.hit_rate_proxy@confidence_threshold=0.7,0.8465,experiments/lookback_4,none
lookback_4,lookback,run,deeplob_style,test,10,all,4,10,1.0,0,execution.eligible_predictions@confidence_threshold=0.7,2000.0,experiments/lookback_4,none
lookback_4,lookback,run,deeplob_style,test,10,all,4,10,1.0,0,execution.trade_count_proxy@confidence_threshold=0.7,1870.0,experiments/lookback_4,none
lookback_4,lookback,run,deeplob_style,test,10,all,4,10,1.0,0,execution.turnover_proxy@confidence_threshold=0.7,1870.0,experiments/lookback_4,none
lookback_4,lookback,run,deeplob_style,test,10,all,4,10,1.0,0,execution.gross_signal_return_proxy@confidence_threshold=0.7,-0.2379573001028168,experiments/lookback_4,none
lookback_4,lookback,run,deeplob_style,test,10,all,4,10,1.0,0,execution.cost_proxy@confidence_threshold=0.7,1.0,experiments/lookback_4,none
lookback_4,lookback,run,deeplob_style,test,10,all,4,10,1.0,0,execution.net_signal_return_proxy@confidence_threshold=0.7,-1.2379573001028168,experiments/lookback_4,none
lookback_4,lookback,run,deeplob_style,test,10,all,4,10,1.0,0,execution.hit_rate_proxy@confidence_threshold=0.7,0.8465,experiments/lookback_4,none
lookback_4,lookback,run,deeplob_style,test,10,all,4,10,5.0,0,execution.eligible_predictions@confidence_threshold=0.7,2000.0,experiments/lookback_4,none
lookback_4,lookback,run,deeplob_style,test,10,all,4,10,5.0,0,execution.trade_count_proxy@confidence_threshold=0.7,1870.0,experiments/lookback_4,none
lookback_4,lookback,run,deeplob_style,test,10,all,4,10,5.0,0,execution.turnover_proxy@confidence_threshold=0.7,1870.0,experiments/lookback_4,none
lookback_4,lookback,run,deeplob_style,test,10,all,4,10,5.0,0,execution.gross_signal_return_proxy@confidence_threshold=0.7,-0.2379573001028168,experiments/lookback_4,none
lookback_4,lookback,run,deeplob_style,test,10,all,4,10,5.0,0,execution.cost_proxy@confidence_threshold=0.7,5.0,experiments/lookback_4,none
lookback_4,lookback,run,deeplob_style,test,10,all,4,10,5.0,0,execution.net_signal_return_proxy@confidence_threshold=0.7,-5.237957300102817,experiments/lookback_4,none
lookback_4,lookback,run,deeplob_style,test,10,all,4,10,5.0,0,execution.hit_rate_proxy@confidence_threshold=0.7,0.8465,experiments/lookback_4,none
feature_top_of_book,feature_group,run,majority,test,10,top_of_book,1,10,"0.0,1.0,5.0",0,accuracy,0.6286154372753723,experiments/feature_top_of_book,none
feature_top_of_book,feature_group,run,majority,test,10,top_of_book,1,10,"0.0,1.0,5.0",0,macro_f1,0.25732100322264256,experiments/feature_top_of_book,none
feature_top_of_book,feature_group,run,majority,test,10,top_of_book,1,10,"0.0,1.0,5.0",0,weighted_f1,0.4852678648828168,experiments/feature_top_of_book,none
feature_top_of_book,feature_group,run,majority,test,10,top_of_book,1,10,"0.0,1.0,5.0",0,matthews_corrcoef,0.0,experiments/feature_top_of_book,none
feature_top_of_book,feature_group,run,majority,test,10,top_of_book,1,10,"0.0,1.0,5.0",0,balanced_accuracy,0.3333333333333333,experiments/feature_top_of_book,none
feature_top_of_book,feature_group,run,majority,test,10,top_of_book,1,10,"0.0,1.0,5.0",0,log_loss,0.9180419332042239,experiments/feature_top_of_book,none
feature_top_of_book,feature_group,run,majority,test,10,top_of_book,1,10,"0.0,1.0,5.0",0,n_samples,11686.0,experiments/feature_top_of_book,none
feature_top_of_book,feature_group,run,majority,test,10,top_of_book,1,10,"0.0,1.0,5.0",0,class_count_train,3.0,experiments/feature_top_of_book,none
feature_top_of_book,feature_group,run,majority,test,10,top_of_book,1,10,"0.0,1.0,5.0",0,class_count_test,3.0,experiments/feature_top_of_book,none
feature_top_of_book,feature_group,run,majority,test,10,top_of_book,1,10,"0.0,1.0,5.0",0,brier_score,0.5366889220539707,experiments/feature_top_of_book,none
feature_top_of_book,feature_group,run,majority,test,10,top_of_book,1,10,"0.0,1.0,5.0",0,mean_confidence,0.6029411764705882,experiments/feature_top_of_book,none
feature_top_of_book,feature_group,run,majority,test,10,top_of_book,1,10,"0.0,1.0,5.0",0,expected_calibration_error,0.025674260804784077,experiments/feature_top_of_book,none
feature_top_of_book,feature_group,run,logistic,test,10,top_of_book,1,10,"0.0,1.0,5.0",0,accuracy,0.6286154372753723,experiments/feature_top_of_book,none
feature_top_of_book,feature_group,run,logistic,test,10,top_of_book,1,10,"0.0,1.0,5.0",0,macro_f1,0.25732100322264256,experiments/feature_top_of_book,none
feature_top_of_book,feature_group,run,logistic,test,10,top_of_book,1,10,"0.0,1.0,5.0",0,weighted_f1,0.4852678648828168,experiments/feature_top_of_book,none
feature_top_of_book,feature_group,run,logistic,test,10,top_of_book,1,10,"0.0,1.0,5.0",0,matthews_corrcoef,0.0,experiments/feature_top_of_book,none
feature_top_of_book,feature_group,run,logistic,test,10,top_of_book,1,10,"0.0,1.0,5.0",0,balanced_accuracy,0.3333333333333333,experiments/feature_top_of_book,none
feature_top_of_book,feature_group,run,logistic,test,10,top_of_book,1,10,"0.0,1.0,5.0",0,log_loss,0.9271490084252934,experiments/feature_top_of_book,none
feature_top_of_book,feature_group,run,logistic,test,10,top_of_book,1,10,"0.0,1.0,5.0",0,n_samples,11686.0,experiments/feature_top_of_book,none
feature_top_of_book,feature_group,run,logistic,test,10,top_of_book,1,10,"0.0,1.0,5.0",0,class_count_train,3.0,experiments/feature_top_of_book,none
feature_top_of_book,feature_group,run,logistic,test,10,top_of_book,1,10,"0.0,1.0,5.0",0,class_count_test,3.0,experiments/feature_top_of_book,none
feature_top_of_book,feature_group,run,logistic,test,10,top_of_book,1,10,"0.0,1.0,5.0",0,brier_score,0.543521022318025,experiments/feature_top_of_book,none
feature_top_of_book,feature_group,run,logistic,test,10,top_of_book,1,10,"0.0,1.0,5.0",0,mean_confidence,0.551746542680557,experiments/feature_top_of_book,none
feature_top_of_book,feature_group,run,logistic,test,10,top_of_book,1,10,"0.0,1.0,5.0",0,expected_calibration_error,0.07686889459481515,experiments/feature_top_of_book,none
feature_top_of_book,feature_group,run,deeplob_style,test,10,top_of_book,1,10,"0.0,1.0,5.0",0,accuracy,0.6286154372753723,experiments/feature_top_of_book,none
feature_top_of_book,feature_group,run,deeplob_style,test,10,top_of_book,1,10,"0.0,1.0,5.0",0,macro_f1,0.25732100322264256,experiments/feature_top_of_book,none
feature_top_of_book,feature_group,run,deeplob_style,test,10,top_of_book,1,10,"0.0,1.0,5.0",0,weighted_f1,0.4852678648828168,experiments/feature_top_of_book,none
feature_top_of_book,feature_group,run,deeplob_style,test,10,top_of_book,1,10,"0.0,1.0,5.0",0,matthews_corrcoef,0.0,experiments/feature_top_of_book,none
feature_top_of_book,feature_group,run,deeplob_style,test,10,top_of_book,1,10,"0.0,1.0,5.0",0,balanced_accuracy,0.3333333333333333,experiments/feature_top_of_book,none
feature_top_of_book,feature_group,run,deeplob_style,test,10,top_of_book,1,10,"0.0,1.0,5.0",0,log_loss,1.0052433847332483,experiments/feature_top_of_book,none
feature_top_of_book,feature_group,run,deeplob_style,test,10,top_of_book,1,10,"0.0,1.0,5.0",0,n_samples,11686.0,experiments/feature_top_of_book,none
feature_top_of_book,feature_group,run,deeplob_style,test,10,top_of_book,1,10,"0.0,1.0,5.0",0,class_count_train,3.0,experiments/feature_top_of_book,none
feature_top_of_book,feature_group,run,deeplob_style,test,10,top_of_book,1,10,"0.0,1.0,5.0",0,class_count_test,3.0,experiments/feature_top_of_book,none
feature_top_of_book,feature_group,run,deeplob_style,test,10,top_of_book,1,10,"0.0,1.0,5.0",0,brier_score,0.6012610386048343,experiments/feature_top_of_book,none
feature_top_of_book,feature_group,run,deeplob_style,test,10,top_of_book,1,10,"0.0,1.0,5.0",0,mean_confidence,0.4185795950187718,experiments/feature_top_of_book,none
feature_top_of_book,feature_group,run,deeplob_style,test,10,top_of_book,1,10,"0.0,1.0,5.0",0,expected_calibration_error,0.21003584225660046,experiments/feature_top_of_book,none
feature_top_of_book,feature_group,run,majority,test,10,top_of_book,1,10,"0.0,1.0,5.0",0,calibration.bin_0.count,0.0,experiments/feature_top_of_book,none
feature_top_of_book,feature_group,run,majority,test,10,top_of_book,1,10,"0.0,1.0,5.0",0,calibration.bin_0.mean_confidence,0.05,experiments/feature_top_of_book,none
feature_top_of_book,feature_group,run,majority,test,10,top_of_book,1,10,"0.0,1.0,5.0",0,calibration.bin_0.accuracy,0.0,experiments/feature_top_of_book,none
feature_top_of_book,feature_group,run,majority,test,10,top_of_book,1,10,"0.0,1.0,5.0",0,calibration.bin_0.confidence_gap,0.0,experiments/feature_top_of_book,none
feature_top_of_book,feature_group,run,majority,test,10,top_of_book,1,10,"0.0,1.0,5.0",0,calibration.bin_1.count,0.0,experiments/feature_top_of_book,none
feature_top_of_book,feature_group,run,majority,test,10,top_of_book,1,10,"0.0,1.0,5.0",0,calibration.bin_1.mean_confidence,0.15,experiments/feature_top_of_book,none
feature_top_of_book,feature_group,run,majority,test,10,top_of_book,1,10,"0.0,1.0,5.0",0,calibration.bin_1.accuracy,0.0,experiments/feature_top_of_book,none
feature_top_of_book,feature_group,run,majority,test,10,top_of_book,1,10,"0.0,1.0,5.0",0,calibration.bin_1.confidence_gap,0.0,experiments/feature_top_of_book,none
feature_top_of_book,feature_group,run,majority,test,10,top_of_book,1,10,"0.0,1.0,5.0",0,calibration.bin_2.count,0.0,experiments/feature_top_of_book,none
feature_top_of_book,feature_group,run,majority,test,10,top_of_book,1,10,"0.0,1.0,5.0",0,calibration.bin_2.mean_confidence,0.25,experiments/feature_top_of_book,none
feature_top_of_book,feature_group,run,majority,test,10,top_of_book,1,10,"0.0,1.0,5.0",0,calibration.bin_2.accuracy,0.0,experiments/feature_top_of_book,none
feature_top_of_book,feature_group,run,majority,test,10,top_of_book,1,10,"0.0,1.0,5.0",0,calibration.bin_2.confidence_gap,0.0,experiments/feature_top_of_book,none
feature_top_of_book,feature_group,run,majority,test,10,top_of_book,1,10,"0.0,1.0,5.0",0,calibration.bin_3.count,0.0,experiments/feature_top_of_book,none
feature_top_of_book,feature_group,run,majority,test,10,top_of_book,1,10,"0.0,1.0,5.0",0,calibration.bin_3.mean_confidence,0.35,experiments/feature_top_of_book,none
feature_top_of_book,feature_group,run,majority,test,10,top_of_book,1,10,"0.0,1.0,5.0",0,calibration.bin_3.accuracy,0.0,experiments/feature_top_of_book,none
feature_top_of_book,feature_group,run,majority,test,10,top_of_book,1,10,"0.0,1.0,5.0",0,calibration.bin_3.confidence_gap,0.0,experiments/feature_top_of_book,none
feature_top_of_book,feature_group,run,majority,test,10,top_of_book,1,10,"0.0,1.0,5.0",0,calibration.bin_4.count,0.0,experiments/feature_top_of_book,none
feature_top_of_book,feature_group,run,majority,test,10,top_of_book,1,10,"0.0,1.0,5.0",0,calibration.bin_4.mean_confidence,0.45,experiments/feature_top_of_book,none
feature_top_of_book,feature_group,run,majority,test,10,top_of_book,1,10,"0.0,1.0,5.0",0,calibration.bin_4.accuracy,0.0,experiments/feature_top_of_book,none
feature_top_of_book,feature_group,run,majority,test,10,top_of_book,1,10,"0.0,1.0,5.0",0,calibration.bin_4.confidence_gap,0.0,experiments/feature_top_of_book,none
feature_top_of_book,feature_group,run,majority,test,10,top_of_book,1,10,"0.0,1.0,5.0",0,calibration.bin_5.count,0.0,experiments/feature_top_of_book,none
feature_top_of_book,feature_group,run,majority,test,10,top_of_book,1,10,"0.0,1.0,5.0",0,calibration.bin_5.mean_confidence,0.55,experiments/feature_top_of_book,none
feature_top_of_book,feature_group,run,majority,test,10,top_of_book,1,10,"0.0,1.0,5.0",0,calibration.bin_5.accuracy,0.0,experiments/feature_top_of_book,none
feature_top_of_book,feature_group,run,majority,test,10,top_of_book,1,10,"0.0,1.0,5.0",0,calibration.bin_5.confidence_gap,0.0,experiments/feature_top_of_book,none
feature_top_of_book,feature_group,run,majority,test,10,top_of_book,1,10,"0.0,1.0,5.0",0,calibration.bin_6.count,11686.0,experiments/feature_top_of_book,none
feature_top_of_book,feature_group,run,majority,test,10,top_of_book,1,10,"0.0,1.0,5.0",0,calibration.bin_6.mean_confidence,0.6029411764705882,experiments/feature_top_of_book,none
feature_top_of_book,feature_group,run,majority,test,10,top_of_book,1,10,"0.0,1.0,5.0",0,calibration.bin_6.accuracy,0.6286154372753723,experiments/feature_top_of_book,none
feature_top_of_book,feature_group,run,majority,test,10,top_of_book,1,10,"0.0,1.0,5.0",0,calibration.bin_6.confidence_gap,0.025674260804784,experiments/feature_top_of_book,none
feature_top_of_book,feature_group,run,majority,test,10,top_of_book,1,10,"0.0,1.0,5.0",0,calibration.bin_7.count,0.0,experiments/feature_top_of_book,none
feature_top_of_book,feature_group,run,majority,test,10,top_of_book,1,10,"0.0,1.0,5.0",0,calibration.bin_7.mean_confidence,0.75,experiments/feature_top_of_book,none
feature_top_of_book,feature_group,run,majority,test,10,top_of_book,1,10,"0.0,1.0,5.0",0,calibration.bin_7.accuracy,0.0,experiments/feature_top_of_book,none
feature_top_of_book,feature_group,run,majority,test,10,top_of_book,1,10,"0.0,1.0,5.0",0,calibration.bin_7.confidence_gap,0.0,experiments/feature_top_of_book,none
feature_top_of_book,feature_group,run,majority,test,10,top_of_book,1,10,"0.0,1.0,5.0",0,calibration.bin_8.count,0.0,experiments/feature_top_of_book,none
feature_top_of_book,feature_group,run,majority,test,10,top_of_book,1,10,"0.0,1.0,5.0",0,calibration.bin_8.mean_confidence,0.8500000000000001,experiments/feature_top_of_book,none
feature_top_of_book,feature_group,run,majority,test,10,top_of_book,1,10,"0.0,1.0,5.0",0,calibration.bin_8.accuracy,0.0,experiments/feature_top_of_book,none
feature_top_of_book,feature_group,run,majority,test,10,top_of_book,1,10,"0.0,1.0,5.0",0,calibration.bin_8.confidence_gap,0.0,experiments/feature_top_of_book,none
feature_top_of_book,feature_group,run,majority,test,10,top_of_book,1,10,"0.0,1.0,5.0",0,calibration.bin_9.count,0.0,experiments/feature_top_of_book,none
feature_top_of_book,feature_group,run,majority,test,10,top_of_book,1,10,"0.0,1.0,5.0",0,calibration.bin_9.mean_confidence,0.95,experiments/feature_top_of_book,none
feature_top_of_book,feature_group,run,majority,test,10,top_of_book,1,10,"0.0,1.0,5.0",0,calibration.bin_9.accuracy,0.0,experiments/feature_top_of_book,none
feature_top_of_book,feature_group,run,majority,test,10,top_of_book,1,10,"0.0,1.0,5.0",0,calibration.bin_9.confidence_gap,0.0,experiments/feature_top_of_book,none
feature_top_of_book,feature_group,run,logistic,test,10,top_of_book,1,10,"0.0,1.0,5.0",0,calibration.bin_0.count,0.0,experiments/feature_top_of_book,none
feature_top_of_book,feature_group,run,logistic,test,10,top_of_book,1,10,"0.0,1.0,5.0",0,calibration.bin_0.mean_confidence,0.05,experiments/feature_top_of_book,none
feature_top_of_book,feature_group,run,logistic,test,10,top_of_book,1,10,"0.0,1.0,5.0",0,calibration.bin_0.accuracy,0.0,experiments/feature_top_of_book,none
feature_top_of_book,feature_group,run,logistic,test,10,top_of_book,1,10,"0.0,1.0,5.0",0,calibration.bin_0.confidence_gap,0.0,experiments/feature_top_of_book,none
feature_top_of_book,feature_group,run,logistic,test,10,top_of_book,1,10,"0.0,1.0,5.0",0,calibration.bin_1.count,0.0,experiments/feature_top_of_book,none
feature_top_of_book,feature_group,run,logistic,test,10,top_of_book,1,10,"0.0,1.0,5.0",0,calibration.bin_1.mean_confidence,0.15,experiments/feature_top_of_book,none
feature_top_of_book,feature_group,run,logistic,test,10,top_of_book,1,10,"0.0,1.0,5.0",0,calibration.bin_1.accuracy,0.0,experiments/feature_top_of_book,none
feature_top_of_book,feature_group,run,logistic,test,10,top_of_book,1,10,"0.0,1.0,5.0",0,calibration.bin_1.confidence_gap,0.0,experiments/feature_top_of_book,none
feature_top_of_book,feature_group,run,logistic,test,10,top_of_book,1,10,"0.0,1.0,5.0",0,calibration.bin_2.count,0.0,experiments/feature_top_of_book,none
feature_top_of_book,feature_group,run,logistic,test,10,top_of_book,1,10,"0.0,1.0,5.0",0,calibration.bin_2.mean_confidence,0.25,experiments/feature_top_of_book,none
feature_top_of_book,feature_group,run,logistic,test,10,top_of_book,1,10,"0.0,1.0,5.0",0,calibration.bin_2.accuracy,0.0,experiments/feature_top_of_book,none
feature_top_of_book,feature_group,run,logistic,test,10,top_of_book,1,10,"0.0,1.0,5.0",0,calibration.bin_2.confidence_gap,0.0,experiments/feature_top_of_book,none
feature_top_of_book,feature_group,run,logistic,test,10,top_of_book,1,10,"0.0,1.0,5.0",0,calibration.bin_3.count,0.0,experiments/feature_top_of_book,none
feature_top_of_book,feature_group,run,logistic,test,10,top_of_book,1,10,"0.0,1.0,5.0",0,calibration.bin_3.mean_confidence,0.35,experiments/feature_top_of_book,none
feature_top_of_book,feature_group,run,logistic,test,10,top_of_book,1,10,"0.0,1.0,5.0",0,calibration.bin_3.accuracy,0.0,experiments/feature_top_of_book,none
feature_top_of_book,feature_group,run,logistic,test,10,top_of_book,1,10,"0.0,1.0,5.0",0,calibration.bin_3.confidence_gap,0.0,experiments/feature_top_of_book,none
feature_top_of_book,feature_group,run,logistic,test,10,top_of_book,1,10,"0.0,1.0,5.0",0,calibration.bin_4.count,0.0,experiments/feature_top_of_book,none
feature_top_of_book,feature_group,run,logistic,test,10,top_of_book,1,10,"0.0,1.0,5.0",0,calibration.bin_4.mean_confidence,0.45,experiments/feature_top_of_book,none
feature_top_of_book,feature_group,run,logistic,test,10,top_of_book,1,10,"0.0,1.0,5.0",0,calibration.bin_4.accuracy,0.0,experiments/feature_top_of_book,none
feature_top_of_book,feature_group,run,logistic,test,10,top_of_book,1,10,"0.0,1.0,5.0",0,calibration.bin_4.confidence_gap,0.0,experiments/feature_top_of_book,none
feature_top_of_book,feature_group,run,logistic,test,10,top_of_book,1,10,"0.0,1.0,5.0",0,calibration.bin_5.count,11678.0,experiments/feature_top_of_book,none
feature_top_of_book,feature_group,run,logistic,test,10,top_of_book,1,10,"0.0,1.0,5.0",0,calibration.bin_5.mean_confidence,0.5517093527927104,experiments/feature_top_of_book,none
feature_top_of_book,feature_group,run,logistic,test,10,top_of_book,1,10,"0.0,1.0,5.0",0,calibration.bin_5.accuracy,0.6285322829251584,experiments/feature_top_of_book,none
feature_top_of_book,feature_group,run,logistic,test,10,top_of_book,1,10,"0.0,1.0,5.0",0,calibration.bin_5.confidence_gap,0.076822930132448,experiments/feature_top_of_book,none
feature_top_of_book,feature_group,run,logistic,test,10,top_of_book,1,10,"0.0,1.0,5.0",0,calibration.bin_6.count,8.0,experiments/feature_top_of_book,none
feature_top_of_book,feature_group,run,logistic,test,10,top_of_book,1,10,"0.0,1.0,5.0",0,calibration.bin_6.mean_confidence,0.6060344814647529,experiments/feature_top_of_book,none
feature_top_of_book,feature_group,run,logistic,test,10,top_of_book,1,10,"0.0,1.0,5.0",0,calibration.bin_6.accuracy,0.75,experiments/feature_top_of_book,none
feature_top_of_book,feature_group,run,logistic,test,10,top_of_book,1,10,"0.0,1.0,5.0",0,calibration.bin_6.confidence_gap,0.143965518535247,experiments/feature_top_of_book,none
feature_top_of_book,feature_group,run,logistic,test,10,top_of_book,1,10,"0.0,1.0,5.0",0,calibration.bin_7.count,0.0,experiments/feature_top_of_book,none
feature_top_of_book,feature_group,run,logistic,test,10,top_of_book,1,10,"0.0,1.0,5.0",0,calibration.bin_7.mean_confidence,0.75,experiments/feature_top_of_book,none
feature_top_of_book,feature_group,run,logistic,test,10,top_of_book,1,10,"0.0,1.0,5.0",0,calibration.bin_7.accuracy,0.0,experiments/feature_top_of_book,none
feature_top_of_book,feature_group,run,logistic,test,10,top_of_book,1,10,"0.0,1.0,5.0",0,calibration.bin_7.confidence_gap,0.0,experiments/feature_top_of_book,none
feature_top_of_book,feature_group,run,logistic,test,10,top_of_book,1,10,"0.0,1.0,5.0",0,calibration.bin_8.count,0.0,experiments/feature_top_of_book,none
feature_top_of_book,feature_group,run,logistic,test,10,top_of_book,1,10,"0.0,1.0,5.0",0,calibration.bin_8.mean_confidence,0.8500000000000001,experiments/feature_top_of_book,none
feature_top_of_book,feature_group,run,logistic,test,10,top_of_book,1,10,"0.0,1.0,5.0",0,calibration.bin_8.accuracy,0.0,experiments/feature_top_of_book,none
feature_top_of_book,feature_group,run,logistic,test,10,top_of_book,1,10,"0.0,1.0,5.0",0,calibration.bin_8.confidence_gap,0.0,experiments/feature_top_of_book,none
feature_top_of_book,feature_group,run,logistic,test,10,top_of_book,1,10,"0.0,1.0,5.0",0,calibration.bin_9.count,0.0,experiments/feature_top_of_book,none
feature_top_of_book,feature_group,run,logistic,test,10,top_of_book,1,10,"0.0,1.0,5.0",0,calibration.bin_9.mean_confidence,0.95,experiments/feature_top_of_book,none
feature_top_of_book,feature_group,run,logistic,test,10,top_of_book,1,10,"0.0,1.0,5.0",0,calibration.bin_9.accuracy,0.0,experiments/feature_top_of_book,none
feature_top_of_book,feature_group,run,logistic,test,10,top_of_book,1,10,"0.0,1.0,5.0",0,calibration.bin_9.confidence_gap,0.0,experiments/feature_top_of_book,none
feature_top_of_book,feature_group,run,deeplob_style,test,10,top_of_book,1,10,"0.0,1.0,5.0",0,calibration.bin_0.count,0.0,experiments/feature_top_of_book,none
feature_top_of_book,feature_group,run,deeplob_style,test,10,top_of_book,1,10,"0.0,1.0,5.0",0,calibration.bin_0.mean_confidence,0.05,experiments/feature_top_of_book,none
feature_top_of_book,feature_group,run,deeplob_style,test,10,top_of_book,1,10,"0.0,1.0,5.0",0,calibration.bin_0.accuracy,0.0,experiments/feature_top_of_book,none
feature_top_of_book,feature_group,run,deeplob_style,test,10,top_of_book,1,10,"0.0,1.0,5.0",0,calibration.bin_0.confidence_gap,0.0,experiments/feature_top_of_book,none
feature_top_of_book,feature_group,run,deeplob_style,test,10,top_of_book,1,10,"0.0,1.0,5.0",0,calibration.bin_1.count,0.0,experiments/feature_top_of_book,none
feature_top_of_book,feature_group,run,deeplob_style,test,10,top_of_book,1,10,"0.0,1.0,5.0",0,calibration.bin_1.mean_confidence,0.15,experiments/feature_top_of_book,none
feature_top_of_book,feature_group,run,deeplob_style,test,10,top_of_book,1,10,"0.0,1.0,5.0",0,calibration.bin_1.accuracy,0.0,experiments/feature_top_of_book,none
feature_top_of_book,feature_group,run,deeplob_style,test,10,top_of_book,1,10,"0.0,1.0,5.0",0,calibration.bin_1.confidence_gap,0.0,experiments/feature_top_of_book,none
feature_top_of_book,feature_group,run,deeplob_style,test,10,top_of_book,1,10,"0.0,1.0,5.0",0,calibration.bin_2.count,0.0,experiments/feature_top_of_book,none
feature_top_of_book,feature_group,run,deeplob_style,test,10,top_of_book,1,10,"0.0,1.0,5.0",0,calibration.bin_2.mean_confidence,0.25,experiments/feature_top_of_book,none
feature_top_of_book,feature_group,run,deeplob_style,test,10,top_of_book,1,10,"0.0,1.0,5.0",0,calibration.bin_2.accuracy,0.0,experiments/feature_top_of_book,none
feature_top_of_book,feature_group,run,deeplob_style,test,10,top_of_book,1,10,"0.0,1.0,5.0",0,calibration.bin_2.confidence_gap,0.0,experiments/feature_top_of_book,none
feature_top_of_book,feature_group,run,deeplob_style,test,10,top_of_book,1,10,"0.0,1.0,5.0",0,calibration.bin_3.count,0.0,experiments/feature_top_of_book,none
feature_top_of_book,feature_group,run,deeplob_style,test,10,top_of_book,1,10,"0.0,1.0,5.0",0,calibration.bin_3.mean_confidence,0.35,experiments/feature_top_of_book,none
feature_top_of_book,feature_group,run,deeplob_style,test,10,top_of_book,1,10,"0.0,1.0,5.0",0,calibration.bin_3.accuracy,0.0,experiments/feature_top_of_book,none
feature_top_of_book,feature_group,run,deeplob_style,test,10,top_of_book,1,10,"0.0,1.0,5.0",0,calibration.bin_3.confidence_gap,0.0,experiments/feature_top_of_book,none
feature_top_of_book,feature_group,run,deeplob_style,test,10,top_of_book,1,10,"0.0,1.0,5.0",0,calibration.bin_4.count,11675.0,experiments/feature_top_of_book,none
feature_top_of_book,feature_group,run,deeplob_style,test,10,top_of_book,1,10,"0.0,1.0,5.0",0,calibration.bin_4.mean_confidence,0.4184990029675077,experiments/feature_top_of_book,none
feature_top_of_book,feature_group,run,deeplob_style,test,10,top_of_book,1,10,"0.0,1.0,5.0",0,calibration.bin_4.accuracy,0.6284368308351178,experiments/feature_top_of_book,none
feature_top_of_book,feature_group,run,deeplob_style,test,10,top_of_book,1,10,"0.0,1.0,5.0",0,calibration.bin_4.confidence_gap,0.2099378278676101,experiments/feature_top_of_book,none
feature_top_of_book,feature_group,run,deeplob_style,test,10,top_of_book,1,10,"0.0,1.0,5.0",0,calibration.bin_5.count,11.0,experiments/feature_top_of_book,none
feature_top_of_book,feature_group,run,deeplob_style,test,10,top_of_book,1,10,"0.0,1.0,5.0",0,calibration.bin_5.mean_confidence,0.5041170676104552,experiments/feature_top_of_book,none
feature_top_of_book,feature_group,run,deeplob_style,test,10,top_of_book,1,10,"0.0,1.0,5.0",0,calibration.bin_5.accuracy,0.8181818181818182,experiments/feature_top_of_book,none
feature_top_of_book,feature_group,run,deeplob_style,test,10,top_of_book,1,10,"0.0,1.0,5.0",0,calibration.bin_5.confidence_gap,0.314064750571363,experiments/feature_top_of_book,none
feature_top_of_book,feature_group,run,deeplob_style,test,10,top_of_book,1,10,"0.0,1.0,5.0",0,calibration.bin_6.count,0.0,experiments/feature_top_of_book,none
feature_top_of_book,feature_group,run,deeplob_style,test,10,top_of_book,1,10,"0.0,1.0,5.0",0,calibration.bin_6.mean_confidence,0.6500000000000001,experiments/feature_top_of_book,none
feature_top_of_book,feature_group,run,deeplob_style,test,10,top_of_book,1,10,"0.0,1.0,5.0",0,calibration.bin_6.accuracy,0.0,experiments/feature_top_of_book,none
feature_top_of_book,feature_group,run,deeplob_style,test,10,top_of_book,1,10,"0.0,1.0,5.0",0,calibration.bin_6.confidence_gap,0.0,experiments/feature_top_of_book,none
feature_top_of_book,feature_group,run,deeplob_style,test,10,top_of_book,1,10,"0.0,1.0,5.0",0,calibration.bin_7.count,0.0,experiments/feature_top_of_book,none
feature_top_of_book,feature_group,run,deeplob_style,test,10,top_of_book,1,10,"0.0,1.0,5.0",0,calibration.bin_7.mean_confidence,0.75,experiments/feature_top_of_book,none
feature_top_of_book,feature_group,run,deeplob_style,test,10,top_of_book,1,10,"0.0,1.0,5.0",0,calibration.bin_7.accuracy,0.0,experiments/feature_top_of_book,none
feature_top_of_book,feature_group,run,deeplob_style,test,10,top_of_book,1,10,"0.0,1.0,5.0",0,calibration.bin_7.confidence_gap,0.0,experiments/feature_top_of_book,none
feature_top_of_book,feature_group,run,deeplob_style,test,10,top_of_book,1,10,"0.0,1.0,5.0",0,calibration.bin_8.count,0.0,experiments/feature_top_of_book,none
feature_top_of_book,feature_group,run,deeplob_style,test,10,top_of_book,1,10,"0.0,1.0,5.0",0,calibration.bin_8.mean_confidence,0.8500000000000001,experiments/feature_top_of_book,none
feature_top_of_book,feature_group,run,deeplob_style,test,10,top_of_book,1,10,"0.0,1.0,5.0",0,calibration.bin_8.accuracy,0.0,experiments/feature_top_of_book,none
feature_top_of_book,feature_group,run,deeplob_style,test,10,top_of_book,1,10,"0.0,1.0,5.0",0,calibration.bin_8.confidence_gap,0.0,experiments/feature_top_of_book,none
feature_top_of_book,feature_group,run,deeplob_style,test,10,top_of_book,1,10,"0.0,1.0,5.0",0,calibration.bin_9.count,0.0,experiments/feature_top_of_book,none
feature_top_of_book,feature_group,run,deeplob_style,test,10,top_of_book,1,10,"0.0,1.0,5.0",0,calibration.bin_9.mean_confidence,0.95,experiments/feature_top_of_book,none
feature_top_of_book,feature_group,run,deeplob_style,test,10,top_of_book,1,10,"0.0,1.0,5.0",0,calibration.bin_9.accuracy,0.0,experiments/feature_top_of_book,none
feature_top_of_book,feature_group,run,deeplob_style,test,10,top_of_book,1,10,"0.0,1.0,5.0",0,calibration.bin_9.confidence_gap,0.0,experiments/feature_top_of_book,none
feature_top_of_book,feature_group,run,majority,test,10,top_of_book,1,10,0.0,0,execution.eligible_predictions@confidence_threshold=0,11676.0,experiments/feature_top_of_book,none
feature_top_of_book,feature_group,run,majority,test,10,top_of_book,1,10,0.0,0,execution.trade_count_proxy@confidence_threshold=0,11676.0,experiments/feature_top_of_book,none
feature_top_of_book,feature_group,run,majority,test,10,top_of_book,1,10,0.0,0,execution.turnover_proxy@confidence_threshold=0,11676.0,experiments/feature_top_of_book,none
feature_top_of_book,feature_group,run,majority,test,10,top_of_book,1,10,0.0,0,execution.gross_signal_return_proxy@confidence_threshold=0,-0.4374632647694284,experiments/feature_top_of_book,none
feature_top_of_book,feature_group,run,majority,test,10,top_of_book,1,10,0.0,0,execution.cost_proxy@confidence_threshold=0,0.0,experiments/feature_top_of_book,none
feature_top_of_book,feature_group,run,majority,test,10,top_of_book,1,10,0.0,0,execution.net_signal_return_proxy@confidence_threshold=0,-0.4374632647694284,experiments/feature_top_of_book,none
feature_top_of_book,feature_group,run,majority,test,10,top_of_book,1,10,0.0,0,execution.hit_rate_proxy@confidence_threshold=0,0.6286399451867077,experiments/feature_top_of_book,none
feature_top_of_book,feature_group,run,majority,test,10,top_of_book,1,10,1.0,0,execution.eligible_predictions@confidence_threshold=0,11676.0,experiments/feature_top_of_book,none
feature_top_of_book,feature_group,run,majority,test,10,top_of_book,1,10,1.0,0,execution.trade_count_proxy@confidence_threshold=0,11676.0,experiments/feature_top_of_book,none
feature_top_of_book,feature_group,run,majority,test,10,top_of_book,1,10,1.0,0,execution.turnover_proxy@confidence_threshold=0,11676.0,experiments/feature_top_of_book,none
feature_top_of_book,feature_group,run,majority,test,10,top_of_book,1,10,1.0,0,execution.gross_signal_return_proxy@confidence_threshold=0,-0.4374632647694284,experiments/feature_top_of_book,none
feature_top_of_book,feature_group,run,majority,test,10,top_of_book,1,10,1.0,0,execution.cost_proxy@confidence_threshold=0,1.0,experiments/feature_top_of_book,none
feature_top_of_book,feature_group,run,majority,test,10,top_of_book,1,10,1.0,0,execution.net_signal_return_proxy@confidence_threshold=0,-1.4374632647694283,experiments/feature_top_of_book,none
feature_top_of_book,feature_group,run,majority,test,10,top_of_book,1,10,1.0,0,execution.hit_rate_proxy@confidence_threshold=0,0.6286399451867077,experiments/feature_top_of_book,none
feature_top_of_book,feature_group,run,majority,test,10,top_of_book,1,10,5.0,0,execution.eligible_predictions@confidence_threshold=0,11676.0,experiments/feature_top_of_book,none
feature_top_of_book,feature_group,run,majority,test,10,top_of_book,1,10,5.0,0,execution.trade_count_proxy@confidence_threshold=0,11676.0,experiments/feature_top_of_book,none
feature_top_of_book,feature_group,run,majority,test,10,top_of_book,1,10,5.0,0,execution.turnover_proxy@confidence_threshold=0,11676.0,experiments/feature_top_of_book,none
feature_top_of_book,feature_group,run,majority,test,10,top_of_book,1,10,5.0,0,execution.gross_signal_return_proxy@confidence_threshold=0,-0.4374632647694284,experiments/feature_top_of_book,none
feature_top_of_book,feature_group,run,majority,test,10,top_of_book,1,10,5.0,0,execution.cost_proxy@confidence_threshold=0,5.0,experiments/feature_top_of_book,none
feature_top_of_book,feature_group,run,majority,test,10,top_of_book,1,10,5.0,0,execution.net_signal_return_proxy@confidence_threshold=0,-5.437463264769429,experiments/feature_top_of_book,none
feature_top_of_book,feature_group,run,majority,test,10,top_of_book,1,10,5.0,0,execution.hit_rate_proxy@confidence_threshold=0,0.6286399451867077,experiments/feature_top_of_book,none
feature_top_of_book,feature_group,run,majority,test,10,top_of_book,1,10,0.0,0,execution.eligible_predictions@confidence_threshold=0.5,11676.0,experiments/feature_top_of_book,none
feature_top_of_book,feature_group,run,majority,test,10,top_of_book,1,10,0.0,0,execution.trade_count_proxy@confidence_threshold=0.5,11676.0,experiments/feature_top_of_book,none
feature_top_of_book,feature_group,run,majority,test,10,top_of_book,1,10,0.0,0,execution.turnover_proxy@confidence_threshold=0.5,11676.0,experiments/feature_top_of_book,none
feature_top_of_book,feature_group,run,majority,test,10,top_of_book,1,10,0.0,0,execution.gross_signal_return_proxy@confidence_threshold=0.5,-0.4374632647694284,experiments/feature_top_of_book,none
feature_top_of_book,feature_group,run,majority,test,10,top_of_book,1,10,0.0,0,execution.cost_proxy@confidence_threshold=0.5,0.0,experiments/feature_top_of_book,none
feature_top_of_book,feature_group,run,majority,test,10,top_of_book,1,10,0.0,0,execution.net_signal_return_proxy@confidence_threshold=0.5,-0.4374632647694284,experiments/feature_top_of_book,none
feature_top_of_book,feature_group,run,majority,test,10,top_of_book,1,10,0.0,0,execution.hit_rate_proxy@confidence_threshold=0.5,0.6286399451867077,experiments/feature_top_of_book,none
feature_top_of_book,feature_group,run,majority,test,10,top_of_book,1,10,1.0,0,execution.eligible_predictions@confidence_threshold=0.5,11676.0,experiments/feature_top_of_book,none
feature_top_of_book,feature_group,run,majority,test,10,top_of_book,1,10,1.0,0,execution.trade_count_proxy@confidence_threshold=0.5,11676.0,experiments/feature_top_of_book,none
feature_top_of_book,feature_group,run,majority,test,10,top_of_book,1,10,1.0,0,execution.turnover_proxy@confidence_threshold=0.5,11676.0,experiments/feature_top_of_book,none
feature_top_of_book,feature_group,run,majority,test,10,top_of_book,1,10,1.0,0,execution.gross_signal_return_proxy@confidence_threshold=0.5,-0.4374632647694284,experiments/feature_top_of_book,none
feature_top_of_book,feature_group,run,majority,test,10,top_of_book,1,10,1.0,0,execution.cost_proxy@confidence_threshold=0.5,1.0,experiments/feature_top_of_book,none
feature_top_of_book,feature_group,run,majority,test,10,top_of_book,1,10,1.0,0,execution.net_signal_return_proxy@confidence_threshold=0.5,-1.4374632647694283,experiments/feature_top_of_book,none
feature_top_of_book,feature_group,run,majority,test,10,top_of_book,1,10,1.0,0,execution.hit_rate_proxy@confidence_threshold=0.5,0.6286399451867077,experiments/feature_top_of_book,none
feature_top_of_book,feature_group,run,majority,test,10,top_of_book,1,10,5.0,0,execution.eligible_predictions@confidence_threshold=0.5,11676.0,experiments/feature_top_of_book,none
feature_top_of_book,feature_group,run,majority,test,10,top_of_book,1,10,5.0,0,execution.trade_count_proxy@confidence_threshold=0.5,11676.0,experiments/feature_top_of_book,none
feature_top_of_book,feature_group,run,majority,test,10,top_of_book,1,10,5.0,0,execution.turnover_proxy@confidence_threshold=0.5,11676.0,experiments/feature_top_of_book,none
feature_top_of_book,feature_group,run,majority,test,10,top_of_book,1,10,5.0,0,execution.gross_signal_return_proxy@confidence_threshold=0.5,-0.4374632647694284,experiments/feature_top_of_book,none
feature_top_of_book,feature_group,run,majority,test,10,top_of_book,1,10,5.0,0,execution.cost_proxy@confidence_threshold=0.5,5.0,experiments/feature_top_of_book,none
feature_top_of_book,feature_group,run,majority,test,10,top_of_book,1,10,5.0,0,execution.net_signal_return_proxy@confidence_threshold=0.5,-5.437463264769429,experiments/feature_top_of_book,none
feature_top_of_book,feature_group,run,majority,test,10,top_of_book,1,10,5.0,0,execution.hit_rate_proxy@confidence_threshold=0.5,0.6286399451867077,experiments/feature_top_of_book,none
feature_top_of_book,feature_group,run,majority,test,10,top_of_book,1,10,0.0,0,execution.eligible_predictions@confidence_threshold=0.6,11676.0,experiments/feature_top_of_book,none
feature_top_of_book,feature_group,run,majority,test,10,top_of_book,1,10,0.0,0,execution.trade_count_proxy@confidence_threshold=0.6,11676.0,experiments/feature_top_of_book,none
feature_top_of_book,feature_group,run,majority,test,10,top_of_book,1,10,0.0,0,execution.turnover_proxy@confidence_threshold=0.6,11676.0,experiments/feature_top_of_book,none
feature_top_of_book,feature_group,run,majority,test,10,top_of_book,1,10,0.0,0,execution.gross_signal_return_proxy@confidence_threshold=0.6,-0.4374632647694284,experiments/feature_top_of_book,none
feature_top_of_book,feature_group,run,majority,test,10,top_of_book,1,10,0.0,0,execution.cost_proxy@confidence_threshold=0.6,0.0,experiments/feature_top_of_book,none
feature_top_of_book,feature_group,run,majority,test,10,top_of_book,1,10,0.0,0,execution.net_signal_return_proxy@confidence_threshold=0.6,-0.4374632647694284,experiments/feature_top_of_book,none
feature_top_of_book,feature_group,run,majority,test,10,top_of_book,1,10,0.0,0,execution.hit_rate_proxy@confidence_threshold=0.6,0.6286399451867077,experiments/feature_top_of_book,none
feature_top_of_book,feature_group,run,majority,test,10,top_of_book,1,10,1.0,0,execution.eligible_predictions@confidence_threshold=0.6,11676.0,experiments/feature_top_of_book,none
feature_top_of_book,feature_group,run,majority,test,10,top_of_book,1,10,1.0,0,execution.trade_count_proxy@confidence_threshold=0.6,11676.0,experiments/feature_top_of_book,none
feature_top_of_book,feature_group,run,majority,test,10,top_of_book,1,10,1.0,0,execution.turnover_proxy@confidence_threshold=0.6,11676.0,experiments/feature_top_of_book,none
feature_top_of_book,feature_group,run,majority,test,10,top_of_book,1,10,1.0,0,execution.gross_signal_return_proxy@confidence_threshold=0.6,-0.4374632647694284,experiments/feature_top_of_book,none
feature_top_of_book,feature_group,run,majority,test,10,top_of_book,1,10,1.0,0,execution.cost_proxy@confidence_threshold=0.6,1.0,experiments/feature_top_of_book,none
feature_top_of_book,feature_group,run,majority,test,10,top_of_book,1,10,1.0,0,execution.net_signal_return_proxy@confidence_threshold=0.6,-1.4374632647694283,experiments/feature_top_of_book,none
feature_top_of_book,feature_group,run,majority,test,10,top_of_book,1,10,1.0,0,execution.hit_rate_proxy@confidence_threshold=0.6,0.6286399451867077,experiments/feature_top_of_book,none
feature_top_of_book,feature_group,run,majority,test,10,top_of_book,1,10,5.0,0,execution.eligible_predictions@confidence_threshold=0.6,11676.0,experiments/feature_top_of_book,none
feature_top_of_book,feature_group,run,majority,test,10,top_of_book,1,10,5.0,0,execution.trade_count_proxy@confidence_threshold=0.6,11676.0,experiments/feature_top_of_book,none
feature_top_of_book,feature_group,run,majority,test,10,top_of_book,1,10,5.0,0,execution.turnover_proxy@confidence_threshold=0.6,11676.0,experiments/feature_top_of_book,none
feature_top_of_book,feature_group,run,majority,test,10,top_of_book,1,10,5.0,0,execution.gross_signal_return_proxy@confidence_threshold=0.6,-0.4374632647694284,experiments/feature_top_of_book,none
feature_top_of_book,feature_group,run,majority,test,10,top_of_book,1,10,5.0,0,execution.cost_proxy@confidence_threshold=0.6,5.0,experiments/feature_top_of_book,none
feature_top_of_book,feature_group,run,majority,test,10,top_of_book,1,10,5.0,0,execution.net_signal_return_proxy@confidence_threshold=0.6,-5.437463264769429,experiments/feature_top_of_book,none
feature_top_of_book,feature_group,run,majority,test,10,top_of_book,1,10,5.0,0,execution.hit_rate_proxy@confidence_threshold=0.6,0.6286399451867077,experiments/feature_top_of_book,none
feature_top_of_book,feature_group,run,majority,test,10,top_of_book,1,10,0.0,0,execution.eligible_predictions@confidence_threshold=0.7,0.0,experiments/feature_top_of_book,none
feature_top_of_book,feature_group,run,majority,test,10,top_of_book,1,10,0.0,0,execution.trade_count_proxy@confidence_threshold=0.7,0.0,experiments/feature_top_of_book,none
feature_top_of_book,feature_group,run,majority,test,10,top_of_book,1,10,0.0,0,execution.turnover_proxy@confidence_threshold=0.7,0.0,experiments/feature_top_of_book,none
feature_top_of_book,feature_group,run,majority,test,10,top_of_book,1,10,0.0,0,execution.gross_signal_return_proxy@confidence_threshold=0.7,0.0,experiments/feature_top_of_book,none
feature_top_of_book,feature_group,run,majority,test,10,top_of_book,1,10,0.0,0,execution.cost_proxy@confidence_threshold=0.7,0.0,experiments/feature_top_of_book,none
feature_top_of_book,feature_group,run,majority,test,10,top_of_book,1,10,0.0,0,execution.net_signal_return_proxy@confidence_threshold=0.7,0.0,experiments/feature_top_of_book,none
feature_top_of_book,feature_group,run,majority,test,10,top_of_book,1,10,0.0,0,execution.hit_rate_proxy@confidence_threshold=0.7,0.0,experiments/feature_top_of_book,none
feature_top_of_book,feature_group,run,majority,test,10,top_of_book,1,10,1.0,0,execution.eligible_predictions@confidence_threshold=0.7,0.0,experiments/feature_top_of_book,none
feature_top_of_book,feature_group,run,majority,test,10,top_of_book,1,10,1.0,0,execution.trade_count_proxy@confidence_threshold=0.7,0.0,experiments/feature_top_of_book,none
feature_top_of_book,feature_group,run,majority,test,10,top_of_book,1,10,1.0,0,execution.turnover_proxy@confidence_threshold=0.7,0.0,experiments/feature_top_of_book,none
feature_top_of_book,feature_group,run,majority,test,10,top_of_book,1,10,1.0,0,execution.gross_signal_return_proxy@confidence_threshold=0.7,0.0,experiments/feature_top_of_book,none
feature_top_of_book,feature_group,run,majority,test,10,top_of_book,1,10,1.0,0,execution.cost_proxy@confidence_threshold=0.7,0.0,experiments/feature_top_of_book,none
feature_top_of_book,feature_group,run,majority,test,10,top_of_book,1,10,1.0,0,execution.net_signal_return_proxy@confidence_threshold=0.7,0.0,experiments/feature_top_of_book,none
feature_top_of_book,feature_group,run,majority,test,10,top_of_book,1,10,1.0,0,execution.hit_rate_proxy@confidence_threshold=0.7,0.0,experiments/feature_top_of_book,none
feature_top_of_book,feature_group,run,majority,test,10,top_of_book,1,10,5.0,0,execution.eligible_predictions@confidence_threshold=0.7,0.0,experiments/feature_top_of_book,none
feature_top_of_book,feature_group,run,majority,test,10,top_of_book,1,10,5.0,0,execution.trade_count_proxy@confidence_threshold=0.7,0.0,experiments/feature_top_of_book,none
feature_top_of_book,feature_group,run,majority,test,10,top_of_book,1,10,5.0,0,execution.turnover_proxy@confidence_threshold=0.7,0.0,experiments/feature_top_of_book,none
feature_top_of_book,feature_group,run,majority,test,10,top_of_book,1,10,5.0,0,execution.gross_signal_return_proxy@confidence_threshold=0.7,0.0,experiments/feature_top_of_book,none
feature_top_of_book,feature_group,run,majority,test,10,top_of_book,1,10,5.0,0,execution.cost_proxy@confidence_threshold=0.7,0.0,experiments/feature_top_of_book,none
feature_top_of_book,feature_group,run,majority,test,10,top_of_book,1,10,5.0,0,execution.net_signal_return_proxy@confidence_threshold=0.7,0.0,experiments/feature_top_of_book,none
feature_top_of_book,feature_group,run,majority,test,10,top_of_book,1,10,5.0,0,execution.hit_rate_proxy@confidence_threshold=0.7,0.0,experiments/feature_top_of_book,none
feature_top_of_book,feature_group,run,logistic,test,10,top_of_book,1,10,0.0,0,execution.eligible_predictions@confidence_threshold=0,11676.0,experiments/feature_top_of_book,none
feature_top_of_book,feature_group,run,logistic,test,10,top_of_book,1,10,0.0,0,execution.trade_count_proxy@confidence_threshold=0,11676.0,experiments/feature_top_of_book,none
feature_top_of_book,feature_group,run,logistic,test,10,top_of_book,1,10,0.0,0,execution.turnover_proxy@confidence_threshold=0,11676.0,experiments/feature_top_of_book,none
feature_top_of_book,feature_group,run,logistic,test,10,top_of_book,1,10,0.0,0,execution.gross_signal_return_proxy@confidence_threshold=0,-0.4374632647694284,experiments/feature_top_of_book,none
feature_top_of_book,feature_group,run,logistic,test,10,top_of_book,1,10,0.0,0,execution.cost_proxy@confidence_threshold=0,0.0,experiments/feature_top_of_book,none
feature_top_of_book,feature_group,run,logistic,test,10,top_of_book,1,10,0.0,0,execution.net_signal_return_proxy@confidence_threshold=0,-0.4374632647694284,experiments/feature_top_of_book,none
feature_top_of_book,feature_group,run,logistic,test,10,top_of_book,1,10,0.0,0,execution.hit_rate_proxy@confidence_threshold=0,0.6286399451867077,experiments/feature_top_of_book,none
feature_top_of_book,feature_group,run,logistic,test,10,top_of_book,1,10,1.0,0,execution.eligible_predictions@confidence_threshold=0,11676.0,experiments/feature_top_of_book,none
feature_top_of_book,feature_group,run,logistic,test,10,top_of_book,1,10,1.0,0,execution.trade_count_proxy@confidence_threshold=0,11676.0,experiments/feature_top_of_book,none
feature_top_of_book,feature_group,run,logistic,test,10,top_of_book,1,10,1.0,0,execution.turnover_proxy@confidence_threshold=0,11676.0,experiments/feature_top_of_book,none
feature_top_of_book,feature_group,run,logistic,test,10,top_of_book,1,10,1.0,0,execution.gross_signal_return_proxy@confidence_threshold=0,-0.4374632647694284,experiments/feature_top_of_book,none
feature_top_of_book,feature_group,run,logistic,test,10,top_of_book,1,10,1.0,0,execution.cost_proxy@confidence_threshold=0,1.0,experiments/feature_top_of_book,none
feature_top_of_book,feature_group,run,logistic,test,10,top_of_book,1,10,1.0,0,execution.net_signal_return_proxy@confidence_threshold=0,-1.4374632647694283,experiments/feature_top_of_book,none
feature_top_of_book,feature_group,run,logistic,test,10,top_of_book,1,10,1.0,0,execution.hit_rate_proxy@confidence_threshold=0,0.6286399451867077,experiments/feature_top_of_book,none
feature_top_of_book,feature_group,run,logistic,test,10,top_of_book,1,10,5.0,0,execution.eligible_predictions@confidence_threshold=0,11676.0,experiments/feature_top_of_book,none
feature_top_of_book,feature_group,run,logistic,test,10,top_of_book,1,10,5.0,0,execution.trade_count_proxy@confidence_threshold=0,11676.0,experiments/feature_top_of_book,none
feature_top_of_book,feature_group,run,logistic,test,10,top_of_book,1,10,5.0,0,execution.turnover_proxy@confidence_threshold=0,11676.0,experiments/feature_top_of_book,none
feature_top_of_book,feature_group,run,logistic,test,10,top_of_book,1,10,5.0,0,execution.gross_signal_return_proxy@confidence_threshold=0,-0.4374632647694284,experiments/feature_top_of_book,none
feature_top_of_book,feature_group,run,logistic,test,10,top_of_book,1,10,5.0,0,execution.cost_proxy@confidence_threshold=0,5.0,experiments/feature_top_of_book,none
feature_top_of_book,feature_group,run,logistic,test,10,top_of_book,1,10,5.0,0,execution.net_signal_return_proxy@confidence_threshold=0,-5.437463264769429,experiments/feature_top_of_book,none
feature_top_of_book,feature_group,run,logistic,test,10,top_of_book,1,10,5.0,0,execution.hit_rate_proxy@confidence_threshold=0,0.6286399451867077,experiments/feature_top_of_book,none
feature_top_of_book,feature_group,run,logistic,test,10,top_of_book,1,10,0.0,0,execution.eligible_predictions@confidence_threshold=0.5,11676.0,experiments/feature_top_of_book,none
feature_top_of_book,feature_group,run,logistic,test,10,top_of_book,1,10,0.0,0,execution.trade_count_proxy@confidence_threshold=0.5,11676.0,experiments/feature_top_of_book,none
feature_top_of_book,feature_group,run,logistic,test,10,top_of_book,1,10,0.0,0,execution.turnover_proxy@confidence_threshold=0.5,11676.0,experiments/feature_top_of_book,none
feature_top_of_book,feature_group,run,logistic,test,10,top_of_book,1,10,0.0,0,execution.gross_signal_return_proxy@confidence_threshold=0.5,-0.4374632647694284,experiments/feature_top_of_book,none
feature_top_of_book,feature_group,run,logistic,test,10,top_of_book,1,10,0.0,0,execution.cost_proxy@confidence_threshold=0.5,0.0,experiments/feature_top_of_book,none
feature_top_of_book,feature_group,run,logistic,test,10,top_of_book,1,10,0.0,0,execution.net_signal_return_proxy@confidence_threshold=0.5,-0.4374632647694284,experiments/feature_top_of_book,none
feature_top_of_book,feature_group,run,logistic,test,10,top_of_book,1,10,0.0,0,execution.hit_rate_proxy@confidence_threshold=0.5,0.6286399451867077,experiments/feature_top_of_book,none
feature_top_of_book,feature_group,run,logistic,test,10,top_of_book,1,10,1.0,0,execution.eligible_predictions@confidence_threshold=0.5,11676.0,experiments/feature_top_of_book,none
feature_top_of_book,feature_group,run,logistic,test,10,top_of_book,1,10,1.0,0,execution.trade_count_proxy@confidence_threshold=0.5,11676.0,experiments/feature_top_of_book,none
feature_top_of_book,feature_group,run,logistic,test,10,top_of_book,1,10,1.0,0,execution.turnover_proxy@confidence_threshold=0.5,11676.0,experiments/feature_top_of_book,none
feature_top_of_book,feature_group,run,logistic,test,10,top_of_book,1,10,1.0,0,execution.gross_signal_return_proxy@confidence_threshold=0.5,-0.4374632647694284,experiments/feature_top_of_book,none
feature_top_of_book,feature_group,run,logistic,test,10,top_of_book,1,10,1.0,0,execution.cost_proxy@confidence_threshold=0.5,1.0,experiments/feature_top_of_book,none
feature_top_of_book,feature_group,run,logistic,test,10,top_of_book,1,10,1.0,0,execution.net_signal_return_proxy@confidence_threshold=0.5,-1.4374632647694283,experiments/feature_top_of_book,none
feature_top_of_book,feature_group,run,logistic,test,10,top_of_book,1,10,1.0,0,execution.hit_rate_proxy@confidence_threshold=0.5,0.6286399451867077,experiments/feature_top_of_book,none
feature_top_of_book,feature_group,run,logistic,test,10,top_of_book,1,10,5.0,0,execution.eligible_predictions@confidence_threshold=0.5,11676.0,experiments/feature_top_of_book,none
feature_top_of_book,feature_group,run,logistic,test,10,top_of_book,1,10,5.0,0,execution.trade_count_proxy@confidence_threshold=0.5,11676.0,experiments/feature_top_of_book,none
feature_top_of_book,feature_group,run,logistic,test,10,top_of_book,1,10,5.0,0,execution.turnover_proxy@confidence_threshold=0.5,11676.0,experiments/feature_top_of_book,none
feature_top_of_book,feature_group,run,logistic,test,10,top_of_book,1,10,5.0,0,execution.gross_signal_return_proxy@confidence_threshold=0.5,-0.4374632647694284,experiments/feature_top_of_book,none
feature_top_of_book,feature_group,run,logistic,test,10,top_of_book,1,10,5.0,0,execution.cost_proxy@confidence_threshold=0.5,5.0,experiments/feature_top_of_book,none
feature_top_of_book,feature_group,run,logistic,test,10,top_of_book,1,10,5.0,0,execution.net_signal_return_proxy@confidence_threshold=0.5,-5.437463264769429,experiments/feature_top_of_book,none
feature_top_of_book,feature_group,run,logistic,test,10,top_of_book,1,10,5.0,0,execution.hit_rate_proxy@confidence_threshold=0.5,0.6286399451867077,experiments/feature_top_of_book,none
feature_top_of_book,feature_group,run,logistic,test,10,top_of_book,1,10,0.0,0,execution.eligible_predictions@confidence_threshold=0.6,8.0,experiments/feature_top_of_book,none
feature_top_of_book,feature_group,run,logistic,test,10,top_of_book,1,10,0.0,0,execution.trade_count_proxy@confidence_threshold=0.6,8.0,experiments/feature_top_of_book,none
feature_top_of_book,feature_group,run,logistic,test,10,top_of_book,1,10,0.0,0,execution.turnover_proxy@confidence_threshold=0.6,8.0,experiments/feature_top_of_book,none
feature_top_of_book,feature_group,run,logistic,test,10,top_of_book,1,10,0.0,0,execution.gross_signal_return_proxy@confidence_threshold=0.6,-3.897475408351828,experiments/feature_top_of_book,none
feature_top_of_book,feature_group,run,logistic,test,10,top_of_book,1,10,0.0,0,execution.cost_proxy@confidence_threshold=0.6,0.0,experiments/feature_top_of_book,none
feature_top_of_book,feature_group,run,logistic,test,10,top_of_book,1,10,0.0,0,execution.net_signal_return_proxy@confidence_threshold=0.6,-3.897475408351828,experiments/feature_top_of_book,none
feature_top_of_book,feature_group,run,logistic,test,10,top_of_book,1,10,0.0,0,execution.hit_rate_proxy@confidence_threshold=0.6,0.75,experiments/feature_top_of_book,none
feature_top_of_book,feature_group,run,logistic,test,10,top_of_book,1,10,1.0,0,execution.eligible_predictions@confidence_threshold=0.6,8.0,experiments/feature_top_of_book,none
feature_top_of_book,feature_group,run,logistic,test,10,top_of_book,1,10,1.0,0,execution.trade_count_proxy@confidence_threshold=0.6,8.0,experiments/feature_top_of_book,none
feature_top_of_book,feature_group,run,logistic,test,10,top_of_book,1,10,1.0,0,execution.turnover_proxy@confidence_threshold=0.6,8.0,experiments/feature_top_of_book,none
feature_top_of_book,feature_group,run,logistic,test,10,top_of_book,1,10,1.0,0,execution.gross_signal_return_proxy@confidence_threshold=0.6,-3.897475408351828,experiments/feature_top_of_book,none
feature_top_of_book,feature_group,run,logistic,test,10,top_of_book,1,10,1.0,0,execution.cost_proxy@confidence_threshold=0.6,1.0,experiments/feature_top_of_book,none
feature_top_of_book,feature_group,run,logistic,test,10,top_of_book,1,10,1.0,0,execution.net_signal_return_proxy@confidence_threshold=0.6,-4.897475408351828,experiments/feature_top_of_book,none
feature_top_of_book,feature_group,run,logistic,test,10,top_of_book,1,10,1.0,0,execution.hit_rate_proxy@confidence_threshold=0.6,0.75,experiments/feature_top_of_book,none
feature_top_of_book,feature_group,run,logistic,test,10,top_of_book,1,10,5.0,0,execution.eligible_predictions@confidence_threshold=0.6,8.0,experiments/feature_top_of_book,none
feature_top_of_book,feature_group,run,logistic,test,10,top_of_book,1,10,5.0,0,execution.trade_count_proxy@confidence_threshold=0.6,8.0,experiments/feature_top_of_book,none
feature_top_of_book,feature_group,run,logistic,test,10,top_of_book,1,10,5.0,0,execution.turnover_proxy@confidence_threshold=0.6,8.0,experiments/feature_top_of_book,none
feature_top_of_book,feature_group,run,logistic,test,10,top_of_book,1,10,5.0,0,execution.gross_signal_return_proxy@confidence_threshold=0.6,-3.897475408351828,experiments/feature_top_of_book,none
feature_top_of_book,feature_group,run,logistic,test,10,top_of_book,1,10,5.0,0,execution.cost_proxy@confidence_threshold=0.6,5.0,experiments/feature_top_of_book,none
feature_top_of_book,feature_group,run,logistic,test,10,top_of_book,1,10,5.0,0,execution.net_signal_return_proxy@confidence_threshold=0.6,-8.897475408351827,experiments/feature_top_of_book,none
feature_top_of_book,feature_group,run,logistic,test,10,top_of_book,1,10,5.0,0,execution.hit_rate_proxy@confidence_threshold=0.6,0.75,experiments/feature_top_of_book,none
feature_top_of_book,feature_group,run,logistic,test,10,top_of_book,1,10,0.0,0,execution.eligible_predictions@confidence_threshold=0.7,0.0,experiments/feature_top_of_book,none
feature_top_of_book,feature_group,run,logistic,test,10,top_of_book,1,10,0.0,0,execution.trade_count_proxy@confidence_threshold=0.7,0.0,experiments/feature_top_of_book,none
feature_top_of_book,feature_group,run,logistic,test,10,top_of_book,1,10,0.0,0,execution.turnover_proxy@confidence_threshold=0.7,0.0,experiments/feature_top_of_book,none
feature_top_of_book,feature_group,run,logistic,test,10,top_of_book,1,10,0.0,0,execution.gross_signal_return_proxy@confidence_threshold=0.7,0.0,experiments/feature_top_of_book,none
feature_top_of_book,feature_group,run,logistic,test,10,top_of_book,1,10,0.0,0,execution.cost_proxy@confidence_threshold=0.7,0.0,experiments/feature_top_of_book,none
feature_top_of_book,feature_group,run,logistic,test,10,top_of_book,1,10,0.0,0,execution.net_signal_return_proxy@confidence_threshold=0.7,0.0,experiments/feature_top_of_book,none
feature_top_of_book,feature_group,run,logistic,test,10,top_of_book,1,10,0.0,0,execution.hit_rate_proxy@confidence_threshold=0.7,0.0,experiments/feature_top_of_book,none
feature_top_of_book,feature_group,run,logistic,test,10,top_of_book,1,10,1.0,0,execution.eligible_predictions@confidence_threshold=0.7,0.0,experiments/feature_top_of_book,none
feature_top_of_book,feature_group,run,logistic,test,10,top_of_book,1,10,1.0,0,execution.trade_count_proxy@confidence_threshold=0.7,0.0,experiments/feature_top_of_book,none
feature_top_of_book,feature_group,run,logistic,test,10,top_of_book,1,10,1.0,0,execution.turnover_proxy@confidence_threshold=0.7,0.0,experiments/feature_top_of_book,none
feature_top_of_book,feature_group,run,logistic,test,10,top_of_book,1,10,1.0,0,execution.gross_signal_return_proxy@confidence_threshold=0.7,0.0,experiments/feature_top_of_book,none
feature_top_of_book,feature_group,run,logistic,test,10,top_of_book,1,10,1.0,0,execution.cost_proxy@confidence_threshold=0.7,0.0,experiments/feature_top_of_book,none
feature_top_of_book,feature_group,run,logistic,test,10,top_of_book,1,10,1.0,0,execution.net_signal_return_proxy@confidence_threshold=0.7,0.0,experiments/feature_top_of_book,none
feature_top_of_book,feature_group,run,logistic,test,10,top_of_book,1,10,1.0,0,execution.hit_rate_proxy@confidence_threshold=0.7,0.0,experiments/feature_top_of_book,none
feature_top_of_book,feature_group,run,logistic,test,10,top_of_book,1,10,5.0,0,execution.eligible_predictions@confidence_threshold=0.7,0.0,experiments/feature_top_of_book,none
feature_top_of_book,feature_group,run,logistic,test,10,top_of_book,1,10,5.0,0,execution.trade_count_proxy@confidence_threshold=0.7,0.0,experiments/feature_top_of_book,none
feature_top_of_book,feature_group,run,logistic,test,10,top_of_book,1,10,5.0,0,execution.turnover_proxy@confidence_threshold=0.7,0.0,experiments/feature_top_of_book,none
feature_top_of_book,feature_group,run,logistic,test,10,top_of_book,1,10,5.0,0,execution.gross_signal_return_proxy@confidence_threshold=0.7,0.0,experiments/feature_top_of_book,none
feature_top_of_book,feature_group,run,logistic,test,10,top_of_book,1,10,5.0,0,execution.cost_proxy@confidence_threshold=0.7,0.0,experiments/feature_top_of_book,none
feature_top_of_book,feature_group,run,logistic,test,10,top_of_book,1,10,5.0,0,execution.net_signal_return_proxy@confidence_threshold=0.7,0.0,experiments/feature_top_of_book,none
feature_top_of_book,feature_group,run,logistic,test,10,top_of_book,1,10,5.0,0,execution.hit_rate_proxy@confidence_threshold=0.7,0.0,experiments/feature_top_of_book,none
feature_top_of_book,feature_group,run,deeplob_style,test,10,top_of_book,1,10,0.0,0,execution.eligible_predictions@confidence_threshold=0,11676.0,experiments/feature_top_of_book,none
feature_top_of_book,feature_group,run,deeplob_style,test,10,top_of_book,1,10,0.0,0,execution.trade_count_proxy@confidence_threshold=0,11676.0,experiments/feature_top_of_book,none
feature_top_of_book,feature_group,run,deeplob_style,test,10,top_of_book,1,10,0.0,0,execution.turnover_proxy@confidence_threshold=0,11676.0,experiments/feature_top_of_book,none
feature_top_of_book,feature_group,run,deeplob_style,test,10,top_of_book,1,10,0.0,0,execution.gross_signal_return_proxy@confidence_threshold=0,-0.4374632647694284,experiments/feature_top_of_book,none
feature_top_of_book,feature_group,run,deeplob_style,test,10,top_of_book,1,10,0.0,0,execution.cost_proxy@confidence_threshold=0,0.0,experiments/feature_top_of_book,none
feature_top_of_book,feature_group,run,deeplob_style,test,10,top_of_book,1,10,0.0,0,execution.net_signal_return_proxy@confidence_threshold=0,-0.4374632647694284,experiments/feature_top_of_book,none
feature_top_of_book,feature_group,run,deeplob_style,test,10,top_of_book,1,10,0.0,0,execution.hit_rate_proxy@confidence_threshold=0,0.6286399451867077,experiments/feature_top_of_book,none
feature_top_of_book,feature_group,run,deeplob_style,test,10,top_of_book,1,10,1.0,0,execution.eligible_predictions@confidence_threshold=0,11676.0,experiments/feature_top_of_book,none
feature_top_of_book,feature_group,run,deeplob_style,test,10,top_of_book,1,10,1.0,0,execution.trade_count_proxy@confidence_threshold=0,11676.0,experiments/feature_top_of_book,none
feature_top_of_book,feature_group,run,deeplob_style,test,10,top_of_book,1,10,1.0,0,execution.turnover_proxy@confidence_threshold=0,11676.0,experiments/feature_top_of_book,none
feature_top_of_book,feature_group,run,deeplob_style,test,10,top_of_book,1,10,1.0,0,execution.gross_signal_return_proxy@confidence_threshold=0,-0.4374632647694284,experiments/feature_top_of_book,none
feature_top_of_book,feature_group,run,deeplob_style,test,10,top_of_book,1,10,1.0,0,execution.cost_proxy@confidence_threshold=0,1.0,experiments/feature_top_of_book,none
feature_top_of_book,feature_group,run,deeplob_style,test,10,top_of_book,1,10,1.0,0,execution.net_signal_return_proxy@confidence_threshold=0,-1.4374632647694283,experiments/feature_top_of_book,none
feature_top_of_book,feature_group,run,deeplob_style,test,10,top_of_book,1,10,1.0,0,execution.hit_rate_proxy@confidence_threshold=0,0.6286399451867077,experiments/feature_top_of_book,none
feature_top_of_book,feature_group,run,deeplob_style,test,10,top_of_book,1,10,5.0,0,execution.eligible_predictions@confidence_threshold=0,11676.0,experiments/feature_top_of_book,none
feature_top_of_book,feature_group,run,deeplob_style,test,10,top_of_book,1,10,5.0,0,execution.trade_count_proxy@confidence_threshold=0,11676.0,experiments/feature_top_of_book,none
feature_top_of_book,feature_group,run,deeplob_style,test,10,top_of_book,1,10,5.0,0,execution.turnover_proxy@confidence_threshold=0,11676.0,experiments/feature_top_of_book,none
feature_top_of_book,feature_group,run,deeplob_style,test,10,top_of_book,1,10,5.0,0,execution.gross_signal_return_proxy@confidence_threshold=0,-0.4374632647694284,experiments/feature_top_of_book,none
feature_top_of_book,feature_group,run,deeplob_style,test,10,top_of_book,1,10,5.0,0,execution.cost_proxy@confidence_threshold=0,5.0,experiments/feature_top_of_book,none
feature_top_of_book,feature_group,run,deeplob_style,test,10,top_of_book,1,10,5.0,0,execution.net_signal_return_proxy@confidence_threshold=0,-5.437463264769429,experiments/feature_top_of_book,none
feature_top_of_book,feature_group,run,deeplob_style,test,10,top_of_book,1,10,5.0,0,execution.hit_rate_proxy@confidence_threshold=0,0.6286399451867077,experiments/feature_top_of_book,none
feature_top_of_book,feature_group,run,deeplob_style,test,10,top_of_book,1,10,0.0,0,execution.eligible_predictions@confidence_threshold=0.5,11.0,experiments/feature_top_of_book,none
feature_top_of_book,feature_group,run,deeplob_style,test,10,top_of_book,1,10,0.0,0,execution.trade_count_proxy@confidence_threshold=0.5,11.0,experiments/feature_top_of_book,none
feature_top_of_book,feature_group,run,deeplob_style,test,10,top_of_book,1,10,0.0,0,execution.turnover_proxy@confidence_threshold=0.5,11.0,experiments/feature_top_of_book,none
feature_top_of_book,feature_group,run,deeplob_style,test,10,top_of_book,1,10,0.0,0,execution.gross_signal_return_proxy@confidence_threshold=0.5,-3.5435737577623287,experiments/feature_top_of_book,none
feature_top_of_book,feature_group,run,deeplob_style,test,10,top_of_book,1,10,0.0,0,execution.cost_proxy@confidence_threshold=0.5,0.0,experiments/feature_top_of_book,none
feature_top_of_book,feature_group,run,deeplob_style,test,10,top_of_book,1,10,0.0,0,execution.net_signal_return_proxy@confidence_threshold=0.5,-3.5435737577623287,experiments/feature_top_of_book,none
feature_top_of_book,feature_group,run,deeplob_style,test,10,top_of_book,1,10,0.0,0,execution.hit_rate_proxy@confidence_threshold=0.5,0.8181818181818182,experiments/feature_top_of_book,none
feature_top_of_book,feature_group,run,deeplob_style,test,10,top_of_book,1,10,1.0,0,execution.eligible_predictions@confidence_threshold=0.5,11.0,experiments/feature_top_of_book,none
feature_top_of_book,feature_group,run,deeplob_style,test,10,top_of_book,1,10,1.0,0,execution.trade_count_proxy@confidence_threshold=0.5,11.0,experiments/feature_top_of_book,none
feature_top_of_book,feature_group,run,deeplob_style,test,10,top_of_book,1,10,1.0,0,execution.turnover_proxy@confidence_threshold=0.5,11.0,experiments/feature_top_of_book,none
feature_top_of_book,feature_group,run,deeplob_style,test,10,top_of_book,1,10,1.0,0,execution.gross_signal_return_proxy@confidence_threshold=0.5,-3.5435737577623287,experiments/feature_top_of_book,none
feature_top_of_book,feature_group,run,deeplob_style,test,10,top_of_book,1,10,1.0,0,execution.cost_proxy@confidence_threshold=0.5,1.0,experiments/feature_top_of_book,none
feature_top_of_book,feature_group,run,deeplob_style,test,10,top_of_book,1,10,1.0,0,execution.net_signal_return_proxy@confidence_threshold=0.5,-4.543573757762329,experiments/feature_top_of_book,none
feature_top_of_book,feature_group,run,deeplob_style,test,10,top_of_book,1,10,1.0,0,execution.hit_rate_proxy@confidence_threshold=0.5,0.8181818181818182,experiments/feature_top_of_book,none
feature_top_of_book,feature_group,run,deeplob_style,test,10,top_of_book,1,10,5.0,0,execution.eligible_predictions@confidence_threshold=0.5,11.0,experiments/feature_top_of_book,none
feature_top_of_book,feature_group,run,deeplob_style,test,10,top_of_book,1,10,5.0,0,execution.trade_count_proxy@confidence_threshold=0.5,11.0,experiments/feature_top_of_book,none
feature_top_of_book,feature_group,run,deeplob_style,test,10,top_of_book,1,10,5.0,0,execution.turnover_proxy@confidence_threshold=0.5,11.0,experiments/feature_top_of_book,none
feature_top_of_book,feature_group,run,deeplob_style,test,10,top_of_book,1,10,5.0,0,execution.gross_signal_return_proxy@confidence_threshold=0.5,-3.5435737577623287,experiments/feature_top_of_book,none
feature_top_of_book,feature_group,run,deeplob_style,test,10,top_of_book,1,10,5.0,0,execution.cost_proxy@confidence_threshold=0.5,5.0,experiments/feature_top_of_book,none
feature_top_of_book,feature_group,run,deeplob_style,test,10,top_of_book,1,10,5.0,0,execution.net_signal_return_proxy@confidence_threshold=0.5,-8.543573757762328,experiments/feature_top_of_book,none
feature_top_of_book,feature_group,run,deeplob_style,test,10,top_of_book,1,10,5.0,0,execution.hit_rate_proxy@confidence_threshold=0.5,0.8181818181818182,experiments/feature_top_of_book,none
feature_top_of_book,feature_group,run,deeplob_style,test,10,top_of_book,1,10,0.0,0,execution.eligible_predictions@confidence_threshold=0.6,0.0,experiments/feature_top_of_book,none
feature_top_of_book,feature_group,run,deeplob_style,test,10,top_of_book,1,10,0.0,0,execution.trade_count_proxy@confidence_threshold=0.6,0.0,experiments/feature_top_of_book,none
feature_top_of_book,feature_group,run,deeplob_style,test,10,top_of_book,1,10,0.0,0,execution.turnover_proxy@confidence_threshold=0.6,0.0,experiments/feature_top_of_book,none
feature_top_of_book,feature_group,run,deeplob_style,test,10,top_of_book,1,10,0.0,0,execution.gross_signal_return_proxy@confidence_threshold=0.6,0.0,experiments/feature_top_of_book,none
feature_top_of_book,feature_group,run,deeplob_style,test,10,top_of_book,1,10,0.0,0,execution.cost_proxy@confidence_threshold=0.6,0.0,experiments/feature_top_of_book,none
feature_top_of_book,feature_group,run,deeplob_style,test,10,top_of_book,1,10,0.0,0,execution.net_signal_return_proxy@confidence_threshold=0.6,0.0,experiments/feature_top_of_book,none
feature_top_of_book,feature_group,run,deeplob_style,test,10,top_of_book,1,10,0.0,0,execution.hit_rate_proxy@confidence_threshold=0.6,0.0,experiments/feature_top_of_book,none
feature_top_of_book,feature_group,run,deeplob_style,test,10,top_of_book,1,10,1.0,0,execution.eligible_predictions@confidence_threshold=0.6,0.0,experiments/feature_top_of_book,none
feature_top_of_book,feature_group,run,deeplob_style,test,10,top_of_book,1,10,1.0,0,execution.trade_count_proxy@confidence_threshold=0.6,0.0,experiments/feature_top_of_book,none
feature_top_of_book,feature_group,run,deeplob_style,test,10,top_of_book,1,10,1.0,0,execution.turnover_proxy@confidence_threshold=0.6,0.0,experiments/feature_top_of_book,none
feature_top_of_book,feature_group,run,deeplob_style,test,10,top_of_book,1,10,1.0,0,execution.gross_signal_return_proxy@confidence_threshold=0.6,0.0,experiments/feature_top_of_book,none
feature_top_of_book,feature_group,run,deeplob_style,test,10,top_of_book,1,10,1.0,0,execution.cost_proxy@confidence_threshold=0.6,0.0,experiments/feature_top_of_book,none
feature_top_of_book,feature_group,run,deeplob_style,test,10,top_of_book,1,10,1.0,0,execution.net_signal_return_proxy@confidence_threshold=0.6,0.0,experiments/feature_top_of_book,none
feature_top_of_book,feature_group,run,deeplob_style,test,10,top_of_book,1,10,1.0,0,execution.hit_rate_proxy@confidence_threshold=0.6,0.0,experiments/feature_top_of_book,none
feature_top_of_book,feature_group,run,deeplob_style,test,10,top_of_book,1,10,5.0,0,execution.eligible_predictions@confidence_threshold=0.6,0.0,experiments/feature_top_of_book,none
feature_top_of_book,feature_group,run,deeplob_style,test,10,top_of_book,1,10,5.0,0,execution.trade_count_proxy@confidence_threshold=0.6,0.0,experiments/feature_top_of_book,none
feature_top_of_book,feature_group,run,deeplob_style,test,10,top_of_book,1,10,5.0,0,execution.turnover_proxy@confidence_threshold=0.6,0.0,experiments/feature_top_of_book,none
feature_top_of_book,feature_group,run,deeplob_style,test,10,top_of_book,1,10,5.0,0,execution.gross_signal_return_proxy@confidence_threshold=0.6,0.0,experiments/feature_top_of_book,none
feature_top_of_book,feature_group,run,deeplob_style,test,10,top_of_book,1,10,5.0,0,execution.cost_proxy@confidence_threshold=0.6,0.0,experiments/feature_top_of_book,none
feature_top_of_book,feature_group,run,deeplob_style,test,10,top_of_book,1,10,5.0,0,execution.net_signal_return_proxy@confidence_threshold=0.6,0.0,experiments/feature_top_of_book,none
feature_top_of_book,feature_group,run,deeplob_style,test,10,top_of_book,1,10,5.0,0,execution.hit_rate_proxy@confidence_threshold=0.6,0.0,experiments/feature_top_of_book,none
feature_top_of_book,feature_group,run,deeplob_style,test,10,top_of_book,1,10,0.0,0,execution.eligible_predictions@confidence_threshold=0.7,0.0,experiments/feature_top_of_book,none
feature_top_of_book,feature_group,run,deeplob_style,test,10,top_of_book,1,10,0.0,0,execution.trade_count_proxy@confidence_threshold=0.7,0.0,experiments/feature_top_of_book,none
feature_top_of_book,feature_group,run,deeplob_style,test,10,top_of_book,1,10,0.0,0,execution.turnover_proxy@confidence_threshold=0.7,0.0,experiments/feature_top_of_book,none
feature_top_of_book,feature_group,run,deeplob_style,test,10,top_of_book,1,10,0.0,0,execution.gross_signal_return_proxy@confidence_threshold=0.7,0.0,experiments/feature_top_of_book,none
feature_top_of_book,feature_group,run,deeplob_style,test,10,top_of_book,1,10,0.0,0,execution.cost_proxy@confidence_threshold=0.7,0.0,experiments/feature_top_of_book,none
feature_top_of_book,feature_group,run,deeplob_style,test,10,top_of_book,1,10,0.0,0,execution.net_signal_return_proxy@confidence_threshold=0.7,0.0,experiments/feature_top_of_book,none
feature_top_of_book,feature_group,run,deeplob_style,test,10,top_of_book,1,10,0.0,0,execution.hit_rate_proxy@confidence_threshold=0.7,0.0,experiments/feature_top_of_book,none
feature_top_of_book,feature_group,run,deeplob_style,test,10,top_of_book,1,10,1.0,0,execution.eligible_predictions@confidence_threshold=0.7,0.0,experiments/feature_top_of_book,none
feature_top_of_book,feature_group,run,deeplob_style,test,10,top_of_book,1,10,1.0,0,execution.trade_count_proxy@confidence_threshold=0.7,0.0,experiments/feature_top_of_book,none
feature_top_of_book,feature_group,run,deeplob_style,test,10,top_of_book,1,10,1.0,0,execution.turnover_proxy@confidence_threshold=0.7,0.0,experiments/feature_top_of_book,none
feature_top_of_book,feature_group,run,deeplob_style,test,10,top_of_book,1,10,1.0,0,execution.gross_signal_return_proxy@confidence_threshold=0.7,0.0,experiments/feature_top_of_book,none
feature_top_of_book,feature_group,run,deeplob_style,test,10,top_of_book,1,10,1.0,0,execution.cost_proxy@confidence_threshold=0.7,0.0,experiments/feature_top_of_book,none
feature_top_of_book,feature_group,run,deeplob_style,test,10,top_of_book,1,10,1.0,0,execution.net_signal_return_proxy@confidence_threshold=0.7,0.0,experiments/feature_top_of_book,none
feature_top_of_book,feature_group,run,deeplob_style,test,10,top_of_book,1,10,1.0,0,execution.hit_rate_proxy@confidence_threshold=0.7,0.0,experiments/feature_top_of_book,none
feature_top_of_book,feature_group,run,deeplob_style,test,10,top_of_book,1,10,5.0,0,execution.eligible_predictions@confidence_threshold=0.7,0.0,experiments/feature_top_of_book,none
feature_top_of_book,feature_group,run,deeplob_style,test,10,top_of_book,1,10,5.0,0,execution.trade_count_proxy@confidence_threshold=0.7,0.0,experiments/feature_top_of_book,none
feature_top_of_book,feature_group,run,deeplob_style,test,10,top_of_book,1,10,5.0,0,execution.turnover_proxy@confidence_threshold=0.7,0.0,experiments/feature_top_of_book,none
feature_top_of_book,feature_group,run,deeplob_style,test,10,top_of_book,1,10,5.0,0,execution.gross_signal_return_proxy@confidence_threshold=0.7,0.0,experiments/feature_top_of_book,none
feature_top_of_book,feature_group,run,deeplob_style,test,10,top_of_book,1,10,5.0,0,execution.cost_proxy@confidence_threshold=0.7,0.0,experiments/feature_top_of_book,none
feature_top_of_book,feature_group,run,deeplob_style,test,10,top_of_book,1,10,5.0,0,execution.net_signal_return_proxy@confidence_threshold=0.7,0.0,experiments/feature_top_of_book,none
feature_top_of_book,feature_group,run,deeplob_style,test,10,top_of_book,1,10,5.0,0,execution.hit_rate_proxy@confidence_threshold=0.7,0.0,experiments/feature_top_of_book,none
feature_imbalance,feature_group,skipped,not_applicable,not_applicable,10,imbalance,1,10,"0.0,1.0,5.0",0,status,0.0,not_applicable,"ValueError: paper experiment feature_patterns produced no matching feature columns; patterns: ['*imbalance*', '*microprice*']"
feature_depth_liquidity,feature_group,run,majority,test,10,depth_liquidity,1,10,"0.0,1.0,5.0",0,accuracy,0.6286154372753723,experiments/feature_depth_liquidity,none
feature_depth_liquidity,feature_group,run,majority,test,10,depth_liquidity,1,10,"0.0,1.0,5.0",0,macro_f1,0.25732100322264256,experiments/feature_depth_liquidity,none
feature_depth_liquidity,feature_group,run,majority,test,10,depth_liquidity,1,10,"0.0,1.0,5.0",0,weighted_f1,0.4852678648828168,experiments/feature_depth_liquidity,none
feature_depth_liquidity,feature_group,run,majority,test,10,depth_liquidity,1,10,"0.0,1.0,5.0",0,matthews_corrcoef,0.0,experiments/feature_depth_liquidity,none
feature_depth_liquidity,feature_group,run,majority,test,10,depth_liquidity,1,10,"0.0,1.0,5.0",0,balanced_accuracy,0.3333333333333333,experiments/feature_depth_liquidity,none
feature_depth_liquidity,feature_group,run,majority,test,10,depth_liquidity,1,10,"0.0,1.0,5.0",0,log_loss,0.9180419332042239,experiments/feature_depth_liquidity,none
feature_depth_liquidity,feature_group,run,majority,test,10,depth_liquidity,1,10,"0.0,1.0,5.0",0,n_samples,11686.0,experiments/feature_depth_liquidity,none
feature_depth_liquidity,feature_group,run,majority,test,10,depth_liquidity,1,10,"0.0,1.0,5.0",0,class_count_train,3.0,experiments/feature_depth_liquidity,none
feature_depth_liquidity,feature_group,run,majority,test,10,depth_liquidity,1,10,"0.0,1.0,5.0",0,class_count_test,3.0,experiments/feature_depth_liquidity,none
feature_depth_liquidity,feature_group,run,majority,test,10,depth_liquidity,1,10,"0.0,1.0,5.0",0,brier_score,0.5366889220539707,experiments/feature_depth_liquidity,none
feature_depth_liquidity,feature_group,run,majority,test,10,depth_liquidity,1,10,"0.0,1.0,5.0",0,mean_confidence,0.6029411764705882,experiments/feature_depth_liquidity,none
feature_depth_liquidity,feature_group,run,majority,test,10,depth_liquidity,1,10,"0.0,1.0,5.0",0,expected_calibration_error,0.025674260804784077,experiments/feature_depth_liquidity,none
feature_depth_liquidity,feature_group,run,logistic,test,10,depth_liquidity,1,10,"0.0,1.0,5.0",0,accuracy,0.6286154372753723,experiments/feature_depth_liquidity,none
feature_depth_liquidity,feature_group,run,logistic,test,10,depth_liquidity,1,10,"0.0,1.0,5.0",0,macro_f1,0.25732100322264256,experiments/feature_depth_liquidity,none
feature_depth_liquidity,feature_group,run,logistic,test,10,depth_liquidity,1,10,"0.0,1.0,5.0",0,weighted_f1,0.4852678648828168,experiments/feature_depth_liquidity,none
feature_depth_liquidity,feature_group,run,logistic,test,10,depth_liquidity,1,10,"0.0,1.0,5.0",0,matthews_corrcoef,0.0,experiments/feature_depth_liquidity,none
feature_depth_liquidity,feature_group,run,logistic,test,10,depth_liquidity,1,10,"0.0,1.0,5.0",0,balanced_accuracy,0.3333333333333333,experiments/feature_depth_liquidity,none
feature_depth_liquidity,feature_group,run,logistic,test,10,depth_liquidity,1,10,"0.0,1.0,5.0",0,log_loss,0.9281477235080594,experiments/feature_depth_liquidity,none
feature_depth_liquidity,feature_group,run,logistic,test,10,depth_liquidity,1,10,"0.0,1.0,5.0",0,n_samples,11686.0,experiments/feature_depth_liquidity,none
feature_depth_liquidity,feature_group,run,logistic,test,10,depth_liquidity,1,10,"0.0,1.0,5.0",0,class_count_train,3.0,experiments/feature_depth_liquidity,none
feature_depth_liquidity,feature_group,run,logistic,test,10,depth_liquidity,1,10,"0.0,1.0,5.0",0,class_count_test,3.0,experiments/feature_depth_liquidity,none
feature_depth_liquidity,feature_group,run,logistic,test,10,depth_liquidity,1,10,"0.0,1.0,5.0",0,brier_score,0.5444656606976098,experiments/feature_depth_liquidity,none
feature_depth_liquidity,feature_group,run,logistic,test,10,depth_liquidity,1,10,"0.0,1.0,5.0",0,mean_confidence,0.5513923241751039,experiments/feature_depth_liquidity,none
feature_depth_liquidity,feature_group,run,logistic,test,10,depth_liquidity,1,10,"0.0,1.0,5.0",0,expected_calibration_error,0.07739285512811386,experiments/feature_depth_liquidity,none
feature_depth_liquidity,feature_group,run,deeplob_style,test,10,depth_liquidity,1,10,"0.0,1.0,5.0",0,accuracy,0.6286154372753723,experiments/feature_depth_liquidity,none
feature_depth_liquidity,feature_group,run,deeplob_style,test,10,depth_liquidity,1,10,"0.0,1.0,5.0",0,macro_f1,0.25732100322264256,experiments/feature_depth_liquidity,none
feature_depth_liquidity,feature_group,run,deeplob_style,test,10,depth_liquidity,1,10,"0.0,1.0,5.0",0,weighted_f1,0.4852678648828168,experiments/feature_depth_liquidity,none
feature_depth_liquidity,feature_group,run,deeplob_style,test,10,depth_liquidity,1,10,"0.0,1.0,5.0",0,matthews_corrcoef,0.0,experiments/feature_depth_liquidity,none
feature_depth_liquidity,feature_group,run,deeplob_style,test,10,depth_liquidity,1,10,"0.0,1.0,5.0",0,balanced_accuracy,0.3333333333333333,experiments/feature_depth_liquidity,none
feature_depth_liquidity,feature_group,run,deeplob_style,test,10,depth_liquidity,1,10,"0.0,1.0,5.0",0,log_loss,0.9934632824705837,experiments/feature_depth_liquidity,none
feature_depth_liquidity,feature_group,run,deeplob_style,test,10,depth_liquidity,1,10,"0.0,1.0,5.0",0,n_samples,11686.0,experiments/feature_depth_liquidity,none
feature_depth_liquidity,feature_group,run,deeplob_style,test,10,depth_liquidity,1,10,"0.0,1.0,5.0",0,class_count_train,3.0,experiments/feature_depth_liquidity,none
feature_depth_liquidity,feature_group,run,deeplob_style,test,10,depth_liquidity,1,10,"0.0,1.0,5.0",0,class_count_test,3.0,experiments/feature_depth_liquidity,none
feature_depth_liquidity,feature_group,run,deeplob_style,test,10,depth_liquidity,1,10,"0.0,1.0,5.0",0,brier_score,0.5927135133596662,experiments/feature_depth_liquidity,none
feature_depth_liquidity,feature_group,run,deeplob_style,test,10,depth_liquidity,1,10,"0.0,1.0,5.0",0,mean_confidence,0.4335902572397531,experiments/feature_depth_liquidity,none
feature_depth_liquidity,feature_group,run,deeplob_style,test,10,depth_liquidity,1,10,"0.0,1.0,5.0",0,expected_calibration_error,0.19502518003561922,experiments/feature_depth_liquidity,none
feature_depth_liquidity,feature_group,run,majority,test,10,depth_liquidity,1,10,"0.0,1.0,5.0",0,calibration.bin_0.count,0.0,experiments/feature_depth_liquidity,none
feature_depth_liquidity,feature_group,run,majority,test,10,depth_liquidity,1,10,"0.0,1.0,5.0",0,calibration.bin_0.mean_confidence,0.05,experiments/feature_depth_liquidity,none
feature_depth_liquidity,feature_group,run,majority,test,10,depth_liquidity,1,10,"0.0,1.0,5.0",0,calibration.bin_0.accuracy,0.0,experiments/feature_depth_liquidity,none
feature_depth_liquidity,feature_group,run,majority,test,10,depth_liquidity,1,10,"0.0,1.0,5.0",0,calibration.bin_0.confidence_gap,0.0,experiments/feature_depth_liquidity,none
feature_depth_liquidity,feature_group,run,majority,test,10,depth_liquidity,1,10,"0.0,1.0,5.0",0,calibration.bin_1.count,0.0,experiments/feature_depth_liquidity,none
feature_depth_liquidity,feature_group,run,majority,test,10,depth_liquidity,1,10,"0.0,1.0,5.0",0,calibration.bin_1.mean_confidence,0.15,experiments/feature_depth_liquidity,none
feature_depth_liquidity,feature_group,run,majority,test,10,depth_liquidity,1,10,"0.0,1.0,5.0",0,calibration.bin_1.accuracy,0.0,experiments/feature_depth_liquidity,none
feature_depth_liquidity,feature_group,run,majority,test,10,depth_liquidity,1,10,"0.0,1.0,5.0",0,calibration.bin_1.confidence_gap,0.0,experiments/feature_depth_liquidity,none
feature_depth_liquidity,feature_group,run,majority,test,10,depth_liquidity,1,10,"0.0,1.0,5.0",0,calibration.bin_2.count,0.0,experiments/feature_depth_liquidity,none
feature_depth_liquidity,feature_group,run,majority,test,10,depth_liquidity,1,10,"0.0,1.0,5.0",0,calibration.bin_2.mean_confidence,0.25,experiments/feature_depth_liquidity,none
feature_depth_liquidity,feature_group,run,majority,test,10,depth_liquidity,1,10,"0.0,1.0,5.0",0,calibration.bin_2.accuracy,0.0,experiments/feature_depth_liquidity,none
feature_depth_liquidity,feature_group,run,majority,test,10,depth_liquidity,1,10,"0.0,1.0,5.0",0,calibration.bin_2.confidence_gap,0.0,experiments/feature_depth_liquidity,none
feature_depth_liquidity,feature_group,run,majority,test,10,depth_liquidity,1,10,"0.0,1.0,5.0",0,calibration.bin_3.count,0.0,experiments/feature_depth_liquidity,none
feature_depth_liquidity,feature_group,run,majority,test,10,depth_liquidity,1,10,"0.0,1.0,5.0",0,calibration.bin_3.mean_confidence,0.35,experiments/feature_depth_liquidity,none
feature_depth_liquidity,feature_group,run,majority,test,10,depth_liquidity,1,10,"0.0,1.0,5.0",0,calibration.bin_3.accuracy,0.0,experiments/feature_depth_liquidity,none
feature_depth_liquidity,feature_group,run,majority,test,10,depth_liquidity,1,10,"0.0,1.0,5.0",0,calibration.bin_3.confidence_gap,0.0,experiments/feature_depth_liquidity,none
feature_depth_liquidity,feature_group,run,majority,test,10,depth_liquidity,1,10,"0.0,1.0,5.0",0,calibration.bin_4.count,0.0,experiments/feature_depth_liquidity,none
feature_depth_liquidity,feature_group,run,majority,test,10,depth_liquidity,1,10,"0.0,1.0,5.0",0,calibration.bin_4.mean_confidence,0.45,experiments/feature_depth_liquidity,none
feature_depth_liquidity,feature_group,run,majority,test,10,depth_liquidity,1,10,"0.0,1.0,5.0",0,calibration.bin_4.accuracy,0.0,experiments/feature_depth_liquidity,none
feature_depth_liquidity,feature_group,run,majority,test,10,depth_liquidity,1,10,"0.0,1.0,5.0",0,calibration.bin_4.confidence_gap,0.0,experiments/feature_depth_liquidity,none
feature_depth_liquidity,feature_group,run,majority,test,10,depth_liquidity,1,10,"0.0,1.0,5.0",0,calibration.bin_5.count,0.0,experiments/feature_depth_liquidity,none
feature_depth_liquidity,feature_group,run,majority,test,10,depth_liquidity,1,10,"0.0,1.0,5.0",0,calibration.bin_5.mean_confidence,0.55,experiments/feature_depth_liquidity,none
feature_depth_liquidity,feature_group,run,majority,test,10,depth_liquidity,1,10,"0.0,1.0,5.0",0,calibration.bin_5.accuracy,0.0,experiments/feature_depth_liquidity,none
feature_depth_liquidity,feature_group,run,majority,test,10,depth_liquidity,1,10,"0.0,1.0,5.0",0,calibration.bin_5.confidence_gap,0.0,experiments/feature_depth_liquidity,none
feature_depth_liquidity,feature_group,run,majority,test,10,depth_liquidity,1,10,"0.0,1.0,5.0",0,calibration.bin_6.count,11686.0,experiments/feature_depth_liquidity,none
feature_depth_liquidity,feature_group,run,majority,test,10,depth_liquidity,1,10,"0.0,1.0,5.0",0,calibration.bin_6.mean_confidence,0.6029411764705882,experiments/feature_depth_liquidity,none
feature_depth_liquidity,feature_group,run,majority,test,10,depth_liquidity,1,10,"0.0,1.0,5.0",0,calibration.bin_6.accuracy,0.6286154372753723,experiments/feature_depth_liquidity,none
feature_depth_liquidity,feature_group,run,majority,test,10,depth_liquidity,1,10,"0.0,1.0,5.0",0,calibration.bin_6.confidence_gap,0.025674260804784,experiments/feature_depth_liquidity,none
feature_depth_liquidity,feature_group,run,majority,test,10,depth_liquidity,1,10,"0.0,1.0,5.0",0,calibration.bin_7.count,0.0,experiments/feature_depth_liquidity,none
feature_depth_liquidity,feature_group,run,majority,test,10,depth_liquidity,1,10,"0.0,1.0,5.0",0,calibration.bin_7.mean_confidence,0.75,experiments/feature_depth_liquidity,none
feature_depth_liquidity,feature_group,run,majority,test,10,depth_liquidity,1,10,"0.0,1.0,5.0",0,calibration.bin_7.accuracy,0.0,experiments/feature_depth_liquidity,none
feature_depth_liquidity,feature_group,run,majority,test,10,depth_liquidity,1,10,"0.0,1.0,5.0",0,calibration.bin_7.confidence_gap,0.0,experiments/feature_depth_liquidity,none
feature_depth_liquidity,feature_group,run,majority,test,10,depth_liquidity,1,10,"0.0,1.0,5.0",0,calibration.bin_8.count,0.0,experiments/feature_depth_liquidity,none
feature_depth_liquidity,feature_group,run,majority,test,10,depth_liquidity,1,10,"0.0,1.0,5.0",0,calibration.bin_8.mean_confidence,0.8500000000000001,experiments/feature_depth_liquidity,none
feature_depth_liquidity,feature_group,run,majority,test,10,depth_liquidity,1,10,"0.0,1.0,5.0",0,calibration.bin_8.accuracy,0.0,experiments/feature_depth_liquidity,none
feature_depth_liquidity,feature_group,run,majority,test,10,depth_liquidity,1,10,"0.0,1.0,5.0",0,calibration.bin_8.confidence_gap,0.0,experiments/feature_depth_liquidity,none
feature_depth_liquidity,feature_group,run,majority,test,10,depth_liquidity,1,10,"0.0,1.0,5.0",0,calibration.bin_9.count,0.0,experiments/feature_depth_liquidity,none
feature_depth_liquidity,feature_group,run,majority,test,10,depth_liquidity,1,10,"0.0,1.0,5.0",0,calibration.bin_9.mean_confidence,0.95,experiments/feature_depth_liquidity,none
feature_depth_liquidity,feature_group,run,majority,test,10,depth_liquidity,1,10,"0.0,1.0,5.0",0,calibration.bin_9.accuracy,0.0,experiments/feature_depth_liquidity,none
feature_depth_liquidity,feature_group,run,majority,test,10,depth_liquidity,1,10,"0.0,1.0,5.0",0,calibration.bin_9.confidence_gap,0.0,experiments/feature_depth_liquidity,none
feature_depth_liquidity,feature_group,run,logistic,test,10,depth_liquidity,1,10,"0.0,1.0,5.0",0,calibration.bin_0.count,0.0,experiments/feature_depth_liquidity,none
feature_depth_liquidity,feature_group,run,logistic,test,10,depth_liquidity,1,10,"0.0,1.0,5.0",0,calibration.bin_0.mean_confidence,0.05,experiments/feature_depth_liquidity,none
feature_depth_liquidity,feature_group,run,logistic,test,10,depth_liquidity,1,10,"0.0,1.0,5.0",0,calibration.bin_0.accuracy,0.0,experiments/feature_depth_liquidity,none
feature_depth_liquidity,feature_group,run,logistic,test,10,depth_liquidity,1,10,"0.0,1.0,5.0",0,calibration.bin_0.confidence_gap,0.0,experiments/feature_depth_liquidity,none
feature_depth_liquidity,feature_group,run,logistic,test,10,depth_liquidity,1,10,"0.0,1.0,5.0",0,calibration.bin_1.count,0.0,experiments/feature_depth_liquidity,none
feature_depth_liquidity,feature_group,run,logistic,test,10,depth_liquidity,1,10,"0.0,1.0,5.0",0,calibration.bin_1.mean_confidence,0.15,experiments/feature_depth_liquidity,none
feature_depth_liquidity,feature_group,run,logistic,test,10,depth_liquidity,1,10,"0.0,1.0,5.0",0,calibration.bin_1.accuracy,0.0,experiments/feature_depth_liquidity,none
feature_depth_liquidity,feature_group,run,logistic,test,10,depth_liquidity,1,10,"0.0,1.0,5.0",0,calibration.bin_1.confidence_gap,0.0,experiments/feature_depth_liquidity,none
feature_depth_liquidity,feature_group,run,logistic,test,10,depth_liquidity,1,10,"0.0,1.0,5.0",0,calibration.bin_2.count,0.0,experiments/feature_depth_liquidity,none
feature_depth_liquidity,feature_group,run,logistic,test,10,depth_liquidity,1,10,"0.0,1.0,5.0",0,calibration.bin_2.mean_confidence,0.25,experiments/feature_depth_liquidity,none
feature_depth_liquidity,feature_group,run,logistic,test,10,depth_liquidity,1,10,"0.0,1.0,5.0",0,calibration.bin_2.accuracy,0.0,experiments/feature_depth_liquidity,none
feature_depth_liquidity,feature_group,run,logistic,test,10,depth_liquidity,1,10,"0.0,1.0,5.0",0,calibration.bin_2.confidence_gap,0.0,experiments/feature_depth_liquidity,none
feature_depth_liquidity,feature_group,run,logistic,test,10,depth_liquidity,1,10,"0.0,1.0,5.0",0,calibration.bin_3.count,0.0,experiments/feature_depth_liquidity,none
feature_depth_liquidity,feature_group,run,logistic,test,10,depth_liquidity,1,10,"0.0,1.0,5.0",0,calibration.bin_3.mean_confidence,0.35,experiments/feature_depth_liquidity,none
feature_depth_liquidity,feature_group,run,logistic,test,10,depth_liquidity,1,10,"0.0,1.0,5.0",0,calibration.bin_3.accuracy,0.0,experiments/feature_depth_liquidity,none
feature_depth_liquidity,feature_group,run,logistic,test,10,depth_liquidity,1,10,"0.0,1.0,5.0",0,calibration.bin_3.confidence_gap,0.0,experiments/feature_depth_liquidity,none
feature_depth_liquidity,feature_group,run,logistic,test,10,depth_liquidity,1,10,"0.0,1.0,5.0",0,calibration.bin_4.count,2.0,experiments/feature_depth_liquidity,none
feature_depth_liquidity,feature_group,run,logistic,test,10,depth_liquidity,1,10,"0.0,1.0,5.0",0,calibration.bin_4.mean_confidence,0.495901334350844,experiments/feature_depth_liquidity,none
feature_depth_liquidity,feature_group,run,logistic,test,10,depth_liquidity,1,10,"0.0,1.0,5.0",0,calibration.bin_4.accuracy,0.0,experiments/feature_depth_liquidity,none
feature_depth_liquidity,feature_group,run,logistic,test,10,depth_liquidity,1,10,"0.0,1.0,5.0",0,calibration.bin_4.confidence_gap,0.495901334350844,experiments/feature_depth_liquidity,none
feature_depth_liquidity,feature_group,run,logistic,test,10,depth_liquidity,1,10,"0.0,1.0,5.0",0,calibration.bin_5.count,11645.0,experiments/feature_depth_liquidity,none
feature_depth_liquidity,feature_group,run,logistic,test,10,depth_liquidity,1,10,"0.0,1.0,5.0",0,calibration.bin_5.mean_confidence,0.5512174441574086,experiments/feature_depth_liquidity,none
feature_depth_liquidity,feature_group,run,logistic,test,10,depth_liquidity,1,10,"0.0,1.0,5.0",0,calibration.bin_5.accuracy,0.6284242164018892,experiments/feature_depth_liquidity,none
feature_depth_liquidity,feature_group,run,logistic,test,10,depth_liquidity,1,10,"0.0,1.0,5.0",0,calibration.bin_5.confidence_gap,0.0772067722444805,experiments/feature_depth_liquidity,none
feature_depth_liquidity,feature_group,run,logistic,test,10,depth_liquidity,1,10,"0.0,1.0,5.0",0,calibration.bin_6.count,39.0,experiments/feature_depth_liquidity,none
feature_depth_liquidity,feature_group,run,logistic,test,10,depth_liquidity,1,10,"0.0,1.0,5.0",0,calibration.bin_6.mean_confidence,0.6064553956035783,experiments/feature_depth_liquidity,none
feature_depth_liquidity,feature_group,run,logistic,test,10,depth_liquidity,1,10,"0.0,1.0,5.0",0,calibration.bin_6.accuracy,0.717948717948718,experiments/feature_depth_liquidity,none
feature_depth_liquidity,feature_group,run,logistic,test,10,depth_liquidity,1,10,"0.0,1.0,5.0",0,calibration.bin_6.confidence_gap,0.1114933223451396,experiments/feature_depth_liquidity,none
feature_depth_liquidity,feature_group,run,logistic,test,10,depth_liquidity,1,10,"0.0,1.0,5.0",0,calibration.bin_7.count,0.0,experiments/feature_depth_liquidity,none
feature_depth_liquidity,feature_group,run,logistic,test,10,depth_liquidity,1,10,"0.0,1.0,5.0",0,calibration.bin_7.mean_confidence,0.75,experiments/feature_depth_liquidity,none
feature_depth_liquidity,feature_group,run,logistic,test,10,depth_liquidity,1,10,"0.0,1.0,5.0",0,calibration.bin_7.accuracy,0.0,experiments/feature_depth_liquidity,none
feature_depth_liquidity,feature_group,run,logistic,test,10,depth_liquidity,1,10,"0.0,1.0,5.0",0,calibration.bin_7.confidence_gap,0.0,experiments/feature_depth_liquidity,none
feature_depth_liquidity,feature_group,run,logistic,test,10,depth_liquidity,1,10,"0.0,1.0,5.0",0,calibration.bin_8.count,0.0,experiments/feature_depth_liquidity,none
feature_depth_liquidity,feature_group,run,logistic,test,10,depth_liquidity,1,10,"0.0,1.0,5.0",0,calibration.bin_8.mean_confidence,0.8500000000000001,experiments/feature_depth_liquidity,none
feature_depth_liquidity,feature_group,run,logistic,test,10,depth_liquidity,1,10,"0.0,1.0,5.0",0,calibration.bin_8.accuracy,0.0,experiments/feature_depth_liquidity,none
feature_depth_liquidity,feature_group,run,logistic,test,10,depth_liquidity,1,10,"0.0,1.0,5.0",0,calibration.bin_8.confidence_gap,0.0,experiments/feature_depth_liquidity,none
feature_depth_liquidity,feature_group,run,logistic,test,10,depth_liquidity,1,10,"0.0,1.0,5.0",0,calibration.bin_9.count,0.0,experiments/feature_depth_liquidity,none
feature_depth_liquidity,feature_group,run,logistic,test,10,depth_liquidity,1,10,"0.0,1.0,5.0",0,calibration.bin_9.mean_confidence,0.95,experiments/feature_depth_liquidity,none
feature_depth_liquidity,feature_group,run,logistic,test,10,depth_liquidity,1,10,"0.0,1.0,5.0",0,calibration.bin_9.accuracy,0.0,experiments/feature_depth_liquidity,none
feature_depth_liquidity,feature_group,run,logistic,test,10,depth_liquidity,1,10,"0.0,1.0,5.0",0,calibration.bin_9.confidence_gap,0.0,experiments/feature_depth_liquidity,none
feature_depth_liquidity,feature_group,run,deeplob_style,test,10,depth_liquidity,1,10,"0.0,1.0,5.0",0,calibration.bin_0.count,0.0,experiments/feature_depth_liquidity,none
feature_depth_liquidity,feature_group,run,deeplob_style,test,10,depth_liquidity,1,10,"0.0,1.0,5.0",0,calibration.bin_0.mean_confidence,0.05,experiments/feature_depth_liquidity,none
feature_depth_liquidity,feature_group,run,deeplob_style,test,10,depth_liquidity,1,10,"0.0,1.0,5.0",0,calibration.bin_0.accuracy,0.0,experiments/feature_depth_liquidity,none
feature_depth_liquidity,feature_group,run,deeplob_style,test,10,depth_liquidity,1,10,"0.0,1.0,5.0",0,calibration.bin_0.confidence_gap,0.0,experiments/feature_depth_liquidity,none
feature_depth_liquidity,feature_group,run,deeplob_style,test,10,depth_liquidity,1,10,"0.0,1.0,5.0",0,calibration.bin_1.count,0.0,experiments/feature_depth_liquidity,none
feature_depth_liquidity,feature_group,run,deeplob_style,test,10,depth_liquidity,1,10,"0.0,1.0,5.0",0,calibration.bin_1.mean_confidence,0.15,experiments/feature_depth_liquidity,none
feature_depth_liquidity,feature_group,run,deeplob_style,test,10,depth_liquidity,1,10,"0.0,1.0,5.0",0,calibration.bin_1.accuracy,0.0,experiments/feature_depth_liquidity,none
feature_depth_liquidity,feature_group,run,deeplob_style,test,10,depth_liquidity,1,10,"0.0,1.0,5.0",0,calibration.bin_1.confidence_gap,0.0,experiments/feature_depth_liquidity,none
feature_depth_liquidity,feature_group,run,deeplob_style,test,10,depth_liquidity,1,10,"0.0,1.0,5.0",0,calibration.bin_2.count,0.0,experiments/feature_depth_liquidity,none
feature_depth_liquidity,feature_group,run,deeplob_style,test,10,depth_liquidity,1,10,"0.0,1.0,5.0",0,calibration.bin_2.mean_confidence,0.25,experiments/feature_depth_liquidity,none
feature_depth_liquidity,feature_group,run,deeplob_style,test,10,depth_liquidity,1,10,"0.0,1.0,5.0",0,calibration.bin_2.accuracy,0.0,experiments/feature_depth_liquidity,none
feature_depth_liquidity,feature_group,run,deeplob_style,test,10,depth_liquidity,1,10,"0.0,1.0,5.0",0,calibration.bin_2.confidence_gap,0.0,experiments/feature_depth_liquidity,none
feature_depth_liquidity,feature_group,run,deeplob_style,test,10,depth_liquidity,1,10,"0.0,1.0,5.0",0,calibration.bin_3.count,0.0,experiments/feature_depth_liquidity,none
feature_depth_liquidity,feature_group,run,deeplob_style,test,10,depth_liquidity,1,10,"0.0,1.0,5.0",0,calibration.bin_3.mean_confidence,0.35,experiments/feature_depth_liquidity,none
feature_depth_liquidity,feature_group,run,deeplob_style,test,10,depth_liquidity,1,10,"0.0,1.0,5.0",0,calibration.bin_3.accuracy,0.0,experiments/feature_depth_liquidity,none
feature_depth_liquidity,feature_group,run,deeplob_style,test,10,depth_liquidity,1,10,"0.0,1.0,5.0",0,calibration.bin_3.confidence_gap,0.0,experiments/feature_depth_liquidity,none
feature_depth_liquidity,feature_group,run,deeplob_style,test,10,depth_liquidity,1,10,"0.0,1.0,5.0",0,calibration.bin_4.count,11686.0,experiments/feature_depth_liquidity,none
feature_depth_liquidity,feature_group,run,deeplob_style,test,10,depth_liquidity,1,10,"0.0,1.0,5.0",0,calibration.bin_4.mean_confidence,0.4335902572397531,experiments/feature_depth_liquidity,none
feature_depth_liquidity,feature_group,run,deeplob_style,test,10,depth_liquidity,1,10,"0.0,1.0,5.0",0,calibration.bin_4.accuracy,0.6286154372753723,experiments/feature_depth_liquidity,none
feature_depth_liquidity,feature_group,run,deeplob_style,test,10,depth_liquidity,1,10,"0.0,1.0,5.0",0,calibration.bin_4.confidence_gap,0.1950251800356192,experiments/feature_depth_liquidity,none
feature_depth_liquidity,feature_group,run,deeplob_style,test,10,depth_liquidity,1,10,"0.0,1.0,5.0",0,calibration.bin_5.count,0.0,experiments/feature_depth_liquidity,none
feature_depth_liquidity,feature_group,run,deeplob_style,test,10,depth_liquidity,1,10,"0.0,1.0,5.0",0,calibration.bin_5.mean_confidence,0.55,experiments/feature_depth_liquidity,none
feature_depth_liquidity,feature_group,run,deeplob_style,test,10,depth_liquidity,1,10,"0.0,1.0,5.0",0,calibration.bin_5.accuracy,0.0,experiments/feature_depth_liquidity,none
feature_depth_liquidity,feature_group,run,deeplob_style,test,10,depth_liquidity,1,10,"0.0,1.0,5.0",0,calibration.bin_5.confidence_gap,0.0,experiments/feature_depth_liquidity,none
feature_depth_liquidity,feature_group,run,deeplob_style,test,10,depth_liquidity,1,10,"0.0,1.0,5.0",0,calibration.bin_6.count,0.0,experiments/feature_depth_liquidity,none
feature_depth_liquidity,feature_group,run,deeplob_style,test,10,depth_liquidity,1,10,"0.0,1.0,5.0",0,calibration.bin_6.mean_confidence,0.6500000000000001,experiments/feature_depth_liquidity,none
feature_depth_liquidity,feature_group,run,deeplob_style,test,10,depth_liquidity,1,10,"0.0,1.0,5.0",0,calibration.bin_6.accuracy,0.0,experiments/feature_depth_liquidity,none
feature_depth_liquidity,feature_group,run,deeplob_style,test,10,depth_liquidity,1,10,"0.0,1.0,5.0",0,calibration.bin_6.confidence_gap,0.0,experiments/feature_depth_liquidity,none
feature_depth_liquidity,feature_group,run,deeplob_style,test,10,depth_liquidity,1,10,"0.0,1.0,5.0",0,calibration.bin_7.count,0.0,experiments/feature_depth_liquidity,none
feature_depth_liquidity,feature_group,run,deeplob_style,test,10,depth_liquidity,1,10,"0.0,1.0,5.0",0,calibration.bin_7.mean_confidence,0.75,experiments/feature_depth_liquidity,none
feature_depth_liquidity,feature_group,run,deeplob_style,test,10,depth_liquidity,1,10,"0.0,1.0,5.0",0,calibration.bin_7.accuracy,0.0,experiments/feature_depth_liquidity,none
feature_depth_liquidity,feature_group,run,deeplob_style,test,10,depth_liquidity,1,10,"0.0,1.0,5.0",0,calibration.bin_7.confidence_gap,0.0,experiments/feature_depth_liquidity,none
feature_depth_liquidity,feature_group,run,deeplob_style,test,10,depth_liquidity,1,10,"0.0,1.0,5.0",0,calibration.bin_8.count,0.0,experiments/feature_depth_liquidity,none
feature_depth_liquidity,feature_group,run,deeplob_style,test,10,depth_liquidity,1,10,"0.0,1.0,5.0",0,calibration.bin_8.mean_confidence,0.8500000000000001,experiments/feature_depth_liquidity,none
feature_depth_liquidity,feature_group,run,deeplob_style,test,10,depth_liquidity,1,10,"0.0,1.0,5.0",0,calibration.bin_8.accuracy,0.0,experiments/feature_depth_liquidity,none
feature_depth_liquidity,feature_group,run,deeplob_style,test,10,depth_liquidity,1,10,"0.0,1.0,5.0",0,calibration.bin_8.confidence_gap,0.0,experiments/feature_depth_liquidity,none
feature_depth_liquidity,feature_group,run,deeplob_style,test,10,depth_liquidity,1,10,"0.0,1.0,5.0",0,calibration.bin_9.count,0.0,experiments/feature_depth_liquidity,none
feature_depth_liquidity,feature_group,run,deeplob_style,test,10,depth_liquidity,1,10,"0.0,1.0,5.0",0,calibration.bin_9.mean_confidence,0.95,experiments/feature_depth_liquidity,none
feature_depth_liquidity,feature_group,run,deeplob_style,test,10,depth_liquidity,1,10,"0.0,1.0,5.0",0,calibration.bin_9.accuracy,0.0,experiments/feature_depth_liquidity,none
feature_depth_liquidity,feature_group,run,deeplob_style,test,10,depth_liquidity,1,10,"0.0,1.0,5.0",0,calibration.bin_9.confidence_gap,0.0,experiments/feature_depth_liquidity,none
feature_depth_liquidity,feature_group,run,majority,test,10,depth_liquidity,1,10,0.0,0,execution.eligible_predictions@confidence_threshold=0,11676.0,experiments/feature_depth_liquidity,none
feature_depth_liquidity,feature_group,run,majority,test,10,depth_liquidity,1,10,0.0,0,execution.trade_count_proxy@confidence_threshold=0,11676.0,experiments/feature_depth_liquidity,none
feature_depth_liquidity,feature_group,run,majority,test,10,depth_liquidity,1,10,0.0,0,execution.turnover_proxy@confidence_threshold=0,11676.0,experiments/feature_depth_liquidity,none
feature_depth_liquidity,feature_group,run,majority,test,10,depth_liquidity,1,10,0.0,0,execution.gross_signal_return_proxy@confidence_threshold=0,-0.4374632647694284,experiments/feature_depth_liquidity,none
feature_depth_liquidity,feature_group,run,majority,test,10,depth_liquidity,1,10,0.0,0,execution.cost_proxy@confidence_threshold=0,0.0,experiments/feature_depth_liquidity,none
feature_depth_liquidity,feature_group,run,majority,test,10,depth_liquidity,1,10,0.0,0,execution.net_signal_return_proxy@confidence_threshold=0,-0.4374632647694284,experiments/feature_depth_liquidity,none
feature_depth_liquidity,feature_group,run,majority,test,10,depth_liquidity,1,10,0.0,0,execution.hit_rate_proxy@confidence_threshold=0,0.6286399451867077,experiments/feature_depth_liquidity,none
feature_depth_liquidity,feature_group,run,majority,test,10,depth_liquidity,1,10,1.0,0,execution.eligible_predictions@confidence_threshold=0,11676.0,experiments/feature_depth_liquidity,none
feature_depth_liquidity,feature_group,run,majority,test,10,depth_liquidity,1,10,1.0,0,execution.trade_count_proxy@confidence_threshold=0,11676.0,experiments/feature_depth_liquidity,none
feature_depth_liquidity,feature_group,run,majority,test,10,depth_liquidity,1,10,1.0,0,execution.turnover_proxy@confidence_threshold=0,11676.0,experiments/feature_depth_liquidity,none
feature_depth_liquidity,feature_group,run,majority,test,10,depth_liquidity,1,10,1.0,0,execution.gross_signal_return_proxy@confidence_threshold=0,-0.4374632647694284,experiments/feature_depth_liquidity,none
feature_depth_liquidity,feature_group,run,majority,test,10,depth_liquidity,1,10,1.0,0,execution.cost_proxy@confidence_threshold=0,1.0,experiments/feature_depth_liquidity,none
feature_depth_liquidity,feature_group,run,majority,test,10,depth_liquidity,1,10,1.0,0,execution.net_signal_return_proxy@confidence_threshold=0,-1.4374632647694283,experiments/feature_depth_liquidity,none
feature_depth_liquidity,feature_group,run,majority,test,10,depth_liquidity,1,10,1.0,0,execution.hit_rate_proxy@confidence_threshold=0,0.6286399451867077,experiments/feature_depth_liquidity,none
feature_depth_liquidity,feature_group,run,majority,test,10,depth_liquidity,1,10,5.0,0,execution.eligible_predictions@confidence_threshold=0,11676.0,experiments/feature_depth_liquidity,none
feature_depth_liquidity,feature_group,run,majority,test,10,depth_liquidity,1,10,5.0,0,execution.trade_count_proxy@confidence_threshold=0,11676.0,experiments/feature_depth_liquidity,none
feature_depth_liquidity,feature_group,run,majority,test,10,depth_liquidity,1,10,5.0,0,execution.turnover_proxy@confidence_threshold=0,11676.0,experiments/feature_depth_liquidity,none
feature_depth_liquidity,feature_group,run,majority,test,10,depth_liquidity,1,10,5.0,0,execution.gross_signal_return_proxy@confidence_threshold=0,-0.4374632647694284,experiments/feature_depth_liquidity,none
feature_depth_liquidity,feature_group,run,majority,test,10,depth_liquidity,1,10,5.0,0,execution.cost_proxy@confidence_threshold=0,5.0,experiments/feature_depth_liquidity,none
feature_depth_liquidity,feature_group,run,majority,test,10,depth_liquidity,1,10,5.0,0,execution.net_signal_return_proxy@confidence_threshold=0,-5.437463264769429,experiments/feature_depth_liquidity,none
feature_depth_liquidity,feature_group,run,majority,test,10,depth_liquidity,1,10,5.0,0,execution.hit_rate_proxy@confidence_threshold=0,0.6286399451867077,experiments/feature_depth_liquidity,none
feature_depth_liquidity,feature_group,run,majority,test,10,depth_liquidity,1,10,0.0,0,execution.eligible_predictions@confidence_threshold=0.5,11676.0,experiments/feature_depth_liquidity,none
feature_depth_liquidity,feature_group,run,majority,test,10,depth_liquidity,1,10,0.0,0,execution.trade_count_proxy@confidence_threshold=0.5,11676.0,experiments/feature_depth_liquidity,none
feature_depth_liquidity,feature_group,run,majority,test,10,depth_liquidity,1,10,0.0,0,execution.turnover_proxy@confidence_threshold=0.5,11676.0,experiments/feature_depth_liquidity,none
feature_depth_liquidity,feature_group,run,majority,test,10,depth_liquidity,1,10,0.0,0,execution.gross_signal_return_proxy@confidence_threshold=0.5,-0.4374632647694284,experiments/feature_depth_liquidity,none
feature_depth_liquidity,feature_group,run,majority,test,10,depth_liquidity,1,10,0.0,0,execution.cost_proxy@confidence_threshold=0.5,0.0,experiments/feature_depth_liquidity,none
feature_depth_liquidity,feature_group,run,majority,test,10,depth_liquidity,1,10,0.0,0,execution.net_signal_return_proxy@confidence_threshold=0.5,-0.4374632647694284,experiments/feature_depth_liquidity,none
feature_depth_liquidity,feature_group,run,majority,test,10,depth_liquidity,1,10,0.0,0,execution.hit_rate_proxy@confidence_threshold=0.5,0.6286399451867077,experiments/feature_depth_liquidity,none
feature_depth_liquidity,feature_group,run,majority,test,10,depth_liquidity,1,10,1.0,0,execution.eligible_predictions@confidence_threshold=0.5,11676.0,experiments/feature_depth_liquidity,none
feature_depth_liquidity,feature_group,run,majority,test,10,depth_liquidity,1,10,1.0,0,execution.trade_count_proxy@confidence_threshold=0.5,11676.0,experiments/feature_depth_liquidity,none
feature_depth_liquidity,feature_group,run,majority,test,10,depth_liquidity,1,10,1.0,0,execution.turnover_proxy@confidence_threshold=0.5,11676.0,experiments/feature_depth_liquidity,none
feature_depth_liquidity,feature_group,run,majority,test,10,depth_liquidity,1,10,1.0,0,execution.gross_signal_return_proxy@confidence_threshold=0.5,-0.4374632647694284,experiments/feature_depth_liquidity,none
feature_depth_liquidity,feature_group,run,majority,test,10,depth_liquidity,1,10,1.0,0,execution.cost_proxy@confidence_threshold=0.5,1.0,experiments/feature_depth_liquidity,none
feature_depth_liquidity,feature_group,run,majority,test,10,depth_liquidity,1,10,1.0,0,execution.net_signal_return_proxy@confidence_threshold=0.5,-1.4374632647694283,experiments/feature_depth_liquidity,none
feature_depth_liquidity,feature_group,run,majority,test,10,depth_liquidity,1,10,1.0,0,execution.hit_rate_proxy@confidence_threshold=0.5,0.6286399451867077,experiments/feature_depth_liquidity,none
feature_depth_liquidity,feature_group,run,majority,test,10,depth_liquidity,1,10,5.0,0,execution.eligible_predictions@confidence_threshold=0.5,11676.0,experiments/feature_depth_liquidity,none
feature_depth_liquidity,feature_group,run,majority,test,10,depth_liquidity,1,10,5.0,0,execution.trade_count_proxy@confidence_threshold=0.5,11676.0,experiments/feature_depth_liquidity,none
feature_depth_liquidity,feature_group,run,majority,test,10,depth_liquidity,1,10,5.0,0,execution.turnover_proxy@confidence_threshold=0.5,11676.0,experiments/feature_depth_liquidity,none
feature_depth_liquidity,feature_group,run,majority,test,10,depth_liquidity,1,10,5.0,0,execution.gross_signal_return_proxy@confidence_threshold=0.5,-0.4374632647694284,experiments/feature_depth_liquidity,none
feature_depth_liquidity,feature_group,run,majority,test,10,depth_liquidity,1,10,5.0,0,execution.cost_proxy@confidence_threshold=0.5,5.0,experiments/feature_depth_liquidity,none
feature_depth_liquidity,feature_group,run,majority,test,10,depth_liquidity,1,10,5.0,0,execution.net_signal_return_proxy@confidence_threshold=0.5,-5.437463264769429,experiments/feature_depth_liquidity,none
feature_depth_liquidity,feature_group,run,majority,test,10,depth_liquidity,1,10,5.0,0,execution.hit_rate_proxy@confidence_threshold=0.5,0.6286399451867077,experiments/feature_depth_liquidity,none
feature_depth_liquidity,feature_group,run,majority,test,10,depth_liquidity,1,10,0.0,0,execution.eligible_predictions@confidence_threshold=0.6,11676.0,experiments/feature_depth_liquidity,none
feature_depth_liquidity,feature_group,run,majority,test,10,depth_liquidity,1,10,0.0,0,execution.trade_count_proxy@confidence_threshold=0.6,11676.0,experiments/feature_depth_liquidity,none
feature_depth_liquidity,feature_group,run,majority,test,10,depth_liquidity,1,10,0.0,0,execution.turnover_proxy@confidence_threshold=0.6,11676.0,experiments/feature_depth_liquidity,none
feature_depth_liquidity,feature_group,run,majority,test,10,depth_liquidity,1,10,0.0,0,execution.gross_signal_return_proxy@confidence_threshold=0.6,-0.4374632647694284,experiments/feature_depth_liquidity,none
feature_depth_liquidity,feature_group,run,majority,test,10,depth_liquidity,1,10,0.0,0,execution.cost_proxy@confidence_threshold=0.6,0.0,experiments/feature_depth_liquidity,none
feature_depth_liquidity,feature_group,run,majority,test,10,depth_liquidity,1,10,0.0,0,execution.net_signal_return_proxy@confidence_threshold=0.6,-0.4374632647694284,experiments/feature_depth_liquidity,none
feature_depth_liquidity,feature_group,run,majority,test,10,depth_liquidity,1,10,0.0,0,execution.hit_rate_proxy@confidence_threshold=0.6,0.6286399451867077,experiments/feature_depth_liquidity,none
feature_depth_liquidity,feature_group,run,majority,test,10,depth_liquidity,1,10,1.0,0,execution.eligible_predictions@confidence_threshold=0.6,11676.0,experiments/feature_depth_liquidity,none
feature_depth_liquidity,feature_group,run,majority,test,10,depth_liquidity,1,10,1.0,0,execution.trade_count_proxy@confidence_threshold=0.6,11676.0,experiments/feature_depth_liquidity,none
feature_depth_liquidity,feature_group,run,majority,test,10,depth_liquidity,1,10,1.0,0,execution.turnover_proxy@confidence_threshold=0.6,11676.0,experiments/feature_depth_liquidity,none
feature_depth_liquidity,feature_group,run,majority,test,10,depth_liquidity,1,10,1.0,0,execution.gross_signal_return_proxy@confidence_threshold=0.6,-0.4374632647694284,experiments/feature_depth_liquidity,none
feature_depth_liquidity,feature_group,run,majority,test,10,depth_liquidity,1,10,1.0,0,execution.cost_proxy@confidence_threshold=0.6,1.0,experiments/feature_depth_liquidity,none
feature_depth_liquidity,feature_group,run,majority,test,10,depth_liquidity,1,10,1.0,0,execution.net_signal_return_proxy@confidence_threshold=0.6,-1.4374632647694283,experiments/feature_depth_liquidity,none
feature_depth_liquidity,feature_group,run,majority,test,10,depth_liquidity,1,10,1.0,0,execution.hit_rate_proxy@confidence_threshold=0.6,0.6286399451867077,experiments/feature_depth_liquidity,none
feature_depth_liquidity,feature_group,run,majority,test,10,depth_liquidity,1,10,5.0,0,execution.eligible_predictions@confidence_threshold=0.6,11676.0,experiments/feature_depth_liquidity,none
feature_depth_liquidity,feature_group,run,majority,test,10,depth_liquidity,1,10,5.0,0,execution.trade_count_proxy@confidence_threshold=0.6,11676.0,experiments/feature_depth_liquidity,none
feature_depth_liquidity,feature_group,run,majority,test,10,depth_liquidity,1,10,5.0,0,execution.turnover_proxy@confidence_threshold=0.6,11676.0,experiments/feature_depth_liquidity,none
feature_depth_liquidity,feature_group,run,majority,test,10,depth_liquidity,1,10,5.0,0,execution.gross_signal_return_proxy@confidence_threshold=0.6,-0.4374632647694284,experiments/feature_depth_liquidity,none
feature_depth_liquidity,feature_group,run,majority,test,10,depth_liquidity,1,10,5.0,0,execution.cost_proxy@confidence_threshold=0.6,5.0,experiments/feature_depth_liquidity,none
feature_depth_liquidity,feature_group,run,majority,test,10,depth_liquidity,1,10,5.0,0,execution.net_signal_return_proxy@confidence_threshold=0.6,-5.437463264769429,experiments/feature_depth_liquidity,none
feature_depth_liquidity,feature_group,run,majority,test,10,depth_liquidity,1,10,5.0,0,execution.hit_rate_proxy@confidence_threshold=0.6,0.6286399451867077,experiments/feature_depth_liquidity,none
feature_depth_liquidity,feature_group,run,majority,test,10,depth_liquidity,1,10,0.0,0,execution.eligible_predictions@confidence_threshold=0.7,0.0,experiments/feature_depth_liquidity,none
feature_depth_liquidity,feature_group,run,majority,test,10,depth_liquidity,1,10,0.0,0,execution.trade_count_proxy@confidence_threshold=0.7,0.0,experiments/feature_depth_liquidity,none
feature_depth_liquidity,feature_group,run,majority,test,10,depth_liquidity,1,10,0.0,0,execution.turnover_proxy@confidence_threshold=0.7,0.0,experiments/feature_depth_liquidity,none
feature_depth_liquidity,feature_group,run,majority,test,10,depth_liquidity,1,10,0.0,0,execution.gross_signal_return_proxy@confidence_threshold=0.7,0.0,experiments/feature_depth_liquidity,none
feature_depth_liquidity,feature_group,run,majority,test,10,depth_liquidity,1,10,0.0,0,execution.cost_proxy@confidence_threshold=0.7,0.0,experiments/feature_depth_liquidity,none
feature_depth_liquidity,feature_group,run,majority,test,10,depth_liquidity,1,10,0.0,0,execution.net_signal_return_proxy@confidence_threshold=0.7,0.0,experiments/feature_depth_liquidity,none
feature_depth_liquidity,feature_group,run,majority,test,10,depth_liquidity,1,10,0.0,0,execution.hit_rate_proxy@confidence_threshold=0.7,0.0,experiments/feature_depth_liquidity,none
feature_depth_liquidity,feature_group,run,majority,test,10,depth_liquidity,1,10,1.0,0,execution.eligible_predictions@confidence_threshold=0.7,0.0,experiments/feature_depth_liquidity,none
feature_depth_liquidity,feature_group,run,majority,test,10,depth_liquidity,1,10,1.0,0,execution.trade_count_proxy@confidence_threshold=0.7,0.0,experiments/feature_depth_liquidity,none
feature_depth_liquidity,feature_group,run,majority,test,10,depth_liquidity,1,10,1.0,0,execution.turnover_proxy@confidence_threshold=0.7,0.0,experiments/feature_depth_liquidity,none
feature_depth_liquidity,feature_group,run,majority,test,10,depth_liquidity,1,10,1.0,0,execution.gross_signal_return_proxy@confidence_threshold=0.7,0.0,experiments/feature_depth_liquidity,none
feature_depth_liquidity,feature_group,run,majority,test,10,depth_liquidity,1,10,1.0,0,execution.cost_proxy@confidence_threshold=0.7,0.0,experiments/feature_depth_liquidity,none
feature_depth_liquidity,feature_group,run,majority,test,10,depth_liquidity,1,10,1.0,0,execution.net_signal_return_proxy@confidence_threshold=0.7,0.0,experiments/feature_depth_liquidity,none
feature_depth_liquidity,feature_group,run,majority,test,10,depth_liquidity,1,10,1.0,0,execution.hit_rate_proxy@confidence_threshold=0.7,0.0,experiments/feature_depth_liquidity,none
feature_depth_liquidity,feature_group,run,majority,test,10,depth_liquidity,1,10,5.0,0,execution.eligible_predictions@confidence_threshold=0.7,0.0,experiments/feature_depth_liquidity,none
feature_depth_liquidity,feature_group,run,majority,test,10,depth_liquidity,1,10,5.0,0,execution.trade_count_proxy@confidence_threshold=0.7,0.0,experiments/feature_depth_liquidity,none
feature_depth_liquidity,feature_group,run,majority,test,10,depth_liquidity,1,10,5.0,0,execution.turnover_proxy@confidence_threshold=0.7,0.0,experiments/feature_depth_liquidity,none
feature_depth_liquidity,feature_group,run,majority,test,10,depth_liquidity,1,10,5.0,0,execution.gross_signal_return_proxy@confidence_threshold=0.7,0.0,experiments/feature_depth_liquidity,none
feature_depth_liquidity,feature_group,run,majority,test,10,depth_liquidity,1,10,5.0,0,execution.cost_proxy@confidence_threshold=0.7,0.0,experiments/feature_depth_liquidity,none
feature_depth_liquidity,feature_group,run,majority,test,10,depth_liquidity,1,10,5.0,0,execution.net_signal_return_proxy@confidence_threshold=0.7,0.0,experiments/feature_depth_liquidity,none
feature_depth_liquidity,feature_group,run,majority,test,10,depth_liquidity,1,10,5.0,0,execution.hit_rate_proxy@confidence_threshold=0.7,0.0,experiments/feature_depth_liquidity,none
feature_depth_liquidity,feature_group,run,logistic,test,10,depth_liquidity,1,10,0.0,0,execution.eligible_predictions@confidence_threshold=0,11676.0,experiments/feature_depth_liquidity,none
feature_depth_liquidity,feature_group,run,logistic,test,10,depth_liquidity,1,10,0.0,0,execution.trade_count_proxy@confidence_threshold=0,11676.0,experiments/feature_depth_liquidity,none
feature_depth_liquidity,feature_group,run,logistic,test,10,depth_liquidity,1,10,0.0,0,execution.turnover_proxy@confidence_threshold=0,11676.0,experiments/feature_depth_liquidity,none
feature_depth_liquidity,feature_group,run,logistic,test,10,depth_liquidity,1,10,0.0,0,execution.gross_signal_return_proxy@confidence_threshold=0,-0.4374632647694284,experiments/feature_depth_liquidity,none
feature_depth_liquidity,feature_group,run,logistic,test,10,depth_liquidity,1,10,0.0,0,execution.cost_proxy@confidence_threshold=0,0.0,experiments/feature_depth_liquidity,none
feature_depth_liquidity,feature_group,run,logistic,test,10,depth_liquidity,1,10,0.0,0,execution.net_signal_return_proxy@confidence_threshold=0,-0.4374632647694284,experiments/feature_depth_liquidity,none
feature_depth_liquidity,feature_group,run,logistic,test,10,depth_liquidity,1,10,0.0,0,execution.hit_rate_proxy@confidence_threshold=0,0.6286399451867077,experiments/feature_depth_liquidity,none
feature_depth_liquidity,feature_group,run,logistic,test,10,depth_liquidity,1,10,1.0,0,execution.eligible_predictions@confidence_threshold=0,11676.0,experiments/feature_depth_liquidity,none
feature_depth_liquidity,feature_group,run,logistic,test,10,depth_liquidity,1,10,1.0,0,execution.trade_count_proxy@confidence_threshold=0,11676.0,experiments/feature_depth_liquidity,none
feature_depth_liquidity,feature_group,run,logistic,test,10,depth_liquidity,1,10,1.0,0,execution.turnover_proxy@confidence_threshold=0,11676.0,experiments/feature_depth_liquidity,none
feature_depth_liquidity,feature_group,run,logistic,test,10,depth_liquidity,1,10,1.0,0,execution.gross_signal_return_proxy@confidence_threshold=0,-0.4374632647694284,experiments/feature_depth_liquidity,none
feature_depth_liquidity,feature_group,run,logistic,test,10,depth_liquidity,1,10,1.0,0,execution.cost_proxy@confidence_threshold=0,1.0,experiments/feature_depth_liquidity,none
feature_depth_liquidity,feature_group,run,logistic,test,10,depth_liquidity,1,10,1.0,0,execution.net_signal_return_proxy@confidence_threshold=0,-1.4374632647694283,experiments/feature_depth_liquidity,none
feature_depth_liquidity,feature_group,run,logistic,test,10,depth_liquidity,1,10,1.0,0,execution.hit_rate_proxy@confidence_threshold=0,0.6286399451867077,experiments/feature_depth_liquidity,none
feature_depth_liquidity,feature_group,run,logistic,test,10,depth_liquidity,1,10,5.0,0,execution.eligible_predictions@confidence_threshold=0,11676.0,experiments/feature_depth_liquidity,none
feature_depth_liquidity,feature_group,run,logistic,test,10,depth_liquidity,1,10,5.0,0,execution.trade_count_proxy@confidence_threshold=0,11676.0,experiments/feature_depth_liquidity,none
feature_depth_liquidity,feature_group,run,logistic,test,10,depth_liquidity,1,10,5.0,0,execution.turnover_proxy@confidence_threshold=0,11676.0,experiments/feature_depth_liquidity,none
feature_depth_liquidity,feature_group,run,logistic,test,10,depth_liquidity,1,10,5.0,0,execution.gross_signal_return_proxy@confidence_threshold=0,-0.4374632647694284,experiments/feature_depth_liquidity,none
feature_depth_liquidity,feature_group,run,logistic,test,10,depth_liquidity,1,10,5.0,0,execution.cost_proxy@confidence_threshold=0,5.0,experiments/feature_depth_liquidity,none
feature_depth_liquidity,feature_group,run,logistic,test,10,depth_liquidity,1,10,5.0,0,execution.net_signal_return_proxy@confidence_threshold=0,-5.437463264769429,experiments/feature_depth_liquidity,none
feature_depth_liquidity,feature_group,run,logistic,test,10,depth_liquidity,1,10,5.0,0,execution.hit_rate_proxy@confidence_threshold=0,0.6286399451867077,experiments/feature_depth_liquidity,none
feature_depth_liquidity,feature_group,run,logistic,test,10,depth_liquidity,1,10,0.0,0,execution.eligible_predictions@confidence_threshold=0.5,11674.0,experiments/feature_depth_liquidity,none
feature_depth_liquidity,feature_group,run,logistic,test,10,depth_liquidity,1,10,0.0,0,execution.trade_count_proxy@confidence_threshold=0.5,11674.0,experiments/feature_depth_liquidity,none
feature_depth_liquidity,feature_group,run,logistic,test,10,depth_liquidity,1,10,0.0,0,execution.turnover_proxy@confidence_threshold=0.5,11674.0,experiments/feature_depth_liquidity,none
feature_depth_liquidity,feature_group,run,logistic,test,10,depth_liquidity,1,10,0.0,0,execution.gross_signal_return_proxy@confidence_threshold=0.5,-0.4385647979534553,experiments/feature_depth_liquidity,none
feature_depth_liquidity,feature_group,run,logistic,test,10,depth_liquidity,1,10,0.0,0,execution.cost_proxy@confidence_threshold=0.5,0.0,experiments/feature_depth_liquidity,none
feature_depth_liquidity,feature_group,run,logistic,test,10,depth_liquidity,1,10,0.0,0,execution.net_signal_return_proxy@confidence_threshold=0.5,-0.4385647979534553,experiments/feature_depth_liquidity,none
feature_depth_liquidity,feature_group,run,logistic,test,10,depth_liquidity,1,10,0.0,0,execution.hit_rate_proxy@confidence_threshold=0.5,0.6287476443378448,experiments/feature_depth_liquidity,none
feature_depth_liquidity,feature_group,run,logistic,test,10,depth_liquidity,1,10,1.0,0,execution.eligible_predictions@confidence_threshold=0.5,11674.0,experiments/feature_depth_liquidity,none
feature_depth_liquidity,feature_group,run,logistic,test,10,depth_liquidity,1,10,1.0,0,execution.trade_count_proxy@confidence_threshold=0.5,11674.0,experiments/feature_depth_liquidity,none
feature_depth_liquidity,feature_group,run,logistic,test,10,depth_liquidity,1,10,1.0,0,execution.turnover_proxy@confidence_threshold=0.5,11674.0,experiments/feature_depth_liquidity,none
feature_depth_liquidity,feature_group,run,logistic,test,10,depth_liquidity,1,10,1.0,0,execution.gross_signal_return_proxy@confidence_threshold=0.5,-0.4385647979534553,experiments/feature_depth_liquidity,none
feature_depth_liquidity,feature_group,run,logistic,test,10,depth_liquidity,1,10,1.0,0,execution.cost_proxy@confidence_threshold=0.5,1.0,experiments/feature_depth_liquidity,none
feature_depth_liquidity,feature_group,run,logistic,test,10,depth_liquidity,1,10,1.0,0,execution.net_signal_return_proxy@confidence_threshold=0.5,-1.4385647979534553,experiments/feature_depth_liquidity,none
feature_depth_liquidity,feature_group,run,logistic,test,10,depth_liquidity,1,10,1.0,0,execution.hit_rate_proxy@confidence_threshold=0.5,0.6287476443378448,experiments/feature_depth_liquidity,none
feature_depth_liquidity,feature_group,run,logistic,test,10,depth_liquidity,1,10,5.0,0,execution.eligible_predictions@confidence_threshold=0.5,11674.0,experiments/feature_depth_liquidity,none
feature_depth_liquidity,feature_group,run,logistic,test,10,depth_liquidity,1,10,5.0,0,execution.trade_count_proxy@confidence_threshold=0.5,11674.0,experiments/feature_depth_liquidity,none
feature_depth_liquidity,feature_group,run,logistic,test,10,depth_liquidity,1,10,5.0,0,execution.turnover_proxy@confidence_threshold=0.5,11674.0,experiments/feature_depth_liquidity,none
feature_depth_liquidity,feature_group,run,logistic,test,10,depth_liquidity,1,10,5.0,0,execution.gross_signal_return_proxy@confidence_threshold=0.5,-0.4385647979534553,experiments/feature_depth_liquidity,none
feature_depth_liquidity,feature_group,run,logistic,test,10,depth_liquidity,1,10,5.0,0,execution.cost_proxy@confidence_threshold=0.5,5.0,experiments/feature_depth_liquidity,none
feature_depth_liquidity,feature_group,run,logistic,test,10,depth_liquidity,1,10,5.0,0,execution.net_signal_return_proxy@confidence_threshold=0.5,-5.438564797953456,experiments/feature_depth_liquidity,none
feature_depth_liquidity,feature_group,run,logistic,test,10,depth_liquidity,1,10,5.0,0,execution.hit_rate_proxy@confidence_threshold=0.5,0.6287476443378448,experiments/feature_depth_liquidity,none
feature_depth_liquidity,feature_group,run,logistic,test,10,depth_liquidity,1,10,0.0,0,execution.eligible_predictions@confidence_threshold=0.6,39.0,experiments/feature_depth_liquidity,none
feature_depth_liquidity,feature_group,run,logistic,test,10,depth_liquidity,1,10,0.0,0,execution.trade_count_proxy@confidence_threshold=0.6,39.0,experiments/feature_depth_liquidity,none
feature_depth_liquidity,feature_group,run,logistic,test,10,depth_liquidity,1,10,0.0,0,execution.turnover_proxy@confidence_threshold=0.6,39.0,experiments/feature_depth_liquidity,none
feature_depth_liquidity,feature_group,run,logistic,test,10,depth_liquidity,1,10,0.0,0,execution.gross_signal_return_proxy@confidence_threshold=0.6,2.78325777155888,experiments/feature_depth_liquidity,none
feature_depth_liquidity,feature_group,run,logistic,test,10,depth_liquidity,1,10,0.0,0,execution.cost_proxy@confidence_threshold=0.6,0.0,experiments/feature_depth_liquidity,none
feature_depth_liquidity,feature_group,run,logistic,test,10,depth_liquidity,1,10,0.0,0,execution.net_signal_return_proxy@confidence_threshold=0.6,2.78325777155888,experiments/feature_depth_liquidity,none
feature_depth_liquidity,feature_group,run,logistic,test,10,depth_liquidity,1,10,0.0,0,execution.hit_rate_proxy@confidence_threshold=0.6,0.717948717948718,experiments/feature_depth_liquidity,none
feature_depth_liquidity,feature_group,run,logistic,test,10,depth_liquidity,1,10,1.0,0,execution.eligible_predictions@confidence_threshold=0.6,39.0,experiments/feature_depth_liquidity,none
feature_depth_liquidity,feature_group,run,logistic,test,10,depth_liquidity,1,10,1.0,0,execution.trade_count_proxy@confidence_threshold=0.6,39.0,experiments/feature_depth_liquidity,none
feature_depth_liquidity,feature_group,run,logistic,test,10,depth_liquidity,1,10,1.0,0,execution.turnover_proxy@confidence_threshold=0.6,39.0,experiments/feature_depth_liquidity,none
feature_depth_liquidity,feature_group,run,logistic,test,10,depth_liquidity,1,10,1.0,0,execution.gross_signal_return_proxy@confidence_threshold=0.6,2.78325777155888,experiments/feature_depth_liquidity,none
feature_depth_liquidity,feature_group,run,logistic,test,10,depth_liquidity,1,10,1.0,0,execution.cost_proxy@confidence_threshold=0.6,1.0,experiments/feature_depth_liquidity,none
feature_depth_liquidity,feature_group,run,logistic,test,10,depth_liquidity,1,10,1.0,0,execution.net_signal_return_proxy@confidence_threshold=0.6,1.7832577715588798,experiments/feature_depth_liquidity,none
feature_depth_liquidity,feature_group,run,logistic,test,10,depth_liquidity,1,10,1.0,0,execution.hit_rate_proxy@confidence_threshold=0.6,0.717948717948718,experiments/feature_depth_liquidity,none
feature_depth_liquidity,feature_group,run,logistic,test,10,depth_liquidity,1,10,5.0,0,execution.eligible_predictions@confidence_threshold=0.6,39.0,experiments/feature_depth_liquidity,none
feature_depth_liquidity,feature_group,run,logistic,test,10,depth_liquidity,1,10,5.0,0,execution.trade_count_proxy@confidence_threshold=0.6,39.0,experiments/feature_depth_liquidity,none
feature_depth_liquidity,feature_group,run,logistic,test,10,depth_liquidity,1,10,5.0,0,execution.turnover_proxy@confidence_threshold=0.6,39.0,experiments/feature_depth_liquidity,none
feature_depth_liquidity,feature_group,run,logistic,test,10,depth_liquidity,1,10,5.0,0,execution.gross_signal_return_proxy@confidence_threshold=0.6,2.78325777155888,experiments/feature_depth_liquidity,none
feature_depth_liquidity,feature_group,run,logistic,test,10,depth_liquidity,1,10,5.0,0,execution.cost_proxy@confidence_threshold=0.6,5.0,experiments/feature_depth_liquidity,none
feature_depth_liquidity,feature_group,run,logistic,test,10,depth_liquidity,1,10,5.0,0,execution.net_signal_return_proxy@confidence_threshold=0.6,-2.21674222844112,experiments/feature_depth_liquidity,none
feature_depth_liquidity,feature_group,run,logistic,test,10,depth_liquidity,1,10,5.0,0,execution.hit_rate_proxy@confidence_threshold=0.6,0.717948717948718,experiments/feature_depth_liquidity,none
feature_depth_liquidity,feature_group,run,logistic,test,10,depth_liquidity,1,10,0.0,0,execution.eligible_predictions@confidence_threshold=0.7,0.0,experiments/feature_depth_liquidity,none
feature_depth_liquidity,feature_group,run,logistic,test,10,depth_liquidity,1,10,0.0,0,execution.trade_count_proxy@confidence_threshold=0.7,0.0,experiments/feature_depth_liquidity,none
feature_depth_liquidity,feature_group,run,logistic,test,10,depth_liquidity,1,10,0.0,0,execution.turnover_proxy@confidence_threshold=0.7,0.0,experiments/feature_depth_liquidity,none
feature_depth_liquidity,feature_group,run,logistic,test,10,depth_liquidity,1,10,0.0,0,execution.gross_signal_return_proxy@confidence_threshold=0.7,0.0,experiments/feature_depth_liquidity,none
feature_depth_liquidity,feature_group,run,logistic,test,10,depth_liquidity,1,10,0.0,0,execution.cost_proxy@confidence_threshold=0.7,0.0,experiments/feature_depth_liquidity,none
feature_depth_liquidity,feature_group,run,logistic,test,10,depth_liquidity,1,10,0.0,0,execution.net_signal_return_proxy@confidence_threshold=0.7,0.0,experiments/feature_depth_liquidity,none
feature_depth_liquidity,feature_group,run,logistic,test,10,depth_liquidity,1,10,0.0,0,execution.hit_rate_proxy@confidence_threshold=0.7,0.0,experiments/feature_depth_liquidity,none
feature_depth_liquidity,feature_group,run,logistic,test,10,depth_liquidity,1,10,1.0,0,execution.eligible_predictions@confidence_threshold=0.7,0.0,experiments/feature_depth_liquidity,none
feature_depth_liquidity,feature_group,run,logistic,test,10,depth_liquidity,1,10,1.0,0,execution.trade_count_proxy@confidence_threshold=0.7,0.0,experiments/feature_depth_liquidity,none
feature_depth_liquidity,feature_group,run,logistic,test,10,depth_liquidity,1,10,1.0,0,execution.turnover_proxy@confidence_threshold=0.7,0.0,experiments/feature_depth_liquidity,none
feature_depth_liquidity,feature_group,run,logistic,test,10,depth_liquidity,1,10,1.0,0,execution.gross_signal_return_proxy@confidence_threshold=0.7,0.0,experiments/feature_depth_liquidity,none
feature_depth_liquidity,feature_group,run,logistic,test,10,depth_liquidity,1,10,1.0,0,execution.cost_proxy@confidence_threshold=0.7,0.0,experiments/feature_depth_liquidity,none
feature_depth_liquidity,feature_group,run,logistic,test,10,depth_liquidity,1,10,1.0,0,execution.net_signal_return_proxy@confidence_threshold=0.7,0.0,experiments/feature_depth_liquidity,none
feature_depth_liquidity,feature_group,run,logistic,test,10,depth_liquidity,1,10,1.0,0,execution.hit_rate_proxy@confidence_threshold=0.7,0.0,experiments/feature_depth_liquidity,none
feature_depth_liquidity,feature_group,run,logistic,test,10,depth_liquidity,1,10,5.0,0,execution.eligible_predictions@confidence_threshold=0.7,0.0,experiments/feature_depth_liquidity,none
feature_depth_liquidity,feature_group,run,logistic,test,10,depth_liquidity,1,10,5.0,0,execution.trade_count_proxy@confidence_threshold=0.7,0.0,experiments/feature_depth_liquidity,none
feature_depth_liquidity,feature_group,run,logistic,test,10,depth_liquidity,1,10,5.0,0,execution.turnover_proxy@confidence_threshold=0.7,0.0,experiments/feature_depth_liquidity,none
feature_depth_liquidity,feature_group,run,logistic,test,10,depth_liquidity,1,10,5.0,0,execution.gross_signal_return_proxy@confidence_threshold=0.7,0.0,experiments/feature_depth_liquidity,none
feature_depth_liquidity,feature_group,run,logistic,test,10,depth_liquidity,1,10,5.0,0,execution.cost_proxy@confidence_threshold=0.7,0.0,experiments/feature_depth_liquidity,none
feature_depth_liquidity,feature_group,run,logistic,test,10,depth_liquidity,1,10,5.0,0,execution.net_signal_return_proxy@confidence_threshold=0.7,0.0,experiments/feature_depth_liquidity,none
feature_depth_liquidity,feature_group,run,logistic,test,10,depth_liquidity,1,10,5.0,0,execution.hit_rate_proxy@confidence_threshold=0.7,0.0,experiments/feature_depth_liquidity,none
feature_depth_liquidity,feature_group,run,deeplob_style,test,10,depth_liquidity,1,10,0.0,0,execution.eligible_predictions@confidence_threshold=0,11676.0,experiments/feature_depth_liquidity,none
feature_depth_liquidity,feature_group,run,deeplob_style,test,10,depth_liquidity,1,10,0.0,0,execution.trade_count_proxy@confidence_threshold=0,11676.0,experiments/feature_depth_liquidity,none
feature_depth_liquidity,feature_group,run,deeplob_style,test,10,depth_liquidity,1,10,0.0,0,execution.turnover_proxy@confidence_threshold=0,11676.0,experiments/feature_depth_liquidity,none
feature_depth_liquidity,feature_group,run,deeplob_style,test,10,depth_liquidity,1,10,0.0,0,execution.gross_signal_return_proxy@confidence_threshold=0,-0.4374632647694284,experiments/feature_depth_liquidity,none
feature_depth_liquidity,feature_group,run,deeplob_style,test,10,depth_liquidity,1,10,0.0,0,execution.cost_proxy@confidence_threshold=0,0.0,experiments/feature_depth_liquidity,none
feature_depth_liquidity,feature_group,run,deeplob_style,test,10,depth_liquidity,1,10,0.0,0,execution.net_signal_return_proxy@confidence_threshold=0,-0.4374632647694284,experiments/feature_depth_liquidity,none
feature_depth_liquidity,feature_group,run,deeplob_style,test,10,depth_liquidity,1,10,0.0,0,execution.hit_rate_proxy@confidence_threshold=0,0.6286399451867077,experiments/feature_depth_liquidity,none
feature_depth_liquidity,feature_group,run,deeplob_style,test,10,depth_liquidity,1,10,1.0,0,execution.eligible_predictions@confidence_threshold=0,11676.0,experiments/feature_depth_liquidity,none
feature_depth_liquidity,feature_group,run,deeplob_style,test,10,depth_liquidity,1,10,1.0,0,execution.trade_count_proxy@confidence_threshold=0,11676.0,experiments/feature_depth_liquidity,none
feature_depth_liquidity,feature_group,run,deeplob_style,test,10,depth_liquidity,1,10,1.0,0,execution.turnover_proxy@confidence_threshold=0,11676.0,experiments/feature_depth_liquidity,none
feature_depth_liquidity,feature_group,run,deeplob_style,test,10,depth_liquidity,1,10,1.0,0,execution.gross_signal_return_proxy@confidence_threshold=0,-0.4374632647694284,experiments/feature_depth_liquidity,none
feature_depth_liquidity,feature_group,run,deeplob_style,test,10,depth_liquidity,1,10,1.0,0,execution.cost_proxy@confidence_threshold=0,1.0,experiments/feature_depth_liquidity,none
feature_depth_liquidity,feature_group,run,deeplob_style,test,10,depth_liquidity,1,10,1.0,0,execution.net_signal_return_proxy@confidence_threshold=0,-1.4374632647694283,experiments/feature_depth_liquidity,none
feature_depth_liquidity,feature_group,run,deeplob_style,test,10,depth_liquidity,1,10,1.0,0,execution.hit_rate_proxy@confidence_threshold=0,0.6286399451867077,experiments/feature_depth_liquidity,none
feature_depth_liquidity,feature_group,run,deeplob_style,test,10,depth_liquidity,1,10,5.0,0,execution.eligible_predictions@confidence_threshold=0,11676.0,experiments/feature_depth_liquidity,none
feature_depth_liquidity,feature_group,run,deeplob_style,test,10,depth_liquidity,1,10,5.0,0,execution.trade_count_proxy@confidence_threshold=0,11676.0,experiments/feature_depth_liquidity,none
feature_depth_liquidity,feature_group,run,deeplob_style,test,10,depth_liquidity,1,10,5.0,0,execution.turnover_proxy@confidence_threshold=0,11676.0,experiments/feature_depth_liquidity,none
feature_depth_liquidity,feature_group,run,deeplob_style,test,10,depth_liquidity,1,10,5.0,0,execution.gross_signal_return_proxy@confidence_threshold=0,-0.4374632647694284,experiments/feature_depth_liquidity,none
feature_depth_liquidity,feature_group,run,deeplob_style,test,10,depth_liquidity,1,10,5.0,0,execution.cost_proxy@confidence_threshold=0,5.0,experiments/feature_depth_liquidity,none
feature_depth_liquidity,feature_group,run,deeplob_style,test,10,depth_liquidity,1,10,5.0,0,execution.net_signal_return_proxy@confidence_threshold=0,-5.437463264769429,experiments/feature_depth_liquidity,none
feature_depth_liquidity,feature_group,run,deeplob_style,test,10,depth_liquidity,1,10,5.0,0,execution.hit_rate_proxy@confidence_threshold=0,0.6286399451867077,experiments/feature_depth_liquidity,none
feature_depth_liquidity,feature_group,run,deeplob_style,test,10,depth_liquidity,1,10,0.0,0,execution.eligible_predictions@confidence_threshold=0.5,0.0,experiments/feature_depth_liquidity,none
feature_depth_liquidity,feature_group,run,deeplob_style,test,10,depth_liquidity,1,10,0.0,0,execution.trade_count_proxy@confidence_threshold=0.5,0.0,experiments/feature_depth_liquidity,none
feature_depth_liquidity,feature_group,run,deeplob_style,test,10,depth_liquidity,1,10,0.0,0,execution.turnover_proxy@confidence_threshold=0.5,0.0,experiments/feature_depth_liquidity,none
feature_depth_liquidity,feature_group,run,deeplob_style,test,10,depth_liquidity,1,10,0.0,0,execution.gross_signal_return_proxy@confidence_threshold=0.5,0.0,experiments/feature_depth_liquidity,none
feature_depth_liquidity,feature_group,run,deeplob_style,test,10,depth_liquidity,1,10,0.0,0,execution.cost_proxy@confidence_threshold=0.5,0.0,experiments/feature_depth_liquidity,none
feature_depth_liquidity,feature_group,run,deeplob_style,test,10,depth_liquidity,1,10,0.0,0,execution.net_signal_return_proxy@confidence_threshold=0.5,0.0,experiments/feature_depth_liquidity,none
feature_depth_liquidity,feature_group,run,deeplob_style,test,10,depth_liquidity,1,10,0.0,0,execution.hit_rate_proxy@confidence_threshold=0.5,0.0,experiments/feature_depth_liquidity,none
feature_depth_liquidity,feature_group,run,deeplob_style,test,10,depth_liquidity,1,10,1.0,0,execution.eligible_predictions@confidence_threshold=0.5,0.0,experiments/feature_depth_liquidity,none
feature_depth_liquidity,feature_group,run,deeplob_style,test,10,depth_liquidity,1,10,1.0,0,execution.trade_count_proxy@confidence_threshold=0.5,0.0,experiments/feature_depth_liquidity,none
feature_depth_liquidity,feature_group,run,deeplob_style,test,10,depth_liquidity,1,10,1.0,0,execution.turnover_proxy@confidence_threshold=0.5,0.0,experiments/feature_depth_liquidity,none
feature_depth_liquidity,feature_group,run,deeplob_style,test,10,depth_liquidity,1,10,1.0,0,execution.gross_signal_return_proxy@confidence_threshold=0.5,0.0,experiments/feature_depth_liquidity,none
feature_depth_liquidity,feature_group,run,deeplob_style,test,10,depth_liquidity,1,10,1.0,0,execution.cost_proxy@confidence_threshold=0.5,0.0,experiments/feature_depth_liquidity,none
feature_depth_liquidity,feature_group,run,deeplob_style,test,10,depth_liquidity,1,10,1.0,0,execution.net_signal_return_proxy@confidence_threshold=0.5,0.0,experiments/feature_depth_liquidity,none
feature_depth_liquidity,feature_group,run,deeplob_style,test,10,depth_liquidity,1,10,1.0,0,execution.hit_rate_proxy@confidence_threshold=0.5,0.0,experiments/feature_depth_liquidity,none
feature_depth_liquidity,feature_group,run,deeplob_style,test,10,depth_liquidity,1,10,5.0,0,execution.eligible_predictions@confidence_threshold=0.5,0.0,experiments/feature_depth_liquidity,none
feature_depth_liquidity,feature_group,run,deeplob_style,test,10,depth_liquidity,1,10,5.0,0,execution.trade_count_proxy@confidence_threshold=0.5,0.0,experiments/feature_depth_liquidity,none
feature_depth_liquidity,feature_group,run,deeplob_style,test,10,depth_liquidity,1,10,5.0,0,execution.turnover_proxy@confidence_threshold=0.5,0.0,experiments/feature_depth_liquidity,none
feature_depth_liquidity,feature_group,run,deeplob_style,test,10,depth_liquidity,1,10,5.0,0,execution.gross_signal_return_proxy@confidence_threshold=0.5,0.0,experiments/feature_depth_liquidity,none
feature_depth_liquidity,feature_group,run,deeplob_style,test,10,depth_liquidity,1,10,5.0,0,execution.cost_proxy@confidence_threshold=0.5,0.0,experiments/feature_depth_liquidity,none
feature_depth_liquidity,feature_group,run,deeplob_style,test,10,depth_liquidity,1,10,5.0,0,execution.net_signal_return_proxy@confidence_threshold=0.5,0.0,experiments/feature_depth_liquidity,none
feature_depth_liquidity,feature_group,run,deeplob_style,test,10,depth_liquidity,1,10,5.0,0,execution.hit_rate_proxy@confidence_threshold=0.5,0.0,experiments/feature_depth_liquidity,none
feature_depth_liquidity,feature_group,run,deeplob_style,test,10,depth_liquidity,1,10,0.0,0,execution.eligible_predictions@confidence_threshold=0.6,0.0,experiments/feature_depth_liquidity,none
feature_depth_liquidity,feature_group,run,deeplob_style,test,10,depth_liquidity,1,10,0.0,0,execution.trade_count_proxy@confidence_threshold=0.6,0.0,experiments/feature_depth_liquidity,none
feature_depth_liquidity,feature_group,run,deeplob_style,test,10,depth_liquidity,1,10,0.0,0,execution.turnover_proxy@confidence_threshold=0.6,0.0,experiments/feature_depth_liquidity,none
feature_depth_liquidity,feature_group,run,deeplob_style,test,10,depth_liquidity,1,10,0.0,0,execution.gross_signal_return_proxy@confidence_threshold=0.6,0.0,experiments/feature_depth_liquidity,none
feature_depth_liquidity,feature_group,run,deeplob_style,test,10,depth_liquidity,1,10,0.0,0,execution.cost_proxy@confidence_threshold=0.6,0.0,experiments/feature_depth_liquidity,none
feature_depth_liquidity,feature_group,run,deeplob_style,test,10,depth_liquidity,1,10,0.0,0,execution.net_signal_return_proxy@confidence_threshold=0.6,0.0,experiments/feature_depth_liquidity,none
feature_depth_liquidity,feature_group,run,deeplob_style,test,10,depth_liquidity,1,10,0.0,0,execution.hit_rate_proxy@confidence_threshold=0.6,0.0,experiments/feature_depth_liquidity,none
feature_depth_liquidity,feature_group,run,deeplob_style,test,10,depth_liquidity,1,10,1.0,0,execution.eligible_predictions@confidence_threshold=0.6,0.0,experiments/feature_depth_liquidity,none
feature_depth_liquidity,feature_group,run,deeplob_style,test,10,depth_liquidity,1,10,1.0,0,execution.trade_count_proxy@confidence_threshold=0.6,0.0,experiments/feature_depth_liquidity,none
feature_depth_liquidity,feature_group,run,deeplob_style,test,10,depth_liquidity,1,10,1.0,0,execution.turnover_proxy@confidence_threshold=0.6,0.0,experiments/feature_depth_liquidity,none
feature_depth_liquidity,feature_group,run,deeplob_style,test,10,depth_liquidity,1,10,1.0,0,execution.gross_signal_return_proxy@confidence_threshold=0.6,0.0,experiments/feature_depth_liquidity,none
feature_depth_liquidity,feature_group,run,deeplob_style,test,10,depth_liquidity,1,10,1.0,0,execution.cost_proxy@confidence_threshold=0.6,0.0,experiments/feature_depth_liquidity,none
feature_depth_liquidity,feature_group,run,deeplob_style,test,10,depth_liquidity,1,10,1.0,0,execution.net_signal_return_proxy@confidence_threshold=0.6,0.0,experiments/feature_depth_liquidity,none
feature_depth_liquidity,feature_group,run,deeplob_style,test,10,depth_liquidity,1,10,1.0,0,execution.hit_rate_proxy@confidence_threshold=0.6,0.0,experiments/feature_depth_liquidity,none
feature_depth_liquidity,feature_group,run,deeplob_style,test,10,depth_liquidity,1,10,5.0,0,execution.eligible_predictions@confidence_threshold=0.6,0.0,experiments/feature_depth_liquidity,none
feature_depth_liquidity,feature_group,run,deeplob_style,test,10,depth_liquidity,1,10,5.0,0,execution.trade_count_proxy@confidence_threshold=0.6,0.0,experiments/feature_depth_liquidity,none
feature_depth_liquidity,feature_group,run,deeplob_style,test,10,depth_liquidity,1,10,5.0,0,execution.turnover_proxy@confidence_threshold=0.6,0.0,experiments/feature_depth_liquidity,none
feature_depth_liquidity,feature_group,run,deeplob_style,test,10,depth_liquidity,1,10,5.0,0,execution.gross_signal_return_proxy@confidence_threshold=0.6,0.0,experiments/feature_depth_liquidity,none
feature_depth_liquidity,feature_group,run,deeplob_style,test,10,depth_liquidity,1,10,5.0,0,execution.cost_proxy@confidence_threshold=0.6,0.0,experiments/feature_depth_liquidity,none
feature_depth_liquidity,feature_group,run,deeplob_style,test,10,depth_liquidity,1,10,5.0,0,execution.net_signal_return_proxy@confidence_threshold=0.6,0.0,experiments/feature_depth_liquidity,none
feature_depth_liquidity,feature_group,run,deeplob_style,test,10,depth_liquidity,1,10,5.0,0,execution.hit_rate_proxy@confidence_threshold=0.6,0.0,experiments/feature_depth_liquidity,none
feature_depth_liquidity,feature_group,run,deeplob_style,test,10,depth_liquidity,1,10,0.0,0,execution.eligible_predictions@confidence_threshold=0.7,0.0,experiments/feature_depth_liquidity,none
feature_depth_liquidity,feature_group,run,deeplob_style,test,10,depth_liquidity,1,10,0.0,0,execution.trade_count_proxy@confidence_threshold=0.7,0.0,experiments/feature_depth_liquidity,none
feature_depth_liquidity,feature_group,run,deeplob_style,test,10,depth_liquidity,1,10,0.0,0,execution.turnover_proxy@confidence_threshold=0.7,0.0,experiments/feature_depth_liquidity,none
feature_depth_liquidity,feature_group,run,deeplob_style,test,10,depth_liquidity,1,10,0.0,0,execution.gross_signal_return_proxy@confidence_threshold=0.7,0.0,experiments/feature_depth_liquidity,none
feature_depth_liquidity,feature_group,run,deeplob_style,test,10,depth_liquidity,1,10,0.0,0,execution.cost_proxy@confidence_threshold=0.7,0.0,experiments/feature_depth_liquidity,none
feature_depth_liquidity,feature_group,run,deeplob_style,test,10,depth_liquidity,1,10,0.0,0,execution.net_signal_return_proxy@confidence_threshold=0.7,0.0,experiments/feature_depth_liquidity,none
feature_depth_liquidity,feature_group,run,deeplob_style,test,10,depth_liquidity,1,10,0.0,0,execution.hit_rate_proxy@confidence_threshold=0.7,0.0,experiments/feature_depth_liquidity,none
feature_depth_liquidity,feature_group,run,deeplob_style,test,10,depth_liquidity,1,10,1.0,0,execution.eligible_predictions@confidence_threshold=0.7,0.0,experiments/feature_depth_liquidity,none
feature_depth_liquidity,feature_group,run,deeplob_style,test,10,depth_liquidity,1,10,1.0,0,execution.trade_count_proxy@confidence_threshold=0.7,0.0,experiments/feature_depth_liquidity,none
feature_depth_liquidity,feature_group,run,deeplob_style,test,10,depth_liquidity,1,10,1.0,0,execution.turnover_proxy@confidence_threshold=0.7,0.0,experiments/feature_depth_liquidity,none
feature_depth_liquidity,feature_group,run,deeplob_style,test,10,depth_liquidity,1,10,1.0,0,execution.gross_signal_return_proxy@confidence_threshold=0.7,0.0,experiments/feature_depth_liquidity,none
feature_depth_liquidity,feature_group,run,deeplob_style,test,10,depth_liquidity,1,10,1.0,0,execution.cost_proxy@confidence_threshold=0.7,0.0,experiments/feature_depth_liquidity,none
feature_depth_liquidity,feature_group,run,deeplob_style,test,10,depth_liquidity,1,10,1.0,0,execution.net_signal_return_proxy@confidence_threshold=0.7,0.0,experiments/feature_depth_liquidity,none
feature_depth_liquidity,feature_group,run,deeplob_style,test,10,depth_liquidity,1,10,1.0,0,execution.hit_rate_proxy@confidence_threshold=0.7,0.0,experiments/feature_depth_liquidity,none
feature_depth_liquidity,feature_group,run,deeplob_style,test,10,depth_liquidity,1,10,5.0,0,execution.eligible_predictions@confidence_threshold=0.7,0.0,experiments/feature_depth_liquidity,none
feature_depth_liquidity,feature_group,run,deeplob_style,test,10,depth_liquidity,1,10,5.0,0,execution.trade_count_proxy@confidence_threshold=0.7,0.0,experiments/feature_depth_liquidity,none
feature_depth_liquidity,feature_group,run,deeplob_style,test,10,depth_liquidity,1,10,5.0,0,execution.turnover_proxy@confidence_threshold=0.7,0.0,experiments/feature_depth_liquidity,none
feature_depth_liquidity,feature_group,run,deeplob_style,test,10,depth_liquidity,1,10,5.0,0,execution.gross_signal_return_proxy@confidence_threshold=0.7,0.0,experiments/feature_depth_liquidity,none
feature_depth_liquidity,feature_group,run,deeplob_style,test,10,depth_liquidity,1,10,5.0,0,execution.cost_proxy@confidence_threshold=0.7,0.0,experiments/feature_depth_liquidity,none
feature_depth_liquidity,feature_group,run,deeplob_style,test,10,depth_liquidity,1,10,5.0,0,execution.net_signal_return_proxy@confidence_threshold=0.7,0.0,experiments/feature_depth_liquidity,none
feature_depth_liquidity,feature_group,run,deeplob_style,test,10,depth_liquidity,1,10,5.0,0,execution.hit_rate_proxy@confidence_threshold=0.7,0.0,experiments/feature_depth_liquidity,none
