fold,horizon,seed,model,ablation_mode,feature_group,baseline_accuracy,accuracy,delta_accuracy,baseline_macro_f1,macro_f1,delta_macro_f1,baseline_mcc,mcc,delta_mcc,baseline_ece,ece,delta_ece,interpretation
fold_1,10,0,logistic,all_features,all,0.6322368935073053,0.6322368935073053,0.0,0.4047283174464407,0.4047283174464407,0.0,0.2464918021031744,0.2464918021031744,0.0,0.02815397537260498,0.02815397537260498,0.0,neutral
fold_1,10,0,logistic,remove_one_group,price_levels,0.6322368935073053,0.6329140297419069,0.0006771362346016385,0.4047283174464407,0.40340646518357187,-0.00132185226286885,0.2464918021031744,0.24932289860060536,0.0028310964974309627,0.02815397537260498,0.03083583597079406,0.0026818605981890793,neutral
fold_1,10,0,logistic,remove_one_group,size_levels,0.6322368935073053,0.6303877907128161,-0.0018491027944891325,0.4047283174464407,0.40253328290189466,-0.0021950345445460595,0.2464918021031744,0.2401274224431615,-0.006364379660012909,0.02815397537260498,0.02678471050901042,-0.001369264863594559,hurt
fold_1,10,0,logistic,remove_one_group,top_of_book,0.6322368935073053,0.6317681068833503,-0.0004687866239549976,0.4047283174464407,0.4040915679448491,-0.0006367495015916491,0.2464918021031744,0.2448729789406885,-0.001618823162485905,0.02815397537260498,0.02741648504106036,-0.0007374903315446185,neutral
fold_1,10,0,logistic,remove_one_group,spread,0.6322368935073053,0.6285907753209886,-0.0036461181863166603,0.4047283174464407,0.3850413755620135,-0.01968694188442721,0.2464918021031744,0.23770432628223054,-0.008787475820943857,0.02815397537260498,0.03199038827574147,0.0038364129031364935,hurt
fold_1,10,0,logistic,remove_one_group,midprice,0.6322368935073053,0.6321066750006511,-0.00013021850665417833,0.4047283174464407,0.4046197433799095,-0.00010857406653119739,0.2464918021031744,0.24605522907779215,-0.0004365730253822475,0.02815397537260498,0.028180276882321553,2.6301509716573912e-05,neutral
fold_1,10,0,logistic,remove_one_group,microprice,0.6322368935073053,0.6318462379873427,-0.000390655519962535,0.4047283174464407,0.4046619519374593,-6.636550898142524e-05,0.2464918021031744,0.24509499143004404,-0.0013968106731303553,0.02815397537260498,0.02743275524864773,-0.0007212201239572488,neutral
fold_1,10,0,logistic,remove_one_group,top_of_book_imbalance,0.6322368935073053,0.6320285438966586,-0.00020834961064664093,0.4047283174464407,0.4048148848782098,8.656743176910231e-05,0.2464918021031744,0.24573123433118077,-0.0007605677719936255,0.02815397537260498,0.02823405322412636,8.007785152137903e-05,neutral
fold_1,10,0,logistic,remove_one_group,depth_imbalance,0.6322368935073053,0.6323410683126286,0.00010417480532332046,0.4047283174464407,0.40533771637291416,0.0006093989264734367,0.2464918021031744,0.24678646388390918,0.000294661780734784,0.02815397537260498,0.028619139681930826,0.00046516430932584674,neutral
fold_1,10,0,logistic,remove_one_group,depth_slope,0.6322368935073053,0.6317681068833503,-0.0004687866239549976,0.4047283174464407,0.40413523071585705,-0.0005930867305836696,0.2464918021031744,0.24485908645878182,-0.0016327156443925739,0.02815397537260498,0.02783105484398245,-0.00032292052862252854,neutral
fold_1,10,0,logistic,remove_one_group,liquidity_concentration,0.6322368935073053,0.6320285438966586,-0.00020834961064664093,0.4047283174464407,0.4050235178236808,0.000295200377240068,0.2464918021031744,0.24571703619787447,-0.000774765905299929,0.02815397537260498,0.028060028408231043,-9.394696437393588e-05,neutral
fold_1,10,0,logistic,remove_one_group,snapshot_order_flow_proxy,0.6322368935073053,0.5917389379378597,-0.040497955569445576,0.4047283174464407,0.2727024696258821,-0.1320258478205586,0.2464918021031744,0.05855157475684144,-0.18794022734633295,0.02815397537260498,0.019064080898083115,-0.009089894474521864,hurt
fold_1,10,0,logistic,remove_one_group,volatility_proxy,0.6322368935073053,0.6319243690913353,-0.0003125244159699614,0.4047283174464407,0.4048944164348576,0.00016609898841685178,0.2464918021031744,0.245343329202694,-0.0011484729004803962,0.02815397537260498,0.02799665455998574,-0.00015732081261923825,neutral
fold_1,10,0,logistic,only_one_group,price_levels,0.6322368935073053,0.5911659765085814,-0.041070916998723894,0.4047283174464407,0.24779140157690624,-0.15693691586953448,0.2464918021031744,0.005187412117908834,-0.24130438998526557,0.02815397537260498,0.027651949688414692,-0.0005020256841902875,hurt
fold_1,10,0,logistic,only_one_group,size_levels,0.6322368935073053,0.590775320988619,-0.04146157251868632,0.4047283174464407,0.24916098030385236,-0.15556733714258836,0.2464918021031744,0.004658600733453566,-0.24183320136972083,0.02815397537260498,0.019106266235258924,-0.009047709137346056,hurt
fold_1,10,0,logistic,only_one_group,top_of_book,0.6322368935073053,0.5911659765085814,-0.041070916998723894,0.4047283174464407,0.24768670071144863,-0.1570416167349921,0.2464918021031744,0.0,-0.2464918021031744,0.02815397537260498,0.01981889341081693,-0.00833508196178805,hurt
fold_1,10,0,logistic,only_one_group,spread,0.6322368935073053,0.5951506628121989,-0.037086230695106415,0.4047283174464407,0.2679444718520541,-0.1367838455943866,0.2464918021031744,0.07481206057331223,-0.17167974152986215,0.02815397537260498,0.03778186870719525,0.00962789333459027,hurt
fold_1,10,0,logistic,only_one_group,midprice,0.6322368935073053,0.5911659765085814,-0.041070916998723894,0.4047283174464407,0.24768670071144863,-0.1570416167349921,0.2464918021031744,0.0,-0.2464918021031744,0.02815397537260498,0.022501006455983043,-0.005652968916621936,hurt
fold_1,10,0,logistic,only_one_group,microprice,0.6322368935073053,0.5911659765085814,-0.041070916998723894,0.4047283174464407,0.24768670071144863,-0.1570416167349921,0.2464918021031744,0.0,-0.2464918021031744,0.02815397537260498,0.02340295096260706,-0.0047510244099979206,hurt
fold_1,10,0,logistic,only_one_group,top_of_book_imbalance,0.6322368935073053,0.5911399328072505,-0.04109696070005475,0.4047283174464407,0.24768795115643363,-0.1570403662900071,0.2464918021031744,0.000477587445295478,-0.24601421465787893,0.02815397537260498,0.04507966885833683,0.01692569348573185,hurt
fold_1,10,0,logistic,only_one_group,depth_imbalance,0.6322368935073053,0.5908794957939423,-0.041357397713363,0.4047283174464407,0.2476193594508019,-0.15710895799563881,0.2464918021031744,-0.00796701458071459,-0.254458816683889,0.02815397537260498,0.04505643166406018,0.016902456291455203,hurt
fold_1,10,0,logistic,only_one_group,depth_slope,0.6322368935073053,0.5911659765085814,-0.041070916998723894,0.4047283174464407,0.24768670071144863,-0.1570416167349921,0.2464918021031744,0.0,-0.2464918021031744,0.02815397537260498,0.05296687981588609,0.02481290444328111,hurt
fold_1,10,0,logistic,only_one_group,liquidity_concentration,0.6322368935073053,0.5911138891059198,-0.0411230044013855,0.4047283174464407,0.24767298479938019,-0.15705533264706054,0.2464918021031744,-0.004128740186535424,-0.2506205422897098,0.02815397537260498,0.0448799762179121,0.01672600084530712,hurt
fold_1,10,0,logistic,only_one_group,snapshot_order_flow_proxy,0.6322368935073053,0.6240852149907545,-0.008151678516550742,0.4047283174464407,0.3628932768791029,-0.04183504056733783,0.2464918021031744,0.22664563563069895,-0.019846166472475446,0.02815397537260498,0.028288669285299835,0.00013469391269485542,hurt
fold_1,10,0,logistic,only_one_group,volatility_proxy,0.6322368935073053,0.5911659765085814,-0.041070916998723894,0.4047283174464407,0.24768670071144863,-0.1570416167349921,0.2464918021031744,0.0,-0.2464918021031744,0.02815397537260498,0.04536324182516692,0.01720926645256194,hurt
fold_1,10,0,logistic,raw_lob_only,raw_lob,0.6322368935073053,0.5911920202099122,-0.041044873297393036,0.4047283174464407,0.25310449401688034,-0.15162382342956038,0.2464918021031744,0.024989005775272004,-0.2215027963279024,0.02815397537260498,0.016543328766679237,-0.011610646605925742,hurt
fold_1,10,0,logistic,derived_microstructure_only,derived_microstructure,0.6322368935073053,0.6286428627236503,-0.0035940307836549445,0.4047283174464407,0.39048227167162347,-0.014246045774817251,0.2464918021031744,0.2352510734093014,-0.011240728693872992,0.02815397537260498,0.02527571434710677,-0.0028782610254982077,hurt
fold_1,10,0,logistic,no_proxy_features,no_proxy,0.6322368935073053,0.5917389379378597,-0.040497955569445576,0.4047283174464407,0.2727024696258821,-0.1320258478205586,0.2464918021031744,0.05855157475684144,-0.18794022734633295,0.02815397537260498,0.019064080898083115,-0.009089894474521864,hurt
fold_1,10,0,ridge,all_features,all,0.6078079016589838,0.6078079016589838,0.0,0.32641968858013254,0.32641968858013254,0.0,0.15316890294962313,0.15316890294962313,0.0,,,,neutral
fold_1,10,0,ridge,remove_one_group,price_levels,0.6078079016589838,0.608406906789593,0.0005990051306091759,0.32641968858013254,0.3172414133843214,-0.009178275195811159,0.15316890294962313,0.15656425673664237,0.003395353787019245,,,,hurt
fold_1,10,0,ridge,remove_one_group,size_levels,0.6078079016589838,0.6072609839310362,-0.0005469177279475712,0.32641968858013254,0.3231866941377859,-0.0032329944423466483,0.15316890294962313,0.15051785967086848,-0.00265104327875465,,,,hurt
fold_1,10,0,ridge,remove_one_group,top_of_book,0.6078079016589838,0.6077037268536605,-0.00010417480532332046,0.32641968858013254,0.3259555088223373,-0.00046417975779522447,0.15316890294962313,0.15266776761126744,-0.0005011353383556905,,,,neutral
fold_1,10,0,ridge,remove_one_group,spread,0.6078079016589838,0.6052035315259005,-0.0026043701330833446,0.32641968858013254,0.3080546246830279,-0.018365063897104628,0.15316890294962313,0.14082334362557838,-0.012345559324044741,,,,hurt
fold_1,10,0,ridge,remove_one_group,midprice,0.6078079016589838,0.6077558142563221,-5.208740266171574e-05,0.32641968858013254,0.3261925526399379,-0.0002271359401946338,0.15316890294962313,0.15291925018117522,-0.0002496527684479055,,,,neutral
fold_1,10,0,ridge,remove_one_group,microprice,0.6078079016589838,0.6077558142563221,-5.208740266171574e-05,0.32641968858013254,0.3263292013240647,-9.048725606786157e-05,0.15316890294962313,0.1529305760399574,-0.0002383269096657148,,,,neutral
fold_1,10,0,ridge,remove_one_group,top_of_book_imbalance,0.6078079016589838,0.6078079016589838,0.0,0.32641968858013254,0.32641968858013254,0.0,0.15316890294962313,0.15316890294962313,0.0,,,,neutral
fold_1,10,0,ridge,remove_one_group,depth_imbalance,0.6078079016589838,0.6078339453603147,2.604370133085787e-05,0.32641968858013254,0.3264985861607699,7.88975806373382e-05,0.15316890294962313,0.15329003705298982,0.00012113410336669905,,,,neutral
fold_1,10,0,ridge,remove_one_group,depth_slope,0.6078079016589838,0.6078079016589838,0.0,0.32641968858013254,0.32641968858013254,0.0,0.15316890294962313,0.15316890294962313,0.0,,,,neutral
fold_1,10,0,ridge,remove_one_group,liquidity_concentration,0.6078079016589838,0.6078339453603147,2.604370133085787e-05,0.32641968858013254,0.3264985861607699,7.88975806373382e-05,0.15316890294962313,0.15329003705298982,0.00012113410336669905,,,,neutral
fold_1,10,0,ridge,remove_one_group,snapshot_order_flow_proxy,0.6078079016589838,0.5936661718363414,-0.01414172982264239,0.32641968858013254,0.2721905495965437,-0.05422913898358883,0.15316890294962313,0.06774109215821547,-0.08542781079140765,,,,hurt
fold_1,10,0,ridge,remove_one_group,volatility_proxy,0.6078079016589838,0.6077558142563221,-5.208740266171574e-05,0.32641968858013254,0.32632558475134643,-9.410382878610735e-05,0.15316890294962313,0.15293137368528195,-0.00023752926434117416,,,,neutral
fold_1,10,0,ridge,only_one_group,price_levels,0.6078079016589838,0.5922077245618147,-0.015600177097169099,0.32641968858013254,0.2527988256181809,-0.07362086296195164,0.15316890294962313,0.03794296100429022,-0.11522594194533291,,,,hurt
fold_1,10,0,ridge,only_one_group,size_levels,0.6078079016589838,0.5911659765085814,-0.016641925150402415,0.32641968858013254,0.24778675092898472,-0.07863293765114782,0.15316890294962313,0.0045566492263401865,-0.14861225372328293,,,,hurt
fold_1,10,0,ridge,only_one_group,top_of_book,0.6078079016589838,0.5911659765085814,-0.016641925150402415,0.32641968858013254,0.24768670071144863,-0.0787329878686839,0.15316890294962313,0.0,-0.15316890294962313,,,,hurt
fold_1,10,0,ridge,only_one_group,spread,0.6078079016589838,0.5946818761882439,-0.013126025470739933,0.32641968858013254,0.2662586394175608,-0.060161049162571756,0.15316890294962313,0.07053390301250359,-0.08263499993711954,,,,hurt
fold_1,10,0,ridge,only_one_group,midprice,0.6078079016589838,0.5911659765085814,-0.016641925150402415,0.32641968858013254,0.24768670071144863,-0.0787329878686839,0.15316890294962313,0.0,-0.15316890294962313,,,,hurt
fold_1,10,0,ridge,only_one_group,microprice,0.6078079016589838,0.5911659765085814,-0.016641925150402415,0.32641968858013254,0.24768670071144863,-0.0787329878686839,0.15316890294962313,0.0,-0.15316890294962313,,,,hurt
fold_1,10,0,ridge,only_one_group,top_of_book_imbalance,0.6078079016589838,0.5911659765085814,-0.016641925150402415,0.32641968858013254,0.24768670071144863,-0.0787329878686839,0.15316890294962313,0.0,-0.15316890294962313,,,,hurt
fold_1,10,0,ridge,only_one_group,depth_imbalance,0.6078079016589838,0.5911659765085814,-0.016641925150402415,0.32641968858013254,0.24768670071144863,-0.0787329878686839,0.15316890294962313,0.0,-0.15316890294962313,,,,hurt
fold_1,10,0,ridge,only_one_group,depth_slope,0.6078079016589838,0.5911659765085814,-0.016641925150402415,0.32641968858013254,0.24768670071144863,-0.0787329878686839,0.15316890294962313,0.0,-0.15316890294962313,,,,hurt
fold_1,10,0,ridge,only_one_group,liquidity_concentration,0.6078079016589838,0.5911399328072505,-0.016667968851733272,0.32641968858013254,0.24767984286766512,-0.07873984571246742,0.15316890294962313,-0.00291942216564441,-0.15608832511526755,,,,hurt
fold_1,10,0,ridge,only_one_group,snapshot_order_flow_proxy,0.6078079016589838,0.5984321691798838,-0.009375732479099952,0.32641968858013254,0.27333856684383434,-0.0530811217362982,0.15316890294962313,0.10664297025402084,-0.04652593269560229,,,,hurt
fold_1,10,0,ridge,only_one_group,volatility_proxy,0.6078079016589838,0.5911659765085814,-0.016641925150402415,0.32641968858013254,0.24768670071144863,-0.0787329878686839,0.15316890294962313,0.0,-0.15316890294962313,,,,hurt
fold_1,10,0,ridge,raw_lob_only,raw_lob,0.6078079016589838,0.5922858556658073,-0.015522045993176525,0.32641968858013254,0.25699523641773997,-0.06942445216239257,0.15316890294962313,0.04243297758095038,-0.11073592536867274,,,,hurt
fold_1,10,0,ridge,derived_microstructure_only,derived_microstructure,0.6078079016589838,0.6053077063312238,-0.002500195327760024,0.32641968858013254,0.30696162857448805,-0.019458060005644484,0.15316890294962313,0.14101242921591178,-0.012156473733711343,,,,hurt
fold_1,10,0,ridge,no_proxy_features,no_proxy,0.6078079016589838,0.5936661718363414,-0.01414172982264239,0.32641968858013254,0.2721905495965437,-0.05422913898358883,0.15316890294962313,0.06774109215821547,-0.08542781079140765,,,,hurt
fold_1,10,1,logistic,all_features,all,0.6322368935073053,0.6322368935073053,0.0,0.4047283174464407,0.4047283174464407,0.0,0.2464918021031744,0.2464918021031744,0.0,0.02815397537260498,0.02815397537260498,0.0,neutral
fold_1,10,1,logistic,remove_one_group,price_levels,0.6322368935073053,0.6329140297419069,0.0006771362346016385,0.4047283174464407,0.40340646518357187,-0.00132185226286885,0.2464918021031744,0.24932289860060536,0.0028310964974309627,0.02815397537260498,0.03083583597079406,0.0026818605981890793,neutral
fold_1,10,1,logistic,remove_one_group,size_levels,0.6322368935073053,0.6303877907128161,-0.0018491027944891325,0.4047283174464407,0.40253328290189466,-0.0021950345445460595,0.2464918021031744,0.2401274224431615,-0.006364379660012909,0.02815397537260498,0.02678471050901042,-0.001369264863594559,hurt
fold_1,10,1,logistic,remove_one_group,top_of_book,0.6322368935073053,0.6317681068833503,-0.0004687866239549976,0.4047283174464407,0.4040915679448491,-0.0006367495015916491,0.2464918021031744,0.2448729789406885,-0.001618823162485905,0.02815397537260498,0.02741648504106036,-0.0007374903315446185,neutral
fold_1,10,1,logistic,remove_one_group,spread,0.6322368935073053,0.6285907753209886,-0.0036461181863166603,0.4047283174464407,0.3850413755620135,-0.01968694188442721,0.2464918021031744,0.23770432628223054,-0.008787475820943857,0.02815397537260498,0.03199038827574147,0.0038364129031364935,hurt
fold_1,10,1,logistic,remove_one_group,midprice,0.6322368935073053,0.6321066750006511,-0.00013021850665417833,0.4047283174464407,0.4046197433799095,-0.00010857406653119739,0.2464918021031744,0.24605522907779215,-0.0004365730253822475,0.02815397537260498,0.028180276882321553,2.6301509716573912e-05,neutral
fold_1,10,1,logistic,remove_one_group,microprice,0.6322368935073053,0.6318462379873427,-0.000390655519962535,0.4047283174464407,0.4046619519374593,-6.636550898142524e-05,0.2464918021031744,0.24509499143004404,-0.0013968106731303553,0.02815397537260498,0.02743275524864773,-0.0007212201239572488,neutral
fold_1,10,1,logistic,remove_one_group,top_of_book_imbalance,0.6322368935073053,0.6320285438966586,-0.00020834961064664093,0.4047283174464407,0.4048148848782098,8.656743176910231e-05,0.2464918021031744,0.24573123433118077,-0.0007605677719936255,0.02815397537260498,0.02823405322412636,8.007785152137903e-05,neutral
fold_1,10,1,logistic,remove_one_group,depth_imbalance,0.6322368935073053,0.6323410683126286,0.00010417480532332046,0.4047283174464407,0.40533771637291416,0.0006093989264734367,0.2464918021031744,0.24678646388390918,0.000294661780734784,0.02815397537260498,0.028619139681930826,0.00046516430932584674,neutral
fold_1,10,1,logistic,remove_one_group,depth_slope,0.6322368935073053,0.6317681068833503,-0.0004687866239549976,0.4047283174464407,0.40413523071585705,-0.0005930867305836696,0.2464918021031744,0.24485908645878182,-0.0016327156443925739,0.02815397537260498,0.02783105484398245,-0.00032292052862252854,neutral
fold_1,10,1,logistic,remove_one_group,liquidity_concentration,0.6322368935073053,0.6320285438966586,-0.00020834961064664093,0.4047283174464407,0.4050235178236808,0.000295200377240068,0.2464918021031744,0.24571703619787447,-0.000774765905299929,0.02815397537260498,0.028060028408231043,-9.394696437393588e-05,neutral
fold_1,10,1,logistic,remove_one_group,snapshot_order_flow_proxy,0.6322368935073053,0.5917389379378597,-0.040497955569445576,0.4047283174464407,0.2727024696258821,-0.1320258478205586,0.2464918021031744,0.05855157475684144,-0.18794022734633295,0.02815397537260498,0.019064080898083115,-0.009089894474521864,hurt
fold_1,10,1,logistic,remove_one_group,volatility_proxy,0.6322368935073053,0.6319243690913353,-0.0003125244159699614,0.4047283174464407,0.4048944164348576,0.00016609898841685178,0.2464918021031744,0.245343329202694,-0.0011484729004803962,0.02815397537260498,0.02799665455998574,-0.00015732081261923825,neutral
fold_1,10,1,logistic,only_one_group,price_levels,0.6322368935073053,0.5911659765085814,-0.041070916998723894,0.4047283174464407,0.24779140157690624,-0.15693691586953448,0.2464918021031744,0.005187412117908834,-0.24130438998526557,0.02815397537260498,0.027651949688414692,-0.0005020256841902875,hurt
fold_1,10,1,logistic,only_one_group,size_levels,0.6322368935073053,0.590775320988619,-0.04146157251868632,0.4047283174464407,0.24916098030385236,-0.15556733714258836,0.2464918021031744,0.004658600733453566,-0.24183320136972083,0.02815397537260498,0.019106266235258924,-0.009047709137346056,hurt
fold_1,10,1,logistic,only_one_group,top_of_book,0.6322368935073053,0.5911659765085814,-0.041070916998723894,0.4047283174464407,0.24768670071144863,-0.1570416167349921,0.2464918021031744,0.0,-0.2464918021031744,0.02815397537260498,0.01981889341081693,-0.00833508196178805,hurt
fold_1,10,1,logistic,only_one_group,spread,0.6322368935073053,0.5951506628121989,-0.037086230695106415,0.4047283174464407,0.2679444718520541,-0.1367838455943866,0.2464918021031744,0.07481206057331223,-0.17167974152986215,0.02815397537260498,0.03778186870719525,0.00962789333459027,hurt
fold_1,10,1,logistic,only_one_group,midprice,0.6322368935073053,0.5911659765085814,-0.041070916998723894,0.4047283174464407,0.24768670071144863,-0.1570416167349921,0.2464918021031744,0.0,-0.2464918021031744,0.02815397537260498,0.022501006455983043,-0.005652968916621936,hurt
fold_1,10,1,logistic,only_one_group,microprice,0.6322368935073053,0.5911659765085814,-0.041070916998723894,0.4047283174464407,0.24768670071144863,-0.1570416167349921,0.2464918021031744,0.0,-0.2464918021031744,0.02815397537260498,0.02340295096260706,-0.0047510244099979206,hurt
fold_1,10,1,logistic,only_one_group,top_of_book_imbalance,0.6322368935073053,0.5911399328072505,-0.04109696070005475,0.4047283174464407,0.24768795115643363,-0.1570403662900071,0.2464918021031744,0.000477587445295478,-0.24601421465787893,0.02815397537260498,0.04507966885833683,0.01692569348573185,hurt
fold_1,10,1,logistic,only_one_group,depth_imbalance,0.6322368935073053,0.5908794957939423,-0.041357397713363,0.4047283174464407,0.2476193594508019,-0.15710895799563881,0.2464918021031744,-0.00796701458071459,-0.254458816683889,0.02815397537260498,0.04505643166406018,0.016902456291455203,hurt
fold_1,10,1,logistic,only_one_group,depth_slope,0.6322368935073053,0.5911659765085814,-0.041070916998723894,0.4047283174464407,0.24768670071144863,-0.1570416167349921,0.2464918021031744,0.0,-0.2464918021031744,0.02815397537260498,0.05296687981588609,0.02481290444328111,hurt
fold_1,10,1,logistic,only_one_group,liquidity_concentration,0.6322368935073053,0.5911138891059198,-0.0411230044013855,0.4047283174464407,0.24767298479938019,-0.15705533264706054,0.2464918021031744,-0.004128740186535424,-0.2506205422897098,0.02815397537260498,0.0448799762179121,0.01672600084530712,hurt
fold_1,10,1,logistic,only_one_group,snapshot_order_flow_proxy,0.6322368935073053,0.6240852149907545,-0.008151678516550742,0.4047283174464407,0.3628932768791029,-0.04183504056733783,0.2464918021031744,0.22664563563069895,-0.019846166472475446,0.02815397537260498,0.028288669285299835,0.00013469391269485542,hurt
fold_1,10,1,logistic,only_one_group,volatility_proxy,0.6322368935073053,0.5911659765085814,-0.041070916998723894,0.4047283174464407,0.24768670071144863,-0.1570416167349921,0.2464918021031744,0.0,-0.2464918021031744,0.02815397537260498,0.04536324182516692,0.01720926645256194,hurt
fold_1,10,1,logistic,raw_lob_only,raw_lob,0.6322368935073053,0.5911920202099122,-0.041044873297393036,0.4047283174464407,0.25310449401688034,-0.15162382342956038,0.2464918021031744,0.024989005775272004,-0.2215027963279024,0.02815397537260498,0.016543328766679237,-0.011610646605925742,hurt
fold_1,10,1,logistic,derived_microstructure_only,derived_microstructure,0.6322368935073053,0.6286428627236503,-0.0035940307836549445,0.4047283174464407,0.39048227167162347,-0.014246045774817251,0.2464918021031744,0.2352510734093014,-0.011240728693872992,0.02815397537260498,0.02527571434710677,-0.0028782610254982077,hurt
fold_1,10,1,logistic,no_proxy_features,no_proxy,0.6322368935073053,0.5917389379378597,-0.040497955569445576,0.4047283174464407,0.2727024696258821,-0.1320258478205586,0.2464918021031744,0.05855157475684144,-0.18794022734633295,0.02815397537260498,0.019064080898083115,-0.009089894474521864,hurt
fold_1,10,1,ridge,all_features,all,0.6078079016589838,0.6078079016589838,0.0,0.32641968858013254,0.32641968858013254,0.0,0.15316890294962313,0.15316890294962313,0.0,,,,neutral
fold_1,10,1,ridge,remove_one_group,price_levels,0.6078079016589838,0.608406906789593,0.0005990051306091759,0.32641968858013254,0.3172414133843214,-0.009178275195811159,0.15316890294962313,0.15656425673664237,0.003395353787019245,,,,hurt
fold_1,10,1,ridge,remove_one_group,size_levels,0.6078079016589838,0.6072609839310362,-0.0005469177279475712,0.32641968858013254,0.3231866941377859,-0.0032329944423466483,0.15316890294962313,0.15051785967086848,-0.00265104327875465,,,,hurt
fold_1,10,1,ridge,remove_one_group,top_of_book,0.6078079016589838,0.6077037268536605,-0.00010417480532332046,0.32641968858013254,0.3259555088223373,-0.00046417975779522447,0.15316890294962313,0.15266776761126744,-0.0005011353383556905,,,,neutral
fold_1,10,1,ridge,remove_one_group,spread,0.6078079016589838,0.6052035315259005,-0.0026043701330833446,0.32641968858013254,0.3080546246830279,-0.018365063897104628,0.15316890294962313,0.14082334362557838,-0.012345559324044741,,,,hurt
fold_1,10,1,ridge,remove_one_group,midprice,0.6078079016589838,0.6077558142563221,-5.208740266171574e-05,0.32641968858013254,0.3261925526399379,-0.0002271359401946338,0.15316890294962313,0.15291925018117522,-0.0002496527684479055,,,,neutral
fold_1,10,1,ridge,remove_one_group,microprice,0.6078079016589838,0.6077558142563221,-5.208740266171574e-05,0.32641968858013254,0.3263292013240647,-9.048725606786157e-05,0.15316890294962313,0.1529305760399574,-0.0002383269096657148,,,,neutral
fold_1,10,1,ridge,remove_one_group,top_of_book_imbalance,0.6078079016589838,0.6078079016589838,0.0,0.32641968858013254,0.32641968858013254,0.0,0.15316890294962313,0.15316890294962313,0.0,,,,neutral
fold_1,10,1,ridge,remove_one_group,depth_imbalance,0.6078079016589838,0.6078339453603147,2.604370133085787e-05,0.32641968858013254,0.3264985861607699,7.88975806373382e-05,0.15316890294962313,0.15329003705298982,0.00012113410336669905,,,,neutral
fold_1,10,1,ridge,remove_one_group,depth_slope,0.6078079016589838,0.6078079016589838,0.0,0.32641968858013254,0.32641968858013254,0.0,0.15316890294962313,0.15316890294962313,0.0,,,,neutral
fold_1,10,1,ridge,remove_one_group,liquidity_concentration,0.6078079016589838,0.6078339453603147,2.604370133085787e-05,0.32641968858013254,0.3264985861607699,7.88975806373382e-05,0.15316890294962313,0.15329003705298982,0.00012113410336669905,,,,neutral
fold_1,10,1,ridge,remove_one_group,snapshot_order_flow_proxy,0.6078079016589838,0.5936661718363414,-0.01414172982264239,0.32641968858013254,0.2721905495965437,-0.05422913898358883,0.15316890294962313,0.06774109215821547,-0.08542781079140765,,,,hurt
fold_1,10,1,ridge,remove_one_group,volatility_proxy,0.6078079016589838,0.6077558142563221,-5.208740266171574e-05,0.32641968858013254,0.32632558475134643,-9.410382878610735e-05,0.15316890294962313,0.15293137368528195,-0.00023752926434117416,,,,neutral
fold_1,10,1,ridge,only_one_group,price_levels,0.6078079016589838,0.5922077245618147,-0.015600177097169099,0.32641968858013254,0.2527988256181809,-0.07362086296195164,0.15316890294962313,0.03794296100429022,-0.11522594194533291,,,,hurt
fold_1,10,1,ridge,only_one_group,size_levels,0.6078079016589838,0.5911659765085814,-0.016641925150402415,0.32641968858013254,0.24778675092898472,-0.07863293765114782,0.15316890294962313,0.0045566492263401865,-0.14861225372328293,,,,hurt
fold_1,10,1,ridge,only_one_group,top_of_book,0.6078079016589838,0.5911659765085814,-0.016641925150402415,0.32641968858013254,0.24768670071144863,-0.0787329878686839,0.15316890294962313,0.0,-0.15316890294962313,,,,hurt
fold_1,10,1,ridge,only_one_group,spread,0.6078079016589838,0.5946818761882439,-0.013126025470739933,0.32641968858013254,0.2662586394175608,-0.060161049162571756,0.15316890294962313,0.07053390301250359,-0.08263499993711954,,,,hurt
fold_1,10,1,ridge,only_one_group,midprice,0.6078079016589838,0.5911659765085814,-0.016641925150402415,0.32641968858013254,0.24768670071144863,-0.0787329878686839,0.15316890294962313,0.0,-0.15316890294962313,,,,hurt
fold_1,10,1,ridge,only_one_group,microprice,0.6078079016589838,0.5911659765085814,-0.016641925150402415,0.32641968858013254,0.24768670071144863,-0.0787329878686839,0.15316890294962313,0.0,-0.15316890294962313,,,,hurt
fold_1,10,1,ridge,only_one_group,top_of_book_imbalance,0.6078079016589838,0.5911659765085814,-0.016641925150402415,0.32641968858013254,0.24768670071144863,-0.0787329878686839,0.15316890294962313,0.0,-0.15316890294962313,,,,hurt
fold_1,10,1,ridge,only_one_group,depth_imbalance,0.6078079016589838,0.5911659765085814,-0.016641925150402415,0.32641968858013254,0.24768670071144863,-0.0787329878686839,0.15316890294962313,0.0,-0.15316890294962313,,,,hurt
fold_1,10,1,ridge,only_one_group,depth_slope,0.6078079016589838,0.5911659765085814,-0.016641925150402415,0.32641968858013254,0.24768670071144863,-0.0787329878686839,0.15316890294962313,0.0,-0.15316890294962313,,,,hurt
fold_1,10,1,ridge,only_one_group,liquidity_concentration,0.6078079016589838,0.5911399328072505,-0.016667968851733272,0.32641968858013254,0.24767984286766512,-0.07873984571246742,0.15316890294962313,-0.00291942216564441,-0.15608832511526755,,,,hurt
fold_1,10,1,ridge,only_one_group,snapshot_order_flow_proxy,0.6078079016589838,0.5984321691798838,-0.009375732479099952,0.32641968858013254,0.27333856684383434,-0.0530811217362982,0.15316890294962313,0.10664297025402084,-0.04652593269560229,,,,hurt
fold_1,10,1,ridge,only_one_group,volatility_proxy,0.6078079016589838,0.5911659765085814,-0.016641925150402415,0.32641968858013254,0.24768670071144863,-0.0787329878686839,0.15316890294962313,0.0,-0.15316890294962313,,,,hurt
fold_1,10,1,ridge,raw_lob_only,raw_lob,0.6078079016589838,0.5922858556658073,-0.015522045993176525,0.32641968858013254,0.25699523641773997,-0.06942445216239257,0.15316890294962313,0.04243297758095038,-0.11073592536867274,,,,hurt
fold_1,10,1,ridge,derived_microstructure_only,derived_microstructure,0.6078079016589838,0.6053077063312238,-0.002500195327760024,0.32641968858013254,0.30696162857448805,-0.019458060005644484,0.15316890294962313,0.14101242921591178,-0.012156473733711343,,,,hurt
fold_1,10,1,ridge,no_proxy_features,no_proxy,0.6078079016589838,0.5936661718363414,-0.01414172982264239,0.32641968858013254,0.2721905495965437,-0.05422913898358883,0.15316890294962313,0.06774109215821547,-0.08542781079140765,,,,hurt
fold_1,10,2,logistic,all_features,all,0.6322368935073053,0.6322368935073053,0.0,0.4047283174464407,0.4047283174464407,0.0,0.2464918021031744,0.2464918021031744,0.0,0.02815397537260498,0.02815397537260498,0.0,neutral
fold_1,10,2,logistic,remove_one_group,price_levels,0.6322368935073053,0.6329140297419069,0.0006771362346016385,0.4047283174464407,0.40340646518357187,-0.00132185226286885,0.2464918021031744,0.24932289860060536,0.0028310964974309627,0.02815397537260498,0.03083583597079406,0.0026818605981890793,neutral
fold_1,10,2,logistic,remove_one_group,size_levels,0.6322368935073053,0.6303877907128161,-0.0018491027944891325,0.4047283174464407,0.40253328290189466,-0.0021950345445460595,0.2464918021031744,0.2401274224431615,-0.006364379660012909,0.02815397537260498,0.02678471050901042,-0.001369264863594559,hurt
fold_1,10,2,logistic,remove_one_group,top_of_book,0.6322368935073053,0.6317681068833503,-0.0004687866239549976,0.4047283174464407,0.4040915679448491,-0.0006367495015916491,0.2464918021031744,0.2448729789406885,-0.001618823162485905,0.02815397537260498,0.02741648504106036,-0.0007374903315446185,neutral
fold_1,10,2,logistic,remove_one_group,spread,0.6322368935073053,0.6285907753209886,-0.0036461181863166603,0.4047283174464407,0.3850413755620135,-0.01968694188442721,0.2464918021031744,0.23770432628223054,-0.008787475820943857,0.02815397537260498,0.03199038827574147,0.0038364129031364935,hurt
fold_1,10,2,logistic,remove_one_group,midprice,0.6322368935073053,0.6321066750006511,-0.00013021850665417833,0.4047283174464407,0.4046197433799095,-0.00010857406653119739,0.2464918021031744,0.24605522907779215,-0.0004365730253822475,0.02815397537260498,0.028180276882321553,2.6301509716573912e-05,neutral
fold_1,10,2,logistic,remove_one_group,microprice,0.6322368935073053,0.6318462379873427,-0.000390655519962535,0.4047283174464407,0.4046619519374593,-6.636550898142524e-05,0.2464918021031744,0.24509499143004404,-0.0013968106731303553,0.02815397537260498,0.02743275524864773,-0.0007212201239572488,neutral
fold_1,10,2,logistic,remove_one_group,top_of_book_imbalance,0.6322368935073053,0.6320285438966586,-0.00020834961064664093,0.4047283174464407,0.4048148848782098,8.656743176910231e-05,0.2464918021031744,0.24573123433118077,-0.0007605677719936255,0.02815397537260498,0.02823405322412636,8.007785152137903e-05,neutral
fold_1,10,2,logistic,remove_one_group,depth_imbalance,0.6322368935073053,0.6323410683126286,0.00010417480532332046,0.4047283174464407,0.40533771637291416,0.0006093989264734367,0.2464918021031744,0.24678646388390918,0.000294661780734784,0.02815397537260498,0.028619139681930826,0.00046516430932584674,neutral
fold_1,10,2,logistic,remove_one_group,depth_slope,0.6322368935073053,0.6317681068833503,-0.0004687866239549976,0.4047283174464407,0.40413523071585705,-0.0005930867305836696,0.2464918021031744,0.24485908645878182,-0.0016327156443925739,0.02815397537260498,0.02783105484398245,-0.00032292052862252854,neutral
fold_1,10,2,logistic,remove_one_group,liquidity_concentration,0.6322368935073053,0.6320285438966586,-0.00020834961064664093,0.4047283174464407,0.4050235178236808,0.000295200377240068,0.2464918021031744,0.24571703619787447,-0.000774765905299929,0.02815397537260498,0.028060028408231043,-9.394696437393588e-05,neutral
fold_1,10,2,logistic,remove_one_group,snapshot_order_flow_proxy,0.6322368935073053,0.5917389379378597,-0.040497955569445576,0.4047283174464407,0.2727024696258821,-0.1320258478205586,0.2464918021031744,0.05855157475684144,-0.18794022734633295,0.02815397537260498,0.019064080898083115,-0.009089894474521864,hurt
fold_1,10,2,logistic,remove_one_group,volatility_proxy,0.6322368935073053,0.6319243690913353,-0.0003125244159699614,0.4047283174464407,0.4048944164348576,0.00016609898841685178,0.2464918021031744,0.245343329202694,-0.0011484729004803962,0.02815397537260498,0.02799665455998574,-0.00015732081261923825,neutral
fold_1,10,2,logistic,only_one_group,price_levels,0.6322368935073053,0.5911659765085814,-0.041070916998723894,0.4047283174464407,0.24779140157690624,-0.15693691586953448,0.2464918021031744,0.005187412117908834,-0.24130438998526557,0.02815397537260498,0.027651949688414692,-0.0005020256841902875,hurt
fold_1,10,2,logistic,only_one_group,size_levels,0.6322368935073053,0.590775320988619,-0.04146157251868632,0.4047283174464407,0.24916098030385236,-0.15556733714258836,0.2464918021031744,0.004658600733453566,-0.24183320136972083,0.02815397537260498,0.019106266235258924,-0.009047709137346056,hurt
fold_1,10,2,logistic,only_one_group,top_of_book,0.6322368935073053,0.5911659765085814,-0.041070916998723894,0.4047283174464407,0.24768670071144863,-0.1570416167349921,0.2464918021031744,0.0,-0.2464918021031744,0.02815397537260498,0.01981889341081693,-0.00833508196178805,hurt
fold_1,10,2,logistic,only_one_group,spread,0.6322368935073053,0.5951506628121989,-0.037086230695106415,0.4047283174464407,0.2679444718520541,-0.1367838455943866,0.2464918021031744,0.07481206057331223,-0.17167974152986215,0.02815397537260498,0.03778186870719525,0.00962789333459027,hurt
fold_1,10,2,logistic,only_one_group,midprice,0.6322368935073053,0.5911659765085814,-0.041070916998723894,0.4047283174464407,0.24768670071144863,-0.1570416167349921,0.2464918021031744,0.0,-0.2464918021031744,0.02815397537260498,0.022501006455983043,-0.005652968916621936,hurt
fold_1,10,2,logistic,only_one_group,microprice,0.6322368935073053,0.5911659765085814,-0.041070916998723894,0.4047283174464407,0.24768670071144863,-0.1570416167349921,0.2464918021031744,0.0,-0.2464918021031744,0.02815397537260498,0.02340295096260706,-0.0047510244099979206,hurt
fold_1,10,2,logistic,only_one_group,top_of_book_imbalance,0.6322368935073053,0.5911399328072505,-0.04109696070005475,0.4047283174464407,0.24768795115643363,-0.1570403662900071,0.2464918021031744,0.000477587445295478,-0.24601421465787893,0.02815397537260498,0.04507966885833683,0.01692569348573185,hurt
fold_1,10,2,logistic,only_one_group,depth_imbalance,0.6322368935073053,0.5908794957939423,-0.041357397713363,0.4047283174464407,0.2476193594508019,-0.15710895799563881,0.2464918021031744,-0.00796701458071459,-0.254458816683889,0.02815397537260498,0.04505643166406018,0.016902456291455203,hurt
fold_1,10,2,logistic,only_one_group,depth_slope,0.6322368935073053,0.5911659765085814,-0.041070916998723894,0.4047283174464407,0.24768670071144863,-0.1570416167349921,0.2464918021031744,0.0,-0.2464918021031744,0.02815397537260498,0.05296687981588609,0.02481290444328111,hurt
fold_1,10,2,logistic,only_one_group,liquidity_concentration,0.6322368935073053,0.5911138891059198,-0.0411230044013855,0.4047283174464407,0.24767298479938019,-0.15705533264706054,0.2464918021031744,-0.004128740186535424,-0.2506205422897098,0.02815397537260498,0.0448799762179121,0.01672600084530712,hurt
fold_1,10,2,logistic,only_one_group,snapshot_order_flow_proxy,0.6322368935073053,0.6240852149907545,-0.008151678516550742,0.4047283174464407,0.3628932768791029,-0.04183504056733783,0.2464918021031744,0.22664563563069895,-0.019846166472475446,0.02815397537260498,0.028288669285299835,0.00013469391269485542,hurt
fold_1,10,2,logistic,only_one_group,volatility_proxy,0.6322368935073053,0.5911659765085814,-0.041070916998723894,0.4047283174464407,0.24768670071144863,-0.1570416167349921,0.2464918021031744,0.0,-0.2464918021031744,0.02815397537260498,0.04536324182516692,0.01720926645256194,hurt
fold_1,10,2,logistic,raw_lob_only,raw_lob,0.6322368935073053,0.5911920202099122,-0.041044873297393036,0.4047283174464407,0.25310449401688034,-0.15162382342956038,0.2464918021031744,0.024989005775272004,-0.2215027963279024,0.02815397537260498,0.016543328766679237,-0.011610646605925742,hurt
fold_1,10,2,logistic,derived_microstructure_only,derived_microstructure,0.6322368935073053,0.6286428627236503,-0.0035940307836549445,0.4047283174464407,0.39048227167162347,-0.014246045774817251,0.2464918021031744,0.2352510734093014,-0.011240728693872992,0.02815397537260498,0.02527571434710677,-0.0028782610254982077,hurt
fold_1,10,2,logistic,no_proxy_features,no_proxy,0.6322368935073053,0.5917389379378597,-0.040497955569445576,0.4047283174464407,0.2727024696258821,-0.1320258478205586,0.2464918021031744,0.05855157475684144,-0.18794022734633295,0.02815397537260498,0.019064080898083115,-0.009089894474521864,hurt
fold_1,10,2,ridge,all_features,all,0.6078079016589838,0.6078079016589838,0.0,0.32641968858013254,0.32641968858013254,0.0,0.15316890294962313,0.15316890294962313,0.0,,,,neutral
fold_1,10,2,ridge,remove_one_group,price_levels,0.6078079016589838,0.608406906789593,0.0005990051306091759,0.32641968858013254,0.3172414133843214,-0.009178275195811159,0.15316890294962313,0.15656425673664237,0.003395353787019245,,,,hurt
fold_1,10,2,ridge,remove_one_group,size_levels,0.6078079016589838,0.6072609839310362,-0.0005469177279475712,0.32641968858013254,0.3231866941377859,-0.0032329944423466483,0.15316890294962313,0.15051785967086848,-0.00265104327875465,,,,hurt
fold_1,10,2,ridge,remove_one_group,top_of_book,0.6078079016589838,0.6077037268536605,-0.00010417480532332046,0.32641968858013254,0.3259555088223373,-0.00046417975779522447,0.15316890294962313,0.15266776761126744,-0.0005011353383556905,,,,neutral
fold_1,10,2,ridge,remove_one_group,spread,0.6078079016589838,0.6052035315259005,-0.0026043701330833446,0.32641968858013254,0.3080546246830279,-0.018365063897104628,0.15316890294962313,0.14082334362557838,-0.012345559324044741,,,,hurt
fold_1,10,2,ridge,remove_one_group,midprice,0.6078079016589838,0.6077558142563221,-5.208740266171574e-05,0.32641968858013254,0.3261925526399379,-0.0002271359401946338,0.15316890294962313,0.15291925018117522,-0.0002496527684479055,,,,neutral
fold_1,10,2,ridge,remove_one_group,microprice,0.6078079016589838,0.6077558142563221,-5.208740266171574e-05,0.32641968858013254,0.3263292013240647,-9.048725606786157e-05,0.15316890294962313,0.1529305760399574,-0.0002383269096657148,,,,neutral
fold_1,10,2,ridge,remove_one_group,top_of_book_imbalance,0.6078079016589838,0.6078079016589838,0.0,0.32641968858013254,0.32641968858013254,0.0,0.15316890294962313,0.15316890294962313,0.0,,,,neutral
fold_1,10,2,ridge,remove_one_group,depth_imbalance,0.6078079016589838,0.6078339453603147,2.604370133085787e-05,0.32641968858013254,0.3264985861607699,7.88975806373382e-05,0.15316890294962313,0.15329003705298982,0.00012113410336669905,,,,neutral
fold_1,10,2,ridge,remove_one_group,depth_slope,0.6078079016589838,0.6078079016589838,0.0,0.32641968858013254,0.32641968858013254,0.0,0.15316890294962313,0.15316890294962313,0.0,,,,neutral
fold_1,10,2,ridge,remove_one_group,liquidity_concentration,0.6078079016589838,0.6078339453603147,2.604370133085787e-05,0.32641968858013254,0.3264985861607699,7.88975806373382e-05,0.15316890294962313,0.15329003705298982,0.00012113410336669905,,,,neutral
fold_1,10,2,ridge,remove_one_group,snapshot_order_flow_proxy,0.6078079016589838,0.5936661718363414,-0.01414172982264239,0.32641968858013254,0.2721905495965437,-0.05422913898358883,0.15316890294962313,0.06774109215821547,-0.08542781079140765,,,,hurt
fold_1,10,2,ridge,remove_one_group,volatility_proxy,0.6078079016589838,0.6077558142563221,-5.208740266171574e-05,0.32641968858013254,0.32632558475134643,-9.410382878610735e-05,0.15316890294962313,0.15293137368528195,-0.00023752926434117416,,,,neutral
fold_1,10,2,ridge,only_one_group,price_levels,0.6078079016589838,0.5922077245618147,-0.015600177097169099,0.32641968858013254,0.2527988256181809,-0.07362086296195164,0.15316890294962313,0.03794296100429022,-0.11522594194533291,,,,hurt
fold_1,10,2,ridge,only_one_group,size_levels,0.6078079016589838,0.5911659765085814,-0.016641925150402415,0.32641968858013254,0.24778675092898472,-0.07863293765114782,0.15316890294962313,0.0045566492263401865,-0.14861225372328293,,,,hurt
fold_1,10,2,ridge,only_one_group,top_of_book,0.6078079016589838,0.5911659765085814,-0.016641925150402415,0.32641968858013254,0.24768670071144863,-0.0787329878686839,0.15316890294962313,0.0,-0.15316890294962313,,,,hurt
fold_1,10,2,ridge,only_one_group,spread,0.6078079016589838,0.5946818761882439,-0.013126025470739933,0.32641968858013254,0.2662586394175608,-0.060161049162571756,0.15316890294962313,0.07053390301250359,-0.08263499993711954,,,,hurt
fold_1,10,2,ridge,only_one_group,midprice,0.6078079016589838,0.5911659765085814,-0.016641925150402415,0.32641968858013254,0.24768670071144863,-0.0787329878686839,0.15316890294962313,0.0,-0.15316890294962313,,,,hurt
fold_1,10,2,ridge,only_one_group,microprice,0.6078079016589838,0.5911659765085814,-0.016641925150402415,0.32641968858013254,0.24768670071144863,-0.0787329878686839,0.15316890294962313,0.0,-0.15316890294962313,,,,hurt
fold_1,10,2,ridge,only_one_group,top_of_book_imbalance,0.6078079016589838,0.5911659765085814,-0.016641925150402415,0.32641968858013254,0.24768670071144863,-0.0787329878686839,0.15316890294962313,0.0,-0.15316890294962313,,,,hurt
fold_1,10,2,ridge,only_one_group,depth_imbalance,0.6078079016589838,0.5911659765085814,-0.016641925150402415,0.32641968858013254,0.24768670071144863,-0.0787329878686839,0.15316890294962313,0.0,-0.15316890294962313,,,,hurt
fold_1,10,2,ridge,only_one_group,depth_slope,0.6078079016589838,0.5911659765085814,-0.016641925150402415,0.32641968858013254,0.24768670071144863,-0.0787329878686839,0.15316890294962313,0.0,-0.15316890294962313,,,,hurt
fold_1,10,2,ridge,only_one_group,liquidity_concentration,0.6078079016589838,0.5911399328072505,-0.016667968851733272,0.32641968858013254,0.24767984286766512,-0.07873984571246742,0.15316890294962313,-0.00291942216564441,-0.15608832511526755,,,,hurt
fold_1,10,2,ridge,only_one_group,snapshot_order_flow_proxy,0.6078079016589838,0.5984321691798838,-0.009375732479099952,0.32641968858013254,0.27333856684383434,-0.0530811217362982,0.15316890294962313,0.10664297025402084,-0.04652593269560229,,,,hurt
fold_1,10,2,ridge,only_one_group,volatility_proxy,0.6078079016589838,0.5911659765085814,-0.016641925150402415,0.32641968858013254,0.24768670071144863,-0.0787329878686839,0.15316890294962313,0.0,-0.15316890294962313,,,,hurt
fold_1,10,2,ridge,raw_lob_only,raw_lob,0.6078079016589838,0.5922858556658073,-0.015522045993176525,0.32641968858013254,0.25699523641773997,-0.06942445216239257,0.15316890294962313,0.04243297758095038,-0.11073592536867274,,,,hurt
fold_1,10,2,ridge,derived_microstructure_only,derived_microstructure,0.6078079016589838,0.6053077063312238,-0.002500195327760024,0.32641968858013254,0.30696162857448805,-0.019458060005644484,0.15316890294962313,0.14101242921591178,-0.012156473733711343,,,,hurt
fold_1,10,2,ridge,no_proxy_features,no_proxy,0.6078079016589838,0.5936661718363414,-0.01414172982264239,0.32641968858013254,0.2721905495965437,-0.05422913898358883,0.15316890294962313,0.06774109215821547,-0.08542781079140765,,,,hurt
fold_2,10,0,logistic,all_features,all,0.7299456807429473,0.7299456807429473,0.0,0.5385566048105257,0.5385566048105257,0.0,0.4294531104724389,0.4294531104724389,0.0,0.08650010263598576,0.08650010263598576,0.0,neutral
fold_2,10,0,logistic,remove_one_group,price_levels,0.7299456807429473,0.7313474680217277,0.0014017872787803753,0.5385566048105257,0.5414616267919131,0.0029050219813874234,0.4294531104724389,0.4336645545938759,0.00421144412143698,0.08650010263598576,0.08687923240396837,0.0003791297679826139,helped
fold_2,10,0,logistic,remove_one_group,size_levels,0.7299456807429473,0.730681619064307,0.0007359383213596526,0.5385566048105257,0.5407952360677872,0.0022386312572615363,0.4294531104724389,0.4316698057675487,0.0022166952951098162,0.08650010263598576,0.09002124969021717,0.0035211470542314133,helped
fold_2,10,0,logistic,remove_one_group,top_of_book,0.7299456807429473,0.7304012616085509,0.0004555808656035998,0.5385566048105257,0.5396619864150205,0.001105381604494804,0.4294531104724389,0.4307569385354298,0.0013038280629908972,0.08650010263598576,0.0862506194735112,-0.0002494831624745564,neutral
fold_2,10,0,logistic,remove_one_group,spread,0.7299456807429473,0.7289994743297704,-0.0009462064131768866,0.5385566048105257,0.5356104178277553,-0.0029461869827703824,0.4294531104724389,0.42707602037864245,-0.002377090093796441,0.08650010263598576,0.09492094548456015,0.00842084284857439,hurt
fold_2,10,0,logistic,remove_one_group,midprice,0.7299456807429473,0.7305764850183984,0.0006308042754511467,0.5385566048105257,0.5401833308051286,0.0016267259946028956,0.4294531104724389,0.43112612143589574,0.0016730109634568446,0.08650010263598576,0.08644192549737362,-5.817713861214213e-05,neutral
fold_2,10,0,logistic,remove_one_group,microprice,0.7299456807429473,0.7299807254249168,3.5044681969464975e-05,0.5385566048105257,0.5385296442381465,-2.6960572379164383e-05,0.4294531104724389,0.42953635751121766,8.324703877876649e-05,0.08650010263598576,0.08662868114700643,0.0001285785110206744,neutral
fold_2,10,0,logistic,remove_one_group,top_of_book_imbalance,0.7299456807429473,0.7315927807955143,0.0016471000525669632,0.5385566048105257,0.5423872640118413,0.003830659201315645,0.4294531104724389,0.4340403522882404,0.004587241815801502,0.08650010263598576,0.08610120304975324,-0.0003988995862325151,helped
fold_2,10,0,logistic,remove_one_group,depth_imbalance,0.7299456807429473,0.7308918871561241,0.0009462064131767756,0.5385566048105257,0.5406502123065838,0.0020936074960581363,0.4294531104724389,0.4321073716685687,0.0026542611961298257,0.08650010263598576,0.08611702355468345,-0.0003830790813023066,helped
fold_2,10,0,logistic,remove_one_group,depth_slope,0.7299456807429473,0.730751708428246,0.0008060276852986936,0.5385566048105257,0.5404307287509451,0.0018741239404194143,0.4294531104724389,0.4317562039557163,0.0023030934832773964,0.08650010263598576,0.08597670819557549,-0.0005233944404102742,neutral
fold_2,10,0,logistic,remove_one_group,liquidity_concentration,0.7299456807429473,0.7312773786577886,0.0013316979148413344,0.5385566048105257,0.541487085711157,0.002930480900631305,0.4294531104724389,0.43321569826814466,0.003762587795705763,0.08650010263598576,0.08609191411893866,-0.00040818851704710335,helped
fold_2,10,0,logistic,remove_one_group,snapshot_order_flow_proxy,0.7299456807429473,0.6436656737340108,-0.08628000700893645,0.5385566048105257,0.2658104537262555,-0.2727461510842702,0.4294531104724389,0.027709347121131087,-0.4017437633513078,0.08650010263598576,0.03664452398349428,-0.04985557865249148,hurt
fold_2,10,0,logistic,remove_one_group,volatility_proxy,0.7299456807429473,0.7311021552479411,0.0011564745049937875,0.5385566048105257,0.5411816311265724,0.0026250263160466636,0.4294531104724389,0.4326950370879537,0.003241926615514812,0.08650010263598576,0.08661749063316772,0.00011738799718195858,helped
fold_2,10,0,logistic,only_one_group,price_levels,0.7299456807429473,0.6432100928684072,-0.08673558787454005,0.5385566048105257,0.26473419385991165,-0.27382241095061405,0.4294531104724389,0.017774376489106736,-0.41167873398333216,0.08650010263598576,0.03711519644581216,-0.0493849061901736,hurt
fold_2,10,0,logistic,only_one_group,size_levels,0.7299456807429473,0.6434554056421938,-0.08649027510075347,0.5385566048105257,0.2612783723725877,-0.277278232437938,0.4294531104724389,-0.0005073328892055143,-0.4299604433616444,0.08650010263598576,0.05648219276843485,-0.03001790986755091,hurt
fold_2,10,0,logistic,only_one_group,top_of_book,0.7299456807429473,0.6435955843700718,-0.0863500963728755,0.5385566048105257,0.2610518834399432,-0.2775047213705825,0.4294531104724389,0.0,-0.4294531104724389,0.08650010263598576,0.0531542139492369,-0.033345888686748856,hurt
fold_2,10,0,logistic,only_one_group,spread,0.7299456807429473,0.6441212545996146,-0.08582442614333274,0.5385566048105257,0.2644024778492377,-0.274154126961288,0.4294531104724389,0.03181853350248745,-0.3976345769699514,0.08650010263598576,0.032523329262256685,-0.053976773373729074,hurt
fold_2,10,0,logistic,only_one_group,midprice,0.7299456807429473,0.6435955843700718,-0.0863500963728755,0.5385566048105257,0.2610518834399432,-0.2775047213705825,0.4294531104724389,0.0,-0.4294531104724389,0.08650010263598576,0.05331115279657024,-0.03318894983941552,hurt
fold_2,10,0,logistic,only_one_group,microprice,0.7299456807429473,0.6435955843700718,-0.0863500963728755,0.5385566048105257,0.2610518834399432,-0.2775047213705825,0.4294531104724389,0.0,-0.4294531104724389,0.08650010263598576,0.05331089241798357,-0.03318921021800219,hurt
fold_2,10,0,logistic,only_one_group,top_of_book_imbalance,0.7299456807429473,0.6435955843700718,-0.0863500963728755,0.5385566048105257,0.2610518834399432,-0.2775047213705825,0.4294531104724389,0.0,-0.4294531104724389,0.08650010263598576,0.0359612303009405,-0.05053887233504526,hurt
fold_2,10,0,logistic,only_one_group,depth_imbalance,0.7299456807429473,0.6435955843700718,-0.0863500963728755,0.5385566048105257,0.2610518834399432,-0.2775047213705825,0.4294531104724389,0.0,-0.4294531104724389,0.08650010263598576,0.035911871957797645,-0.050588230678188115,hurt
fold_2,10,0,logistic,only_one_group,depth_slope,0.7299456807429473,0.6435955843700718,-0.0863500963728755,0.5385566048105257,0.2610518834399432,-0.2775047213705825,0.4294531104724389,0.0,-0.4294531104724389,0.08650010263598576,0.037559564992528265,-0.048940537643457495,hurt
fold_2,10,0,logistic,only_one_group,liquidity_concentration,0.7299456807429473,0.6435955843700718,-0.0863500963728755,0.5385566048105257,0.2610518834399432,-0.2775047213705825,0.4294531104724389,0.0,-0.4294531104724389,0.08650010263598576,0.035893813515508945,-0.050606289120476815,hurt
fold_2,10,0,logistic,only_one_group,snapshot_order_flow_proxy,0.7299456807429473,0.7301209041527948,0.00017522340984754692,0.5385566048105257,0.5388673505855656,0.0003107457750398668,0.4294531104724389,0.43119652227528205,0.0017434118028431533,0.08650010263598576,0.12237704723653,0.03587694460054425,neutral
fold_2,10,0,logistic,only_one_group,volatility_proxy,0.7299456807429473,0.6432451375503767,-0.08670054319257059,0.5385566048105257,0.26136233538216325,-0.27719426942836245,0.4294531104724389,-0.0009912234575189729,-0.43044433392995785,0.08650010263598576,0.035692459489897396,-0.05080764314608836,hurt
fold_2,10,0,logistic,raw_lob_only,raw_lob,0.7299456807429473,0.6430699141405292,-0.08687576660241814,0.5385566048105257,0.26549637433733025,-0.27306023047319544,0.4294531104724389,0.01852898213960973,-0.41092412833282915,0.08650010263598576,0.045748245138846226,-0.04075185749713953,hurt
fold_2,10,0,logistic,derived_microstructure_only,derived_microstructure,0.7299456807429473,0.7318030488873314,0.0018573681443840862,0.5385566048105257,0.5435988715747884,0.005042266764262671,0.4294531104724389,0.434942451121073,0.0054893406486341,0.08650010263598576,0.09071670837265973,0.00421660573667397,helped
fold_2,10,0,logistic,no_proxy_features,no_proxy,0.7299456807429473,0.6436656737340108,-0.08628000700893645,0.5385566048105257,0.2658104537262555,-0.2727461510842702,0.4294531104724389,0.027709347121131087,-0.4017437633513078,0.08650010263598576,0.03664452398349428,-0.04985557865249148,hurt
fold_2,10,0,ridge,all_features,all,0.6570877869283336,0.6570877869283336,0.0,0.32508366610770173,0.32508366610770173,0.0,0.15719441512076535,0.15719441512076535,0.0,,,,neutral
fold_2,10,0,ridge,remove_one_group,price_levels,0.6570877869283336,0.6573681443840897,0.0002803574557561639,0.32508366610770173,0.3196871362135562,-0.005396529894145519,0.15719441512076535,0.1613809775151215,0.004186562394356164,,,,hurt
fold_2,10,0,ridge,remove_one_group,size_levels,0.6570877869283336,0.6557911336954617,-0.0012966532328718694,0.32508366610770173,0.31851139242574256,-0.006572273681959173,0.15719441512076535,0.14941754408229557,-0.007776871038469774,,,,hurt
fold_2,10,0,ridge,remove_one_group,top_of_book,0.6570877869283336,0.6571228316103032,3.5044681969576e-05,0.32508366610770173,0.3249925526550487,-9.111345265300219e-05,0.15719441512076535,0.15744110779241274,0.00024669267164739717,,,,neutral
fold_2,10,0,ridge,remove_one_group,spread,0.6570877869283336,0.6561766251971264,-0.0009111617312071996,0.32508366610770173,0.3216806429885538,-0.0034030231191479188,0.15719441512076535,0.15151658772255325,-0.005677827398212099,,,,hurt
fold_2,10,0,ridge,remove_one_group,midprice,0.6570877869283336,0.6570877869283336,0.0,0.32508366610770173,0.32497818666752226,-0.00010547944017946786,0.15719441512076535,0.15720587580790749,1.1460687142139658e-05,,,,neutral
fold_2,10,0,ridge,remove_one_group,microprice,0.6570877869283336,0.6570877869283336,0.0,0.32508366610770173,0.32508366610770173,0.0,0.15719441512076535,0.15719441512076535,0.0,,,,neutral
fold_2,10,0,ridge,remove_one_group,top_of_book_imbalance,0.6570877869283336,0.6570877869283336,0.0,0.32508366610770173,0.32508366610770173,0.0,0.15719441512076535,0.15719441512076535,0.0,,,,neutral
fold_2,10,0,ridge,remove_one_group,depth_imbalance,0.6570877869283336,0.6570527422463641,-3.5044681969464975e-05,0.32508366610770173,0.32495740716011473,-0.00012625894758699907,0.15719441512076535,0.1569784779698563,-0.00021593715090903465,,,,neutral
fold_2,10,0,ridge,remove_one_group,depth_slope,0.6570877869283336,0.6570877869283336,0.0,0.32508366610770173,0.32508366610770173,0.0,0.15719441512076535,0.15719441512076535,0.0,,,,neutral
fold_2,10,0,ridge,remove_one_group,liquidity_concentration,0.6570877869283336,0.6570877869283336,0.0,0.32508366610770173,0.32508366610770173,0.0,0.15719441512076535,0.15719441512076535,0.0,,,,neutral
fold_2,10,0,ridge,remove_one_group,snapshot_order_flow_proxy,0.6570877869283336,0.6437007184159804,-0.013387068512353162,0.32508366610770173,0.26828103450906987,-0.05680263159863186,0.15719441512076535,0.03313097472435736,-0.12406344039640799,,,,hurt
fold_2,10,0,ridge,remove_one_group,volatility_proxy,0.6570877869283336,0.6571578762922726,7.008936393904097e-05,0.32508366610770173,0.3250069202907728,-7.674581692890259e-05,0.15719441512076535,0.15767677321868329,0.0004823580979179398,,,,neutral
fold_2,10,0,ridge,only_one_group,price_levels,0.6570877869283336,0.6433853162782548,-0.01370247065007879,0.32508366610770173,0.26701948770222034,-0.05806417840548139,0.15719441512076535,0.027379994906922903,-0.12981442021384243,,,,hurt
fold_2,10,0,ridge,only_one_group,size_levels,0.6570877869283336,0.6436306290520414,-0.013457157876292203,0.32508366610770173,0.26119126476444293,-0.0638924013432588,0.15719441512076535,0.00850940328427432,-0.14868501183649102,,,,hurt
fold_2,10,0,ridge,only_one_group,top_of_book,0.6570877869283336,0.6435955843700718,-0.013492202558261779,0.32508366610770173,0.2610518834399432,-0.06403178266775855,0.15719441512076535,0.0,-0.15719441512076535,,,,hurt
fold_2,10,0,ridge,only_one_group,spread,0.6570877869283336,0.6438408971438584,-0.013246889784475191,0.32508366610770173,0.2623025960738711,-0.06278107003383065,0.15719441512076535,0.02100728174076479,-0.13618713338000055,,,,hurt
fold_2,10,0,ridge,only_one_group,midprice,0.6570877869283336,0.6435955843700718,-0.013492202558261779,0.32508366610770173,0.2610518834399432,-0.06403178266775855,0.15719441512076535,0.0,-0.15719441512076535,,,,hurt
fold_2,10,0,ridge,only_one_group,microprice,0.6570877869283336,0.6435955843700718,-0.013492202558261779,0.32508366610770173,0.2610518834399432,-0.06403178266775855,0.15719441512076535,0.0,-0.15719441512076535,,,,hurt
fold_2,10,0,ridge,only_one_group,top_of_book_imbalance,0.6570877869283336,0.6435955843700718,-0.013492202558261779,0.32508366610770173,0.2610518834399432,-0.06403178266775855,0.15719441512076535,0.0,-0.15719441512076535,,,,hurt
fold_2,10,0,ridge,only_one_group,depth_imbalance,0.6570877869283336,0.6435955843700718,-0.013492202558261779,0.32508366610770173,0.2610518834399432,-0.06403178266775855,0.15719441512076535,0.0,-0.15719441512076535,,,,hurt
fold_2,10,0,ridge,only_one_group,depth_slope,0.6570877869283336,0.6435955843700718,-0.013492202558261779,0.32508366610770173,0.2610518834399432,-0.06403178266775855,0.15719441512076535,0.0,-0.15719441512076535,,,,hurt
fold_2,10,0,ridge,only_one_group,liquidity_concentration,0.6570877869283336,0.6435955843700718,-0.013492202558261779,0.32508366610770173,0.2610518834399432,-0.06403178266775855,0.15719441512076535,0.0,-0.15719441512076535,,,,hurt
fold_2,10,0,ridge,only_one_group,snapshot_order_flow_proxy,0.6570877869283336,0.6548799719642544,-0.00220781496407918,0.32508366610770173,0.3085657812725298,-0.016517884835171914,0.15719441512076535,0.1467264644865663,-0.010467950634199058,,,,hurt
fold_2,10,0,ridge,only_one_group,volatility_proxy,0.6570877869283336,0.6432451375503767,-0.013842649377956873,0.32508366610770173,0.26136233538216325,-0.06372133072553848,0.15719441512076535,-0.0009912234575189729,-0.15818563857828433,,,,hurt
fold_2,10,0,ridge,raw_lob_only,raw_lob,0.6570877869283336,0.6435254950061328,-0.01356229192220082,0.32508366610770173,0.2677952800106853,-0.05728838609701642,0.15719441512076535,0.03028259041966571,-0.12691182470109963,,,,hurt
fold_2,10,0,ridge,derived_microstructure_only,derived_microstructure,0.6570877869283336,0.6561415805151568,-0.0009462064131767756,0.32508366610770173,0.3146375078753346,-0.010446158232367109,0.15719441512076535,0.15372370704322336,-0.0034707080775419896,,,,hurt
fold_2,10,0,ridge,no_proxy_features,no_proxy,0.6570877869283336,0.6437007184159804,-0.013387068512353162,0.32508366610770173,0.26828103450906987,-0.05680263159863186,0.15719441512076535,0.03313097472435736,-0.12406344039640799,,,,hurt
fold_2,10,1,logistic,all_features,all,0.7299456807429473,0.7299456807429473,0.0,0.5385566048105257,0.5385566048105257,0.0,0.4294531104724389,0.4294531104724389,0.0,0.08650010263598576,0.08650010263598576,0.0,neutral
fold_2,10,1,logistic,remove_one_group,price_levels,0.7299456807429473,0.7313474680217277,0.0014017872787803753,0.5385566048105257,0.5414616267919131,0.0029050219813874234,0.4294531104724389,0.4336645545938759,0.00421144412143698,0.08650010263598576,0.08687923240396837,0.0003791297679826139,helped
fold_2,10,1,logistic,remove_one_group,size_levels,0.7299456807429473,0.730681619064307,0.0007359383213596526,0.5385566048105257,0.5407952360677872,0.0022386312572615363,0.4294531104724389,0.4316698057675487,0.0022166952951098162,0.08650010263598576,0.09002124969021717,0.0035211470542314133,helped
fold_2,10,1,logistic,remove_one_group,top_of_book,0.7299456807429473,0.7304012616085509,0.0004555808656035998,0.5385566048105257,0.5396619864150205,0.001105381604494804,0.4294531104724389,0.4307569385354298,0.0013038280629908972,0.08650010263598576,0.0862506194735112,-0.0002494831624745564,neutral
fold_2,10,1,logistic,remove_one_group,spread,0.7299456807429473,0.7289994743297704,-0.0009462064131768866,0.5385566048105257,0.5356104178277553,-0.0029461869827703824,0.4294531104724389,0.42707602037864245,-0.002377090093796441,0.08650010263598576,0.09492094548456015,0.00842084284857439,hurt
fold_2,10,1,logistic,remove_one_group,midprice,0.7299456807429473,0.7305764850183984,0.0006308042754511467,0.5385566048105257,0.5401833308051286,0.0016267259946028956,0.4294531104724389,0.43112612143589574,0.0016730109634568446,0.08650010263598576,0.08644192549737362,-5.817713861214213e-05,neutral
fold_2,10,1,logistic,remove_one_group,microprice,0.7299456807429473,0.7299807254249168,3.5044681969464975e-05,0.5385566048105257,0.5385296442381465,-2.6960572379164383e-05,0.4294531104724389,0.42953635751121766,8.324703877876649e-05,0.08650010263598576,0.08662868114700643,0.0001285785110206744,neutral
fold_2,10,1,logistic,remove_one_group,top_of_book_imbalance,0.7299456807429473,0.7315927807955143,0.0016471000525669632,0.5385566048105257,0.5423872640118413,0.003830659201315645,0.4294531104724389,0.4340403522882404,0.004587241815801502,0.08650010263598576,0.08610120304975324,-0.0003988995862325151,helped
fold_2,10,1,logistic,remove_one_group,depth_imbalance,0.7299456807429473,0.7308918871561241,0.0009462064131767756,0.5385566048105257,0.5406502123065838,0.0020936074960581363,0.4294531104724389,0.4321073716685687,0.0026542611961298257,0.08650010263598576,0.08611702355468345,-0.0003830790813023066,helped
fold_2,10,1,logistic,remove_one_group,depth_slope,0.7299456807429473,0.730751708428246,0.0008060276852986936,0.5385566048105257,0.5404307287509451,0.0018741239404194143,0.4294531104724389,0.4317562039557163,0.0023030934832773964,0.08650010263598576,0.08597670819557549,-0.0005233944404102742,neutral
fold_2,10,1,logistic,remove_one_group,liquidity_concentration,0.7299456807429473,0.7312773786577886,0.0013316979148413344,0.5385566048105257,0.541487085711157,0.002930480900631305,0.4294531104724389,0.43321569826814466,0.003762587795705763,0.08650010263598576,0.08609191411893866,-0.00040818851704710335,helped
fold_2,10,1,logistic,remove_one_group,snapshot_order_flow_proxy,0.7299456807429473,0.6436656737340108,-0.08628000700893645,0.5385566048105257,0.2658104537262555,-0.2727461510842702,0.4294531104724389,0.027709347121131087,-0.4017437633513078,0.08650010263598576,0.03664452398349428,-0.04985557865249148,hurt
fold_2,10,1,logistic,remove_one_group,volatility_proxy,0.7299456807429473,0.7311021552479411,0.0011564745049937875,0.5385566048105257,0.5411816311265724,0.0026250263160466636,0.4294531104724389,0.4326950370879537,0.003241926615514812,0.08650010263598576,0.08661749063316772,0.00011738799718195858,helped
fold_2,10,1,logistic,only_one_group,price_levels,0.7299456807429473,0.6432100928684072,-0.08673558787454005,0.5385566048105257,0.26473419385991165,-0.27382241095061405,0.4294531104724389,0.017774376489106736,-0.41167873398333216,0.08650010263598576,0.03711519644581216,-0.0493849061901736,hurt
fold_2,10,1,logistic,only_one_group,size_levels,0.7299456807429473,0.6434554056421938,-0.08649027510075347,0.5385566048105257,0.2612783723725877,-0.277278232437938,0.4294531104724389,-0.0005073328892055143,-0.4299604433616444,0.08650010263598576,0.05648219276843485,-0.03001790986755091,hurt
fold_2,10,1,logistic,only_one_group,top_of_book,0.7299456807429473,0.6435955843700718,-0.0863500963728755,0.5385566048105257,0.2610518834399432,-0.2775047213705825,0.4294531104724389,0.0,-0.4294531104724389,0.08650010263598576,0.0531542139492369,-0.033345888686748856,hurt
fold_2,10,1,logistic,only_one_group,spread,0.7299456807429473,0.6441212545996146,-0.08582442614333274,0.5385566048105257,0.2644024778492377,-0.274154126961288,0.4294531104724389,0.03181853350248745,-0.3976345769699514,0.08650010263598576,0.032523329262256685,-0.053976773373729074,hurt
fold_2,10,1,logistic,only_one_group,midprice,0.7299456807429473,0.6435955843700718,-0.0863500963728755,0.5385566048105257,0.2610518834399432,-0.2775047213705825,0.4294531104724389,0.0,-0.4294531104724389,0.08650010263598576,0.05331115279657024,-0.03318894983941552,hurt
fold_2,10,1,logistic,only_one_group,microprice,0.7299456807429473,0.6435955843700718,-0.0863500963728755,0.5385566048105257,0.2610518834399432,-0.2775047213705825,0.4294531104724389,0.0,-0.4294531104724389,0.08650010263598576,0.05331089241798357,-0.03318921021800219,hurt
fold_2,10,1,logistic,only_one_group,top_of_book_imbalance,0.7299456807429473,0.6435955843700718,-0.0863500963728755,0.5385566048105257,0.2610518834399432,-0.2775047213705825,0.4294531104724389,0.0,-0.4294531104724389,0.08650010263598576,0.0359612303009405,-0.05053887233504526,hurt
fold_2,10,1,logistic,only_one_group,depth_imbalance,0.7299456807429473,0.6435955843700718,-0.0863500963728755,0.5385566048105257,0.2610518834399432,-0.2775047213705825,0.4294531104724389,0.0,-0.4294531104724389,0.08650010263598576,0.035911871957797645,-0.050588230678188115,hurt
fold_2,10,1,logistic,only_one_group,depth_slope,0.7299456807429473,0.6435955843700718,-0.0863500963728755,0.5385566048105257,0.2610518834399432,-0.2775047213705825,0.4294531104724389,0.0,-0.4294531104724389,0.08650010263598576,0.037559564992528265,-0.048940537643457495,hurt
fold_2,10,1,logistic,only_one_group,liquidity_concentration,0.7299456807429473,0.6435955843700718,-0.0863500963728755,0.5385566048105257,0.2610518834399432,-0.2775047213705825,0.4294531104724389,0.0,-0.4294531104724389,0.08650010263598576,0.035893813515508945,-0.050606289120476815,hurt
fold_2,10,1,logistic,only_one_group,snapshot_order_flow_proxy,0.7299456807429473,0.7301209041527948,0.00017522340984754692,0.5385566048105257,0.5388673505855656,0.0003107457750398668,0.4294531104724389,0.43119652227528205,0.0017434118028431533,0.08650010263598576,0.12237704723653,0.03587694460054425,neutral
fold_2,10,1,logistic,only_one_group,volatility_proxy,0.7299456807429473,0.6432451375503767,-0.08670054319257059,0.5385566048105257,0.26136233538216325,-0.27719426942836245,0.4294531104724389,-0.0009912234575189729,-0.43044433392995785,0.08650010263598576,0.035692459489897396,-0.05080764314608836,hurt
fold_2,10,1,logistic,raw_lob_only,raw_lob,0.7299456807429473,0.6430699141405292,-0.08687576660241814,0.5385566048105257,0.26549637433733025,-0.27306023047319544,0.4294531104724389,0.01852898213960973,-0.41092412833282915,0.08650010263598576,0.045748245138846226,-0.04075185749713953,hurt
fold_2,10,1,logistic,derived_microstructure_only,derived_microstructure,0.7299456807429473,0.7318030488873314,0.0018573681443840862,0.5385566048105257,0.5435988715747884,0.005042266764262671,0.4294531104724389,0.434942451121073,0.0054893406486341,0.08650010263598576,0.09071670837265973,0.00421660573667397,helped
fold_2,10,1,logistic,no_proxy_features,no_proxy,0.7299456807429473,0.6436656737340108,-0.08628000700893645,0.5385566048105257,0.2658104537262555,-0.2727461510842702,0.4294531104724389,0.027709347121131087,-0.4017437633513078,0.08650010263598576,0.03664452398349428,-0.04985557865249148,hurt
fold_2,10,1,ridge,all_features,all,0.6570877869283336,0.6570877869283336,0.0,0.32508366610770173,0.32508366610770173,0.0,0.15719441512076535,0.15719441512076535,0.0,,,,neutral
fold_2,10,1,ridge,remove_one_group,price_levels,0.6570877869283336,0.6573681443840897,0.0002803574557561639,0.32508366610770173,0.3196871362135562,-0.005396529894145519,0.15719441512076535,0.1613809775151215,0.004186562394356164,,,,hurt
fold_2,10,1,ridge,remove_one_group,size_levels,0.6570877869283336,0.6557911336954617,-0.0012966532328718694,0.32508366610770173,0.31851139242574256,-0.006572273681959173,0.15719441512076535,0.14941754408229557,-0.007776871038469774,,,,hurt
fold_2,10,1,ridge,remove_one_group,top_of_book,0.6570877869283336,0.6571228316103032,3.5044681969576e-05,0.32508366610770173,0.3249925526550487,-9.111345265300219e-05,0.15719441512076535,0.15744110779241274,0.00024669267164739717,,,,neutral
fold_2,10,1,ridge,remove_one_group,spread,0.6570877869283336,0.6561766251971264,-0.0009111617312071996,0.32508366610770173,0.3216806429885538,-0.0034030231191479188,0.15719441512076535,0.15151658772255325,-0.005677827398212099,,,,hurt
fold_2,10,1,ridge,remove_one_group,midprice,0.6570877869283336,0.6570877869283336,0.0,0.32508366610770173,0.32497818666752226,-0.00010547944017946786,0.15719441512076535,0.15720587580790749,1.1460687142139658e-05,,,,neutral
fold_2,10,1,ridge,remove_one_group,microprice,0.6570877869283336,0.6570877869283336,0.0,0.32508366610770173,0.32508366610770173,0.0,0.15719441512076535,0.15719441512076535,0.0,,,,neutral
fold_2,10,1,ridge,remove_one_group,top_of_book_imbalance,0.6570877869283336,0.6570877869283336,0.0,0.32508366610770173,0.32508366610770173,0.0,0.15719441512076535,0.15719441512076535,0.0,,,,neutral
fold_2,10,1,ridge,remove_one_group,depth_imbalance,0.6570877869283336,0.6570527422463641,-3.5044681969464975e-05,0.32508366610770173,0.32495740716011473,-0.00012625894758699907,0.15719441512076535,0.1569784779698563,-0.00021593715090903465,,,,neutral
fold_2,10,1,ridge,remove_one_group,depth_slope,0.6570877869283336,0.6570877869283336,0.0,0.32508366610770173,0.32508366610770173,0.0,0.15719441512076535,0.15719441512076535,0.0,,,,neutral
fold_2,10,1,ridge,remove_one_group,liquidity_concentration,0.6570877869283336,0.6570877869283336,0.0,0.32508366610770173,0.32508366610770173,0.0,0.15719441512076535,0.15719441512076535,0.0,,,,neutral
fold_2,10,1,ridge,remove_one_group,snapshot_order_flow_proxy,0.6570877869283336,0.6437007184159804,-0.013387068512353162,0.32508366610770173,0.26828103450906987,-0.05680263159863186,0.15719441512076535,0.03313097472435736,-0.12406344039640799,,,,hurt
fold_2,10,1,ridge,remove_one_group,volatility_proxy,0.6570877869283336,0.6571578762922726,7.008936393904097e-05,0.32508366610770173,0.3250069202907728,-7.674581692890259e-05,0.15719441512076535,0.15767677321868329,0.0004823580979179398,,,,neutral
fold_2,10,1,ridge,only_one_group,price_levels,0.6570877869283336,0.6433853162782548,-0.01370247065007879,0.32508366610770173,0.26701948770222034,-0.05806417840548139,0.15719441512076535,0.027379994906922903,-0.12981442021384243,,,,hurt
fold_2,10,1,ridge,only_one_group,size_levels,0.6570877869283336,0.6436306290520414,-0.013457157876292203,0.32508366610770173,0.26119126476444293,-0.0638924013432588,0.15719441512076535,0.00850940328427432,-0.14868501183649102,,,,hurt
fold_2,10,1,ridge,only_one_group,top_of_book,0.6570877869283336,0.6435955843700718,-0.013492202558261779,0.32508366610770173,0.2610518834399432,-0.06403178266775855,0.15719441512076535,0.0,-0.15719441512076535,,,,hurt
fold_2,10,1,ridge,only_one_group,spread,0.6570877869283336,0.6438408971438584,-0.013246889784475191,0.32508366610770173,0.2623025960738711,-0.06278107003383065,0.15719441512076535,0.02100728174076479,-0.13618713338000055,,,,hurt
fold_2,10,1,ridge,only_one_group,midprice,0.6570877869283336,0.6435955843700718,-0.013492202558261779,0.32508366610770173,0.2610518834399432,-0.06403178266775855,0.15719441512076535,0.0,-0.15719441512076535,,,,hurt
fold_2,10,1,ridge,only_one_group,microprice,0.6570877869283336,0.6435955843700718,-0.013492202558261779,0.32508366610770173,0.2610518834399432,-0.06403178266775855,0.15719441512076535,0.0,-0.15719441512076535,,,,hurt
fold_2,10,1,ridge,only_one_group,top_of_book_imbalance,0.6570877869283336,0.6435955843700718,-0.013492202558261779,0.32508366610770173,0.2610518834399432,-0.06403178266775855,0.15719441512076535,0.0,-0.15719441512076535,,,,hurt
fold_2,10,1,ridge,only_one_group,depth_imbalance,0.6570877869283336,0.6435955843700718,-0.013492202558261779,0.32508366610770173,0.2610518834399432,-0.06403178266775855,0.15719441512076535,0.0,-0.15719441512076535,,,,hurt
fold_2,10,1,ridge,only_one_group,depth_slope,0.6570877869283336,0.6435955843700718,-0.013492202558261779,0.32508366610770173,0.2610518834399432,-0.06403178266775855,0.15719441512076535,0.0,-0.15719441512076535,,,,hurt
fold_2,10,1,ridge,only_one_group,liquidity_concentration,0.6570877869283336,0.6435955843700718,-0.013492202558261779,0.32508366610770173,0.2610518834399432,-0.06403178266775855,0.15719441512076535,0.0,-0.15719441512076535,,,,hurt
fold_2,10,1,ridge,only_one_group,snapshot_order_flow_proxy,0.6570877869283336,0.6548799719642544,-0.00220781496407918,0.32508366610770173,0.3085657812725298,-0.016517884835171914,0.15719441512076535,0.1467264644865663,-0.010467950634199058,,,,hurt
fold_2,10,1,ridge,only_one_group,volatility_proxy,0.6570877869283336,0.6432451375503767,-0.013842649377956873,0.32508366610770173,0.26136233538216325,-0.06372133072553848,0.15719441512076535,-0.0009912234575189729,-0.15818563857828433,,,,hurt
fold_2,10,1,ridge,raw_lob_only,raw_lob,0.6570877869283336,0.6435254950061328,-0.01356229192220082,0.32508366610770173,0.2677952800106853,-0.05728838609701642,0.15719441512076535,0.03028259041966571,-0.12691182470109963,,,,hurt
fold_2,10,1,ridge,derived_microstructure_only,derived_microstructure,0.6570877869283336,0.6561415805151568,-0.0009462064131767756,0.32508366610770173,0.3146375078753346,-0.010446158232367109,0.15719441512076535,0.15372370704322336,-0.0034707080775419896,,,,hurt
fold_2,10,1,ridge,no_proxy_features,no_proxy,0.6570877869283336,0.6437007184159804,-0.013387068512353162,0.32508366610770173,0.26828103450906987,-0.05680263159863186,0.15719441512076535,0.03313097472435736,-0.12406344039640799,,,,hurt
fold_2,10,2,logistic,all_features,all,0.7299456807429473,0.7299456807429473,0.0,0.5385566048105257,0.5385566048105257,0.0,0.4294531104724389,0.4294531104724389,0.0,0.08650010263598576,0.08650010263598576,0.0,neutral
fold_2,10,2,logistic,remove_one_group,price_levels,0.7299456807429473,0.7313474680217277,0.0014017872787803753,0.5385566048105257,0.5414616267919131,0.0029050219813874234,0.4294531104724389,0.4336645545938759,0.00421144412143698,0.08650010263598576,0.08687923240396837,0.0003791297679826139,helped
fold_2,10,2,logistic,remove_one_group,size_levels,0.7299456807429473,0.730681619064307,0.0007359383213596526,0.5385566048105257,0.5407952360677872,0.0022386312572615363,0.4294531104724389,0.4316698057675487,0.0022166952951098162,0.08650010263598576,0.09002124969021717,0.0035211470542314133,helped
fold_2,10,2,logistic,remove_one_group,top_of_book,0.7299456807429473,0.7304012616085509,0.0004555808656035998,0.5385566048105257,0.5396619864150205,0.001105381604494804,0.4294531104724389,0.4307569385354298,0.0013038280629908972,0.08650010263598576,0.0862506194735112,-0.0002494831624745564,neutral
fold_2,10,2,logistic,remove_one_group,spread,0.7299456807429473,0.7289994743297704,-0.0009462064131768866,0.5385566048105257,0.5356104178277553,-0.0029461869827703824,0.4294531104724389,0.42707602037864245,-0.002377090093796441,0.08650010263598576,0.09492094548456015,0.00842084284857439,hurt
fold_2,10,2,logistic,remove_one_group,midprice,0.7299456807429473,0.7305764850183984,0.0006308042754511467,0.5385566048105257,0.5401833308051286,0.0016267259946028956,0.4294531104724389,0.43112612143589574,0.0016730109634568446,0.08650010263598576,0.08644192549737362,-5.817713861214213e-05,neutral
fold_2,10,2,logistic,remove_one_group,microprice,0.7299456807429473,0.7299807254249168,3.5044681969464975e-05,0.5385566048105257,0.5385296442381465,-2.6960572379164383e-05,0.4294531104724389,0.42953635751121766,8.324703877876649e-05,0.08650010263598576,0.08662868114700643,0.0001285785110206744,neutral
fold_2,10,2,logistic,remove_one_group,top_of_book_imbalance,0.7299456807429473,0.7315927807955143,0.0016471000525669632,0.5385566048105257,0.5423872640118413,0.003830659201315645,0.4294531104724389,0.4340403522882404,0.004587241815801502,0.08650010263598576,0.08610120304975324,-0.0003988995862325151,helped
fold_2,10,2,logistic,remove_one_group,depth_imbalance,0.7299456807429473,0.7308918871561241,0.0009462064131767756,0.5385566048105257,0.5406502123065838,0.0020936074960581363,0.4294531104724389,0.4321073716685687,0.0026542611961298257,0.08650010263598576,0.08611702355468345,-0.0003830790813023066,helped
fold_2,10,2,logistic,remove_one_group,depth_slope,0.7299456807429473,0.730751708428246,0.0008060276852986936,0.5385566048105257,0.5404307287509451,0.0018741239404194143,0.4294531104724389,0.4317562039557163,0.0023030934832773964,0.08650010263598576,0.08597670819557549,-0.0005233944404102742,neutral
fold_2,10,2,logistic,remove_one_group,liquidity_concentration,0.7299456807429473,0.7312773786577886,0.0013316979148413344,0.5385566048105257,0.541487085711157,0.002930480900631305,0.4294531104724389,0.43321569826814466,0.003762587795705763,0.08650010263598576,0.08609191411893866,-0.00040818851704710335,helped
fold_2,10,2,logistic,remove_one_group,snapshot_order_flow_proxy,0.7299456807429473,0.6436656737340108,-0.08628000700893645,0.5385566048105257,0.2658104537262555,-0.2727461510842702,0.4294531104724389,0.027709347121131087,-0.4017437633513078,0.08650010263598576,0.03664452398349428,-0.04985557865249148,hurt
fold_2,10,2,logistic,remove_one_group,volatility_proxy,0.7299456807429473,0.7311021552479411,0.0011564745049937875,0.5385566048105257,0.5411816311265724,0.0026250263160466636,0.4294531104724389,0.4326950370879537,0.003241926615514812,0.08650010263598576,0.08661749063316772,0.00011738799718195858,helped
fold_2,10,2,logistic,only_one_group,price_levels,0.7299456807429473,0.6432100928684072,-0.08673558787454005,0.5385566048105257,0.26473419385991165,-0.27382241095061405,0.4294531104724389,0.017774376489106736,-0.41167873398333216,0.08650010263598576,0.03711519644581216,-0.0493849061901736,hurt
fold_2,10,2,logistic,only_one_group,size_levels,0.7299456807429473,0.6434554056421938,-0.08649027510075347,0.5385566048105257,0.2612783723725877,-0.277278232437938,0.4294531104724389,-0.0005073328892055143,-0.4299604433616444,0.08650010263598576,0.05648219276843485,-0.03001790986755091,hurt
fold_2,10,2,logistic,only_one_group,top_of_book,0.7299456807429473,0.6435955843700718,-0.0863500963728755,0.5385566048105257,0.2610518834399432,-0.2775047213705825,0.4294531104724389,0.0,-0.4294531104724389,0.08650010263598576,0.0531542139492369,-0.033345888686748856,hurt
fold_2,10,2,logistic,only_one_group,spread,0.7299456807429473,0.6441212545996146,-0.08582442614333274,0.5385566048105257,0.2644024778492377,-0.274154126961288,0.4294531104724389,0.03181853350248745,-0.3976345769699514,0.08650010263598576,0.032523329262256685,-0.053976773373729074,hurt
fold_2,10,2,logistic,only_one_group,midprice,0.7299456807429473,0.6435955843700718,-0.0863500963728755,0.5385566048105257,0.2610518834399432,-0.2775047213705825,0.4294531104724389,0.0,-0.4294531104724389,0.08650010263598576,0.05331115279657024,-0.03318894983941552,hurt
fold_2,10,2,logistic,only_one_group,microprice,0.7299456807429473,0.6435955843700718,-0.0863500963728755,0.5385566048105257,0.2610518834399432,-0.2775047213705825,0.4294531104724389,0.0,-0.4294531104724389,0.08650010263598576,0.05331089241798357,-0.03318921021800219,hurt
fold_2,10,2,logistic,only_one_group,top_of_book_imbalance,0.7299456807429473,0.6435955843700718,-0.0863500963728755,0.5385566048105257,0.2610518834399432,-0.2775047213705825,0.4294531104724389,0.0,-0.4294531104724389,0.08650010263598576,0.0359612303009405,-0.05053887233504526,hurt
fold_2,10,2,logistic,only_one_group,depth_imbalance,0.7299456807429473,0.6435955843700718,-0.0863500963728755,0.5385566048105257,0.2610518834399432,-0.2775047213705825,0.4294531104724389,0.0,-0.4294531104724389,0.08650010263598576,0.035911871957797645,-0.050588230678188115,hurt
fold_2,10,2,logistic,only_one_group,depth_slope,0.7299456807429473,0.6435955843700718,-0.0863500963728755,0.5385566048105257,0.2610518834399432,-0.2775047213705825,0.4294531104724389,0.0,-0.4294531104724389,0.08650010263598576,0.037559564992528265,-0.048940537643457495,hurt
fold_2,10,2,logistic,only_one_group,liquidity_concentration,0.7299456807429473,0.6435955843700718,-0.0863500963728755,0.5385566048105257,0.2610518834399432,-0.2775047213705825,0.4294531104724389,0.0,-0.4294531104724389,0.08650010263598576,0.035893813515508945,-0.050606289120476815,hurt
fold_2,10,2,logistic,only_one_group,snapshot_order_flow_proxy,0.7299456807429473,0.7301209041527948,0.00017522340984754692,0.5385566048105257,0.5388673505855656,0.0003107457750398668,0.4294531104724389,0.43119652227528205,0.0017434118028431533,0.08650010263598576,0.12237704723653,0.03587694460054425,neutral
fold_2,10,2,logistic,only_one_group,volatility_proxy,0.7299456807429473,0.6432451375503767,-0.08670054319257059,0.5385566048105257,0.26136233538216325,-0.27719426942836245,0.4294531104724389,-0.0009912234575189729,-0.43044433392995785,0.08650010263598576,0.035692459489897396,-0.05080764314608836,hurt
fold_2,10,2,logistic,raw_lob_only,raw_lob,0.7299456807429473,0.6430699141405292,-0.08687576660241814,0.5385566048105257,0.26549637433733025,-0.27306023047319544,0.4294531104724389,0.01852898213960973,-0.41092412833282915,0.08650010263598576,0.045748245138846226,-0.04075185749713953,hurt
fold_2,10,2,logistic,derived_microstructure_only,derived_microstructure,0.7299456807429473,0.7318030488873314,0.0018573681443840862,0.5385566048105257,0.5435988715747884,0.005042266764262671,0.4294531104724389,0.434942451121073,0.0054893406486341,0.08650010263598576,0.09071670837265973,0.00421660573667397,helped
fold_2,10,2,logistic,no_proxy_features,no_proxy,0.7299456807429473,0.6436656737340108,-0.08628000700893645,0.5385566048105257,0.2658104537262555,-0.2727461510842702,0.4294531104724389,0.027709347121131087,-0.4017437633513078,0.08650010263598576,0.03664452398349428,-0.04985557865249148,hurt
fold_2,10,2,ridge,all_features,all,0.6570877869283336,0.6570877869283336,0.0,0.32508366610770173,0.32508366610770173,0.0,0.15719441512076535,0.15719441512076535,0.0,,,,neutral
fold_2,10,2,ridge,remove_one_group,price_levels,0.6570877869283336,0.6573681443840897,0.0002803574557561639,0.32508366610770173,0.3196871362135562,-0.005396529894145519,0.15719441512076535,0.1613809775151215,0.004186562394356164,,,,hurt
fold_2,10,2,ridge,remove_one_group,size_levels,0.6570877869283336,0.6557911336954617,-0.0012966532328718694,0.32508366610770173,0.31851139242574256,-0.006572273681959173,0.15719441512076535,0.14941754408229557,-0.007776871038469774,,,,hurt
fold_2,10,2,ridge,remove_one_group,top_of_book,0.6570877869283336,0.6571228316103032,3.5044681969576e-05,0.32508366610770173,0.3249925526550487,-9.111345265300219e-05,0.15719441512076535,0.15744110779241274,0.00024669267164739717,,,,neutral
fold_2,10,2,ridge,remove_one_group,spread,0.6570877869283336,0.6561766251971264,-0.0009111617312071996,0.32508366610770173,0.3216806429885538,-0.0034030231191479188,0.15719441512076535,0.15151658772255325,-0.005677827398212099,,,,hurt
fold_2,10,2,ridge,remove_one_group,midprice,0.6570877869283336,0.6570877869283336,0.0,0.32508366610770173,0.32497818666752226,-0.00010547944017946786,0.15719441512076535,0.15720587580790749,1.1460687142139658e-05,,,,neutral
fold_2,10,2,ridge,remove_one_group,microprice,0.6570877869283336,0.6570877869283336,0.0,0.32508366610770173,0.32508366610770173,0.0,0.15719441512076535,0.15719441512076535,0.0,,,,neutral
fold_2,10,2,ridge,remove_one_group,top_of_book_imbalance,0.6570877869283336,0.6570877869283336,0.0,0.32508366610770173,0.32508366610770173,0.0,0.15719441512076535,0.15719441512076535,0.0,,,,neutral
fold_2,10,2,ridge,remove_one_group,depth_imbalance,0.6570877869283336,0.6570527422463641,-3.5044681969464975e-05,0.32508366610770173,0.32495740716011473,-0.00012625894758699907,0.15719441512076535,0.1569784779698563,-0.00021593715090903465,,,,neutral
fold_2,10,2,ridge,remove_one_group,depth_slope,0.6570877869283336,0.6570877869283336,0.0,0.32508366610770173,0.32508366610770173,0.0,0.15719441512076535,0.15719441512076535,0.0,,,,neutral
fold_2,10,2,ridge,remove_one_group,liquidity_concentration,0.6570877869283336,0.6570877869283336,0.0,0.32508366610770173,0.32508366610770173,0.0,0.15719441512076535,0.15719441512076535,0.0,,,,neutral
fold_2,10,2,ridge,remove_one_group,snapshot_order_flow_proxy,0.6570877869283336,0.6437007184159804,-0.013387068512353162,0.32508366610770173,0.26828103450906987,-0.05680263159863186,0.15719441512076535,0.03313097472435736,-0.12406344039640799,,,,hurt
fold_2,10,2,ridge,remove_one_group,volatility_proxy,0.6570877869283336,0.6571578762922726,7.008936393904097e-05,0.32508366610770173,0.3250069202907728,-7.674581692890259e-05,0.15719441512076535,0.15767677321868329,0.0004823580979179398,,,,neutral
fold_2,10,2,ridge,only_one_group,price_levels,0.6570877869283336,0.6433853162782548,-0.01370247065007879,0.32508366610770173,0.26701948770222034,-0.05806417840548139,0.15719441512076535,0.027379994906922903,-0.12981442021384243,,,,hurt
fold_2,10,2,ridge,only_one_group,size_levels,0.6570877869283336,0.6436306290520414,-0.013457157876292203,0.32508366610770173,0.26119126476444293,-0.0638924013432588,0.15719441512076535,0.00850940328427432,-0.14868501183649102,,,,hurt
fold_2,10,2,ridge,only_one_group,top_of_book,0.6570877869283336,0.6435955843700718,-0.013492202558261779,0.32508366610770173,0.2610518834399432,-0.06403178266775855,0.15719441512076535,0.0,-0.15719441512076535,,,,hurt
fold_2,10,2,ridge,only_one_group,spread,0.6570877869283336,0.6438408971438584,-0.013246889784475191,0.32508366610770173,0.2623025960738711,-0.06278107003383065,0.15719441512076535,0.02100728174076479,-0.13618713338000055,,,,hurt
fold_2,10,2,ridge,only_one_group,midprice,0.6570877869283336,0.6435955843700718,-0.013492202558261779,0.32508366610770173,0.2610518834399432,-0.06403178266775855,0.15719441512076535,0.0,-0.15719441512076535,,,,hurt
fold_2,10,2,ridge,only_one_group,microprice,0.6570877869283336,0.6435955843700718,-0.013492202558261779,0.32508366610770173,0.2610518834399432,-0.06403178266775855,0.15719441512076535,0.0,-0.15719441512076535,,,,hurt
fold_2,10,2,ridge,only_one_group,top_of_book_imbalance,0.6570877869283336,0.6435955843700718,-0.013492202558261779,0.32508366610770173,0.2610518834399432,-0.06403178266775855,0.15719441512076535,0.0,-0.15719441512076535,,,,hurt
fold_2,10,2,ridge,only_one_group,depth_imbalance,0.6570877869283336,0.6435955843700718,-0.013492202558261779,0.32508366610770173,0.2610518834399432,-0.06403178266775855,0.15719441512076535,0.0,-0.15719441512076535,,,,hurt
fold_2,10,2,ridge,only_one_group,depth_slope,0.6570877869283336,0.6435955843700718,-0.013492202558261779,0.32508366610770173,0.2610518834399432,-0.06403178266775855,0.15719441512076535,0.0,-0.15719441512076535,,,,hurt
fold_2,10,2,ridge,only_one_group,liquidity_concentration,0.6570877869283336,0.6435955843700718,-0.013492202558261779,0.32508366610770173,0.2610518834399432,-0.06403178266775855,0.15719441512076535,0.0,-0.15719441512076535,,,,hurt
fold_2,10,2,ridge,only_one_group,snapshot_order_flow_proxy,0.6570877869283336,0.6548799719642544,-0.00220781496407918,0.32508366610770173,0.3085657812725298,-0.016517884835171914,0.15719441512076535,0.1467264644865663,-0.010467950634199058,,,,hurt
fold_2,10,2,ridge,only_one_group,volatility_proxy,0.6570877869283336,0.6432451375503767,-0.013842649377956873,0.32508366610770173,0.26136233538216325,-0.06372133072553848,0.15719441512076535,-0.0009912234575189729,-0.15818563857828433,,,,hurt
fold_2,10,2,ridge,raw_lob_only,raw_lob,0.6570877869283336,0.6435254950061328,-0.01356229192220082,0.32508366610770173,0.2677952800106853,-0.05728838609701642,0.15719441512076535,0.03028259041966571,-0.12691182470109963,,,,hurt
fold_2,10,2,ridge,derived_microstructure_only,derived_microstructure,0.6570877869283336,0.6561415805151568,-0.0009462064131767756,0.32508366610770173,0.3146375078753346,-0.010446158232367109,0.15719441512076535,0.15372370704322336,-0.0034707080775419896,,,,hurt
fold_2,10,2,ridge,no_proxy_features,no_proxy,0.6570877869283336,0.6437007184159804,-0.013387068512353162,0.32508366610770173,0.26828103450906987,-0.05680263159863186,0.15719441512076535,0.03313097472435736,-0.12406344039640799,,,,hurt
fold_3,10,0,logistic,all_features,all,0.7515328309429273,0.7515328309429273,0.0,0.6435260672988871,0.6435260672988871,0.0,0.5434439767658835,0.5434439767658835,0.0,0.0805619694707606,0.0805619694707606,0.0,neutral
fold_3,10,0,logistic,remove_one_group,price_levels,0.7515328309429273,0.7526132404181185,0.0010804094751911686,0.6435260672988871,0.6454133687363637,0.0018873014374766184,0.5434439767658835,0.5457302667956796,0.0022862900297960786,0.0805619694707606,0.08094059860784208,0.0003786291370814904,neutral
fold_3,10,0,logistic,remove_one_group,size_levels,0.7515328309429273,0.7520190152067634,0.0004861842638360647,0.6435260672988871,0.6441417296787865,0.0006156623798994065,0.5434439767658835,0.5445110600689794,0.001067083303095906,0.0805619694707606,0.08059930133739517,3.733186663457122e-05,neutral
fold_3,10,0,logistic,remove_one_group,top_of_book,0.7515328309429273,0.7531804553925938,0.001647624449666485,0.6435260672988871,0.6463965098883605,0.002870442589473443,0.5434439767658835,0.5469227736462707,0.003478796880387214,0.0805619694707606,0.08123862453323243,0.0006766550624718315,helped
fold_3,10,0,logistic,remove_one_group,spread,0.7515328309429273,0.7542068443940253,0.0026740134510979674,0.6435260672988871,0.6478909836271515,0.004364916328264412,0.5434439767658835,0.5491876154636085,0.005743638697724984,0.0805619694707606,0.08964412444488408,0.009082154974123485,helped
fold_3,10,0,logistic,remove_one_group,midprice,0.7515328309429273,0.7534775679982714,0.0019447370553440368,0.6435260672988871,0.6470392065332701,0.0035131392343830115,0.5434439767658835,0.5474968081005286,0.004052831334645068,0.0805619694707606,0.0814119256832011,0.0008499562124405086,helped
fold_3,10,0,logistic,remove_one_group,microprice,0.7515328309429273,0.7518299435486049,0.00029711260567755193,0.6435260672988871,0.6441247505691785,0.0005986832702914446,0.5434439767658835,0.5440546339845188,0.000610657218635291,0.0805619694707606,0.08054730592381251,-1.466354694808214e-05,neutral
fold_3,10,0,logistic,remove_one_group,top_of_book_imbalance,0.7515328309429273,0.7531264349188342,0.0015936039759069098,0.6435260672988871,0.6464191277054864,0.0028930604065993126,0.5434439767658835,0.5466752784876094,0.003231301721725921,0.0805619694707606,0.08118009854740407,0.0006181290766434783,helped
fold_3,10,0,logistic,remove_one_group,depth_imbalance,0.7515328309429273,0.7510736569159712,-0.00045917402695616616,0.6435260672988871,0.6426606521830703,-0.0008654151158167256,0.5434439767658835,0.5425357454131279,-0.0009082313527556396,0.0805619694707606,0.08039218274954671,-0.00016978672121388538,neutral
fold_3,10,0,logistic,remove_one_group,depth_slope,0.7515328309429273,0.752316127812441,0.0007832968695136167,0.6435260672988871,0.6449865027435822,0.0014604354446950962,0.5434439767658835,0.5450558580909263,0.0016118813250427522,0.0805619694707606,0.08083260875153285,0.00027063928077225574,neutral
fold_3,10,0,logistic,remove_one_group,liquidity_concentration,0.7515328309429273,0.7530454042081949,0.0015125732652675472,0.6435260672988871,0.6462967236284832,0.002770656329596166,0.5434439767658835,0.5465883171578241,0.003144340391940559,0.0805619694707606,0.0810383219159726,0.0004763524452120055,helped
fold_3,10,0,logistic,remove_one_group,snapshot_order_flow_proxy,0.7515328309429273,0.6018961186289604,-0.1496367123139669,0.6435260672988871,0.26986573731581665,-0.3736603299830704,0.5434439767658835,0.07498547180799886,-0.46845850495788466,0.0805619694707606,0.02183546420486637,-0.05872650526589422,hurt
fold_3,10,0,logistic,remove_one_group,volatility_proxy,0.7515328309429273,0.7528293223131567,0.001296491370229358,0.6435260672988871,0.6457738554028247,0.0022477881039376646,0.5434439767658835,0.5461582942715676,0.002714317505684072,0.0805619694707606,0.0810050592646923,0.0004430897939317058,helped
fold_3,10,0,logistic,only_one_group,price_levels,0.7515328309429273,0.6003295248899333,-0.15120330605299404,0.6435260672988871,0.261834576577818,-0.38169149072106906,0.5434439767658835,0.05787668400846216,-0.4855672927574214,0.0805619694707606,0.03201086315843159,-0.04855110631232901,hurt
fold_3,10,0,logistic,only_one_group,size_levels,0.7515328309429273,0.5982497366501904,-0.1532830942927369,0.6435260672988871,0.2500606176543975,-0.39346544964448954,0.5434439767658835,0.013940700146689874,-0.5295032766191936,0.0805619694707606,0.024799673444213948,-0.05576229602654664,hurt
fold_3,10,0,logistic,only_one_group,top_of_book,0.7515328309429273,0.5981146854657915,-0.15341814547713584,0.6435260672988871,0.24950845347350156,-0.39401761382538547,0.5434439767658835,0.0,-0.5434439767658835,0.0805619694707606,0.021175279715866552,-0.05938668975489404,hurt
fold_3,10,0,logistic,only_one_group,spread,0.7515328309429273,0.6005726170218513,-0.15096021392107606,0.6435260672988871,0.26248717766557467,-0.3810388896333124,0.5434439767658835,0.06099423226474104,-0.4824497445011425,0.0805619694707606,0.018382581081932886,-0.06217938838882771,hurt
fold_3,10,0,logistic,only_one_group,midprice,0.7515328309429273,0.5981146854657915,-0.15341814547713584,0.6435260672988871,0.24950845347350156,-0.39401761382538547,0.5434439767658835,0.0,-0.5434439767658835,0.0805619694707606,0.0300187129407986,-0.05054325652996199,hurt
fold_3,10,0,logistic,only_one_group,microprice,0.7515328309429273,0.5981416957026713,-0.15339113524025605,0.6435260672988871,0.24960546937747732,-0.39392059792140977,0.5434439767658835,0.0068867492326911955,-0.5365572275331923,0.0805619694707606,0.030141592474026493,-0.0504203769967341,hurt
fold_3,10,0,logistic,only_one_group,top_of_book_imbalance,0.7515328309429273,0.5981146854657915,-0.15341814547713584,0.6435260672988871,0.24951267056530213,-0.39401339673358493,0.5434439767658835,0.0019820070650641156,-0.5414619697008194,0.0805619694707606,0.01109997330724473,-0.06946199616351587,hurt
fold_3,10,0,logistic,only_one_group,depth_imbalance,0.7515328309429273,0.5981146854657915,-0.15341814547713584,0.6435260672988871,0.24951688779965633,-0.39400917949923076,0.5434439767658835,0.0027549439504615473,-0.540689032815422,0.0805619694707606,0.011010530284047514,-0.06955143918671308,hurt
fold_3,10,0,logistic,only_one_group,depth_slope,0.7515328309429273,0.5981146854657915,-0.15341814547713584,0.6435260672988871,0.24950845347350156,-0.39401761382538547,0.5434439767658835,0.0,-0.5434439767658835,0.0805619694707606,0.017916175791991402,-0.06264579367876918,hurt
fold_3,10,0,logistic,only_one_group,liquidity_concentration,0.7515328309429273,0.5980876752289117,-0.15344515571401562,0.6435260672988871,0.24950140283270797,-0.3940246644661791,0.5434439767658835,-0.002990696443675049,-0.5464346732095585,0.0805619694707606,0.010940788122965202,-0.0696211813477954,hurt
fold_3,10,0,logistic,only_one_group,snapshot_order_flow_proxy,0.7515328309429273,0.7514518002322881,-8.10307106392516e-05,0.6435260672988871,0.6423490983176758,-0.0011769689812112238,0.5434439767658835,0.5452147155794442,0.0017707388135607127,0.0805619694707606,0.09440648693103446,0.013844517460273861,neutral
fold_3,10,0,logistic,only_one_group,volatility_proxy,0.7515328309429273,0.597574480728196,-0.15395835021473137,0.6435260672988871,0.2493673953595843,-0.39415867193930276,0.5434439767658835,-0.013378234447708926,-0.5568222112135924,0.0805619694707606,0.012156670205874033,-0.06840529926488656,hurt
fold_3,10,0,logistic,raw_lob_only,raw_lob,0.7515328309429273,0.6002214839424141,-0.15131134700051319,0.6435260672988871,0.2631861805398801,-0.380339886759007,0.5434439767658835,0.05800205589100787,-0.48544192087487564,0.0805619694707606,0.025226298571607665,-0.05533567089915293,hurt
fold_3,10,0,logistic,derived_microstructure_only,derived_microstructure,0.7515328309429273,0.7501282986251789,-0.001404532317748397,0.6435260672988871,0.6407058911913032,-0.002820176107583894,0.5434439767658835,0.5406759349703165,-0.002768041795567,0.0805619694707606,0.07858210264312036,-0.001979866827640231,hurt
fold_3,10,0,logistic,no_proxy_features,no_proxy,0.7515328309429273,0.6018961186289604,-0.1496367123139669,0.6435260672988871,0.26986573731581665,-0.3736603299830704,0.5434439767658835,0.07498547180799886,-0.46845850495788466,0.0805619694707606,0.02183546420486637,-0.05872650526589422,hurt
fold_3,10,0,ridge,all_features,all,0.6164546363071605,0.6164546363071605,0.0,0.3211712374180474,0.3211712374180474,0.0,0.1662917346734204,0.1662917346734204,0.0,,,,neutral
fold_3,10,0,ridge,remove_one_group,price_levels,0.6164546363071605,0.6162115441752424,-0.00024309213191808787,0.3211712374180474,0.3171781246017157,-0.00399311281633169,0.1662917346734204,0.16637632051390033,8.458584047993378e-05,,,,hurt
fold_3,10,0,ridge,remove_one_group,size_levels,0.6164546363071605,0.6153742268319693,-0.0010804094751911686,0.3211712374180474,0.3181361058065746,-0.0030351316114727855,0.1662917346734204,0.16069699549051572,-0.005594739182904679,,,,hurt
fold_3,10,0,ridge,remove_one_group,top_of_book,0.6164546363071605,0.6164006158334009,-5.402047375957508e-05,0.3211712374180474,0.3208640200343317,-0.0003072173837156966,0.1662917346734204,0.1660530295154617,-0.0002387051579587074,,,,neutral
fold_3,10,0,ridge,remove_one_group,spread,0.6164546363071605,0.6152661858844503,-0.0011884504227102077,0.3211712374180474,0.3195543903537608,-0.001616847064286553,0.1662917346734204,0.15965119214189277,-0.006640542531527627,,,,neutral
fold_3,10,0,ridge,remove_one_group,midprice,0.6164546363071605,0.6164546363071605,0.0,0.3211712374180474,0.3210310939141326,-0.00014014350391478025,0.1662917346734204,0.16633281186701718,4.107719359677797e-05,,,,neutral
fold_3,10,0,ridge,remove_one_group,microprice,0.6164546363071605,0.6165086567809199,5.402047375946406e-05,0.3211712374180474,0.32134200953882525,0.0001707721207778734,0.1662917346734204,0.16656161763257848,0.00026988295915808536,,,,neutral
fold_3,10,0,ridge,remove_one_group,top_of_book_imbalance,0.6164546363071605,0.6164546363071605,0.0,0.3211712374180474,0.3211712374180474,0.0,0.1662917346734204,0.1662917346734204,0.0,,,,neutral
fold_3,10,0,ridge,remove_one_group,depth_imbalance,0.6164546363071605,0.6165086567809199,5.402047375946406e-05,0.3211712374180474,0.3212676467574432,9.640933939580876e-05,0.1662917346734204,0.16658691571584763,0.00029518104242723386,,,,neutral
fold_3,10,0,ridge,remove_one_group,depth_slope,0.6164546363071605,0.6164546363071605,0.0,0.3211712374180474,0.3211712374180474,0.0,0.1662917346734204,0.1662917346734204,0.0,,,,neutral
fold_3,10,0,ridge,remove_one_group,liquidity_concentration,0.6164546363071605,0.6164816465440401,2.701023687967652e-05,0.3211712374180474,0.32118225030668673,1.1012888639361229e-05,0.1662917346734204,0.16645197674892354,0.0001602420755031364,,,,neutral
fold_3,10,0,ridge,remove_one_group,snapshot_order_flow_proxy,0.6164546363071605,0.6020041595764795,-0.014450476730681006,0.3211712374180474,0.26900160486938535,-0.052169632548662026,0.1662917346734204,0.07500629529200416,-0.09128543938141624,,,,hurt
fold_3,10,0,ridge,remove_one_group,volatility_proxy,0.6164546363071605,0.6165896874915593,0.00013505118439882668,0.3211712374180474,0.32144394294401035,0.0002727055259629796,0.1662917346734204,0.16705660986320867,0.0007648751897882666,,,,neutral
fold_3,10,0,ridge,only_one_group,price_levels,0.6164546363071605,0.6015719957864031,-0.014882640520757384,0.3211712374180474,0.2676299690038913,-0.053541268414156074,0.1662917346734204,0.07047623381966814,-0.09581550085375226,,,,hurt
fold_3,10,0,ridge,only_one_group,size_levels,0.6164546363071605,0.5981416957026713,-0.01831294060448918,0.3211712374180474,0.24968301972749418,-0.07148821769055319,0.1662917346734204,0.0061471446952417325,-0.16014458997817865,,,,hurt
fold_3,10,0,ridge,only_one_group,top_of_book,0.6164546363071605,0.5981146854657915,-0.018339950841368968,0.3211712374180474,0.24950845347350156,-0.07166278394454581,0.1662917346734204,0.0,-0.1662917346734204,,,,hurt
fold_3,10,0,ridge,only_one_group,spread,0.6164546363071605,0.6004915863112119,-0.015963049995948553,0.3211712374180474,0.26116659411129833,-0.06000464330674904,0.1662917346734204,0.05937646928240206,-0.10691526539101834,,,,hurt
fold_3,10,0,ridge,only_one_group,midprice,0.6164546363071605,0.5981146854657915,-0.018339950841368968,0.3211712374180474,0.24950845347350156,-0.07166278394454581,0.1662917346734204,0.0,-0.1662917346734204,,,,hurt
fold_3,10,0,ridge,only_one_group,microprice,0.6164546363071605,0.5981416957026713,-0.01831294060448918,0.3211712374180474,0.24960546937747732,-0.07156576804057005,0.1662917346734204,0.0068867492326911955,-0.1594049854407292,,,,hurt
fold_3,10,0,ridge,only_one_group,top_of_book_imbalance,0.6164546363071605,0.5981146854657915,-0.018339950841368968,0.3211712374180474,0.24951267056530213,-0.07165856685274524,0.1662917346734204,0.0019820070650641156,-0.16430972760835627,,,,hurt
fold_3,10,0,ridge,only_one_group,depth_imbalance,0.6164546363071605,0.5981146854657915,-0.018339950841368968,0.3211712374180474,0.24951267056530213,-0.07165856685274524,0.1662917346734204,0.0019820070650641156,-0.16430972760835627,,,,hurt
fold_3,10,0,ridge,only_one_group,depth_slope,0.6164546363071605,0.5981146854657915,-0.018339950841368968,0.3211712374180474,0.24950845347350156,-0.07166278394454581,0.1662917346734204,0.0,-0.1662917346734204,,,,hurt
fold_3,10,0,ridge,only_one_group,liquidity_concentration,0.6164546363071605,0.5980876752289117,-0.018366961078248756,0.3211712374180474,0.24950140283270797,-0.0716698345853394,0.1662917346734204,-0.002990696443675049,-0.16928243111709546,,,,hurt
fold_3,10,0,ridge,only_one_group,snapshot_order_flow_proxy,0.6164546363071605,0.6124031007751938,-0.004051535531966688,0.3211712374180474,0.2996014104195848,-0.02156982699846255,0.1662917346734204,0.15391465538650678,-0.012377079286913617,,,,hurt
fold_3,10,0,ridge,only_one_group,volatility_proxy,0.6164546363071605,0.597574480728196,-0.018880155578964497,0.3211712374180474,0.2493673953595843,-0.07180384205846307,0.1662917346734204,-0.013378234447708926,-0.1796699691211293,,,,hurt
fold_3,10,0,ridge,raw_lob_only,raw_lob,0.6164546363071605,0.6013829241282446,-0.015071712178915897,0.3211712374180474,0.26714787304264004,-0.054023364375407334,0.1662917346734204,0.06880804360996595,-0.09748369106345445,,,,hurt
fold_3,10,0,ridge,derived_microstructure_only,derived_microstructure,0.6164546363071605,0.6139967047511007,-0.002457931556059778,0.3211712374180474,0.3114245362658098,-0.00974670115223758,0.1662917346734204,0.15442555996294935,-0.01186617471047105,,,,hurt
fold_3,10,0,ridge,no_proxy_features,no_proxy,0.6164546363071605,0.6020041595764795,-0.014450476730681006,0.3211712374180474,0.26900160486938535,-0.052169632548662026,0.1662917346734204,0.07500629529200416,-0.09128543938141624,,,,hurt
fold_3,10,1,logistic,all_features,all,0.7515328309429273,0.7515328309429273,0.0,0.6435260672988871,0.6435260672988871,0.0,0.5434439767658835,0.5434439767658835,0.0,0.0805619694707606,0.0805619694707606,0.0,neutral
fold_3,10,1,logistic,remove_one_group,price_levels,0.7515328309429273,0.7526132404181185,0.0010804094751911686,0.6435260672988871,0.6454133687363637,0.0018873014374766184,0.5434439767658835,0.5457302667956796,0.0022862900297960786,0.0805619694707606,0.08094059860784208,0.0003786291370814904,neutral
fold_3,10,1,logistic,remove_one_group,size_levels,0.7515328309429273,0.7520190152067634,0.0004861842638360647,0.6435260672988871,0.6441417296787865,0.0006156623798994065,0.5434439767658835,0.5445110600689794,0.001067083303095906,0.0805619694707606,0.08059930133739517,3.733186663457122e-05,neutral
fold_3,10,1,logistic,remove_one_group,top_of_book,0.7515328309429273,0.7531804553925938,0.001647624449666485,0.6435260672988871,0.6463965098883605,0.002870442589473443,0.5434439767658835,0.5469227736462707,0.003478796880387214,0.0805619694707606,0.08123862453323243,0.0006766550624718315,helped
fold_3,10,1,logistic,remove_one_group,spread,0.7515328309429273,0.7542068443940253,0.0026740134510979674,0.6435260672988871,0.6478909836271515,0.004364916328264412,0.5434439767658835,0.5491876154636085,0.005743638697724984,0.0805619694707606,0.08964412444488408,0.009082154974123485,helped
fold_3,10,1,logistic,remove_one_group,midprice,0.7515328309429273,0.7534775679982714,0.0019447370553440368,0.6435260672988871,0.6470392065332701,0.0035131392343830115,0.5434439767658835,0.5474968081005286,0.004052831334645068,0.0805619694707606,0.0814119256832011,0.0008499562124405086,helped
fold_3,10,1,logistic,remove_one_group,microprice,0.7515328309429273,0.7518299435486049,0.00029711260567755193,0.6435260672988871,0.6441247505691785,0.0005986832702914446,0.5434439767658835,0.5440546339845188,0.000610657218635291,0.0805619694707606,0.08054730592381251,-1.466354694808214e-05,neutral
fold_3,10,1,logistic,remove_one_group,top_of_book_imbalance,0.7515328309429273,0.7531264349188342,0.0015936039759069098,0.6435260672988871,0.6464191277054864,0.0028930604065993126,0.5434439767658835,0.5466752784876094,0.003231301721725921,0.0805619694707606,0.08118009854740407,0.0006181290766434783,helped
fold_3,10,1,logistic,remove_one_group,depth_imbalance,0.7515328309429273,0.7510736569159712,-0.00045917402695616616,0.6435260672988871,0.6426606521830703,-0.0008654151158167256,0.5434439767658835,0.5425357454131279,-0.0009082313527556396,0.0805619694707606,0.08039218274954671,-0.00016978672121388538,neutral
fold_3,10,1,logistic,remove_one_group,depth_slope,0.7515328309429273,0.752316127812441,0.0007832968695136167,0.6435260672988871,0.6449865027435822,0.0014604354446950962,0.5434439767658835,0.5450558580909263,0.0016118813250427522,0.0805619694707606,0.08083260875153285,0.00027063928077225574,neutral
fold_3,10,1,logistic,remove_one_group,liquidity_concentration,0.7515328309429273,0.7530454042081949,0.0015125732652675472,0.6435260672988871,0.6462967236284832,0.002770656329596166,0.5434439767658835,0.5465883171578241,0.003144340391940559,0.0805619694707606,0.0810383219159726,0.0004763524452120055,helped
fold_3,10,1,logistic,remove_one_group,snapshot_order_flow_proxy,0.7515328309429273,0.6018961186289604,-0.1496367123139669,0.6435260672988871,0.26986573731581665,-0.3736603299830704,0.5434439767658835,0.07498547180799886,-0.46845850495788466,0.0805619694707606,0.02183546420486637,-0.05872650526589422,hurt
fold_3,10,1,logistic,remove_one_group,volatility_proxy,0.7515328309429273,0.7528293223131567,0.001296491370229358,0.6435260672988871,0.6457738554028247,0.0022477881039376646,0.5434439767658835,0.5461582942715676,0.002714317505684072,0.0805619694707606,0.0810050592646923,0.0004430897939317058,helped
fold_3,10,1,logistic,only_one_group,price_levels,0.7515328309429273,0.6003295248899333,-0.15120330605299404,0.6435260672988871,0.261834576577818,-0.38169149072106906,0.5434439767658835,0.05787668400846216,-0.4855672927574214,0.0805619694707606,0.03201086315843159,-0.04855110631232901,hurt
fold_3,10,1,logistic,only_one_group,size_levels,0.7515328309429273,0.5982497366501904,-0.1532830942927369,0.6435260672988871,0.2500606176543975,-0.39346544964448954,0.5434439767658835,0.013940700146689874,-0.5295032766191936,0.0805619694707606,0.024799673444213948,-0.05576229602654664,hurt
fold_3,10,1,logistic,only_one_group,top_of_book,0.7515328309429273,0.5981146854657915,-0.15341814547713584,0.6435260672988871,0.24950845347350156,-0.39401761382538547,0.5434439767658835,0.0,-0.5434439767658835,0.0805619694707606,0.021175279715866552,-0.05938668975489404,hurt
fold_3,10,1,logistic,only_one_group,spread,0.7515328309429273,0.6005726170218513,-0.15096021392107606,0.6435260672988871,0.26248717766557467,-0.3810388896333124,0.5434439767658835,0.06099423226474104,-0.4824497445011425,0.0805619694707606,0.018382581081932886,-0.06217938838882771,hurt
fold_3,10,1,logistic,only_one_group,midprice,0.7515328309429273,0.5981146854657915,-0.15341814547713584,0.6435260672988871,0.24950845347350156,-0.39401761382538547,0.5434439767658835,0.0,-0.5434439767658835,0.0805619694707606,0.0300187129407986,-0.05054325652996199,hurt
fold_3,10,1,logistic,only_one_group,microprice,0.7515328309429273,0.5981416957026713,-0.15339113524025605,0.6435260672988871,0.24960546937747732,-0.39392059792140977,0.5434439767658835,0.0068867492326911955,-0.5365572275331923,0.0805619694707606,0.030141592474026493,-0.0504203769967341,hurt
fold_3,10,1,logistic,only_one_group,top_of_book_imbalance,0.7515328309429273,0.5981146854657915,-0.15341814547713584,0.6435260672988871,0.24951267056530213,-0.39401339673358493,0.5434439767658835,0.0019820070650641156,-0.5414619697008194,0.0805619694707606,0.01109997330724473,-0.06946199616351587,hurt
fold_3,10,1,logistic,only_one_group,depth_imbalance,0.7515328309429273,0.5981146854657915,-0.15341814547713584,0.6435260672988871,0.24951688779965633,-0.39400917949923076,0.5434439767658835,0.0027549439504615473,-0.540689032815422,0.0805619694707606,0.011010530284047514,-0.06955143918671308,hurt
fold_3,10,1,logistic,only_one_group,depth_slope,0.7515328309429273,0.5981146854657915,-0.15341814547713584,0.6435260672988871,0.24950845347350156,-0.39401761382538547,0.5434439767658835,0.0,-0.5434439767658835,0.0805619694707606,0.017916175791991402,-0.06264579367876918,hurt
fold_3,10,1,logistic,only_one_group,liquidity_concentration,0.7515328309429273,0.5980876752289117,-0.15344515571401562,0.6435260672988871,0.24950140283270797,-0.3940246644661791,0.5434439767658835,-0.002990696443675049,-0.5464346732095585,0.0805619694707606,0.010940788122965202,-0.0696211813477954,hurt
fold_3,10,1,logistic,only_one_group,snapshot_order_flow_proxy,0.7515328309429273,0.7514518002322881,-8.10307106392516e-05,0.6435260672988871,0.6423490983176758,-0.0011769689812112238,0.5434439767658835,0.5452147155794442,0.0017707388135607127,0.0805619694707606,0.09440648693103446,0.013844517460273861,neutral
fold_3,10,1,logistic,only_one_group,volatility_proxy,0.7515328309429273,0.597574480728196,-0.15395835021473137,0.6435260672988871,0.2493673953595843,-0.39415867193930276,0.5434439767658835,-0.013378234447708926,-0.5568222112135924,0.0805619694707606,0.012156670205874033,-0.06840529926488656,hurt
fold_3,10,1,logistic,raw_lob_only,raw_lob,0.7515328309429273,0.6002214839424141,-0.15131134700051319,0.6435260672988871,0.2631861805398801,-0.380339886759007,0.5434439767658835,0.05800205589100787,-0.48544192087487564,0.0805619694707606,0.025226298571607665,-0.05533567089915293,hurt
fold_3,10,1,logistic,derived_microstructure_only,derived_microstructure,0.7515328309429273,0.7501282986251789,-0.001404532317748397,0.6435260672988871,0.6407058911913032,-0.002820176107583894,0.5434439767658835,0.5406759349703165,-0.002768041795567,0.0805619694707606,0.07858210264312036,-0.001979866827640231,hurt
fold_3,10,1,logistic,no_proxy_features,no_proxy,0.7515328309429273,0.6018961186289604,-0.1496367123139669,0.6435260672988871,0.26986573731581665,-0.3736603299830704,0.5434439767658835,0.07498547180799886,-0.46845850495788466,0.0805619694707606,0.02183546420486637,-0.05872650526589422,hurt
fold_3,10,1,ridge,all_features,all,0.6164546363071605,0.6164546363071605,0.0,0.3211712374180474,0.3211712374180474,0.0,0.1662917346734204,0.1662917346734204,0.0,,,,neutral
fold_3,10,1,ridge,remove_one_group,price_levels,0.6164546363071605,0.6162115441752424,-0.00024309213191808787,0.3211712374180474,0.3171781246017157,-0.00399311281633169,0.1662917346734204,0.16637632051390033,8.458584047993378e-05,,,,hurt
fold_3,10,1,ridge,remove_one_group,size_levels,0.6164546363071605,0.6153742268319693,-0.0010804094751911686,0.3211712374180474,0.3181361058065746,-0.0030351316114727855,0.1662917346734204,0.16069699549051572,-0.005594739182904679,,,,hurt
fold_3,10,1,ridge,remove_one_group,top_of_book,0.6164546363071605,0.6164006158334009,-5.402047375957508e-05,0.3211712374180474,0.3208640200343317,-0.0003072173837156966,0.1662917346734204,0.1660530295154617,-0.0002387051579587074,,,,neutral
fold_3,10,1,ridge,remove_one_group,spread,0.6164546363071605,0.6152661858844503,-0.0011884504227102077,0.3211712374180474,0.3195543903537608,-0.001616847064286553,0.1662917346734204,0.15965119214189277,-0.006640542531527627,,,,neutral
fold_3,10,1,ridge,remove_one_group,midprice,0.6164546363071605,0.6164546363071605,0.0,0.3211712374180474,0.3210310939141326,-0.00014014350391478025,0.1662917346734204,0.16633281186701718,4.107719359677797e-05,,,,neutral
fold_3,10,1,ridge,remove_one_group,microprice,0.6164546363071605,0.6165086567809199,5.402047375946406e-05,0.3211712374180474,0.32134200953882525,0.0001707721207778734,0.1662917346734204,0.16656161763257848,0.00026988295915808536,,,,neutral
fold_3,10,1,ridge,remove_one_group,top_of_book_imbalance,0.6164546363071605,0.6164546363071605,0.0,0.3211712374180474,0.3211712374180474,0.0,0.1662917346734204,0.1662917346734204,0.0,,,,neutral
fold_3,10,1,ridge,remove_one_group,depth_imbalance,0.6164546363071605,0.6165086567809199,5.402047375946406e-05,0.3211712374180474,0.3212676467574432,9.640933939580876e-05,0.1662917346734204,0.16658691571584763,0.00029518104242723386,,,,neutral
fold_3,10,1,ridge,remove_one_group,depth_slope,0.6164546363071605,0.6164546363071605,0.0,0.3211712374180474,0.3211712374180474,0.0,0.1662917346734204,0.1662917346734204,0.0,,,,neutral
fold_3,10,1,ridge,remove_one_group,liquidity_concentration,0.6164546363071605,0.6164816465440401,2.701023687967652e-05,0.3211712374180474,0.32118225030668673,1.1012888639361229e-05,0.1662917346734204,0.16645197674892354,0.0001602420755031364,,,,neutral
fold_3,10,1,ridge,remove_one_group,snapshot_order_flow_proxy,0.6164546363071605,0.6020041595764795,-0.014450476730681006,0.3211712374180474,0.26900160486938535,-0.052169632548662026,0.1662917346734204,0.07500629529200416,-0.09128543938141624,,,,hurt
fold_3,10,1,ridge,remove_one_group,volatility_proxy,0.6164546363071605,0.6165896874915593,0.00013505118439882668,0.3211712374180474,0.32144394294401035,0.0002727055259629796,0.1662917346734204,0.16705660986320867,0.0007648751897882666,,,,neutral
fold_3,10,1,ridge,only_one_group,price_levels,0.6164546363071605,0.6015719957864031,-0.014882640520757384,0.3211712374180474,0.2676299690038913,-0.053541268414156074,0.1662917346734204,0.07047623381966814,-0.09581550085375226,,,,hurt
fold_3,10,1,ridge,only_one_group,size_levels,0.6164546363071605,0.5981416957026713,-0.01831294060448918,0.3211712374180474,0.24968301972749418,-0.07148821769055319,0.1662917346734204,0.0061471446952417325,-0.16014458997817865,,,,hurt
fold_3,10,1,ridge,only_one_group,top_of_book,0.6164546363071605,0.5981146854657915,-0.018339950841368968,0.3211712374180474,0.24950845347350156,-0.07166278394454581,0.1662917346734204,0.0,-0.1662917346734204,,,,hurt
fold_3,10,1,ridge,only_one_group,spread,0.6164546363071605,0.6004915863112119,-0.015963049995948553,0.3211712374180474,0.26116659411129833,-0.06000464330674904,0.1662917346734204,0.05937646928240206,-0.10691526539101834,,,,hurt
fold_3,10,1,ridge,only_one_group,midprice,0.6164546363071605,0.5981146854657915,-0.018339950841368968,0.3211712374180474,0.24950845347350156,-0.07166278394454581,0.1662917346734204,0.0,-0.1662917346734204,,,,hurt
fold_3,10,1,ridge,only_one_group,microprice,0.6164546363071605,0.5981416957026713,-0.01831294060448918,0.3211712374180474,0.24960546937747732,-0.07156576804057005,0.1662917346734204,0.0068867492326911955,-0.1594049854407292,,,,hurt
fold_3,10,1,ridge,only_one_group,top_of_book_imbalance,0.6164546363071605,0.5981146854657915,-0.018339950841368968,0.3211712374180474,0.24951267056530213,-0.07165856685274524,0.1662917346734204,0.0019820070650641156,-0.16430972760835627,,,,hurt
fold_3,10,1,ridge,only_one_group,depth_imbalance,0.6164546363071605,0.5981146854657915,-0.018339950841368968,0.3211712374180474,0.24951267056530213,-0.07165856685274524,0.1662917346734204,0.0019820070650641156,-0.16430972760835627,,,,hurt
fold_3,10,1,ridge,only_one_group,depth_slope,0.6164546363071605,0.5981146854657915,-0.018339950841368968,0.3211712374180474,0.24950845347350156,-0.07166278394454581,0.1662917346734204,0.0,-0.1662917346734204,,,,hurt
fold_3,10,1,ridge,only_one_group,liquidity_concentration,0.6164546363071605,0.5980876752289117,-0.018366961078248756,0.3211712374180474,0.24950140283270797,-0.0716698345853394,0.1662917346734204,-0.002990696443675049,-0.16928243111709546,,,,hurt
fold_3,10,1,ridge,only_one_group,snapshot_order_flow_proxy,0.6164546363071605,0.6124031007751938,-0.004051535531966688,0.3211712374180474,0.2996014104195848,-0.02156982699846255,0.1662917346734204,0.15391465538650678,-0.012377079286913617,,,,hurt
fold_3,10,1,ridge,only_one_group,volatility_proxy,0.6164546363071605,0.597574480728196,-0.018880155578964497,0.3211712374180474,0.2493673953595843,-0.07180384205846307,0.1662917346734204,-0.013378234447708926,-0.1796699691211293,,,,hurt
fold_3,10,1,ridge,raw_lob_only,raw_lob,0.6164546363071605,0.6013829241282446,-0.015071712178915897,0.3211712374180474,0.26714787304264004,-0.054023364375407334,0.1662917346734204,0.06880804360996595,-0.09748369106345445,,,,hurt
fold_3,10,1,ridge,derived_microstructure_only,derived_microstructure,0.6164546363071605,0.6139967047511007,-0.002457931556059778,0.3211712374180474,0.3114245362658098,-0.00974670115223758,0.1662917346734204,0.15442555996294935,-0.01186617471047105,,,,hurt
fold_3,10,1,ridge,no_proxy_features,no_proxy,0.6164546363071605,0.6020041595764795,-0.014450476730681006,0.3211712374180474,0.26900160486938535,-0.052169632548662026,0.1662917346734204,0.07500629529200416,-0.09128543938141624,,,,hurt
fold_3,10,2,logistic,all_features,all,0.7515328309429273,0.7515328309429273,0.0,0.6435260672988871,0.6435260672988871,0.0,0.5434439767658835,0.5434439767658835,0.0,0.0805619694707606,0.0805619694707606,0.0,neutral
fold_3,10,2,logistic,remove_one_group,price_levels,0.7515328309429273,0.7526132404181185,0.0010804094751911686,0.6435260672988871,0.6454133687363637,0.0018873014374766184,0.5434439767658835,0.5457302667956796,0.0022862900297960786,0.0805619694707606,0.08094059860784208,0.0003786291370814904,neutral
fold_3,10,2,logistic,remove_one_group,size_levels,0.7515328309429273,0.7520190152067634,0.0004861842638360647,0.6435260672988871,0.6441417296787865,0.0006156623798994065,0.5434439767658835,0.5445110600689794,0.001067083303095906,0.0805619694707606,0.08059930133739517,3.733186663457122e-05,neutral
fold_3,10,2,logistic,remove_one_group,top_of_book,0.7515328309429273,0.7531804553925938,0.001647624449666485,0.6435260672988871,0.6463965098883605,0.002870442589473443,0.5434439767658835,0.5469227736462707,0.003478796880387214,0.0805619694707606,0.08123862453323243,0.0006766550624718315,helped
fold_3,10,2,logistic,remove_one_group,spread,0.7515328309429273,0.7542068443940253,0.0026740134510979674,0.6435260672988871,0.6478909836271515,0.004364916328264412,0.5434439767658835,0.5491876154636085,0.005743638697724984,0.0805619694707606,0.08964412444488408,0.009082154974123485,helped
fold_3,10,2,logistic,remove_one_group,midprice,0.7515328309429273,0.7534775679982714,0.0019447370553440368,0.6435260672988871,0.6470392065332701,0.0035131392343830115,0.5434439767658835,0.5474968081005286,0.004052831334645068,0.0805619694707606,0.0814119256832011,0.0008499562124405086,helped
fold_3,10,2,logistic,remove_one_group,microprice,0.7515328309429273,0.7518299435486049,0.00029711260567755193,0.6435260672988871,0.6441247505691785,0.0005986832702914446,0.5434439767658835,0.5440546339845188,0.000610657218635291,0.0805619694707606,0.08054730592381251,-1.466354694808214e-05,neutral
fold_3,10,2,logistic,remove_one_group,top_of_book_imbalance,0.7515328309429273,0.7531264349188342,0.0015936039759069098,0.6435260672988871,0.6464191277054864,0.0028930604065993126,0.5434439767658835,0.5466752784876094,0.003231301721725921,0.0805619694707606,0.08118009854740407,0.0006181290766434783,helped
fold_3,10,2,logistic,remove_one_group,depth_imbalance,0.7515328309429273,0.7510736569159712,-0.00045917402695616616,0.6435260672988871,0.6426606521830703,-0.0008654151158167256,0.5434439767658835,0.5425357454131279,-0.0009082313527556396,0.0805619694707606,0.08039218274954671,-0.00016978672121388538,neutral
fold_3,10,2,logistic,remove_one_group,depth_slope,0.7515328309429273,0.752316127812441,0.0007832968695136167,0.6435260672988871,0.6449865027435822,0.0014604354446950962,0.5434439767658835,0.5450558580909263,0.0016118813250427522,0.0805619694707606,0.08083260875153285,0.00027063928077225574,neutral
fold_3,10,2,logistic,remove_one_group,liquidity_concentration,0.7515328309429273,0.7530454042081949,0.0015125732652675472,0.6435260672988871,0.6462967236284832,0.002770656329596166,0.5434439767658835,0.5465883171578241,0.003144340391940559,0.0805619694707606,0.0810383219159726,0.0004763524452120055,helped
fold_3,10,2,logistic,remove_one_group,snapshot_order_flow_proxy,0.7515328309429273,0.6018961186289604,-0.1496367123139669,0.6435260672988871,0.26986573731581665,-0.3736603299830704,0.5434439767658835,0.07498547180799886,-0.46845850495788466,0.0805619694707606,0.02183546420486637,-0.05872650526589422,hurt
fold_3,10,2,logistic,remove_one_group,volatility_proxy,0.7515328309429273,0.7528293223131567,0.001296491370229358,0.6435260672988871,0.6457738554028247,0.0022477881039376646,0.5434439767658835,0.5461582942715676,0.002714317505684072,0.0805619694707606,0.0810050592646923,0.0004430897939317058,helped
fold_3,10,2,logistic,only_one_group,price_levels,0.7515328309429273,0.6003295248899333,-0.15120330605299404,0.6435260672988871,0.261834576577818,-0.38169149072106906,0.5434439767658835,0.05787668400846216,-0.4855672927574214,0.0805619694707606,0.03201086315843159,-0.04855110631232901,hurt
fold_3,10,2,logistic,only_one_group,size_levels,0.7515328309429273,0.5982497366501904,-0.1532830942927369,0.6435260672988871,0.2500606176543975,-0.39346544964448954,0.5434439767658835,0.013940700146689874,-0.5295032766191936,0.0805619694707606,0.024799673444213948,-0.05576229602654664,hurt
fold_3,10,2,logistic,only_one_group,top_of_book,0.7515328309429273,0.5981146854657915,-0.15341814547713584,0.6435260672988871,0.24950845347350156,-0.39401761382538547,0.5434439767658835,0.0,-0.5434439767658835,0.0805619694707606,0.021175279715866552,-0.05938668975489404,hurt
fold_3,10,2,logistic,only_one_group,spread,0.7515328309429273,0.6005726170218513,-0.15096021392107606,0.6435260672988871,0.26248717766557467,-0.3810388896333124,0.5434439767658835,0.06099423226474104,-0.4824497445011425,0.0805619694707606,0.018382581081932886,-0.06217938838882771,hurt
fold_3,10,2,logistic,only_one_group,midprice,0.7515328309429273,0.5981146854657915,-0.15341814547713584,0.6435260672988871,0.24950845347350156,-0.39401761382538547,0.5434439767658835,0.0,-0.5434439767658835,0.0805619694707606,0.0300187129407986,-0.05054325652996199,hurt
fold_3,10,2,logistic,only_one_group,microprice,0.7515328309429273,0.5981416957026713,-0.15339113524025605,0.6435260672988871,0.24960546937747732,-0.39392059792140977,0.5434439767658835,0.0068867492326911955,-0.5365572275331923,0.0805619694707606,0.030141592474026493,-0.0504203769967341,hurt
fold_3,10,2,logistic,only_one_group,top_of_book_imbalance,0.7515328309429273,0.5981146854657915,-0.15341814547713584,0.6435260672988871,0.24951267056530213,-0.39401339673358493,0.5434439767658835,0.0019820070650641156,-0.5414619697008194,0.0805619694707606,0.01109997330724473,-0.06946199616351587,hurt
fold_3,10,2,logistic,only_one_group,depth_imbalance,0.7515328309429273,0.5981146854657915,-0.15341814547713584,0.6435260672988871,0.24951688779965633,-0.39400917949923076,0.5434439767658835,0.0027549439504615473,-0.540689032815422,0.0805619694707606,0.011010530284047514,-0.06955143918671308,hurt
fold_3,10,2,logistic,only_one_group,depth_slope,0.7515328309429273,0.5981146854657915,-0.15341814547713584,0.6435260672988871,0.24950845347350156,-0.39401761382538547,0.5434439767658835,0.0,-0.5434439767658835,0.0805619694707606,0.017916175791991402,-0.06264579367876918,hurt
fold_3,10,2,logistic,only_one_group,liquidity_concentration,0.7515328309429273,0.5980876752289117,-0.15344515571401562,0.6435260672988871,0.24950140283270797,-0.3940246644661791,0.5434439767658835,-0.002990696443675049,-0.5464346732095585,0.0805619694707606,0.010940788122965202,-0.0696211813477954,hurt
fold_3,10,2,logistic,only_one_group,snapshot_order_flow_proxy,0.7515328309429273,0.7514518002322881,-8.10307106392516e-05,0.6435260672988871,0.6423490983176758,-0.0011769689812112238,0.5434439767658835,0.5452147155794442,0.0017707388135607127,0.0805619694707606,0.09440648693103446,0.013844517460273861,neutral
fold_3,10,2,logistic,only_one_group,volatility_proxy,0.7515328309429273,0.597574480728196,-0.15395835021473137,0.6435260672988871,0.2493673953595843,-0.39415867193930276,0.5434439767658835,-0.013378234447708926,-0.5568222112135924,0.0805619694707606,0.012156670205874033,-0.06840529926488656,hurt
fold_3,10,2,logistic,raw_lob_only,raw_lob,0.7515328309429273,0.6002214839424141,-0.15131134700051319,0.6435260672988871,0.2631861805398801,-0.380339886759007,0.5434439767658835,0.05800205589100787,-0.48544192087487564,0.0805619694707606,0.025226298571607665,-0.05533567089915293,hurt
fold_3,10,2,logistic,derived_microstructure_only,derived_microstructure,0.7515328309429273,0.7501282986251789,-0.001404532317748397,0.6435260672988871,0.6407058911913032,-0.002820176107583894,0.5434439767658835,0.5406759349703165,-0.002768041795567,0.0805619694707606,0.07858210264312036,-0.001979866827640231,hurt
fold_3,10,2,logistic,no_proxy_features,no_proxy,0.7515328309429273,0.6018961186289604,-0.1496367123139669,0.6435260672988871,0.26986573731581665,-0.3736603299830704,0.5434439767658835,0.07498547180799886,-0.46845850495788466,0.0805619694707606,0.02183546420486637,-0.05872650526589422,hurt
fold_3,10,2,ridge,all_features,all,0.6164546363071605,0.6164546363071605,0.0,0.3211712374180474,0.3211712374180474,0.0,0.1662917346734204,0.1662917346734204,0.0,,,,neutral
fold_3,10,2,ridge,remove_one_group,price_levels,0.6164546363071605,0.6162115441752424,-0.00024309213191808787,0.3211712374180474,0.3171781246017157,-0.00399311281633169,0.1662917346734204,0.16637632051390033,8.458584047993378e-05,,,,hurt
fold_3,10,2,ridge,remove_one_group,size_levels,0.6164546363071605,0.6153742268319693,-0.0010804094751911686,0.3211712374180474,0.3181361058065746,-0.0030351316114727855,0.1662917346734204,0.16069699549051572,-0.005594739182904679,,,,hurt
fold_3,10,2,ridge,remove_one_group,top_of_book,0.6164546363071605,0.6164006158334009,-5.402047375957508e-05,0.3211712374180474,0.3208640200343317,-0.0003072173837156966,0.1662917346734204,0.1660530295154617,-0.0002387051579587074,,,,neutral
fold_3,10,2,ridge,remove_one_group,spread,0.6164546363071605,0.6152661858844503,-0.0011884504227102077,0.3211712374180474,0.3195543903537608,-0.001616847064286553,0.1662917346734204,0.15965119214189277,-0.006640542531527627,,,,neutral
fold_3,10,2,ridge,remove_one_group,midprice,0.6164546363071605,0.6164546363071605,0.0,0.3211712374180474,0.3210310939141326,-0.00014014350391478025,0.1662917346734204,0.16633281186701718,4.107719359677797e-05,,,,neutral
fold_3,10,2,ridge,remove_one_group,microprice,0.6164546363071605,0.6165086567809199,5.402047375946406e-05,0.3211712374180474,0.32134200953882525,0.0001707721207778734,0.1662917346734204,0.16656161763257848,0.00026988295915808536,,,,neutral
fold_3,10,2,ridge,remove_one_group,top_of_book_imbalance,0.6164546363071605,0.6164546363071605,0.0,0.3211712374180474,0.3211712374180474,0.0,0.1662917346734204,0.1662917346734204,0.0,,,,neutral
fold_3,10,2,ridge,remove_one_group,depth_imbalance,0.6164546363071605,0.6165086567809199,5.402047375946406e-05,0.3211712374180474,0.3212676467574432,9.640933939580876e-05,0.1662917346734204,0.16658691571584763,0.00029518104242723386,,,,neutral
fold_3,10,2,ridge,remove_one_group,depth_slope,0.6164546363071605,0.6164546363071605,0.0,0.3211712374180474,0.3211712374180474,0.0,0.1662917346734204,0.1662917346734204,0.0,,,,neutral
fold_3,10,2,ridge,remove_one_group,liquidity_concentration,0.6164546363071605,0.6164816465440401,2.701023687967652e-05,0.3211712374180474,0.32118225030668673,1.1012888639361229e-05,0.1662917346734204,0.16645197674892354,0.0001602420755031364,,,,neutral
fold_3,10,2,ridge,remove_one_group,snapshot_order_flow_proxy,0.6164546363071605,0.6020041595764795,-0.014450476730681006,0.3211712374180474,0.26900160486938535,-0.052169632548662026,0.1662917346734204,0.07500629529200416,-0.09128543938141624,,,,hurt
fold_3,10,2,ridge,remove_one_group,volatility_proxy,0.6164546363071605,0.6165896874915593,0.00013505118439882668,0.3211712374180474,0.32144394294401035,0.0002727055259629796,0.1662917346734204,0.16705660986320867,0.0007648751897882666,,,,neutral
fold_3,10,2,ridge,only_one_group,price_levels,0.6164546363071605,0.6015719957864031,-0.014882640520757384,0.3211712374180474,0.2676299690038913,-0.053541268414156074,0.1662917346734204,0.07047623381966814,-0.09581550085375226,,,,hurt
fold_3,10,2,ridge,only_one_group,size_levels,0.6164546363071605,0.5981416957026713,-0.01831294060448918,0.3211712374180474,0.24968301972749418,-0.07148821769055319,0.1662917346734204,0.0061471446952417325,-0.16014458997817865,,,,hurt
fold_3,10,2,ridge,only_one_group,top_of_book,0.6164546363071605,0.5981146854657915,-0.018339950841368968,0.3211712374180474,0.24950845347350156,-0.07166278394454581,0.1662917346734204,0.0,-0.1662917346734204,,,,hurt
fold_3,10,2,ridge,only_one_group,spread,0.6164546363071605,0.6004915863112119,-0.015963049995948553,0.3211712374180474,0.26116659411129833,-0.06000464330674904,0.1662917346734204,0.05937646928240206,-0.10691526539101834,,,,hurt
fold_3,10,2,ridge,only_one_group,midprice,0.6164546363071605,0.5981146854657915,-0.018339950841368968,0.3211712374180474,0.24950845347350156,-0.07166278394454581,0.1662917346734204,0.0,-0.1662917346734204,,,,hurt
fold_3,10,2,ridge,only_one_group,microprice,0.6164546363071605,0.5981416957026713,-0.01831294060448918,0.3211712374180474,0.24960546937747732,-0.07156576804057005,0.1662917346734204,0.0068867492326911955,-0.1594049854407292,,,,hurt
fold_3,10,2,ridge,only_one_group,top_of_book_imbalance,0.6164546363071605,0.5981146854657915,-0.018339950841368968,0.3211712374180474,0.24951267056530213,-0.07165856685274524,0.1662917346734204,0.0019820070650641156,-0.16430972760835627,,,,hurt
fold_3,10,2,ridge,only_one_group,depth_imbalance,0.6164546363071605,0.5981146854657915,-0.018339950841368968,0.3211712374180474,0.24951267056530213,-0.07165856685274524,0.1662917346734204,0.0019820070650641156,-0.16430972760835627,,,,hurt
fold_3,10,2,ridge,only_one_group,depth_slope,0.6164546363071605,0.5981146854657915,-0.018339950841368968,0.3211712374180474,0.24950845347350156,-0.07166278394454581,0.1662917346734204,0.0,-0.1662917346734204,,,,hurt
fold_3,10,2,ridge,only_one_group,liquidity_concentration,0.6164546363071605,0.5980876752289117,-0.018366961078248756,0.3211712374180474,0.24950140283270797,-0.0716698345853394,0.1662917346734204,-0.002990696443675049,-0.16928243111709546,,,,hurt
fold_3,10,2,ridge,only_one_group,snapshot_order_flow_proxy,0.6164546363071605,0.6124031007751938,-0.004051535531966688,0.3211712374180474,0.2996014104195848,-0.02156982699846255,0.1662917346734204,0.15391465538650678,-0.012377079286913617,,,,hurt
fold_3,10,2,ridge,only_one_group,volatility_proxy,0.6164546363071605,0.597574480728196,-0.018880155578964497,0.3211712374180474,0.2493673953595843,-0.07180384205846307,0.1662917346734204,-0.013378234447708926,-0.1796699691211293,,,,hurt
fold_3,10,2,ridge,raw_lob_only,raw_lob,0.6164546363071605,0.6013829241282446,-0.015071712178915897,0.3211712374180474,0.26714787304264004,-0.054023364375407334,0.1662917346734204,0.06880804360996595,-0.09748369106345445,,,,hurt
fold_3,10,2,ridge,derived_microstructure_only,derived_microstructure,0.6164546363071605,0.6139967047511007,-0.002457931556059778,0.3211712374180474,0.3114245362658098,-0.00974670115223758,0.1662917346734204,0.15442555996294935,-0.01186617471047105,,,,hurt
fold_3,10,2,ridge,no_proxy_features,no_proxy,0.6164546363071605,0.6020041595764795,-0.014450476730681006,0.3211712374180474,0.26900160486938535,-0.052169632548662026,0.1662917346734204,0.07500629529200416,-0.09128543938141624,,,,hurt
fold_4,10,0,logistic,all_features,all,0.7826649417852523,0.7826649417852523,0.0,0.7115743622792731,0.7115743622792731,0.0,0.6161629112417385,0.6161629112417385,0.0,0.09606444682221264,0.09606444682221264,0.0,neutral
fold_4,10,0,logistic,remove_one_group,price_levels,0.7826649417852523,0.7826361937616789,-2.8748023573332837e-05,0.7115743622792731,0.7117110946663026,0.0001367323870294923,0.6161629112417385,0.6160868209711305,-7.609027060795359e-05,0.09606444682221264,0.09745943882909046,0.0013949920068778154,neutral
fold_4,10,0,logistic,remove_one_group,size_levels,0.7826649417852523,0.7824637056202386,-0.00020123616501366293,0.7115743622792731,0.7109421019601411,-0.0006322603191319942,0.6161629112417385,0.6160518481881617,-0.00011106305357677648,0.09606444682221264,0.09876645377067293,0.0027020069484602893,neutral
fold_4,10,0,logistic,remove_one_group,top_of_book,0.7826649417852523,0.7822337214316516,-0.0004312203536006587,0.7115743622792731,0.7110178564602082,-0.0005565058190648564,0.6161629112417385,0.6153099779243926,-0.0008529333173459275,0.09606444682221264,0.09728736398420339,0.0012229171619907442,neutral
fold_4,10,0,logistic,remove_one_group,spread,0.7826649417852523,0.7810550524651431,-0.0016098893201091924,0.7115743622792731,0.7079939280545039,-0.003580434224769169,0.6161629112417385,0.6139963862597525,-0.0021665249819859955,0.09606444682221264,0.09623341876053201,0.00016897193831937052,hurt
fold_4,10,0,logistic,remove_one_group,midprice,0.7826649417852523,0.7817737530544775,-0.0008911887307747612,0.7115743622792731,0.7101687559014431,-0.0014056063778299377,0.6161629112417385,0.6143858392637873,-0.0017770719779511834,0.09606444682221264,0.09649025867698006,0.00042581185476742167,neutral
fold_4,10,0,logistic,remove_one_group,microprice,0.7826649417852523,0.7830386660917062,0.000373724306453993,0.7115743622792731,0.712245536237674,0.0006711739584008836,0.6161629112417385,0.6168629938487237,0.0007000826069851751,0.09606444682221264,0.09603809640087031,-2.6350421342330455e-05,neutral
fold_4,10,0,logistic,remove_one_group,top_of_book_imbalance,0.7826649417852523,0.7835273824924537,0.0008624407072014284,0.7115743622792731,0.7129100329604076,0.0013356706811344932,0.6161629112417385,0.6177878748966207,0.0016249636548821833,0.09606444682221264,0.0962336785627912,0.0001692317405785626,neutral
fold_4,10,0,logistic,remove_one_group,depth_imbalance,0.7826649417852523,0.7822624694552249,-0.00040247233002732585,0.7115743622792731,0.7109668640289181,-0.0006074982503549986,0.6161629112417385,0.6153498927020072,-0.0008130185397312584,0.09606444682221264,0.09551342334473896,-0.0005510234774736833,neutral
fold_4,10,0,logistic,remove_one_group,depth_slope,0.7826649417852523,0.7825786977145321,-8.624407072010953e-05,0.7115743622792731,0.7115363946800928,-3.796759918028858e-05,0.6161629112417385,0.6159836924742822,-0.00017921876745630172,0.09606444682221264,0.09707694198763023,0.0010124951654175846,neutral
fold_4,10,0,logistic,remove_one_group,liquidity_concentration,0.7826649417852523,0.7819462411959178,-0.0007187005893344312,0.7115743622792731,0.71047719677196,-0.0010971655073130915,0.6161629112417385,0.6147695112270797,-0.0013934000146588188,0.09606444682221264,0.09599360778491975,-7.083903729289409e-05,neutral
fold_4,10,0,logistic,remove_one_group,snapshot_order_flow_proxy,0.7826649417852523,0.5881558142877678,-0.1945091274974845,0.7115743622792731,0.2754846740653229,-0.43608968821395017,0.6161629112417385,0.08479477100658234,-0.5313681402351562,0.09606444682221264,0.008616281033101924,-0.08744816578911072,hurt
fold_4,10,0,logistic,remove_one_group,volatility_proxy,0.7826649417852523,0.7824349575966653,-0.00022998418858699576,0.7115743622792731,0.7113132592759261,-0.0002611030033469186,0.6161629112417385,0.6157333508023165,-0.0004295604394219943,0.09606444682221264,0.09724969948166651,0.0011852526594538643,neutral
fold_4,10,0,logistic,only_one_group,price_levels,0.7826649417852523,0.5844473192468018,-0.19821762253845043,0.7115743622792731,0.2547337577390755,-0.4568406045401976,0.6161629112417385,0.04371610411995359,-0.5724468071217849,0.09606444682221264,0.013454930965220095,-0.08260951585699255,hurt
fold_4,10,0,logistic,only_one_group,size_levels,0.7826649417852523,0.5832686502802932,-0.19939629150495908,0.7115743622792731,0.24622810159650585,-0.4653462606827672,0.6161629112417385,0.015447794349695136,-0.6007151168920434,0.09606444682221264,0.010889071424936884,-0.08517537539727577,hurt
fold_4,10,0,logistic,only_one_group,top_of_book,0.7826649417852523,0.583096162138853,-0.1995687796463993,0.7115743622792731,0.24555095518268322,-0.46602340709658985,0.6161629112417385,0.0,-0.6161629112417385,0.09606444682221264,0.01000609487269815,-0.0860583519495145,hurt
fold_4,10,0,logistic,only_one_group,spread,0.7826649417852523,0.5870346413684059,-0.19563030041684637,0.7115743622792731,0.2646011872297607,-0.44697317504951234,0.6161629112417385,0.0729645642366776,-0.5431983470050609,0.09606444682221264,0.02131081679173421,-0.07475363003047844,hurt
fold_4,10,0,logistic,only_one_group,midprice,0.7826649417852523,0.583096162138853,-0.1995687796463993,0.7115743622792731,0.24555095518268322,-0.46602340709658985,0.6161629112417385,0.0,-0.6161629112417385,0.09606444682221264,0.006720333400499934,-0.08934411342171271,hurt
fold_4,10,0,logistic,only_one_group,microprice,0.7826649417852523,0.583096162138853,-0.1995687796463993,0.7115743622792731,0.2455554143134727,-0.46601894796580035,0.6161629112417385,0.0018794641207312524,-0.6142834471210072,0.09606444682221264,0.007230818699671163,-0.08883362812254147,hurt
fold_4,10,0,logistic,only_one_group,top_of_book_imbalance,0.7826649417852523,0.583096162138853,-0.1995687796463993,0.7115743622792731,0.24555095518268322,-0.46602340709658985,0.6161629112417385,0.0,-0.6161629112417385,0.09606444682221264,0.020320897643672977,-0.07574354917853966,hurt
fold_4,10,0,logistic,only_one_group,depth_imbalance,0.7826649417852523,0.583096162138853,-0.1995687796463993,0.7115743622792731,0.24555095518268322,-0.46602340709658985,0.6161629112417385,0.0,-0.6161629112417385,0.09606444682221264,0.020280618832702005,-0.07578382798951064,hurt
fold_4,10,0,logistic,only_one_group,depth_slope,0.7826649417852523,0.583096162138853,-0.1995687796463993,0.7115743622792731,0.24555095518268322,-0.46602340709658985,0.6161629112417385,0.0,-0.6161629112417385,0.09606444682221264,0.02326400773114482,-0.07280043909106781,hurt
fold_4,10,0,logistic,only_one_group,liquidity_concentration,0.7826649417852523,0.583096162138853,-0.1995687796463993,0.7115743622792731,0.24555095518268322,-0.46602340709658985,0.6161629112417385,0.0,-0.6161629112417385,0.09606444682221264,0.02045034814657428,-0.07561409867563837,hurt
fold_4,10,0,logistic,only_one_group,snapshot_order_flow_proxy,0.7826649417852523,0.777490297542044,-0.005174644243208237,0.7115743622792731,0.7003438739167555,-0.01123048836251761,0.6161629112417385,0.6089658583199479,-0.007197052921790625,0.09606444682221264,0.09075690251805621,-0.0053075443041564335,hurt
fold_4,10,0,logistic,only_one_group,volatility_proxy,0.7826649417852523,0.5822049734080782,-0.20045996837717406,0.7115743622792731,0.24551197407557415,-0.46606238820369894,0.6161629112417385,-0.012708305448015933,-0.6288712166897544,0.09606444682221264,0.02149173832873967,-0.07457270849347297,hurt
fold_4,10,0,logistic,raw_lob_only,raw_lob,0.7826649417852523,0.5844185712232284,-0.19824637056202388,0.7115743622792731,0.2554655483155281,-0.456108813963745,0.6161629112417385,0.04454496305952726,-0.5716179481822112,0.09606444682221264,0.020328931106312065,-0.07573551571590058,hurt
fold_4,10,0,logistic,derived_microstructure_only,derived_microstructure,0.7826649417852523,0.7850510277418428,0.0023860859565905113,0.7115743622792731,0.715067895085121,0.0034935328058479653,0.6161629112417385,0.6208738411245488,0.0047109298828103,0.09606444682221264,0.10284720272239084,0.006782755900178197,helped
fold_4,10,0,logistic,no_proxy_features,no_proxy,0.7826649417852523,0.5881558142877678,-0.1945091274974845,0.7115743622792731,0.2754846740653229,-0.43608968821395017,0.6161629112417385,0.08479477100658234,-0.5313681402351562,0.09606444682221264,0.008616281033101924,-0.08744816578911072,hurt
fold_4,10,0,ridge,all_features,all,0.610608020698577,0.610608020698577,0.0,0.3485998088028674,0.3485998088028674,0.0,0.1968342840611523,0.1968342840611523,0.0,,,,neutral
fold_4,10,0,ridge,remove_one_group,price_levels,0.610608020698577,0.6099468161563892,-0.0006612045421877655,0.3485998088028674,0.34500843752759436,-0.0035913712752730365,0.1968342840611523,0.19485708003119015,-0.001977204029962154,,,,hurt
fold_4,10,0,ridge,remove_one_group,size_levels,0.610608020698577,0.6094293517320685,-0.0011786689665085337,0.3485998088028674,0.34483002311890393,-0.003769785683963467,0.1968342840611523,0.19234878734487593,-0.004485496716276377,,,,hurt
fold_4,10,0,ridge,remove_one_group,top_of_book,0.610608020698577,0.6104642805807101,-0.00014374011786688623,0.3485998088028674,0.34826167249074896,-0.0003381363121184311,0.1968342840611523,0.19624882557700687,-0.0005854584841454291,,,,neutral
fold_4,10,0,ridge,remove_one_group,spread,0.610608020698577,0.6057783527382492,-0.004829667960327799,0.3485998088028674,0.3306453721910956,-0.017954436611771818,0.1968342840611523,0.17969110312035966,-0.017143180940792646,,,,hurt
fold_4,10,0,ridge,remove_one_group,midprice,0.610608020698577,0.6105505246514302,-5.7496047146776696e-05,0.3485998088028674,0.34850654261271585,-9.326619015154192e-05,0.1968342840611523,0.19659820993035548,-0.0002360741307968206,,,,neutral
fold_4,10,0,ridge,remove_one_group,microprice,0.610608020698577,0.610608020698577,0.0,0.3485998088028674,0.34860129925683697,1.4904539695770325e-06,0.1968342840611523,0.19684249868022888,8.21461907657417e-06,,,,neutral
fold_4,10,0,ridge,remove_one_group,top_of_book_imbalance,0.610608020698577,0.610608020698577,0.0,0.3485998088028674,0.3485998088028674,0.0,0.1968342840611523,0.1968342840611523,0.0,,,,neutral
fold_4,10,0,ridge,remove_one_group,depth_imbalance,0.610608020698577,0.6106655167457238,5.7496047146776696e-05,0.3485998088028674,0.34876194854499515,0.00016213974212775373,0.1968342840611523,0.19706141926413798,0.00022713520298567325,,,,neutral
fold_4,10,0,ridge,remove_one_group,depth_slope,0.610608020698577,0.610608020698577,0.0,0.3485998088028674,0.3485998088028674,0.0,0.1968342840611523,0.1968342840611523,0.0,,,,neutral
fold_4,10,0,ridge,remove_one_group,liquidity_concentration,0.610608020698577,0.610608020698577,0.0,0.3485998088028674,0.3485998088028674,0.0,0.1968342840611523,0.1968342840611523,0.0,,,,neutral
fold_4,10,0,ridge,remove_one_group,snapshot_order_flow_proxy,0.610608020698577,0.5888457668535289,-0.021762253845048152,0.3485998088028674,0.2757289820937351,-0.07287082670913231,0.1968342840611523,0.08834395986470873,-0.10849032419644357,,,,hurt
fold_4,10,0,ridge,remove_one_group,volatility_proxy,0.610608020698577,0.6107517608164439,0.00014374011786688623,0.3485998088028674,0.34847008930902273,-0.00012971949384465997,0.1968342840611523,0.19755791794266275,0.0007236338815104493,,,,neutral
fold_4,10,0,ridge,only_one_group,price_levels,0.610608020698577,0.5857122322840305,-0.024895788414546538,0.3485998088028674,0.2591499749778992,-0.08944983382496818,0.1968342840611523,0.05881829605318235,-0.13801598800796994,,,,hurt
fold_4,10,0,ridge,only_one_group,size_levels,0.610608020698577,0.5831824062095731,-0.027425614489003936,0.3485998088028674,0.24584530311588057,-0.10275450568698682,0.1968342840611523,0.011271727728505505,-0.1855625563326468,,,,hurt
fold_4,10,0,ridge,only_one_group,top_of_book,0.610608020698577,0.583096162138853,-0.027511858559724045,0.3485998088028674,0.24555095518268322,-0.10304885362018418,0.1968342840611523,0.0,-0.1968342840611523,,,,hurt
fold_4,10,0,ridge,only_one_group,spread,0.610608020698577,0.5870058933448326,-0.02360212735374445,0.3485998088028674,0.26451244307287664,-0.08408736572999076,0.1968342840611523,0.07272222917335408,-0.12411205488779822,,,,hurt
fold_4,10,0,ridge,only_one_group,midprice,0.610608020698577,0.583096162138853,-0.027511858559724045,0.3485998088028674,0.24555095518268322,-0.10304885362018418,0.1968342840611523,0.0,-0.1968342840611523,,,,hurt
fold_4,10,0,ridge,only_one_group,microprice,0.610608020698577,0.583096162138853,-0.027511858559724045,0.3485998088028674,0.2455554143134727,-0.1030443944893947,0.1968342840611523,0.0018794641207312524,-0.19495481994042105,,,,hurt
fold_4,10,0,ridge,only_one_group,top_of_book_imbalance,0.610608020698577,0.583096162138853,-0.027511858559724045,0.3485998088028674,0.24555095518268322,-0.10304885362018418,0.1968342840611523,0.0,-0.1968342840611523,,,,hurt
fold_4,10,0,ridge,only_one_group,depth_imbalance,0.610608020698577,0.583096162138853,-0.027511858559724045,0.3485998088028674,0.24555095518268322,-0.10304885362018418,0.1968342840611523,0.0,-0.1968342840611523,,,,hurt
fold_4,10,0,ridge,only_one_group,depth_slope,0.610608020698577,0.583096162138853,-0.027511858559724045,0.3485998088028674,0.24555095518268322,-0.10304885362018418,0.1968342840611523,0.0,-0.1968342840611523,,,,hurt
fold_4,10,0,ridge,only_one_group,liquidity_concentration,0.610608020698577,0.583096162138853,-0.027511858559724045,0.3485998088028674,0.24555095518268322,-0.10304885362018418,0.1968342840611523,0.0,-0.1968342840611523,,,,hurt
fold_4,10,0,ridge,only_one_group,snapshot_order_flow_proxy,0.610608020698577,0.6033922667816588,-0.0072157539169181995,0.3485998088028674,0.3144315012008587,-0.034168307602008674,0.1968342840611523,0.1777599504048135,-0.019074333656338816,,,,hurt
fold_4,10,0,ridge,only_one_group,volatility_proxy,0.610608020698577,0.5822049734080782,-0.028403047290498806,0.3485998088028674,0.24551197407557415,-0.10308783472729324,0.1968342840611523,-0.012708305448015933,-0.20954258950916824,,,,hurt
fold_4,10,0,ridge,raw_lob_only,raw_lob,0.610608020698577,0.5857122322840305,-0.024895788414546538,0.3485998088028674,0.2594209814423411,-0.08917882736052629,0.1968342840611523,0.0589224750661326,-0.1379118089950197,,,,hurt
fold_4,10,0,ridge,derived_microstructure_only,derived_microstructure,0.610608020698577,0.6082219347419865,-0.0023860859565905113,0.3485998088028674,0.3395155010839766,-0.009084307718890794,0.1968342840611523,0.1882076811397769,-0.008626602921375404,,,,hurt
fold_4,10,0,ridge,no_proxy_features,no_proxy,0.610608020698577,0.5888457668535289,-0.021762253845048152,0.3485998088028674,0.2757289820937351,-0.07287082670913231,0.1968342840611523,0.08834395986470873,-0.10849032419644357,,,,hurt
fold_4,10,1,logistic,all_features,all,0.7826649417852523,0.7826649417852523,0.0,0.7115743622792731,0.7115743622792731,0.0,0.6161629112417385,0.6161629112417385,0.0,0.09606444682221264,0.09606444682221264,0.0,neutral
fold_4,10,1,logistic,remove_one_group,price_levels,0.7826649417852523,0.7826361937616789,-2.8748023573332837e-05,0.7115743622792731,0.7117110946663026,0.0001367323870294923,0.6161629112417385,0.6160868209711305,-7.609027060795359e-05,0.09606444682221264,0.09745943882909046,0.0013949920068778154,neutral
fold_4,10,1,logistic,remove_one_group,size_levels,0.7826649417852523,0.7824637056202386,-0.00020123616501366293,0.7115743622792731,0.7109421019601411,-0.0006322603191319942,0.6161629112417385,0.6160518481881617,-0.00011106305357677648,0.09606444682221264,0.09876645377067293,0.0027020069484602893,neutral
fold_4,10,1,logistic,remove_one_group,top_of_book,0.7826649417852523,0.7822337214316516,-0.0004312203536006587,0.7115743622792731,0.7110178564602082,-0.0005565058190648564,0.6161629112417385,0.6153099779243926,-0.0008529333173459275,0.09606444682221264,0.09728736398420339,0.0012229171619907442,neutral
fold_4,10,1,logistic,remove_one_group,spread,0.7826649417852523,0.7810550524651431,-0.0016098893201091924,0.7115743622792731,0.7079939280545039,-0.003580434224769169,0.6161629112417385,0.6139963862597525,-0.0021665249819859955,0.09606444682221264,0.09623341876053201,0.00016897193831937052,hurt
fold_4,10,1,logistic,remove_one_group,midprice,0.7826649417852523,0.7817737530544775,-0.0008911887307747612,0.7115743622792731,0.7101687559014431,-0.0014056063778299377,0.6161629112417385,0.6143858392637873,-0.0017770719779511834,0.09606444682221264,0.09649025867698006,0.00042581185476742167,neutral
fold_4,10,1,logistic,remove_one_group,microprice,0.7826649417852523,0.7830386660917062,0.000373724306453993,0.7115743622792731,0.712245536237674,0.0006711739584008836,0.6161629112417385,0.6168629938487237,0.0007000826069851751,0.09606444682221264,0.09603809640087031,-2.6350421342330455e-05,neutral
fold_4,10,1,logistic,remove_one_group,top_of_book_imbalance,0.7826649417852523,0.7835273824924537,0.0008624407072014284,0.7115743622792731,0.7129100329604076,0.0013356706811344932,0.6161629112417385,0.6177878748966207,0.0016249636548821833,0.09606444682221264,0.0962336785627912,0.0001692317405785626,neutral
fold_4,10,1,logistic,remove_one_group,depth_imbalance,0.7826649417852523,0.7822624694552249,-0.00040247233002732585,0.7115743622792731,0.7109668640289181,-0.0006074982503549986,0.6161629112417385,0.6153498927020072,-0.0008130185397312584,0.09606444682221264,0.09551342334473896,-0.0005510234774736833,neutral
fold_4,10,1,logistic,remove_one_group,depth_slope,0.7826649417852523,0.7825786977145321,-8.624407072010953e-05,0.7115743622792731,0.7115363946800928,-3.796759918028858e-05,0.6161629112417385,0.6159836924742822,-0.00017921876745630172,0.09606444682221264,0.09707694198763023,0.0010124951654175846,neutral
fold_4,10,1,logistic,remove_one_group,liquidity_concentration,0.7826649417852523,0.7819462411959178,-0.0007187005893344312,0.7115743622792731,0.71047719677196,-0.0010971655073130915,0.6161629112417385,0.6147695112270797,-0.0013934000146588188,0.09606444682221264,0.09599360778491975,-7.083903729289409e-05,neutral
fold_4,10,1,logistic,remove_one_group,snapshot_order_flow_proxy,0.7826649417852523,0.5881558142877678,-0.1945091274974845,0.7115743622792731,0.2754846740653229,-0.43608968821395017,0.6161629112417385,0.08479477100658234,-0.5313681402351562,0.09606444682221264,0.008616281033101924,-0.08744816578911072,hurt
fold_4,10,1,logistic,remove_one_group,volatility_proxy,0.7826649417852523,0.7824349575966653,-0.00022998418858699576,0.7115743622792731,0.7113132592759261,-0.0002611030033469186,0.6161629112417385,0.6157333508023165,-0.0004295604394219943,0.09606444682221264,0.09724969948166651,0.0011852526594538643,neutral
fold_4,10,1,logistic,only_one_group,price_levels,0.7826649417852523,0.5844473192468018,-0.19821762253845043,0.7115743622792731,0.2547337577390755,-0.4568406045401976,0.6161629112417385,0.04371610411995359,-0.5724468071217849,0.09606444682221264,0.013454930965220095,-0.08260951585699255,hurt
fold_4,10,1,logistic,only_one_group,size_levels,0.7826649417852523,0.5832686502802932,-0.19939629150495908,0.7115743622792731,0.24622810159650585,-0.4653462606827672,0.6161629112417385,0.015447794349695136,-0.6007151168920434,0.09606444682221264,0.010889071424936884,-0.08517537539727577,hurt
fold_4,10,1,logistic,only_one_group,top_of_book,0.7826649417852523,0.583096162138853,-0.1995687796463993,0.7115743622792731,0.24555095518268322,-0.46602340709658985,0.6161629112417385,0.0,-0.6161629112417385,0.09606444682221264,0.01000609487269815,-0.0860583519495145,hurt
fold_4,10,1,logistic,only_one_group,spread,0.7826649417852523,0.5870346413684059,-0.19563030041684637,0.7115743622792731,0.2646011872297607,-0.44697317504951234,0.6161629112417385,0.0729645642366776,-0.5431983470050609,0.09606444682221264,0.02131081679173421,-0.07475363003047844,hurt
fold_4,10,1,logistic,only_one_group,midprice,0.7826649417852523,0.583096162138853,-0.1995687796463993,0.7115743622792731,0.24555095518268322,-0.46602340709658985,0.6161629112417385,0.0,-0.6161629112417385,0.09606444682221264,0.006720333400499934,-0.08934411342171271,hurt
fold_4,10,1,logistic,only_one_group,microprice,0.7826649417852523,0.583096162138853,-0.1995687796463993,0.7115743622792731,0.2455554143134727,-0.46601894796580035,0.6161629112417385,0.0018794641207312524,-0.6142834471210072,0.09606444682221264,0.007230818699671163,-0.08883362812254147,hurt
fold_4,10,1,logistic,only_one_group,top_of_book_imbalance,0.7826649417852523,0.583096162138853,-0.1995687796463993,0.7115743622792731,0.24555095518268322,-0.46602340709658985,0.6161629112417385,0.0,-0.6161629112417385,0.09606444682221264,0.020320897643672977,-0.07574354917853966,hurt
fold_4,10,1,logistic,only_one_group,depth_imbalance,0.7826649417852523,0.583096162138853,-0.1995687796463993,0.7115743622792731,0.24555095518268322,-0.46602340709658985,0.6161629112417385,0.0,-0.6161629112417385,0.09606444682221264,0.020280618832702005,-0.07578382798951064,hurt
fold_4,10,1,logistic,only_one_group,depth_slope,0.7826649417852523,0.583096162138853,-0.1995687796463993,0.7115743622792731,0.24555095518268322,-0.46602340709658985,0.6161629112417385,0.0,-0.6161629112417385,0.09606444682221264,0.02326400773114482,-0.07280043909106781,hurt
fold_4,10,1,logistic,only_one_group,liquidity_concentration,0.7826649417852523,0.583096162138853,-0.1995687796463993,0.7115743622792731,0.24555095518268322,-0.46602340709658985,0.6161629112417385,0.0,-0.6161629112417385,0.09606444682221264,0.02045034814657428,-0.07561409867563837,hurt
fold_4,10,1,logistic,only_one_group,snapshot_order_flow_proxy,0.7826649417852523,0.777490297542044,-0.005174644243208237,0.7115743622792731,0.7003438739167555,-0.01123048836251761,0.6161629112417385,0.6089658583199479,-0.007197052921790625,0.09606444682221264,0.09075690251805621,-0.0053075443041564335,hurt
fold_4,10,1,logistic,only_one_group,volatility_proxy,0.7826649417852523,0.5822049734080782,-0.20045996837717406,0.7115743622792731,0.24551197407557415,-0.46606238820369894,0.6161629112417385,-0.012708305448015933,-0.6288712166897544,0.09606444682221264,0.02149173832873967,-0.07457270849347297,hurt
fold_4,10,1,logistic,raw_lob_only,raw_lob,0.7826649417852523,0.5844185712232284,-0.19824637056202388,0.7115743622792731,0.2554655483155281,-0.456108813963745,0.6161629112417385,0.04454496305952726,-0.5716179481822112,0.09606444682221264,0.020328931106312065,-0.07573551571590058,hurt
fold_4,10,1,logistic,derived_microstructure_only,derived_microstructure,0.7826649417852523,0.7850510277418428,0.0023860859565905113,0.7115743622792731,0.715067895085121,0.0034935328058479653,0.6161629112417385,0.6208738411245488,0.0047109298828103,0.09606444682221264,0.10284720272239084,0.006782755900178197,helped
fold_4,10,1,logistic,no_proxy_features,no_proxy,0.7826649417852523,0.5881558142877678,-0.1945091274974845,0.7115743622792731,0.2754846740653229,-0.43608968821395017,0.6161629112417385,0.08479477100658234,-0.5313681402351562,0.09606444682221264,0.008616281033101924,-0.08744816578911072,hurt
fold_4,10,1,ridge,all_features,all,0.610608020698577,0.610608020698577,0.0,0.3485998088028674,0.3485998088028674,0.0,0.1968342840611523,0.1968342840611523,0.0,,,,neutral
fold_4,10,1,ridge,remove_one_group,price_levels,0.610608020698577,0.6099468161563892,-0.0006612045421877655,0.3485998088028674,0.34500843752759436,-0.0035913712752730365,0.1968342840611523,0.19485708003119015,-0.001977204029962154,,,,hurt
fold_4,10,1,ridge,remove_one_group,size_levels,0.610608020698577,0.6094293517320685,-0.0011786689665085337,0.3485998088028674,0.34483002311890393,-0.003769785683963467,0.1968342840611523,0.19234878734487593,-0.004485496716276377,,,,hurt
fold_4,10,1,ridge,remove_one_group,top_of_book,0.610608020698577,0.6104642805807101,-0.00014374011786688623,0.3485998088028674,0.34826167249074896,-0.0003381363121184311,0.1968342840611523,0.19624882557700687,-0.0005854584841454291,,,,neutral
fold_4,10,1,ridge,remove_one_group,spread,0.610608020698577,0.6057783527382492,-0.004829667960327799,0.3485998088028674,0.3306453721910956,-0.017954436611771818,0.1968342840611523,0.17969110312035966,-0.017143180940792646,,,,hurt
fold_4,10,1,ridge,remove_one_group,midprice,0.610608020698577,0.6105505246514302,-5.7496047146776696e-05,0.3485998088028674,0.34850654261271585,-9.326619015154192e-05,0.1968342840611523,0.19659820993035548,-0.0002360741307968206,,,,neutral
fold_4,10,1,ridge,remove_one_group,microprice,0.610608020698577,0.610608020698577,0.0,0.3485998088028674,0.34860129925683697,1.4904539695770325e-06,0.1968342840611523,0.19684249868022888,8.21461907657417e-06,,,,neutral
fold_4,10,1,ridge,remove_one_group,top_of_book_imbalance,0.610608020698577,0.610608020698577,0.0,0.3485998088028674,0.3485998088028674,0.0,0.1968342840611523,0.1968342840611523,0.0,,,,neutral
fold_4,10,1,ridge,remove_one_group,depth_imbalance,0.610608020698577,0.6106655167457238,5.7496047146776696e-05,0.3485998088028674,0.34876194854499515,0.00016213974212775373,0.1968342840611523,0.19706141926413798,0.00022713520298567325,,,,neutral
fold_4,10,1,ridge,remove_one_group,depth_slope,0.610608020698577,0.610608020698577,0.0,0.3485998088028674,0.3485998088028674,0.0,0.1968342840611523,0.1968342840611523,0.0,,,,neutral
fold_4,10,1,ridge,remove_one_group,liquidity_concentration,0.610608020698577,0.610608020698577,0.0,0.3485998088028674,0.3485998088028674,0.0,0.1968342840611523,0.1968342840611523,0.0,,,,neutral
fold_4,10,1,ridge,remove_one_group,snapshot_order_flow_proxy,0.610608020698577,0.5888457668535289,-0.021762253845048152,0.3485998088028674,0.2757289820937351,-0.07287082670913231,0.1968342840611523,0.08834395986470873,-0.10849032419644357,,,,hurt
fold_4,10,1,ridge,remove_one_group,volatility_proxy,0.610608020698577,0.6107517608164439,0.00014374011786688623,0.3485998088028674,0.34847008930902273,-0.00012971949384465997,0.1968342840611523,0.19755791794266275,0.0007236338815104493,,,,neutral
fold_4,10,1,ridge,only_one_group,price_levels,0.610608020698577,0.5857122322840305,-0.024895788414546538,0.3485998088028674,0.2591499749778992,-0.08944983382496818,0.1968342840611523,0.05881829605318235,-0.13801598800796994,,,,hurt
fold_4,10,1,ridge,only_one_group,size_levels,0.610608020698577,0.5831824062095731,-0.027425614489003936,0.3485998088028674,0.24584530311588057,-0.10275450568698682,0.1968342840611523,0.011271727728505505,-0.1855625563326468,,,,hurt
fold_4,10,1,ridge,only_one_group,top_of_book,0.610608020698577,0.583096162138853,-0.027511858559724045,0.3485998088028674,0.24555095518268322,-0.10304885362018418,0.1968342840611523,0.0,-0.1968342840611523,,,,hurt
fold_4,10,1,ridge,only_one_group,spread,0.610608020698577,0.5870058933448326,-0.02360212735374445,0.3485998088028674,0.26451244307287664,-0.08408736572999076,0.1968342840611523,0.07272222917335408,-0.12411205488779822,,,,hurt
fold_4,10,1,ridge,only_one_group,midprice,0.610608020698577,0.583096162138853,-0.027511858559724045,0.3485998088028674,0.24555095518268322,-0.10304885362018418,0.1968342840611523,0.0,-0.1968342840611523,,,,hurt
fold_4,10,1,ridge,only_one_group,microprice,0.610608020698577,0.583096162138853,-0.027511858559724045,0.3485998088028674,0.2455554143134727,-0.1030443944893947,0.1968342840611523,0.0018794641207312524,-0.19495481994042105,,,,hurt
fold_4,10,1,ridge,only_one_group,top_of_book_imbalance,0.610608020698577,0.583096162138853,-0.027511858559724045,0.3485998088028674,0.24555095518268322,-0.10304885362018418,0.1968342840611523,0.0,-0.1968342840611523,,,,hurt
fold_4,10,1,ridge,only_one_group,depth_imbalance,0.610608020698577,0.583096162138853,-0.027511858559724045,0.3485998088028674,0.24555095518268322,-0.10304885362018418,0.1968342840611523,0.0,-0.1968342840611523,,,,hurt
fold_4,10,1,ridge,only_one_group,depth_slope,0.610608020698577,0.583096162138853,-0.027511858559724045,0.3485998088028674,0.24555095518268322,-0.10304885362018418,0.1968342840611523,0.0,-0.1968342840611523,,,,hurt
fold_4,10,1,ridge,only_one_group,liquidity_concentration,0.610608020698577,0.583096162138853,-0.027511858559724045,0.3485998088028674,0.24555095518268322,-0.10304885362018418,0.1968342840611523,0.0,-0.1968342840611523,,,,hurt
fold_4,10,1,ridge,only_one_group,snapshot_order_flow_proxy,0.610608020698577,0.6033922667816588,-0.0072157539169181995,0.3485998088028674,0.3144315012008587,-0.034168307602008674,0.1968342840611523,0.1777599504048135,-0.019074333656338816,,,,hurt
fold_4,10,1,ridge,only_one_group,volatility_proxy,0.610608020698577,0.5822049734080782,-0.028403047290498806,0.3485998088028674,0.24551197407557415,-0.10308783472729324,0.1968342840611523,-0.012708305448015933,-0.20954258950916824,,,,hurt
fold_4,10,1,ridge,raw_lob_only,raw_lob,0.610608020698577,0.5857122322840305,-0.024895788414546538,0.3485998088028674,0.2594209814423411,-0.08917882736052629,0.1968342840611523,0.0589224750661326,-0.1379118089950197,,,,hurt
fold_4,10,1,ridge,derived_microstructure_only,derived_microstructure,0.610608020698577,0.6082219347419865,-0.0023860859565905113,0.3485998088028674,0.3395155010839766,-0.009084307718890794,0.1968342840611523,0.1882076811397769,-0.008626602921375404,,,,hurt
fold_4,10,1,ridge,no_proxy_features,no_proxy,0.610608020698577,0.5888457668535289,-0.021762253845048152,0.3485998088028674,0.2757289820937351,-0.07287082670913231,0.1968342840611523,0.08834395986470873,-0.10849032419644357,,,,hurt
fold_4,10,2,logistic,all_features,all,0.7826649417852523,0.7826649417852523,0.0,0.7115743622792731,0.7115743622792731,0.0,0.6161629112417385,0.6161629112417385,0.0,0.09606444682221264,0.09606444682221264,0.0,neutral
fold_4,10,2,logistic,remove_one_group,price_levels,0.7826649417852523,0.7826361937616789,-2.8748023573332837e-05,0.7115743622792731,0.7117110946663026,0.0001367323870294923,0.6161629112417385,0.6160868209711305,-7.609027060795359e-05,0.09606444682221264,0.09745943882909046,0.0013949920068778154,neutral
fold_4,10,2,logistic,remove_one_group,size_levels,0.7826649417852523,0.7824637056202386,-0.00020123616501366293,0.7115743622792731,0.7109421019601411,-0.0006322603191319942,0.6161629112417385,0.6160518481881617,-0.00011106305357677648,0.09606444682221264,0.09876645377067293,0.0027020069484602893,neutral
fold_4,10,2,logistic,remove_one_group,top_of_book,0.7826649417852523,0.7822337214316516,-0.0004312203536006587,0.7115743622792731,0.7110178564602082,-0.0005565058190648564,0.6161629112417385,0.6153099779243926,-0.0008529333173459275,0.09606444682221264,0.09728736398420339,0.0012229171619907442,neutral
fold_4,10,2,logistic,remove_one_group,spread,0.7826649417852523,0.7810550524651431,-0.0016098893201091924,0.7115743622792731,0.7079939280545039,-0.003580434224769169,0.6161629112417385,0.6139963862597525,-0.0021665249819859955,0.09606444682221264,0.09623341876053201,0.00016897193831937052,hurt
fold_4,10,2,logistic,remove_one_group,midprice,0.7826649417852523,0.7817737530544775,-0.0008911887307747612,0.7115743622792731,0.7101687559014431,-0.0014056063778299377,0.6161629112417385,0.6143858392637873,-0.0017770719779511834,0.09606444682221264,0.09649025867698006,0.00042581185476742167,neutral
fold_4,10,2,logistic,remove_one_group,microprice,0.7826649417852523,0.7830386660917062,0.000373724306453993,0.7115743622792731,0.712245536237674,0.0006711739584008836,0.6161629112417385,0.6168629938487237,0.0007000826069851751,0.09606444682221264,0.09603809640087031,-2.6350421342330455e-05,neutral
fold_4,10,2,logistic,remove_one_group,top_of_book_imbalance,0.7826649417852523,0.7835273824924537,0.0008624407072014284,0.7115743622792731,0.7129100329604076,0.0013356706811344932,0.6161629112417385,0.6177878748966207,0.0016249636548821833,0.09606444682221264,0.0962336785627912,0.0001692317405785626,neutral
fold_4,10,2,logistic,remove_one_group,depth_imbalance,0.7826649417852523,0.7822624694552249,-0.00040247233002732585,0.7115743622792731,0.7109668640289181,-0.0006074982503549986,0.6161629112417385,0.6153498927020072,-0.0008130185397312584,0.09606444682221264,0.09551342334473896,-0.0005510234774736833,neutral
fold_4,10,2,logistic,remove_one_group,depth_slope,0.7826649417852523,0.7825786977145321,-8.624407072010953e-05,0.7115743622792731,0.7115363946800928,-3.796759918028858e-05,0.6161629112417385,0.6159836924742822,-0.00017921876745630172,0.09606444682221264,0.09707694198763023,0.0010124951654175846,neutral
fold_4,10,2,logistic,remove_one_group,liquidity_concentration,0.7826649417852523,0.7819462411959178,-0.0007187005893344312,0.7115743622792731,0.71047719677196,-0.0010971655073130915,0.6161629112417385,0.6147695112270797,-0.0013934000146588188,0.09606444682221264,0.09599360778491975,-7.083903729289409e-05,neutral
fold_4,10,2,logistic,remove_one_group,snapshot_order_flow_proxy,0.7826649417852523,0.5881558142877678,-0.1945091274974845,0.7115743622792731,0.2754846740653229,-0.43608968821395017,0.6161629112417385,0.08479477100658234,-0.5313681402351562,0.09606444682221264,0.008616281033101924,-0.08744816578911072,hurt
fold_4,10,2,logistic,remove_one_group,volatility_proxy,0.7826649417852523,0.7824349575966653,-0.00022998418858699576,0.7115743622792731,0.7113132592759261,-0.0002611030033469186,0.6161629112417385,0.6157333508023165,-0.0004295604394219943,0.09606444682221264,0.09724969948166651,0.0011852526594538643,neutral
fold_4,10,2,logistic,only_one_group,price_levels,0.7826649417852523,0.5844473192468018,-0.19821762253845043,0.7115743622792731,0.2547337577390755,-0.4568406045401976,0.6161629112417385,0.04371610411995359,-0.5724468071217849,0.09606444682221264,0.013454930965220095,-0.08260951585699255,hurt
fold_4,10,2,logistic,only_one_group,size_levels,0.7826649417852523,0.5832686502802932,-0.19939629150495908,0.7115743622792731,0.24622810159650585,-0.4653462606827672,0.6161629112417385,0.015447794349695136,-0.6007151168920434,0.09606444682221264,0.010889071424936884,-0.08517537539727577,hurt
fold_4,10,2,logistic,only_one_group,top_of_book,0.7826649417852523,0.583096162138853,-0.1995687796463993,0.7115743622792731,0.24555095518268322,-0.46602340709658985,0.6161629112417385,0.0,-0.6161629112417385,0.09606444682221264,0.01000609487269815,-0.0860583519495145,hurt
fold_4,10,2,logistic,only_one_group,spread,0.7826649417852523,0.5870346413684059,-0.19563030041684637,0.7115743622792731,0.2646011872297607,-0.44697317504951234,0.6161629112417385,0.0729645642366776,-0.5431983470050609,0.09606444682221264,0.02131081679173421,-0.07475363003047844,hurt
fold_4,10,2,logistic,only_one_group,midprice,0.7826649417852523,0.583096162138853,-0.1995687796463993,0.7115743622792731,0.24555095518268322,-0.46602340709658985,0.6161629112417385,0.0,-0.6161629112417385,0.09606444682221264,0.006720333400499934,-0.08934411342171271,hurt
fold_4,10,2,logistic,only_one_group,microprice,0.7826649417852523,0.583096162138853,-0.1995687796463993,0.7115743622792731,0.2455554143134727,-0.46601894796580035,0.6161629112417385,0.0018794641207312524,-0.6142834471210072,0.09606444682221264,0.007230818699671163,-0.08883362812254147,hurt
fold_4,10,2,logistic,only_one_group,top_of_book_imbalance,0.7826649417852523,0.583096162138853,-0.1995687796463993,0.7115743622792731,0.24555095518268322,-0.46602340709658985,0.6161629112417385,0.0,-0.6161629112417385,0.09606444682221264,0.020320897643672977,-0.07574354917853966,hurt
fold_4,10,2,logistic,only_one_group,depth_imbalance,0.7826649417852523,0.583096162138853,-0.1995687796463993,0.7115743622792731,0.24555095518268322,-0.46602340709658985,0.6161629112417385,0.0,-0.6161629112417385,0.09606444682221264,0.020280618832702005,-0.07578382798951064,hurt
fold_4,10,2,logistic,only_one_group,depth_slope,0.7826649417852523,0.583096162138853,-0.1995687796463993,0.7115743622792731,0.24555095518268322,-0.46602340709658985,0.6161629112417385,0.0,-0.6161629112417385,0.09606444682221264,0.02326400773114482,-0.07280043909106781,hurt
fold_4,10,2,logistic,only_one_group,liquidity_concentration,0.7826649417852523,0.583096162138853,-0.1995687796463993,0.7115743622792731,0.24555095518268322,-0.46602340709658985,0.6161629112417385,0.0,-0.6161629112417385,0.09606444682221264,0.02045034814657428,-0.07561409867563837,hurt
fold_4,10,2,logistic,only_one_group,snapshot_order_flow_proxy,0.7826649417852523,0.777490297542044,-0.005174644243208237,0.7115743622792731,0.7003438739167555,-0.01123048836251761,0.6161629112417385,0.6089658583199479,-0.007197052921790625,0.09606444682221264,0.09075690251805621,-0.0053075443041564335,hurt
fold_4,10,2,logistic,only_one_group,volatility_proxy,0.7826649417852523,0.5822049734080782,-0.20045996837717406,0.7115743622792731,0.24551197407557415,-0.46606238820369894,0.6161629112417385,-0.012708305448015933,-0.6288712166897544,0.09606444682221264,0.02149173832873967,-0.07457270849347297,hurt
fold_4,10,2,logistic,raw_lob_only,raw_lob,0.7826649417852523,0.5844185712232284,-0.19824637056202388,0.7115743622792731,0.2554655483155281,-0.456108813963745,0.6161629112417385,0.04454496305952726,-0.5716179481822112,0.09606444682221264,0.020328931106312065,-0.07573551571590058,hurt
fold_4,10,2,logistic,derived_microstructure_only,derived_microstructure,0.7826649417852523,0.7850510277418428,0.0023860859565905113,0.7115743622792731,0.715067895085121,0.0034935328058479653,0.6161629112417385,0.6208738411245488,0.0047109298828103,0.09606444682221264,0.10284720272239084,0.006782755900178197,helped
fold_4,10,2,logistic,no_proxy_features,no_proxy,0.7826649417852523,0.5881558142877678,-0.1945091274974845,0.7115743622792731,0.2754846740653229,-0.43608968821395017,0.6161629112417385,0.08479477100658234,-0.5313681402351562,0.09606444682221264,0.008616281033101924,-0.08744816578911072,hurt
fold_4,10,2,ridge,all_features,all,0.610608020698577,0.610608020698577,0.0,0.3485998088028674,0.3485998088028674,0.0,0.1968342840611523,0.1968342840611523,0.0,,,,neutral
fold_4,10,2,ridge,remove_one_group,price_levels,0.610608020698577,0.6099468161563892,-0.0006612045421877655,0.3485998088028674,0.34500843752759436,-0.0035913712752730365,0.1968342840611523,0.19485708003119015,-0.001977204029962154,,,,hurt
fold_4,10,2,ridge,remove_one_group,size_levels,0.610608020698577,0.6094293517320685,-0.0011786689665085337,0.3485998088028674,0.34483002311890393,-0.003769785683963467,0.1968342840611523,0.19234878734487593,-0.004485496716276377,,,,hurt
fold_4,10,2,ridge,remove_one_group,top_of_book,0.610608020698577,0.6104642805807101,-0.00014374011786688623,0.3485998088028674,0.34826167249074896,-0.0003381363121184311,0.1968342840611523,0.19624882557700687,-0.0005854584841454291,,,,neutral
fold_4,10,2,ridge,remove_one_group,spread,0.610608020698577,0.6057783527382492,-0.004829667960327799,0.3485998088028674,0.3306453721910956,-0.017954436611771818,0.1968342840611523,0.17969110312035966,-0.017143180940792646,,,,hurt
fold_4,10,2,ridge,remove_one_group,midprice,0.610608020698577,0.6105505246514302,-5.7496047146776696e-05,0.3485998088028674,0.34850654261271585,-9.326619015154192e-05,0.1968342840611523,0.19659820993035548,-0.0002360741307968206,,,,neutral
fold_4,10,2,ridge,remove_one_group,microprice,0.610608020698577,0.610608020698577,0.0,0.3485998088028674,0.34860129925683697,1.4904539695770325e-06,0.1968342840611523,0.19684249868022888,8.21461907657417e-06,,,,neutral
fold_4,10,2,ridge,remove_one_group,top_of_book_imbalance,0.610608020698577,0.610608020698577,0.0,0.3485998088028674,0.3485998088028674,0.0,0.1968342840611523,0.1968342840611523,0.0,,,,neutral
fold_4,10,2,ridge,remove_one_group,depth_imbalance,0.610608020698577,0.6106655167457238,5.7496047146776696e-05,0.3485998088028674,0.34876194854499515,0.00016213974212775373,0.1968342840611523,0.19706141926413798,0.00022713520298567325,,,,neutral
fold_4,10,2,ridge,remove_one_group,depth_slope,0.610608020698577,0.610608020698577,0.0,0.3485998088028674,0.3485998088028674,0.0,0.1968342840611523,0.1968342840611523,0.0,,,,neutral
fold_4,10,2,ridge,remove_one_group,liquidity_concentration,0.610608020698577,0.610608020698577,0.0,0.3485998088028674,0.3485998088028674,0.0,0.1968342840611523,0.1968342840611523,0.0,,,,neutral
fold_4,10,2,ridge,remove_one_group,snapshot_order_flow_proxy,0.610608020698577,0.5888457668535289,-0.021762253845048152,0.3485998088028674,0.2757289820937351,-0.07287082670913231,0.1968342840611523,0.08834395986470873,-0.10849032419644357,,,,hurt
fold_4,10,2,ridge,remove_one_group,volatility_proxy,0.610608020698577,0.6107517608164439,0.00014374011786688623,0.3485998088028674,0.34847008930902273,-0.00012971949384465997,0.1968342840611523,0.19755791794266275,0.0007236338815104493,,,,neutral
fold_4,10,2,ridge,only_one_group,price_levels,0.610608020698577,0.5857122322840305,-0.024895788414546538,0.3485998088028674,0.2591499749778992,-0.08944983382496818,0.1968342840611523,0.05881829605318235,-0.13801598800796994,,,,hurt
fold_4,10,2,ridge,only_one_group,size_levels,0.610608020698577,0.5831824062095731,-0.027425614489003936,0.3485998088028674,0.24584530311588057,-0.10275450568698682,0.1968342840611523,0.011271727728505505,-0.1855625563326468,,,,hurt
fold_4,10,2,ridge,only_one_group,top_of_book,0.610608020698577,0.583096162138853,-0.027511858559724045,0.3485998088028674,0.24555095518268322,-0.10304885362018418,0.1968342840611523,0.0,-0.1968342840611523,,,,hurt
fold_4,10,2,ridge,only_one_group,spread,0.610608020698577,0.5870058933448326,-0.02360212735374445,0.3485998088028674,0.26451244307287664,-0.08408736572999076,0.1968342840611523,0.07272222917335408,-0.12411205488779822,,,,hurt
fold_4,10,2,ridge,only_one_group,midprice,0.610608020698577,0.583096162138853,-0.027511858559724045,0.3485998088028674,0.24555095518268322,-0.10304885362018418,0.1968342840611523,0.0,-0.1968342840611523,,,,hurt
fold_4,10,2,ridge,only_one_group,microprice,0.610608020698577,0.583096162138853,-0.027511858559724045,0.3485998088028674,0.2455554143134727,-0.1030443944893947,0.1968342840611523,0.0018794641207312524,-0.19495481994042105,,,,hurt
fold_4,10,2,ridge,only_one_group,top_of_book_imbalance,0.610608020698577,0.583096162138853,-0.027511858559724045,0.3485998088028674,0.24555095518268322,-0.10304885362018418,0.1968342840611523,0.0,-0.1968342840611523,,,,hurt
fold_4,10,2,ridge,only_one_group,depth_imbalance,0.610608020698577,0.583096162138853,-0.027511858559724045,0.3485998088028674,0.24555095518268322,-0.10304885362018418,0.1968342840611523,0.0,-0.1968342840611523,,,,hurt
fold_4,10,2,ridge,only_one_group,depth_slope,0.610608020698577,0.583096162138853,-0.027511858559724045,0.3485998088028674,0.24555095518268322,-0.10304885362018418,0.1968342840611523,0.0,-0.1968342840611523,,,,hurt
fold_4,10,2,ridge,only_one_group,liquidity_concentration,0.610608020698577,0.583096162138853,-0.027511858559724045,0.3485998088028674,0.24555095518268322,-0.10304885362018418,0.1968342840611523,0.0,-0.1968342840611523,,,,hurt
fold_4,10,2,ridge,only_one_group,snapshot_order_flow_proxy,0.610608020698577,0.6033922667816588,-0.0072157539169181995,0.3485998088028674,0.3144315012008587,-0.034168307602008674,0.1968342840611523,0.1777599504048135,-0.019074333656338816,,,,hurt
fold_4,10,2,ridge,only_one_group,volatility_proxy,0.610608020698577,0.5822049734080782,-0.028403047290498806,0.3485998088028674,0.24551197407557415,-0.10308783472729324,0.1968342840611523,-0.012708305448015933,-0.20954258950916824,,,,hurt
fold_4,10,2,ridge,raw_lob_only,raw_lob,0.610608020698577,0.5857122322840305,-0.024895788414546538,0.3485998088028674,0.2594209814423411,-0.08917882736052629,0.1968342840611523,0.0589224750661326,-0.1379118089950197,,,,hurt
fold_4,10,2,ridge,derived_microstructure_only,derived_microstructure,0.610608020698577,0.6082219347419865,-0.0023860859565905113,0.3485998088028674,0.3395155010839766,-0.009084307718890794,0.1968342840611523,0.1882076811397769,-0.008626602921375404,,,,hurt
fold_4,10,2,ridge,no_proxy_features,no_proxy,0.610608020698577,0.5888457668535289,-0.021762253845048152,0.3485998088028674,0.2757289820937351,-0.07287082670913231,0.1968342840611523,0.08834395986470873,-0.10849032419644357,,,,hurt
fold_5,10,0,logistic,all_features,all,0.814977523498161,0.814977523498161,0.0,0.7467497517083475,0.7467497517083475,0.0,0.6556967425643054,0.6556967425643054,0.0,0.12466072979353973,0.12466072979353973,0.0,neutral
fold_5,10,0,logistic,remove_one_group,price_levels,0.814977523498161,0.8150030649775235,2.5541479362511943e-05,0.7467497517083475,0.7469582960581368,0.00020854434978934133,0.6556967425643054,0.6556451068361089,-5.163572819655293e-05,0.12466072979353973,0.12730402611118916,0.002643296317649424,neutral
fold_5,10,0,logistic,remove_one_group,size_levels,0.814977523498161,0.8156926849203106,0.0007151614221495572,0.7467497517083475,0.7477151594525511,0.0009654077442036169,0.6556967425643054,0.6570945155857784,0.0013977730214729256,0.12466072979353973,0.12455538599386254,-0.00010534379967719332,neutral
fold_5,10,0,logistic,remove_one_group,top_of_book,0.814977523498161,0.815028606456886,5.1082958725023886e-05,0.7467497517083475,0.7468042926658157,5.454095746826315e-05,0.6556967425643054,0.6557942670686159,9.752450431044224e-05,0.12466072979353973,0.12453584018801477,-0.00012488960552496653,neutral
fold_5,10,0,logistic,remove_one_group,spread,0.814977523498161,0.8146454842664487,-0.0003320392317123222,0.7467497517083475,0.7456427047048494,-0.0011070470034980628,0.6556967425643054,0.6561619440116874,0.0004652014473819355,0.12466072979353973,0.12208825266589728,-0.0025724771276424557,neutral
fold_5,10,0,logistic,remove_one_group,midprice,0.814977523498161,0.8148498161013485,-0.0001277073968124487,0.7467497517083475,0.7465243637137644,-0.00022538799458304837,0.6556967425643054,0.6554291980897693,-0.00026754447453614105,0.12466072979353973,0.1242346698094344,-0.0004260599841053314,neutral
fold_5,10,0,logistic,remove_one_group,microprice,0.814977523498161,0.8146710257458112,-0.00030649775234981025,0.7467497517083475,0.7461848360281019,-0.0005649156802455257,0.6556967425643054,0.6550869142685426,-0.0006098282957628376,0.12466072979353973,0.12395498623534691,-0.0007057435581928201,neutral
fold_5,10,0,logistic,remove_one_group,top_of_book_imbalance,0.814977523498161,0.8138536984062117,-0.0011238250919493042,0.7467497517083475,0.7447488363365586,-0.002000915371788814,0.6556967425643054,0.6534653804653777,-0.002231362098927714,0.12466072979353973,0.12409195554034554,-0.0005687742531941958,hurt
fold_5,10,0,logistic,remove_one_group,depth_imbalance,0.814977523498161,0.8137770739681243,-0.001200449530036729,0.7467497517083475,0.7446066200870508,-0.0021431316212966456,0.6556967425643054,0.6533097156168534,-0.0023870269474520756,0.12466072979353973,0.12414062274197926,-0.00052010705156047,hurt
fold_5,10,0,logistic,remove_one_group,depth_slope,0.814977523498161,0.8133173273395995,-0.0016601961585615,0.7467497517083475,0.7438091280128539,-0.002940623695493527,0.6556967425643054,0.6524211728158533,-0.003275569748452112,0.12466072979353973,0.12457395858729715,-8.677120624257795e-05,hurt
fold_5,10,0,logistic,remove_one_group,liquidity_concentration,0.814977523498161,0.8147221087045362,-0.00025541479362478636,0.7467497517083475,0.7462536761144772,-0.0004960755938702155,0.6556967425643054,0.6551501927772072,-0.0005465497870982272,0.12466072979353973,0.12444231033684296,-0.0002184194566967751,neutral
fold_5,10,0,logistic,remove_one_group,snapshot_order_flow_proxy,0.814977523498161,0.6190743767879036,-0.19590314671025744,0.7467497517083475,0.2931232957215197,-0.45362645598682777,0.6556967425643054,0.10218869841108519,-0.5535080441532203,0.12466072979353973,0.04334933181115325,-0.08131139798238649,hurt
fold_5,10,0,logistic,remove_one_group,volatility_proxy,0.814977523498161,0.8152073968124234,0.00022987331426238544,0.7467497517083475,0.7469710436449374,0.00022129193658992907,0.6556967425643054,0.6562743882461467,0.0005776456818412656,0.12466072979353973,0.12390274059230554,-0.0007579892012341966,neutral
fold_5,10,0,logistic,only_one_group,price_levels,0.814977523498161,0.6138383735185942,-0.20113914997956683,0.7467497517083475,0.2612337463738988,-0.48551600533444866,0.6556967425643054,0.04013919492174375,-0.6155575476425617,0.12466072979353973,0.039439636333973786,-0.08522109345956594,hurt
fold_5,10,0,logistic,only_one_group,size_levels,0.814977523498161,0.612510216591745,-0.202467306906416,0.7467497517083475,0.25428224177521336,-0.4924675099331341,0.6556967425643054,0.0024348741489894654,-0.653261868415316,0.12466072979353973,0.04986267276129288,-0.07479805703224685,hurt
fold_5,10,0,logistic,only_one_group,top_of_book,0.814977523498161,0.6129444217409072,-0.20203310175725375,0.7467497517083475,0.2533438902084983,-0.49340586149984916,0.6556967425643054,0.0,-0.6556967425643054,0.12466072979353973,0.03131964554638263,-0.0933410842471571,hurt
fold_5,10,0,logistic,only_one_group,spread,0.814977523498161,0.616724560686555,-0.19825296281160598,0.7467497517083475,0.27644119990874233,-0.4703085517996051,0.6556967425643054,0.0809910278242829,-0.5747057147400225,0.12466072979353973,0.027654899347462167,-0.09700583044607756,hurt
fold_5,10,0,logistic,only_one_group,midprice,0.814977523498161,0.6129444217409072,-0.20203310175725375,0.7467497517083475,0.2533438902084983,-0.49340586149984916,0.6556967425643054,0.0,-0.6556967425643054,0.12466072979353973,0.04436918093640452,-0.08029154885713521,hurt
fold_5,10,0,logistic,only_one_group,microprice,0.814977523498161,0.6129444217409072,-0.20203310175725375,0.7467497517083475,0.2533438902084983,-0.49340586149984916,0.6556967425643054,0.0,-0.6556967425643054,0.12466072979353973,0.04374896316451081,-0.08091176662902892,hurt
fold_5,10,0,logistic,only_one_group,top_of_book_imbalance,0.814977523498161,0.6129188802615447,-0.20205864323661626,0.7467497517083475,0.2533373450094222,-0.4934124066989253,0.6556967425643054,-0.0027972474282051247,-0.6584939899925105,0.12466072979353973,0.012381577699437584,-0.11227915209410215,hurt
fold_5,10,0,logistic,only_one_group,depth_imbalance,0.814977523498161,0.6129188802615447,-0.20205864323661626,0.7467497517083475,0.2533373450094222,-0.4934124066989253,0.6556967425643054,-0.0027972474282051247,-0.6584939899925105,0.12466072979353973,0.012195955733406543,-0.1124647740601332,hurt
fold_5,10,0,logistic,only_one_group,depth_slope,0.814977523498161,0.6129444217409072,-0.20203310175725375,0.7467497517083475,0.2533438902084983,-0.49340586149984916,0.6556967425643054,0.0,-0.6556967425643054,0.12466072979353973,0.013577571982261838,-0.1110831578112779,hurt
fold_5,10,0,logistic,only_one_group,liquidity_concentration,0.814977523498161,0.6129444217409072,-0.20203310175725375,0.7467497517083475,0.2533438902084983,-0.49340586149984916,0.6556967425643054,0.0,-0.6556967425643054,0.12466072979353973,0.012175820668301507,-0.11248490912523823,hurt
fold_5,10,0,logistic,only_one_group,snapshot_order_flow_proxy,0.814977523498161,0.8135982836125868,-0.0013792398855742016,0.7467497517083475,0.7430068563212271,-0.0037428953871203596,0.6556967425643054,0.6549194566725773,-0.0007772858917280967,0.12466072979353973,0.11573650568874433,-0.008924224104795403,hurt
fold_5,10,0,logistic,only_one_group,volatility_proxy,0.814977523498161,0.6125868410298324,-0.2023906824683286,0.7467497517083475,0.2540475616094261,-0.49270219009892136,0.6556967425643054,0.0021053182376992003,-0.6535914243266062,0.12466072979353973,0.044140796807503165,-0.08051993298603657,hurt
fold_5,10,0,logistic,raw_lob_only,raw_lob,0.814977523498161,0.6130976706170821,-0.2018798528810789,0.7467497517083475,0.2610406221198102,-0.48570912958853724,0.6556967425643054,0.035494387181154566,-0.6202023553831508,0.12466072979353973,0.03845990983010992,-0.08620081996342982,hurt
fold_5,10,0,logistic,derived_microstructure_only,derived_microstructure,0.814977523498161,0.8167143440948099,0.0017368205966489247,0.7467497517083475,0.7496735900922138,0.0029238383838663395,0.6556967425643054,0.6590490475825598,0.0033523050182543424,0.12466072979353973,0.12893275306951674,0.004272023275977005,helped
fold_5,10,0,logistic,no_proxy_features,no_proxy,0.814977523498161,0.6190743767879036,-0.19590314671025744,0.7467497517083475,0.2931232957215197,-0.45362645598682777,0.6556967425643054,0.10218869841108519,-0.5535080441532203,0.12466072979353973,0.04334933181115325,-0.08131139798238649,hurt
fold_5,10,0,ridge,all_features,all,0.6340161422149571,0.6340161422149571,0.0,0.34370483900481313,0.34370483900481313,0.0,0.1827734204038253,0.1827734204038253,0.0,,,,neutral
fold_5,10,0,ridge,remove_one_group,price_levels,0.6340161422149571,0.6336330200245198,-0.00038312219043723506,0.34370483900481313,0.3414447091883193,-0.0022601298164938166,0.1827734204038253,0.1811072376915325,-0.0016661827122927964,,,,hurt
fold_5,10,0,ridge,remove_one_group,size_levels,0.6340161422149571,0.6337351859419698,-0.0002809562729872983,0.34370483900481313,0.3418979889270184,-0.0018068500777947416,0.1827734204038253,0.1815514080585949,-0.0012220123452303944,,,,neutral
fold_5,10,0,ridge,remove_one_group,top_of_book,0.6340161422149571,0.6340672251736821,5.1082958725023886e-05,0.34370483900481313,0.3436628929187083,-4.194608610486039e-05,0.1827734204038253,0.18301127914323226,0.00023785873940695978,,,,neutral
fold_5,10,0,ridge,remove_one_group,spread,0.6340161422149571,0.6319217409072333,-0.002094401307723759,0.34370483900481313,0.32929351142557534,-0.014411327579237798,0.1827734204038253,0.17464637587513024,-0.00812704452869506,,,,hurt
fold_5,10,0,ridge,remove_one_group,midprice,0.6340161422149571,0.6339650592562321,-5.1082958724912864e-05,0.34370483900481313,0.3434828972232902,-0.00022194178152296073,0.1827734204038253,0.1825424081711794,-0.0002310122326459052,,,,neutral
fold_5,10,0,ridge,remove_one_group,microprice,0.6340161422149571,0.6339906007355947,-2.554147936240092e-05,0.34370483900481313,0.3436933509285434,-1.1488076269716707e-05,0.1827734204038253,0.18265458801001963,-0.0001188323938056679,,,,neutral
fold_5,10,0,ridge,remove_one_group,top_of_book_imbalance,0.6340161422149571,0.6340161422149571,0.0,0.34370483900481313,0.34370483900481313,0.0,0.1827734204038253,0.1827734204038253,0.0,,,,neutral
fold_5,10,0,ridge,remove_one_group,depth_imbalance,0.6340161422149571,0.6340161422149571,0.0,0.34370483900481313,0.34370483900481313,0.0,0.1827734204038253,0.1827734204038253,0.0,,,,neutral
fold_5,10,0,ridge,remove_one_group,depth_slope,0.6340161422149571,0.6340161422149571,0.0,0.34370483900481313,0.34370483900481313,0.0,0.1827734204038253,0.1827734204038253,0.0,,,,neutral
fold_5,10,0,ridge,remove_one_group,liquidity_concentration,0.6340161422149571,0.6340161422149571,0.0,0.34370483900481313,0.34370483900481313,0.0,0.1827734204038253,0.1827734204038253,0.0,,,,neutral
fold_5,10,0,ridge,remove_one_group,snapshot_order_flow_proxy,0.6340161422149571,0.6191254597466285,-0.014890682468328587,0.34370483900481313,0.2911637737302765,-0.052541065274536614,0.1827734204038253,0.10083312099502903,-0.08194029940879627,,,,hurt
fold_5,10,0,ridge,remove_one_group,volatility_proxy,0.6340161422149571,0.6342970984879445,0.00028095627298740933,0.34370483900481313,0.34324778302747655,-0.00045705597733658454,0.1827734204038253,0.18413477642668827,0.0013613560228629695,,,,neutral
fold_5,10,0,ridge,only_one_group,price_levels,0.6340161422149571,0.6156262770739681,-0.018389865140988948,0.34370483900481313,0.2680169870005835,-0.07568785200422962,0.1827734204038253,0.06449241467281845,-0.11828100573100685,,,,hurt
fold_5,10,0,ridge,only_one_group,size_levels,0.6340161422149571,0.6126890069472823,-0.021327135267674713,0.34370483900481313,0.25423948145404324,-0.0894653575507699,0.1827734204038253,0.004898123090537964,-0.17787529731328733,,,,hurt
fold_5,10,0,ridge,only_one_group,top_of_book,0.6340161422149571,0.6129444217409072,-0.021071720474049815,0.34370483900481313,0.2533438902084983,-0.09036094879631484,0.1827734204038253,0.0,-0.1827734204038253,,,,hurt
fold_5,10,0,ridge,only_one_group,spread,0.6340161422149571,0.61657131181038,-0.017444830404577005,0.34370483900481313,0.2753283508543624,-0.06837648815045072,0.1827734204038253,0.07901693286516562,-0.10375648753865968,,,,hurt
fold_5,10,0,ridge,only_one_group,midprice,0.6340161422149571,0.6129444217409072,-0.021071720474049815,0.34370483900481313,0.2533438902084983,-0.09036094879631484,0.1827734204038253,0.0,-0.1827734204038253,,,,hurt
fold_5,10,0,ridge,only_one_group,microprice,0.6340161422149571,0.6129444217409072,-0.021071720474049815,0.34370483900481313,0.2533438902084983,-0.09036094879631484,0.1827734204038253,0.0,-0.1827734204038253,,,,hurt
fold_5,10,0,ridge,only_one_group,top_of_book_imbalance,0.6340161422149571,0.6129188802615447,-0.021097261953412327,0.34370483900481313,0.2533373450094222,-0.09036749399539096,0.1827734204038253,-0.0027972474282051247,-0.1855706678320304,,,,hurt
fold_5,10,0,ridge,only_one_group,depth_imbalance,0.6340161422149571,0.6129188802615447,-0.021097261953412327,0.34370483900481313,0.2533373450094222,-0.09036749399539096,0.1827734204038253,-0.0027972474282051247,-0.1855706678320304,,,,hurt
fold_5,10,0,ridge,only_one_group,depth_slope,0.6340161422149571,0.6129444217409072,-0.021071720474049815,0.34370483900481313,0.2533438902084983,-0.09036094879631484,0.1827734204038253,0.0,-0.1827734204038253,,,,hurt
fold_5,10,0,ridge,only_one_group,liquidity_concentration,0.6340161422149571,0.6129444217409072,-0.021071720474049815,0.34370483900481313,0.2533438902084983,-0.09036094879631484,0.1827734204038253,0.0,-0.1827734204038253,,,,hurt
fold_5,10,0,ridge,only_one_group,snapshot_order_flow_proxy,0.6340161422149571,0.6272987331426236,-0.0067174090723334245,0.34370483900481313,0.3056545819896637,-0.038050257015149413,0.1827734204038253,0.1587421840467947,-0.02403123635703061,,,,hurt
fold_5,10,0,ridge,only_one_group,volatility_proxy,0.6340161422149571,0.6125868410298324,-0.02142930118512465,0.34370483900481313,0.2540475616094261,-0.08965727739538704,0.1827734204038253,0.0021053182376992003,-0.1806681021661261,,,,hurt
fold_5,10,0,ridge,raw_lob_only,raw_lob,0.6340161422149571,0.6160093992644053,-0.018006742950551713,0.34370483900481313,0.27080088918703316,-0.07290394981777998,0.1827734204038253,0.06927222286145084,-0.11350119754237446,,,,hurt
fold_5,10,0,ridge,derived_microstructure_only,derived_microstructure,0.6340161422149571,0.6329434000817328,-0.0010727421332242804,0.34370483900481313,0.33920959475405627,-0.004495244250756869,0.1827734204038253,0.17794810914402967,-0.004825311259795628,,,,hurt
fold_5,10,0,ridge,no_proxy_features,no_proxy,0.6340161422149571,0.6191254597466285,-0.014890682468328587,0.34370483900481313,0.2911637737302765,-0.052541065274536614,0.1827734204038253,0.10083312099502903,-0.08194029940879627,,,,hurt
fold_5,10,1,logistic,all_features,all,0.814977523498161,0.814977523498161,0.0,0.7467497517083475,0.7467497517083475,0.0,0.6556967425643054,0.6556967425643054,0.0,0.12466072979353973,0.12466072979353973,0.0,neutral
fold_5,10,1,logistic,remove_one_group,price_levels,0.814977523498161,0.8150030649775235,2.5541479362511943e-05,0.7467497517083475,0.7469582960581368,0.00020854434978934133,0.6556967425643054,0.6556451068361089,-5.163572819655293e-05,0.12466072979353973,0.12730402611118916,0.002643296317649424,neutral
fold_5,10,1,logistic,remove_one_group,size_levels,0.814977523498161,0.8156926849203106,0.0007151614221495572,0.7467497517083475,0.7477151594525511,0.0009654077442036169,0.6556967425643054,0.6570945155857784,0.0013977730214729256,0.12466072979353973,0.12455538599386254,-0.00010534379967719332,neutral
fold_5,10,1,logistic,remove_one_group,top_of_book,0.814977523498161,0.815028606456886,5.1082958725023886e-05,0.7467497517083475,0.7468042926658157,5.454095746826315e-05,0.6556967425643054,0.6557942670686159,9.752450431044224e-05,0.12466072979353973,0.12453584018801477,-0.00012488960552496653,neutral
fold_5,10,1,logistic,remove_one_group,spread,0.814977523498161,0.8146454842664487,-0.0003320392317123222,0.7467497517083475,0.7456427047048494,-0.0011070470034980628,0.6556967425643054,0.6561619440116874,0.0004652014473819355,0.12466072979353973,0.12208825266589728,-0.0025724771276424557,neutral
fold_5,10,1,logistic,remove_one_group,midprice,0.814977523498161,0.8148498161013485,-0.0001277073968124487,0.7467497517083475,0.7465243637137644,-0.00022538799458304837,0.6556967425643054,0.6554291980897693,-0.00026754447453614105,0.12466072979353973,0.1242346698094344,-0.0004260599841053314,neutral
fold_5,10,1,logistic,remove_one_group,microprice,0.814977523498161,0.8146710257458112,-0.00030649775234981025,0.7467497517083475,0.7461848360281019,-0.0005649156802455257,0.6556967425643054,0.6550869142685426,-0.0006098282957628376,0.12466072979353973,0.12395498623534691,-0.0007057435581928201,neutral
fold_5,10,1,logistic,remove_one_group,top_of_book_imbalance,0.814977523498161,0.8138536984062117,-0.0011238250919493042,0.7467497517083475,0.7447488363365586,-0.002000915371788814,0.6556967425643054,0.6534653804653777,-0.002231362098927714,0.12466072979353973,0.12409195554034554,-0.0005687742531941958,hurt
fold_5,10,1,logistic,remove_one_group,depth_imbalance,0.814977523498161,0.8137770739681243,-0.001200449530036729,0.7467497517083475,0.7446066200870508,-0.0021431316212966456,0.6556967425643054,0.6533097156168534,-0.0023870269474520756,0.12466072979353973,0.12414062274197926,-0.00052010705156047,hurt
fold_5,10,1,logistic,remove_one_group,depth_slope,0.814977523498161,0.8133173273395995,-0.0016601961585615,0.7467497517083475,0.7438091280128539,-0.002940623695493527,0.6556967425643054,0.6524211728158533,-0.003275569748452112,0.12466072979353973,0.12457395858729715,-8.677120624257795e-05,hurt
fold_5,10,1,logistic,remove_one_group,liquidity_concentration,0.814977523498161,0.8147221087045362,-0.00025541479362478636,0.7467497517083475,0.7462536761144772,-0.0004960755938702155,0.6556967425643054,0.6551501927772072,-0.0005465497870982272,0.12466072979353973,0.12444231033684296,-0.0002184194566967751,neutral
fold_5,10,1,logistic,remove_one_group,snapshot_order_flow_proxy,0.814977523498161,0.6190743767879036,-0.19590314671025744,0.7467497517083475,0.2931232957215197,-0.45362645598682777,0.6556967425643054,0.10218869841108519,-0.5535080441532203,0.12466072979353973,0.04334933181115325,-0.08131139798238649,hurt
fold_5,10,1,logistic,remove_one_group,volatility_proxy,0.814977523498161,0.8152073968124234,0.00022987331426238544,0.7467497517083475,0.7469710436449374,0.00022129193658992907,0.6556967425643054,0.6562743882461467,0.0005776456818412656,0.12466072979353973,0.12390274059230554,-0.0007579892012341966,neutral
fold_5,10,1,logistic,only_one_group,price_levels,0.814977523498161,0.6138383735185942,-0.20113914997956683,0.7467497517083475,0.2612337463738988,-0.48551600533444866,0.6556967425643054,0.04013919492174375,-0.6155575476425617,0.12466072979353973,0.039439636333973786,-0.08522109345956594,hurt
fold_5,10,1,logistic,only_one_group,size_levels,0.814977523498161,0.612510216591745,-0.202467306906416,0.7467497517083475,0.25428224177521336,-0.4924675099331341,0.6556967425643054,0.0024348741489894654,-0.653261868415316,0.12466072979353973,0.04986267276129288,-0.07479805703224685,hurt
fold_5,10,1,logistic,only_one_group,top_of_book,0.814977523498161,0.6129444217409072,-0.20203310175725375,0.7467497517083475,0.2533438902084983,-0.49340586149984916,0.6556967425643054,0.0,-0.6556967425643054,0.12466072979353973,0.03131964554638263,-0.0933410842471571,hurt
fold_5,10,1,logistic,only_one_group,spread,0.814977523498161,0.616724560686555,-0.19825296281160598,0.7467497517083475,0.27644119990874233,-0.4703085517996051,0.6556967425643054,0.0809910278242829,-0.5747057147400225,0.12466072979353973,0.027654899347462167,-0.09700583044607756,hurt
fold_5,10,1,logistic,only_one_group,midprice,0.814977523498161,0.6129444217409072,-0.20203310175725375,0.7467497517083475,0.2533438902084983,-0.49340586149984916,0.6556967425643054,0.0,-0.6556967425643054,0.12466072979353973,0.04436918093640452,-0.08029154885713521,hurt
fold_5,10,1,logistic,only_one_group,microprice,0.814977523498161,0.6129444217409072,-0.20203310175725375,0.7467497517083475,0.2533438902084983,-0.49340586149984916,0.6556967425643054,0.0,-0.6556967425643054,0.12466072979353973,0.04374896316451081,-0.08091176662902892,hurt
fold_5,10,1,logistic,only_one_group,top_of_book_imbalance,0.814977523498161,0.6129188802615447,-0.20205864323661626,0.7467497517083475,0.2533373450094222,-0.4934124066989253,0.6556967425643054,-0.0027972474282051247,-0.6584939899925105,0.12466072979353973,0.012381577699437584,-0.11227915209410215,hurt
fold_5,10,1,logistic,only_one_group,depth_imbalance,0.814977523498161,0.6129188802615447,-0.20205864323661626,0.7467497517083475,0.2533373450094222,-0.4934124066989253,0.6556967425643054,-0.0027972474282051247,-0.6584939899925105,0.12466072979353973,0.012195955733406543,-0.1124647740601332,hurt
fold_5,10,1,logistic,only_one_group,depth_slope,0.814977523498161,0.6129444217409072,-0.20203310175725375,0.7467497517083475,0.2533438902084983,-0.49340586149984916,0.6556967425643054,0.0,-0.6556967425643054,0.12466072979353973,0.013577571982261838,-0.1110831578112779,hurt
fold_5,10,1,logistic,only_one_group,liquidity_concentration,0.814977523498161,0.6129444217409072,-0.20203310175725375,0.7467497517083475,0.2533438902084983,-0.49340586149984916,0.6556967425643054,0.0,-0.6556967425643054,0.12466072979353973,0.012175820668301507,-0.11248490912523823,hurt
fold_5,10,1,logistic,only_one_group,snapshot_order_flow_proxy,0.814977523498161,0.8135982836125868,-0.0013792398855742016,0.7467497517083475,0.7430068563212271,-0.0037428953871203596,0.6556967425643054,0.6549194566725773,-0.0007772858917280967,0.12466072979353973,0.11573650568874433,-0.008924224104795403,hurt
fold_5,10,1,logistic,only_one_group,volatility_proxy,0.814977523498161,0.6125868410298324,-0.2023906824683286,0.7467497517083475,0.2540475616094261,-0.49270219009892136,0.6556967425643054,0.0021053182376992003,-0.6535914243266062,0.12466072979353973,0.044140796807503165,-0.08051993298603657,hurt
fold_5,10,1,logistic,raw_lob_only,raw_lob,0.814977523498161,0.6130976706170821,-0.2018798528810789,0.7467497517083475,0.2610406221198102,-0.48570912958853724,0.6556967425643054,0.035494387181154566,-0.6202023553831508,0.12466072979353973,0.03845990983010992,-0.08620081996342982,hurt
fold_5,10,1,logistic,derived_microstructure_only,derived_microstructure,0.814977523498161,0.8167143440948099,0.0017368205966489247,0.7467497517083475,0.7496735900922138,0.0029238383838663395,0.6556967425643054,0.6590490475825598,0.0033523050182543424,0.12466072979353973,0.12893275306951674,0.004272023275977005,helped
fold_5,10,1,logistic,no_proxy_features,no_proxy,0.814977523498161,0.6190743767879036,-0.19590314671025744,0.7467497517083475,0.2931232957215197,-0.45362645598682777,0.6556967425643054,0.10218869841108519,-0.5535080441532203,0.12466072979353973,0.04334933181115325,-0.08131139798238649,hurt
fold_5,10,1,ridge,all_features,all,0.6340161422149571,0.6340161422149571,0.0,0.34370483900481313,0.34370483900481313,0.0,0.1827734204038253,0.1827734204038253,0.0,,,,neutral
fold_5,10,1,ridge,remove_one_group,price_levels,0.6340161422149571,0.6336330200245198,-0.00038312219043723506,0.34370483900481313,0.3414447091883193,-0.0022601298164938166,0.1827734204038253,0.1811072376915325,-0.0016661827122927964,,,,hurt
fold_5,10,1,ridge,remove_one_group,size_levels,0.6340161422149571,0.6337351859419698,-0.0002809562729872983,0.34370483900481313,0.3418979889270184,-0.0018068500777947416,0.1827734204038253,0.1815514080585949,-0.0012220123452303944,,,,neutral
fold_5,10,1,ridge,remove_one_group,top_of_book,0.6340161422149571,0.6340672251736821,5.1082958725023886e-05,0.34370483900481313,0.3436628929187083,-4.194608610486039e-05,0.1827734204038253,0.18301127914323226,0.00023785873940695978,,,,neutral
fold_5,10,1,ridge,remove_one_group,spread,0.6340161422149571,0.6319217409072333,-0.002094401307723759,0.34370483900481313,0.32929351142557534,-0.014411327579237798,0.1827734204038253,0.17464637587513024,-0.00812704452869506,,,,hurt
fold_5,10,1,ridge,remove_one_group,midprice,0.6340161422149571,0.6339650592562321,-5.1082958724912864e-05,0.34370483900481313,0.3434828972232902,-0.00022194178152296073,0.1827734204038253,0.1825424081711794,-0.0002310122326459052,,,,neutral
fold_5,10,1,ridge,remove_one_group,microprice,0.6340161422149571,0.6339906007355947,-2.554147936240092e-05,0.34370483900481313,0.3436933509285434,-1.1488076269716707e-05,0.1827734204038253,0.18265458801001963,-0.0001188323938056679,,,,neutral
fold_5,10,1,ridge,remove_one_group,top_of_book_imbalance,0.6340161422149571,0.6340161422149571,0.0,0.34370483900481313,0.34370483900481313,0.0,0.1827734204038253,0.1827734204038253,0.0,,,,neutral
fold_5,10,1,ridge,remove_one_group,depth_imbalance,0.6340161422149571,0.6340161422149571,0.0,0.34370483900481313,0.34370483900481313,0.0,0.1827734204038253,0.1827734204038253,0.0,,,,neutral
fold_5,10,1,ridge,remove_one_group,depth_slope,0.6340161422149571,0.6340161422149571,0.0,0.34370483900481313,0.34370483900481313,0.0,0.1827734204038253,0.1827734204038253,0.0,,,,neutral
fold_5,10,1,ridge,remove_one_group,liquidity_concentration,0.6340161422149571,0.6340161422149571,0.0,0.34370483900481313,0.34370483900481313,0.0,0.1827734204038253,0.1827734204038253,0.0,,,,neutral
fold_5,10,1,ridge,remove_one_group,snapshot_order_flow_proxy,0.6340161422149571,0.6191254597466285,-0.014890682468328587,0.34370483900481313,0.2911637737302765,-0.052541065274536614,0.1827734204038253,0.10083312099502903,-0.08194029940879627,,,,hurt
fold_5,10,1,ridge,remove_one_group,volatility_proxy,0.6340161422149571,0.6342970984879445,0.00028095627298740933,0.34370483900481313,0.34324778302747655,-0.00045705597733658454,0.1827734204038253,0.18413477642668827,0.0013613560228629695,,,,neutral
fold_5,10,1,ridge,only_one_group,price_levels,0.6340161422149571,0.6156262770739681,-0.018389865140988948,0.34370483900481313,0.2680169870005835,-0.07568785200422962,0.1827734204038253,0.06449241467281845,-0.11828100573100685,,,,hurt
fold_5,10,1,ridge,only_one_group,size_levels,0.6340161422149571,0.6126890069472823,-0.021327135267674713,0.34370483900481313,0.25423948145404324,-0.0894653575507699,0.1827734204038253,0.004898123090537964,-0.17787529731328733,,,,hurt
fold_5,10,1,ridge,only_one_group,top_of_book,0.6340161422149571,0.6129444217409072,-0.021071720474049815,0.34370483900481313,0.2533438902084983,-0.09036094879631484,0.1827734204038253,0.0,-0.1827734204038253,,,,hurt
fold_5,10,1,ridge,only_one_group,spread,0.6340161422149571,0.61657131181038,-0.017444830404577005,0.34370483900481313,0.2753283508543624,-0.06837648815045072,0.1827734204038253,0.07901693286516562,-0.10375648753865968,,,,hurt
fold_5,10,1,ridge,only_one_group,midprice,0.6340161422149571,0.6129444217409072,-0.021071720474049815,0.34370483900481313,0.2533438902084983,-0.09036094879631484,0.1827734204038253,0.0,-0.1827734204038253,,,,hurt
fold_5,10,1,ridge,only_one_group,microprice,0.6340161422149571,0.6129444217409072,-0.021071720474049815,0.34370483900481313,0.2533438902084983,-0.09036094879631484,0.1827734204038253,0.0,-0.1827734204038253,,,,hurt
fold_5,10,1,ridge,only_one_group,top_of_book_imbalance,0.6340161422149571,0.6129188802615447,-0.021097261953412327,0.34370483900481313,0.2533373450094222,-0.09036749399539096,0.1827734204038253,-0.0027972474282051247,-0.1855706678320304,,,,hurt
fold_5,10,1,ridge,only_one_group,depth_imbalance,0.6340161422149571,0.6129188802615447,-0.021097261953412327,0.34370483900481313,0.2533373450094222,-0.09036749399539096,0.1827734204038253,-0.0027972474282051247,-0.1855706678320304,,,,hurt
fold_5,10,1,ridge,only_one_group,depth_slope,0.6340161422149571,0.6129444217409072,-0.021071720474049815,0.34370483900481313,0.2533438902084983,-0.09036094879631484,0.1827734204038253,0.0,-0.1827734204038253,,,,hurt
fold_5,10,1,ridge,only_one_group,liquidity_concentration,0.6340161422149571,0.6129444217409072,-0.021071720474049815,0.34370483900481313,0.2533438902084983,-0.09036094879631484,0.1827734204038253,0.0,-0.1827734204038253,,,,hurt
fold_5,10,1,ridge,only_one_group,snapshot_order_flow_proxy,0.6340161422149571,0.6272987331426236,-0.0067174090723334245,0.34370483900481313,0.3056545819896637,-0.038050257015149413,0.1827734204038253,0.1587421840467947,-0.02403123635703061,,,,hurt
fold_5,10,1,ridge,only_one_group,volatility_proxy,0.6340161422149571,0.6125868410298324,-0.02142930118512465,0.34370483900481313,0.2540475616094261,-0.08965727739538704,0.1827734204038253,0.0021053182376992003,-0.1806681021661261,,,,hurt
fold_5,10,1,ridge,raw_lob_only,raw_lob,0.6340161422149571,0.6160093992644053,-0.018006742950551713,0.34370483900481313,0.27080088918703316,-0.07290394981777998,0.1827734204038253,0.06927222286145084,-0.11350119754237446,,,,hurt
fold_5,10,1,ridge,derived_microstructure_only,derived_microstructure,0.6340161422149571,0.6329434000817328,-0.0010727421332242804,0.34370483900481313,0.33920959475405627,-0.004495244250756869,0.1827734204038253,0.17794810914402967,-0.004825311259795628,,,,hurt
fold_5,10,1,ridge,no_proxy_features,no_proxy,0.6340161422149571,0.6191254597466285,-0.014890682468328587,0.34370483900481313,0.2911637737302765,-0.052541065274536614,0.1827734204038253,0.10083312099502903,-0.08194029940879627,,,,hurt
fold_5,10,2,logistic,all_features,all,0.814977523498161,0.814977523498161,0.0,0.7467497517083475,0.7467497517083475,0.0,0.6556967425643054,0.6556967425643054,0.0,0.12466072979353973,0.12466072979353973,0.0,neutral
fold_5,10,2,logistic,remove_one_group,price_levels,0.814977523498161,0.8150030649775235,2.5541479362511943e-05,0.7467497517083475,0.7469582960581368,0.00020854434978934133,0.6556967425643054,0.6556451068361089,-5.163572819655293e-05,0.12466072979353973,0.12730402611118916,0.002643296317649424,neutral
fold_5,10,2,logistic,remove_one_group,size_levels,0.814977523498161,0.8156926849203106,0.0007151614221495572,0.7467497517083475,0.7477151594525511,0.0009654077442036169,0.6556967425643054,0.6570945155857784,0.0013977730214729256,0.12466072979353973,0.12455538599386254,-0.00010534379967719332,neutral
fold_5,10,2,logistic,remove_one_group,top_of_book,0.814977523498161,0.815028606456886,5.1082958725023886e-05,0.7467497517083475,0.7468042926658157,5.454095746826315e-05,0.6556967425643054,0.6557942670686159,9.752450431044224e-05,0.12466072979353973,0.12453584018801477,-0.00012488960552496653,neutral
fold_5,10,2,logistic,remove_one_group,spread,0.814977523498161,0.8146454842664487,-0.0003320392317123222,0.7467497517083475,0.7456427047048494,-0.0011070470034980628,0.6556967425643054,0.6561619440116874,0.0004652014473819355,0.12466072979353973,0.12208825266589728,-0.0025724771276424557,neutral
fold_5,10,2,logistic,remove_one_group,midprice,0.814977523498161,0.8148498161013485,-0.0001277073968124487,0.7467497517083475,0.7465243637137644,-0.00022538799458304837,0.6556967425643054,0.6554291980897693,-0.00026754447453614105,0.12466072979353973,0.1242346698094344,-0.0004260599841053314,neutral
fold_5,10,2,logistic,remove_one_group,microprice,0.814977523498161,0.8146710257458112,-0.00030649775234981025,0.7467497517083475,0.7461848360281019,-0.0005649156802455257,0.6556967425643054,0.6550869142685426,-0.0006098282957628376,0.12466072979353973,0.12395498623534691,-0.0007057435581928201,neutral
fold_5,10,2,logistic,remove_one_group,top_of_book_imbalance,0.814977523498161,0.8138536984062117,-0.0011238250919493042,0.7467497517083475,0.7447488363365586,-0.002000915371788814,0.6556967425643054,0.6534653804653777,-0.002231362098927714,0.12466072979353973,0.12409195554034554,-0.0005687742531941958,hurt
fold_5,10,2,logistic,remove_one_group,depth_imbalance,0.814977523498161,0.8137770739681243,-0.001200449530036729,0.7467497517083475,0.7446066200870508,-0.0021431316212966456,0.6556967425643054,0.6533097156168534,-0.0023870269474520756,0.12466072979353973,0.12414062274197926,-0.00052010705156047,hurt
fold_5,10,2,logistic,remove_one_group,depth_slope,0.814977523498161,0.8133173273395995,-0.0016601961585615,0.7467497517083475,0.7438091280128539,-0.002940623695493527,0.6556967425643054,0.6524211728158533,-0.003275569748452112,0.12466072979353973,0.12457395858729715,-8.677120624257795e-05,hurt
fold_5,10,2,logistic,remove_one_group,liquidity_concentration,0.814977523498161,0.8147221087045362,-0.00025541479362478636,0.7467497517083475,0.7462536761144772,-0.0004960755938702155,0.6556967425643054,0.6551501927772072,-0.0005465497870982272,0.12466072979353973,0.12444231033684296,-0.0002184194566967751,neutral
fold_5,10,2,logistic,remove_one_group,snapshot_order_flow_proxy,0.814977523498161,0.6190743767879036,-0.19590314671025744,0.7467497517083475,0.2931232957215197,-0.45362645598682777,0.6556967425643054,0.10218869841108519,-0.5535080441532203,0.12466072979353973,0.04334933181115325,-0.08131139798238649,hurt
fold_5,10,2,logistic,remove_one_group,volatility_proxy,0.814977523498161,0.8152073968124234,0.00022987331426238544,0.7467497517083475,0.7469710436449374,0.00022129193658992907,0.6556967425643054,0.6562743882461467,0.0005776456818412656,0.12466072979353973,0.12390274059230554,-0.0007579892012341966,neutral
fold_5,10,2,logistic,only_one_group,price_levels,0.814977523498161,0.6138383735185942,-0.20113914997956683,0.7467497517083475,0.2612337463738988,-0.48551600533444866,0.6556967425643054,0.04013919492174375,-0.6155575476425617,0.12466072979353973,0.039439636333973786,-0.08522109345956594,hurt
fold_5,10,2,logistic,only_one_group,size_levels,0.814977523498161,0.612510216591745,-0.202467306906416,0.7467497517083475,0.25428224177521336,-0.4924675099331341,0.6556967425643054,0.0024348741489894654,-0.653261868415316,0.12466072979353973,0.04986267276129288,-0.07479805703224685,hurt
fold_5,10,2,logistic,only_one_group,top_of_book,0.814977523498161,0.6129444217409072,-0.20203310175725375,0.7467497517083475,0.2533438902084983,-0.49340586149984916,0.6556967425643054,0.0,-0.6556967425643054,0.12466072979353973,0.03131964554638263,-0.0933410842471571,hurt
fold_5,10,2,logistic,only_one_group,spread,0.814977523498161,0.616724560686555,-0.19825296281160598,0.7467497517083475,0.27644119990874233,-0.4703085517996051,0.6556967425643054,0.0809910278242829,-0.5747057147400225,0.12466072979353973,0.027654899347462167,-0.09700583044607756,hurt
fold_5,10,2,logistic,only_one_group,midprice,0.814977523498161,0.6129444217409072,-0.20203310175725375,0.7467497517083475,0.2533438902084983,-0.49340586149984916,0.6556967425643054,0.0,-0.6556967425643054,0.12466072979353973,0.04436918093640452,-0.08029154885713521,hurt
fold_5,10,2,logistic,only_one_group,microprice,0.814977523498161,0.6129444217409072,-0.20203310175725375,0.7467497517083475,0.2533438902084983,-0.49340586149984916,0.6556967425643054,0.0,-0.6556967425643054,0.12466072979353973,0.04374896316451081,-0.08091176662902892,hurt
fold_5,10,2,logistic,only_one_group,top_of_book_imbalance,0.814977523498161,0.6129188802615447,-0.20205864323661626,0.7467497517083475,0.2533373450094222,-0.4934124066989253,0.6556967425643054,-0.0027972474282051247,-0.6584939899925105,0.12466072979353973,0.012381577699437584,-0.11227915209410215,hurt
fold_5,10,2,logistic,only_one_group,depth_imbalance,0.814977523498161,0.6129188802615447,-0.20205864323661626,0.7467497517083475,0.2533373450094222,-0.4934124066989253,0.6556967425643054,-0.0027972474282051247,-0.6584939899925105,0.12466072979353973,0.012195955733406543,-0.1124647740601332,hurt
fold_5,10,2,logistic,only_one_group,depth_slope,0.814977523498161,0.6129444217409072,-0.20203310175725375,0.7467497517083475,0.2533438902084983,-0.49340586149984916,0.6556967425643054,0.0,-0.6556967425643054,0.12466072979353973,0.013577571982261838,-0.1110831578112779,hurt
fold_5,10,2,logistic,only_one_group,liquidity_concentration,0.814977523498161,0.6129444217409072,-0.20203310175725375,0.7467497517083475,0.2533438902084983,-0.49340586149984916,0.6556967425643054,0.0,-0.6556967425643054,0.12466072979353973,0.012175820668301507,-0.11248490912523823,hurt
fold_5,10,2,logistic,only_one_group,snapshot_order_flow_proxy,0.814977523498161,0.8135982836125868,-0.0013792398855742016,0.7467497517083475,0.7430068563212271,-0.0037428953871203596,0.6556967425643054,0.6549194566725773,-0.0007772858917280967,0.12466072979353973,0.11573650568874433,-0.008924224104795403,hurt
fold_5,10,2,logistic,only_one_group,volatility_proxy,0.814977523498161,0.6125868410298324,-0.2023906824683286,0.7467497517083475,0.2540475616094261,-0.49270219009892136,0.6556967425643054,0.0021053182376992003,-0.6535914243266062,0.12466072979353973,0.044140796807503165,-0.08051993298603657,hurt
fold_5,10,2,logistic,raw_lob_only,raw_lob,0.814977523498161,0.6130976706170821,-0.2018798528810789,0.7467497517083475,0.2610406221198102,-0.48570912958853724,0.6556967425643054,0.035494387181154566,-0.6202023553831508,0.12466072979353973,0.03845990983010992,-0.08620081996342982,hurt
fold_5,10,2,logistic,derived_microstructure_only,derived_microstructure,0.814977523498161,0.8167143440948099,0.0017368205966489247,0.7467497517083475,0.7496735900922138,0.0029238383838663395,0.6556967425643054,0.6590490475825598,0.0033523050182543424,0.12466072979353973,0.12893275306951674,0.004272023275977005,helped
fold_5,10,2,logistic,no_proxy_features,no_proxy,0.814977523498161,0.6190743767879036,-0.19590314671025744,0.7467497517083475,0.2931232957215197,-0.45362645598682777,0.6556967425643054,0.10218869841108519,-0.5535080441532203,0.12466072979353973,0.04334933181115325,-0.08131139798238649,hurt
fold_5,10,2,ridge,all_features,all,0.6340161422149571,0.6340161422149571,0.0,0.34370483900481313,0.34370483900481313,0.0,0.1827734204038253,0.1827734204038253,0.0,,,,neutral
fold_5,10,2,ridge,remove_one_group,price_levels,0.6340161422149571,0.6336330200245198,-0.00038312219043723506,0.34370483900481313,0.3414447091883193,-0.0022601298164938166,0.1827734204038253,0.1811072376915325,-0.0016661827122927964,,,,hurt
fold_5,10,2,ridge,remove_one_group,size_levels,0.6340161422149571,0.6337351859419698,-0.0002809562729872983,0.34370483900481313,0.3418979889270184,-0.0018068500777947416,0.1827734204038253,0.1815514080585949,-0.0012220123452303944,,,,neutral
fold_5,10,2,ridge,remove_one_group,top_of_book,0.6340161422149571,0.6340672251736821,5.1082958725023886e-05,0.34370483900481313,0.3436628929187083,-4.194608610486039e-05,0.1827734204038253,0.18301127914323226,0.00023785873940695978,,,,neutral
fold_5,10,2,ridge,remove_one_group,spread,0.6340161422149571,0.6319217409072333,-0.002094401307723759,0.34370483900481313,0.32929351142557534,-0.014411327579237798,0.1827734204038253,0.17464637587513024,-0.00812704452869506,,,,hurt
fold_5,10,2,ridge,remove_one_group,midprice,0.6340161422149571,0.6339650592562321,-5.1082958724912864e-05,0.34370483900481313,0.3434828972232902,-0.00022194178152296073,0.1827734204038253,0.1825424081711794,-0.0002310122326459052,,,,neutral
fold_5,10,2,ridge,remove_one_group,microprice,0.6340161422149571,0.6339906007355947,-2.554147936240092e-05,0.34370483900481313,0.3436933509285434,-1.1488076269716707e-05,0.1827734204038253,0.18265458801001963,-0.0001188323938056679,,,,neutral
fold_5,10,2,ridge,remove_one_group,top_of_book_imbalance,0.6340161422149571,0.6340161422149571,0.0,0.34370483900481313,0.34370483900481313,0.0,0.1827734204038253,0.1827734204038253,0.0,,,,neutral
fold_5,10,2,ridge,remove_one_group,depth_imbalance,0.6340161422149571,0.6340161422149571,0.0,0.34370483900481313,0.34370483900481313,0.0,0.1827734204038253,0.1827734204038253,0.0,,,,neutral
fold_5,10,2,ridge,remove_one_group,depth_slope,0.6340161422149571,0.6340161422149571,0.0,0.34370483900481313,0.34370483900481313,0.0,0.1827734204038253,0.1827734204038253,0.0,,,,neutral
fold_5,10,2,ridge,remove_one_group,liquidity_concentration,0.6340161422149571,0.6340161422149571,0.0,0.34370483900481313,0.34370483900481313,0.0,0.1827734204038253,0.1827734204038253,0.0,,,,neutral
fold_5,10,2,ridge,remove_one_group,snapshot_order_flow_proxy,0.6340161422149571,0.6191254597466285,-0.014890682468328587,0.34370483900481313,0.2911637737302765,-0.052541065274536614,0.1827734204038253,0.10083312099502903,-0.08194029940879627,,,,hurt
fold_5,10,2,ridge,remove_one_group,volatility_proxy,0.6340161422149571,0.6342970984879445,0.00028095627298740933,0.34370483900481313,0.34324778302747655,-0.00045705597733658454,0.1827734204038253,0.18413477642668827,0.0013613560228629695,,,,neutral
fold_5,10,2,ridge,only_one_group,price_levels,0.6340161422149571,0.6156262770739681,-0.018389865140988948,0.34370483900481313,0.2680169870005835,-0.07568785200422962,0.1827734204038253,0.06449241467281845,-0.11828100573100685,,,,hurt
fold_5,10,2,ridge,only_one_group,size_levels,0.6340161422149571,0.6126890069472823,-0.021327135267674713,0.34370483900481313,0.25423948145404324,-0.0894653575507699,0.1827734204038253,0.004898123090537964,-0.17787529731328733,,,,hurt
fold_5,10,2,ridge,only_one_group,top_of_book,0.6340161422149571,0.6129444217409072,-0.021071720474049815,0.34370483900481313,0.2533438902084983,-0.09036094879631484,0.1827734204038253,0.0,-0.1827734204038253,,,,hurt
fold_5,10,2,ridge,only_one_group,spread,0.6340161422149571,0.61657131181038,-0.017444830404577005,0.34370483900481313,0.2753283508543624,-0.06837648815045072,0.1827734204038253,0.07901693286516562,-0.10375648753865968,,,,hurt
fold_5,10,2,ridge,only_one_group,midprice,0.6340161422149571,0.6129444217409072,-0.021071720474049815,0.34370483900481313,0.2533438902084983,-0.09036094879631484,0.1827734204038253,0.0,-0.1827734204038253,,,,hurt
fold_5,10,2,ridge,only_one_group,microprice,0.6340161422149571,0.6129444217409072,-0.021071720474049815,0.34370483900481313,0.2533438902084983,-0.09036094879631484,0.1827734204038253,0.0,-0.1827734204038253,,,,hurt
fold_5,10,2,ridge,only_one_group,top_of_book_imbalance,0.6340161422149571,0.6129188802615447,-0.021097261953412327,0.34370483900481313,0.2533373450094222,-0.09036749399539096,0.1827734204038253,-0.0027972474282051247,-0.1855706678320304,,,,hurt
fold_5,10,2,ridge,only_one_group,depth_imbalance,0.6340161422149571,0.6129188802615447,-0.021097261953412327,0.34370483900481313,0.2533373450094222,-0.09036749399539096,0.1827734204038253,-0.0027972474282051247,-0.1855706678320304,,,,hurt
fold_5,10,2,ridge,only_one_group,depth_slope,0.6340161422149571,0.6129444217409072,-0.021071720474049815,0.34370483900481313,0.2533438902084983,-0.09036094879631484,0.1827734204038253,0.0,-0.1827734204038253,,,,hurt
fold_5,10,2,ridge,only_one_group,liquidity_concentration,0.6340161422149571,0.6129444217409072,-0.021071720474049815,0.34370483900481313,0.2533438902084983,-0.09036094879631484,0.1827734204038253,0.0,-0.1827734204038253,,,,hurt
fold_5,10,2,ridge,only_one_group,snapshot_order_flow_proxy,0.6340161422149571,0.6272987331426236,-0.0067174090723334245,0.34370483900481313,0.3056545819896637,-0.038050257015149413,0.1827734204038253,0.1587421840467947,-0.02403123635703061,,,,hurt
fold_5,10,2,ridge,only_one_group,volatility_proxy,0.6340161422149571,0.6125868410298324,-0.02142930118512465,0.34370483900481313,0.2540475616094261,-0.08965727739538704,0.1827734204038253,0.0021053182376992003,-0.1806681021661261,,,,hurt
fold_5,10,2,ridge,raw_lob_only,raw_lob,0.6340161422149571,0.6160093992644053,-0.018006742950551713,0.34370483900481313,0.27080088918703316,-0.07290394981777998,0.1827734204038253,0.06927222286145084,-0.11350119754237446,,,,hurt
fold_5,10,2,ridge,derived_microstructure_only,derived_microstructure,0.6340161422149571,0.6329434000817328,-0.0010727421332242804,0.34370483900481313,0.33920959475405627,-0.004495244250756869,0.1827734204038253,0.17794810914402967,-0.004825311259795628,,,,hurt
fold_5,10,2,ridge,no_proxy_features,no_proxy,0.6340161422149571,0.6191254597466285,-0.014890682468328587,0.34370483900481313,0.2911637737302765,-0.052541065274536614,0.1827734204038253,0.10083312099502903,-0.08194029940879627,,,,hurt
