fold,horizon,seed,model,ablation_mode,feature_group,features_used,proxy_features_used,unsupported_groups,accuracy,macro_f1,mcc,ece,brier_score,status
fold_1,10,0,logistic,all_features,all,98,40,"time_context,true_order_flow_imbalance,cancellation_imbalance,trade_imbalance,queue_position",0.6322368935073053,0.4047283174464407,0.2464918021031744,0.02815397537260498,0.5103463237223018,completed
fold_1,10,0,logistic,remove_one_group,price_levels,78,40,"time_context,true_order_flow_imbalance,cancellation_imbalance,trade_imbalance,queue_position",0.6329140297419069,0.40340646518357187,0.24932289860060536,0.03083583597079406,0.5110217766090329,completed
fold_1,10,0,logistic,remove_one_group,size_levels,78,40,"time_context,true_order_flow_imbalance,cancellation_imbalance,trade_imbalance,queue_position",0.6303877907128161,0.40253328290189466,0.2401274224431615,0.02678471050901042,0.5118500047593334,completed
fold_1,10,0,logistic,remove_one_group,top_of_book,94,40,"time_context,true_order_flow_imbalance,cancellation_imbalance,trade_imbalance,queue_position",0.6317681068833503,0.4040915679448491,0.2448729789406885,0.02741648504106036,0.510455792131545,completed
fold_1,10,0,logistic,remove_one_group,spread,96,40,"time_context,true_order_flow_imbalance,cancellation_imbalance,trade_imbalance,queue_position",0.6285907753209886,0.3850413755620135,0.23770432628223054,0.03199038827574147,0.5161741836174595,completed
fold_1,10,0,logistic,remove_one_group,midprice,97,40,"time_context,true_order_flow_imbalance,cancellation_imbalance,trade_imbalance,queue_position",0.6321066750006511,0.4046197433799095,0.24605522907779215,0.028180276882321553,0.5103539446684139,completed
fold_1,10,0,logistic,remove_one_group,microprice,97,40,"time_context,true_order_flow_imbalance,cancellation_imbalance,trade_imbalance,queue_position",0.6318462379873427,0.4046619519374593,0.24509499143004404,0.02743275524864773,0.5103707144234111,completed
fold_1,10,0,logistic,remove_one_group,top_of_book_imbalance,97,40,"time_context,true_order_flow_imbalance,cancellation_imbalance,trade_imbalance,queue_position",0.6320285438966586,0.4048148848782098,0.24573123433118077,0.02823405322412636,0.510415054134927,completed
fold_1,10,0,logistic,remove_one_group,depth_imbalance,95,40,"time_context,true_order_flow_imbalance,cancellation_imbalance,trade_imbalance,queue_position",0.6323410683126286,0.40533771637291416,0.24678646388390918,0.028619139681930826,0.5102128546871036,completed
fold_1,10,0,logistic,remove_one_group,depth_slope,95,40,"time_context,true_order_flow_imbalance,cancellation_imbalance,trade_imbalance,queue_position",0.6317681068833503,0.40413523071585705,0.24485908645878182,0.02783105484398245,0.5103920717818343,completed
fold_1,10,0,logistic,remove_one_group,liquidity_concentration,96,40,"time_context,true_order_flow_imbalance,cancellation_imbalance,trade_imbalance,queue_position",0.6320285438966586,0.4050235178236808,0.24571703619787447,0.028060028408231043,0.5104254290216873,completed
fold_1,10,0,logistic,remove_one_group,snapshot_order_flow_proxy,58,0,"time_context,true_order_flow_imbalance,cancellation_imbalance,trade_imbalance,queue_position",0.5917389379378597,0.2727024696258821,0.05855157475684144,0.019064080898083115,0.5551105396777208,completed
fold_1,10,0,logistic,remove_one_group,volatility_proxy,97,40,"time_context,true_order_flow_imbalance,cancellation_imbalance,trade_imbalance,queue_position",0.6319243690913353,0.4048944164348576,0.245343329202694,0.02799665455998574,0.5103574354603994,completed
fold_1,10,0,logistic,only_one_group,price_levels,20,0,"time_context,true_order_flow_imbalance,cancellation_imbalance,trade_imbalance,queue_position",0.5911659765085814,0.24779140157690624,0.005187412117908834,0.027651949688414692,0.5652187881854494,completed
fold_1,10,0,logistic,only_one_group,size_levels,20,0,"time_context,true_order_flow_imbalance,cancellation_imbalance,trade_imbalance,queue_position",0.590775320988619,0.24916098030385236,0.004658600733453566,0.019106266235258924,0.5658836565569029,completed
fold_1,10,0,logistic,only_one_group,top_of_book,4,0,"time_context,true_order_flow_imbalance,cancellation_imbalance,trade_imbalance,queue_position",0.5911659765085814,0.24768670071144863,0.0,0.01981889341081693,0.5677033345881632,completed
fold_1,10,0,logistic,only_one_group,spread,2,0,"time_context,true_order_flow_imbalance,cancellation_imbalance,trade_imbalance,queue_position",0.5951506628121989,0.2679444718520541,0.07481206057331223,0.03778186870719525,0.558671185799181,completed
fold_1,10,0,logistic,only_one_group,midprice,1,0,"time_context,true_order_flow_imbalance,cancellation_imbalance,trade_imbalance,queue_position",0.5911659765085814,0.24768670071144863,0.0,0.022501006455983043,0.570263059369929,completed
fold_1,10,0,logistic,only_one_group,microprice,1,0,"time_context,true_order_flow_imbalance,cancellation_imbalance,trade_imbalance,queue_position",0.5911659765085814,0.24768670071144863,0.0,0.02340295096260706,0.5702379167122336,completed
fold_1,10,0,logistic,only_one_group,top_of_book_imbalance,1,0,"time_context,true_order_flow_imbalance,cancellation_imbalance,trade_imbalance,queue_position",0.5911399328072505,0.24768795115643363,0.000477587445295478,0.04507966885833683,0.5700484556154994,completed
fold_1,10,0,logistic,only_one_group,depth_imbalance,3,0,"time_context,true_order_flow_imbalance,cancellation_imbalance,trade_imbalance,queue_position",0.5908794957939423,0.2476193594508019,-0.00796701458071459,0.04505643166406018,0.5702944876738568,completed
fold_1,10,0,logistic,only_one_group,depth_slope,3,0,"time_context,true_order_flow_imbalance,cancellation_imbalance,trade_imbalance,queue_position",0.5911659765085814,0.24768670071144863,0.0,0.05296687981588609,0.5722353408566889,completed
fold_1,10,0,logistic,only_one_group,liquidity_concentration,2,0,"time_context,true_order_flow_imbalance,cancellation_imbalance,trade_imbalance,queue_position",0.5911138891059198,0.24767298479938019,-0.004128740186535424,0.0448799762179121,0.5700129410165972,completed
fold_1,10,0,logistic,only_one_group,snapshot_order_flow_proxy,40,40,"time_context,true_order_flow_imbalance,cancellation_imbalance,trade_imbalance,queue_position",0.6240852149907545,0.3628932768791029,0.22664563563069895,0.028288669285299835,0.5234263359114616,completed
fold_1,10,0,logistic,only_one_group,volatility_proxy,1,0,"time_context,true_order_flow_imbalance,cancellation_imbalance,trade_imbalance,queue_position",0.5911659765085814,0.24768670071144863,0.0,0.04536324182516692,0.5699953777683131,completed
fold_1,10,0,logistic,raw_lob_only,raw_lob,44,0,"time_context,true_order_flow_imbalance,cancellation_imbalance,trade_imbalance,queue_position",0.5911920202099122,0.25310449401688034,0.024989005775272004,0.016543328766679237,0.561499854804048,completed
fold_1,10,0,logistic,derived_microstructure_only,derived_microstructure,54,40,"time_context,true_order_flow_imbalance,cancellation_imbalance,trade_imbalance,queue_position",0.6286428627236503,0.39048227167162347,0.2352510734093014,0.02527571434710677,0.5138798874483979,completed
fold_1,10,0,logistic,no_proxy_features,no_proxy,58,0,"time_context,true_order_flow_imbalance,cancellation_imbalance,trade_imbalance,queue_position",0.5917389379378597,0.2727024696258821,0.05855157475684144,0.019064080898083115,0.5551105396777208,completed
fold_1,10,0,ridge,all_features,all,98,40,"time_context,true_order_flow_imbalance,cancellation_imbalance,trade_imbalance,queue_position",0.6078079016589838,0.32641968858013254,0.15316890294962313,,,completed
fold_1,10,0,ridge,remove_one_group,price_levels,78,40,"time_context,true_order_flow_imbalance,cancellation_imbalance,trade_imbalance,queue_position",0.608406906789593,0.3172414133843214,0.15656425673664237,,,completed
fold_1,10,0,ridge,remove_one_group,size_levels,78,40,"time_context,true_order_flow_imbalance,cancellation_imbalance,trade_imbalance,queue_position",0.6072609839310362,0.3231866941377859,0.15051785967086848,,,completed
fold_1,10,0,ridge,remove_one_group,top_of_book,94,40,"time_context,true_order_flow_imbalance,cancellation_imbalance,trade_imbalance,queue_position",0.6077037268536605,0.3259555088223373,0.15266776761126744,,,completed
fold_1,10,0,ridge,remove_one_group,spread,96,40,"time_context,true_order_flow_imbalance,cancellation_imbalance,trade_imbalance,queue_position",0.6052035315259005,0.3080546246830279,0.14082334362557838,,,completed
fold_1,10,0,ridge,remove_one_group,midprice,97,40,"time_context,true_order_flow_imbalance,cancellation_imbalance,trade_imbalance,queue_position",0.6077558142563221,0.3261925526399379,0.15291925018117522,,,completed
fold_1,10,0,ridge,remove_one_group,microprice,97,40,"time_context,true_order_flow_imbalance,cancellation_imbalance,trade_imbalance,queue_position",0.6077558142563221,0.3263292013240647,0.1529305760399574,,,completed
fold_1,10,0,ridge,remove_one_group,top_of_book_imbalance,97,40,"time_context,true_order_flow_imbalance,cancellation_imbalance,trade_imbalance,queue_position",0.6078079016589838,0.32641968858013254,0.15316890294962313,,,completed
fold_1,10,0,ridge,remove_one_group,depth_imbalance,95,40,"time_context,true_order_flow_imbalance,cancellation_imbalance,trade_imbalance,queue_position",0.6078339453603147,0.3264985861607699,0.15329003705298982,,,completed
fold_1,10,0,ridge,remove_one_group,depth_slope,95,40,"time_context,true_order_flow_imbalance,cancellation_imbalance,trade_imbalance,queue_position",0.6078079016589838,0.32641968858013254,0.15316890294962313,,,completed
fold_1,10,0,ridge,remove_one_group,liquidity_concentration,96,40,"time_context,true_order_flow_imbalance,cancellation_imbalance,trade_imbalance,queue_position",0.6078339453603147,0.3264985861607699,0.15329003705298982,,,completed
fold_1,10,0,ridge,remove_one_group,snapshot_order_flow_proxy,58,0,"time_context,true_order_flow_imbalance,cancellation_imbalance,trade_imbalance,queue_position",0.5936661718363414,0.2721905495965437,0.06774109215821547,,,completed
fold_1,10,0,ridge,remove_one_group,volatility_proxy,97,40,"time_context,true_order_flow_imbalance,cancellation_imbalance,trade_imbalance,queue_position",0.6077558142563221,0.32632558475134643,0.15293137368528195,,,completed
fold_1,10,0,ridge,only_one_group,price_levels,20,0,"time_context,true_order_flow_imbalance,cancellation_imbalance,trade_imbalance,queue_position",0.5922077245618147,0.2527988256181809,0.03794296100429022,,,completed
fold_1,10,0,ridge,only_one_group,size_levels,20,0,"time_context,true_order_flow_imbalance,cancellation_imbalance,trade_imbalance,queue_position",0.5911659765085814,0.24778675092898472,0.0045566492263401865,,,completed
fold_1,10,0,ridge,only_one_group,top_of_book,4,0,"time_context,true_order_flow_imbalance,cancellation_imbalance,trade_imbalance,queue_position",0.5911659765085814,0.24768670071144863,0.0,,,completed
fold_1,10,0,ridge,only_one_group,spread,2,0,"time_context,true_order_flow_imbalance,cancellation_imbalance,trade_imbalance,queue_position",0.5946818761882439,0.2662586394175608,0.07053390301250359,,,completed
fold_1,10,0,ridge,only_one_group,midprice,1,0,"time_context,true_order_flow_imbalance,cancellation_imbalance,trade_imbalance,queue_position",0.5911659765085814,0.24768670071144863,0.0,,,completed
fold_1,10,0,ridge,only_one_group,microprice,1,0,"time_context,true_order_flow_imbalance,cancellation_imbalance,trade_imbalance,queue_position",0.5911659765085814,0.24768670071144863,0.0,,,completed
fold_1,10,0,ridge,only_one_group,top_of_book_imbalance,1,0,"time_context,true_order_flow_imbalance,cancellation_imbalance,trade_imbalance,queue_position",0.5911659765085814,0.24768670071144863,0.0,,,completed
fold_1,10,0,ridge,only_one_group,depth_imbalance,3,0,"time_context,true_order_flow_imbalance,cancellation_imbalance,trade_imbalance,queue_position",0.5911659765085814,0.24768670071144863,0.0,,,completed
fold_1,10,0,ridge,only_one_group,depth_slope,3,0,"time_context,true_order_flow_imbalance,cancellation_imbalance,trade_imbalance,queue_position",0.5911659765085814,0.24768670071144863,0.0,,,completed
fold_1,10,0,ridge,only_one_group,liquidity_concentration,2,0,"time_context,true_order_flow_imbalance,cancellation_imbalance,trade_imbalance,queue_position",0.5911399328072505,0.24767984286766512,-0.00291942216564441,,,completed
fold_1,10,0,ridge,only_one_group,snapshot_order_flow_proxy,40,40,"time_context,true_order_flow_imbalance,cancellation_imbalance,trade_imbalance,queue_position",0.5984321691798838,0.27333856684383434,0.10664297025402084,,,completed
fold_1,10,0,ridge,only_one_group,volatility_proxy,1,0,"time_context,true_order_flow_imbalance,cancellation_imbalance,trade_imbalance,queue_position",0.5911659765085814,0.24768670071144863,0.0,,,completed
fold_1,10,0,ridge,raw_lob_only,raw_lob,44,0,"time_context,true_order_flow_imbalance,cancellation_imbalance,trade_imbalance,queue_position",0.5922858556658073,0.25699523641773997,0.04243297758095038,,,completed
fold_1,10,0,ridge,derived_microstructure_only,derived_microstructure,54,40,"time_context,true_order_flow_imbalance,cancellation_imbalance,trade_imbalance,queue_position",0.6053077063312238,0.30696162857448805,0.14101242921591178,,,completed
fold_1,10,0,ridge,no_proxy_features,no_proxy,58,0,"time_context,true_order_flow_imbalance,cancellation_imbalance,trade_imbalance,queue_position",0.5936661718363414,0.2721905495965437,0.06774109215821547,,,completed
fold_1,10,1,logistic,all_features,all,98,40,"time_context,true_order_flow_imbalance,cancellation_imbalance,trade_imbalance,queue_position",0.6322368935073053,0.4047283174464407,0.2464918021031744,0.02815397537260498,0.5103463237223018,completed
fold_1,10,1,logistic,remove_one_group,price_levels,78,40,"time_context,true_order_flow_imbalance,cancellation_imbalance,trade_imbalance,queue_position",0.6329140297419069,0.40340646518357187,0.24932289860060536,0.03083583597079406,0.5110217766090329,completed
fold_1,10,1,logistic,remove_one_group,size_levels,78,40,"time_context,true_order_flow_imbalance,cancellation_imbalance,trade_imbalance,queue_position",0.6303877907128161,0.40253328290189466,0.2401274224431615,0.02678471050901042,0.5118500047593334,completed
fold_1,10,1,logistic,remove_one_group,top_of_book,94,40,"time_context,true_order_flow_imbalance,cancellation_imbalance,trade_imbalance,queue_position",0.6317681068833503,0.4040915679448491,0.2448729789406885,0.02741648504106036,0.510455792131545,completed
fold_1,10,1,logistic,remove_one_group,spread,96,40,"time_context,true_order_flow_imbalance,cancellation_imbalance,trade_imbalance,queue_position",0.6285907753209886,0.3850413755620135,0.23770432628223054,0.03199038827574147,0.5161741836174595,completed
fold_1,10,1,logistic,remove_one_group,midprice,97,40,"time_context,true_order_flow_imbalance,cancellation_imbalance,trade_imbalance,queue_position",0.6321066750006511,0.4046197433799095,0.24605522907779215,0.028180276882321553,0.5103539446684139,completed
fold_1,10,1,logistic,remove_one_group,microprice,97,40,"time_context,true_order_flow_imbalance,cancellation_imbalance,trade_imbalance,queue_position",0.6318462379873427,0.4046619519374593,0.24509499143004404,0.02743275524864773,0.5103707144234111,completed
fold_1,10,1,logistic,remove_one_group,top_of_book_imbalance,97,40,"time_context,true_order_flow_imbalance,cancellation_imbalance,trade_imbalance,queue_position",0.6320285438966586,0.4048148848782098,0.24573123433118077,0.02823405322412636,0.510415054134927,completed
fold_1,10,1,logistic,remove_one_group,depth_imbalance,95,40,"time_context,true_order_flow_imbalance,cancellation_imbalance,trade_imbalance,queue_position",0.6323410683126286,0.40533771637291416,0.24678646388390918,0.028619139681930826,0.5102128546871036,completed
fold_1,10,1,logistic,remove_one_group,depth_slope,95,40,"time_context,true_order_flow_imbalance,cancellation_imbalance,trade_imbalance,queue_position",0.6317681068833503,0.40413523071585705,0.24485908645878182,0.02783105484398245,0.5103920717818343,completed
fold_1,10,1,logistic,remove_one_group,liquidity_concentration,96,40,"time_context,true_order_flow_imbalance,cancellation_imbalance,trade_imbalance,queue_position",0.6320285438966586,0.4050235178236808,0.24571703619787447,0.028060028408231043,0.5104254290216873,completed
fold_1,10,1,logistic,remove_one_group,snapshot_order_flow_proxy,58,0,"time_context,true_order_flow_imbalance,cancellation_imbalance,trade_imbalance,queue_position",0.5917389379378597,0.2727024696258821,0.05855157475684144,0.019064080898083115,0.5551105396777208,completed
fold_1,10,1,logistic,remove_one_group,volatility_proxy,97,40,"time_context,true_order_flow_imbalance,cancellation_imbalance,trade_imbalance,queue_position",0.6319243690913353,0.4048944164348576,0.245343329202694,0.02799665455998574,0.5103574354603994,completed
fold_1,10,1,logistic,only_one_group,price_levels,20,0,"time_context,true_order_flow_imbalance,cancellation_imbalance,trade_imbalance,queue_position",0.5911659765085814,0.24779140157690624,0.005187412117908834,0.027651949688414692,0.5652187881854494,completed
fold_1,10,1,logistic,only_one_group,size_levels,20,0,"time_context,true_order_flow_imbalance,cancellation_imbalance,trade_imbalance,queue_position",0.590775320988619,0.24916098030385236,0.004658600733453566,0.019106266235258924,0.5658836565569029,completed
fold_1,10,1,logistic,only_one_group,top_of_book,4,0,"time_context,true_order_flow_imbalance,cancellation_imbalance,trade_imbalance,queue_position",0.5911659765085814,0.24768670071144863,0.0,0.01981889341081693,0.5677033345881632,completed
fold_1,10,1,logistic,only_one_group,spread,2,0,"time_context,true_order_flow_imbalance,cancellation_imbalance,trade_imbalance,queue_position",0.5951506628121989,0.2679444718520541,0.07481206057331223,0.03778186870719525,0.558671185799181,completed
fold_1,10,1,logistic,only_one_group,midprice,1,0,"time_context,true_order_flow_imbalance,cancellation_imbalance,trade_imbalance,queue_position",0.5911659765085814,0.24768670071144863,0.0,0.022501006455983043,0.570263059369929,completed
fold_1,10,1,logistic,only_one_group,microprice,1,0,"time_context,true_order_flow_imbalance,cancellation_imbalance,trade_imbalance,queue_position",0.5911659765085814,0.24768670071144863,0.0,0.02340295096260706,0.5702379167122336,completed
fold_1,10,1,logistic,only_one_group,top_of_book_imbalance,1,0,"time_context,true_order_flow_imbalance,cancellation_imbalance,trade_imbalance,queue_position",0.5911399328072505,0.24768795115643363,0.000477587445295478,0.04507966885833683,0.5700484556154994,completed
fold_1,10,1,logistic,only_one_group,depth_imbalance,3,0,"time_context,true_order_flow_imbalance,cancellation_imbalance,trade_imbalance,queue_position",0.5908794957939423,0.2476193594508019,-0.00796701458071459,0.04505643166406018,0.5702944876738568,completed
fold_1,10,1,logistic,only_one_group,depth_slope,3,0,"time_context,true_order_flow_imbalance,cancellation_imbalance,trade_imbalance,queue_position",0.5911659765085814,0.24768670071144863,0.0,0.05296687981588609,0.5722353408566889,completed
fold_1,10,1,logistic,only_one_group,liquidity_concentration,2,0,"time_context,true_order_flow_imbalance,cancellation_imbalance,trade_imbalance,queue_position",0.5911138891059198,0.24767298479938019,-0.004128740186535424,0.0448799762179121,0.5700129410165972,completed
fold_1,10,1,logistic,only_one_group,snapshot_order_flow_proxy,40,40,"time_context,true_order_flow_imbalance,cancellation_imbalance,trade_imbalance,queue_position",0.6240852149907545,0.3628932768791029,0.22664563563069895,0.028288669285299835,0.5234263359114616,completed
fold_1,10,1,logistic,only_one_group,volatility_proxy,1,0,"time_context,true_order_flow_imbalance,cancellation_imbalance,trade_imbalance,queue_position",0.5911659765085814,0.24768670071144863,0.0,0.04536324182516692,0.5699953777683131,completed
fold_1,10,1,logistic,raw_lob_only,raw_lob,44,0,"time_context,true_order_flow_imbalance,cancellation_imbalance,trade_imbalance,queue_position",0.5911920202099122,0.25310449401688034,0.024989005775272004,0.016543328766679237,0.561499854804048,completed
fold_1,10,1,logistic,derived_microstructure_only,derived_microstructure,54,40,"time_context,true_order_flow_imbalance,cancellation_imbalance,trade_imbalance,queue_position",0.6286428627236503,0.39048227167162347,0.2352510734093014,0.02527571434710677,0.5138798874483979,completed
fold_1,10,1,logistic,no_proxy_features,no_proxy,58,0,"time_context,true_order_flow_imbalance,cancellation_imbalance,trade_imbalance,queue_position",0.5917389379378597,0.2727024696258821,0.05855157475684144,0.019064080898083115,0.5551105396777208,completed
fold_1,10,1,ridge,all_features,all,98,40,"time_context,true_order_flow_imbalance,cancellation_imbalance,trade_imbalance,queue_position",0.6078079016589838,0.32641968858013254,0.15316890294962313,,,completed
fold_1,10,1,ridge,remove_one_group,price_levels,78,40,"time_context,true_order_flow_imbalance,cancellation_imbalance,trade_imbalance,queue_position",0.608406906789593,0.3172414133843214,0.15656425673664237,,,completed
fold_1,10,1,ridge,remove_one_group,size_levels,78,40,"time_context,true_order_flow_imbalance,cancellation_imbalance,trade_imbalance,queue_position",0.6072609839310362,0.3231866941377859,0.15051785967086848,,,completed
fold_1,10,1,ridge,remove_one_group,top_of_book,94,40,"time_context,true_order_flow_imbalance,cancellation_imbalance,trade_imbalance,queue_position",0.6077037268536605,0.3259555088223373,0.15266776761126744,,,completed
fold_1,10,1,ridge,remove_one_group,spread,96,40,"time_context,true_order_flow_imbalance,cancellation_imbalance,trade_imbalance,queue_position",0.6052035315259005,0.3080546246830279,0.14082334362557838,,,completed
fold_1,10,1,ridge,remove_one_group,midprice,97,40,"time_context,true_order_flow_imbalance,cancellation_imbalance,trade_imbalance,queue_position",0.6077558142563221,0.3261925526399379,0.15291925018117522,,,completed
fold_1,10,1,ridge,remove_one_group,microprice,97,40,"time_context,true_order_flow_imbalance,cancellation_imbalance,trade_imbalance,queue_position",0.6077558142563221,0.3263292013240647,0.1529305760399574,,,completed
fold_1,10,1,ridge,remove_one_group,top_of_book_imbalance,97,40,"time_context,true_order_flow_imbalance,cancellation_imbalance,trade_imbalance,queue_position",0.6078079016589838,0.32641968858013254,0.15316890294962313,,,completed
fold_1,10,1,ridge,remove_one_group,depth_imbalance,95,40,"time_context,true_order_flow_imbalance,cancellation_imbalance,trade_imbalance,queue_position",0.6078339453603147,0.3264985861607699,0.15329003705298982,,,completed
fold_1,10,1,ridge,remove_one_group,depth_slope,95,40,"time_context,true_order_flow_imbalance,cancellation_imbalance,trade_imbalance,queue_position",0.6078079016589838,0.32641968858013254,0.15316890294962313,,,completed
fold_1,10,1,ridge,remove_one_group,liquidity_concentration,96,40,"time_context,true_order_flow_imbalance,cancellation_imbalance,trade_imbalance,queue_position",0.6078339453603147,0.3264985861607699,0.15329003705298982,,,completed
fold_1,10,1,ridge,remove_one_group,snapshot_order_flow_proxy,58,0,"time_context,true_order_flow_imbalance,cancellation_imbalance,trade_imbalance,queue_position",0.5936661718363414,0.2721905495965437,0.06774109215821547,,,completed
fold_1,10,1,ridge,remove_one_group,volatility_proxy,97,40,"time_context,true_order_flow_imbalance,cancellation_imbalance,trade_imbalance,queue_position",0.6077558142563221,0.32632558475134643,0.15293137368528195,,,completed
fold_1,10,1,ridge,only_one_group,price_levels,20,0,"time_context,true_order_flow_imbalance,cancellation_imbalance,trade_imbalance,queue_position",0.5922077245618147,0.2527988256181809,0.03794296100429022,,,completed
fold_1,10,1,ridge,only_one_group,size_levels,20,0,"time_context,true_order_flow_imbalance,cancellation_imbalance,trade_imbalance,queue_position",0.5911659765085814,0.24778675092898472,0.0045566492263401865,,,completed
fold_1,10,1,ridge,only_one_group,top_of_book,4,0,"time_context,true_order_flow_imbalance,cancellation_imbalance,trade_imbalance,queue_position",0.5911659765085814,0.24768670071144863,0.0,,,completed
fold_1,10,1,ridge,only_one_group,spread,2,0,"time_context,true_order_flow_imbalance,cancellation_imbalance,trade_imbalance,queue_position",0.5946818761882439,0.2662586394175608,0.07053390301250359,,,completed
fold_1,10,1,ridge,only_one_group,midprice,1,0,"time_context,true_order_flow_imbalance,cancellation_imbalance,trade_imbalance,queue_position",0.5911659765085814,0.24768670071144863,0.0,,,completed
fold_1,10,1,ridge,only_one_group,microprice,1,0,"time_context,true_order_flow_imbalance,cancellation_imbalance,trade_imbalance,queue_position",0.5911659765085814,0.24768670071144863,0.0,,,completed
fold_1,10,1,ridge,only_one_group,top_of_book_imbalance,1,0,"time_context,true_order_flow_imbalance,cancellation_imbalance,trade_imbalance,queue_position",0.5911659765085814,0.24768670071144863,0.0,,,completed
fold_1,10,1,ridge,only_one_group,depth_imbalance,3,0,"time_context,true_order_flow_imbalance,cancellation_imbalance,trade_imbalance,queue_position",0.5911659765085814,0.24768670071144863,0.0,,,completed
fold_1,10,1,ridge,only_one_group,depth_slope,3,0,"time_context,true_order_flow_imbalance,cancellation_imbalance,trade_imbalance,queue_position",0.5911659765085814,0.24768670071144863,0.0,,,completed
fold_1,10,1,ridge,only_one_group,liquidity_concentration,2,0,"time_context,true_order_flow_imbalance,cancellation_imbalance,trade_imbalance,queue_position",0.5911399328072505,0.24767984286766512,-0.00291942216564441,,,completed
fold_1,10,1,ridge,only_one_group,snapshot_order_flow_proxy,40,40,"time_context,true_order_flow_imbalance,cancellation_imbalance,trade_imbalance,queue_position",0.5984321691798838,0.27333856684383434,0.10664297025402084,,,completed
fold_1,10,1,ridge,only_one_group,volatility_proxy,1,0,"time_context,true_order_flow_imbalance,cancellation_imbalance,trade_imbalance,queue_position",0.5911659765085814,0.24768670071144863,0.0,,,completed
fold_1,10,1,ridge,raw_lob_only,raw_lob,44,0,"time_context,true_order_flow_imbalance,cancellation_imbalance,trade_imbalance,queue_position",0.5922858556658073,0.25699523641773997,0.04243297758095038,,,completed
fold_1,10,1,ridge,derived_microstructure_only,derived_microstructure,54,40,"time_context,true_order_flow_imbalance,cancellation_imbalance,trade_imbalance,queue_position",0.6053077063312238,0.30696162857448805,0.14101242921591178,,,completed
fold_1,10,1,ridge,no_proxy_features,no_proxy,58,0,"time_context,true_order_flow_imbalance,cancellation_imbalance,trade_imbalance,queue_position",0.5936661718363414,0.2721905495965437,0.06774109215821547,,,completed
fold_1,10,2,logistic,all_features,all,98,40,"time_context,true_order_flow_imbalance,cancellation_imbalance,trade_imbalance,queue_position",0.6322368935073053,0.4047283174464407,0.2464918021031744,0.02815397537260498,0.5103463237223018,completed
fold_1,10,2,logistic,remove_one_group,price_levels,78,40,"time_context,true_order_flow_imbalance,cancellation_imbalance,trade_imbalance,queue_position",0.6329140297419069,0.40340646518357187,0.24932289860060536,0.03083583597079406,0.5110217766090329,completed
fold_1,10,2,logistic,remove_one_group,size_levels,78,40,"time_context,true_order_flow_imbalance,cancellation_imbalance,trade_imbalance,queue_position",0.6303877907128161,0.40253328290189466,0.2401274224431615,0.02678471050901042,0.5118500047593334,completed
fold_1,10,2,logistic,remove_one_group,top_of_book,94,40,"time_context,true_order_flow_imbalance,cancellation_imbalance,trade_imbalance,queue_position",0.6317681068833503,0.4040915679448491,0.2448729789406885,0.02741648504106036,0.510455792131545,completed
fold_1,10,2,logistic,remove_one_group,spread,96,40,"time_context,true_order_flow_imbalance,cancellation_imbalance,trade_imbalance,queue_position",0.6285907753209886,0.3850413755620135,0.23770432628223054,0.03199038827574147,0.5161741836174595,completed
fold_1,10,2,logistic,remove_one_group,midprice,97,40,"time_context,true_order_flow_imbalance,cancellation_imbalance,trade_imbalance,queue_position",0.6321066750006511,0.4046197433799095,0.24605522907779215,0.028180276882321553,0.5103539446684139,completed
fold_1,10,2,logistic,remove_one_group,microprice,97,40,"time_context,true_order_flow_imbalance,cancellation_imbalance,trade_imbalance,queue_position",0.6318462379873427,0.4046619519374593,0.24509499143004404,0.02743275524864773,0.5103707144234111,completed
fold_1,10,2,logistic,remove_one_group,top_of_book_imbalance,97,40,"time_context,true_order_flow_imbalance,cancellation_imbalance,trade_imbalance,queue_position",0.6320285438966586,0.4048148848782098,0.24573123433118077,0.02823405322412636,0.510415054134927,completed
fold_1,10,2,logistic,remove_one_group,depth_imbalance,95,40,"time_context,true_order_flow_imbalance,cancellation_imbalance,trade_imbalance,queue_position",0.6323410683126286,0.40533771637291416,0.24678646388390918,0.028619139681930826,0.5102128546871036,completed
fold_1,10,2,logistic,remove_one_group,depth_slope,95,40,"time_context,true_order_flow_imbalance,cancellation_imbalance,trade_imbalance,queue_position",0.6317681068833503,0.40413523071585705,0.24485908645878182,0.02783105484398245,0.5103920717818343,completed
fold_1,10,2,logistic,remove_one_group,liquidity_concentration,96,40,"time_context,true_order_flow_imbalance,cancellation_imbalance,trade_imbalance,queue_position",0.6320285438966586,0.4050235178236808,0.24571703619787447,0.028060028408231043,0.5104254290216873,completed
fold_1,10,2,logistic,remove_one_group,snapshot_order_flow_proxy,58,0,"time_context,true_order_flow_imbalance,cancellation_imbalance,trade_imbalance,queue_position",0.5917389379378597,0.2727024696258821,0.05855157475684144,0.019064080898083115,0.5551105396777208,completed
fold_1,10,2,logistic,remove_one_group,volatility_proxy,97,40,"time_context,true_order_flow_imbalance,cancellation_imbalance,trade_imbalance,queue_position",0.6319243690913353,0.4048944164348576,0.245343329202694,0.02799665455998574,0.5103574354603994,completed
fold_1,10,2,logistic,only_one_group,price_levels,20,0,"time_context,true_order_flow_imbalance,cancellation_imbalance,trade_imbalance,queue_position",0.5911659765085814,0.24779140157690624,0.005187412117908834,0.027651949688414692,0.5652187881854494,completed
fold_1,10,2,logistic,only_one_group,size_levels,20,0,"time_context,true_order_flow_imbalance,cancellation_imbalance,trade_imbalance,queue_position",0.590775320988619,0.24916098030385236,0.004658600733453566,0.019106266235258924,0.5658836565569029,completed
fold_1,10,2,logistic,only_one_group,top_of_book,4,0,"time_context,true_order_flow_imbalance,cancellation_imbalance,trade_imbalance,queue_position",0.5911659765085814,0.24768670071144863,0.0,0.01981889341081693,0.5677033345881632,completed
fold_1,10,2,logistic,only_one_group,spread,2,0,"time_context,true_order_flow_imbalance,cancellation_imbalance,trade_imbalance,queue_position",0.5951506628121989,0.2679444718520541,0.07481206057331223,0.03778186870719525,0.558671185799181,completed
fold_1,10,2,logistic,only_one_group,midprice,1,0,"time_context,true_order_flow_imbalance,cancellation_imbalance,trade_imbalance,queue_position",0.5911659765085814,0.24768670071144863,0.0,0.022501006455983043,0.570263059369929,completed
fold_1,10,2,logistic,only_one_group,microprice,1,0,"time_context,true_order_flow_imbalance,cancellation_imbalance,trade_imbalance,queue_position",0.5911659765085814,0.24768670071144863,0.0,0.02340295096260706,0.5702379167122336,completed
fold_1,10,2,logistic,only_one_group,top_of_book_imbalance,1,0,"time_context,true_order_flow_imbalance,cancellation_imbalance,trade_imbalance,queue_position",0.5911399328072505,0.24768795115643363,0.000477587445295478,0.04507966885833683,0.5700484556154994,completed
fold_1,10,2,logistic,only_one_group,depth_imbalance,3,0,"time_context,true_order_flow_imbalance,cancellation_imbalance,trade_imbalance,queue_position",0.5908794957939423,0.2476193594508019,-0.00796701458071459,0.04505643166406018,0.5702944876738568,completed
fold_1,10,2,logistic,only_one_group,depth_slope,3,0,"time_context,true_order_flow_imbalance,cancellation_imbalance,trade_imbalance,queue_position",0.5911659765085814,0.24768670071144863,0.0,0.05296687981588609,0.5722353408566889,completed
fold_1,10,2,logistic,only_one_group,liquidity_concentration,2,0,"time_context,true_order_flow_imbalance,cancellation_imbalance,trade_imbalance,queue_position",0.5911138891059198,0.24767298479938019,-0.004128740186535424,0.0448799762179121,0.5700129410165972,completed
fold_1,10,2,logistic,only_one_group,snapshot_order_flow_proxy,40,40,"time_context,true_order_flow_imbalance,cancellation_imbalance,trade_imbalance,queue_position",0.6240852149907545,0.3628932768791029,0.22664563563069895,0.028288669285299835,0.5234263359114616,completed
fold_1,10,2,logistic,only_one_group,volatility_proxy,1,0,"time_context,true_order_flow_imbalance,cancellation_imbalance,trade_imbalance,queue_position",0.5911659765085814,0.24768670071144863,0.0,0.04536324182516692,0.5699953777683131,completed
fold_1,10,2,logistic,raw_lob_only,raw_lob,44,0,"time_context,true_order_flow_imbalance,cancellation_imbalance,trade_imbalance,queue_position",0.5911920202099122,0.25310449401688034,0.024989005775272004,0.016543328766679237,0.561499854804048,completed
fold_1,10,2,logistic,derived_microstructure_only,derived_microstructure,54,40,"time_context,true_order_flow_imbalance,cancellation_imbalance,trade_imbalance,queue_position",0.6286428627236503,0.39048227167162347,0.2352510734093014,0.02527571434710677,0.5138798874483979,completed
fold_1,10,2,logistic,no_proxy_features,no_proxy,58,0,"time_context,true_order_flow_imbalance,cancellation_imbalance,trade_imbalance,queue_position",0.5917389379378597,0.2727024696258821,0.05855157475684144,0.019064080898083115,0.5551105396777208,completed
fold_1,10,2,ridge,all_features,all,98,40,"time_context,true_order_flow_imbalance,cancellation_imbalance,trade_imbalance,queue_position",0.6078079016589838,0.32641968858013254,0.15316890294962313,,,completed
fold_1,10,2,ridge,remove_one_group,price_levels,78,40,"time_context,true_order_flow_imbalance,cancellation_imbalance,trade_imbalance,queue_position",0.608406906789593,0.3172414133843214,0.15656425673664237,,,completed
fold_1,10,2,ridge,remove_one_group,size_levels,78,40,"time_context,true_order_flow_imbalance,cancellation_imbalance,trade_imbalance,queue_position",0.6072609839310362,0.3231866941377859,0.15051785967086848,,,completed
fold_1,10,2,ridge,remove_one_group,top_of_book,94,40,"time_context,true_order_flow_imbalance,cancellation_imbalance,trade_imbalance,queue_position",0.6077037268536605,0.3259555088223373,0.15266776761126744,,,completed
fold_1,10,2,ridge,remove_one_group,spread,96,40,"time_context,true_order_flow_imbalance,cancellation_imbalance,trade_imbalance,queue_position",0.6052035315259005,0.3080546246830279,0.14082334362557838,,,completed
fold_1,10,2,ridge,remove_one_group,midprice,97,40,"time_context,true_order_flow_imbalance,cancellation_imbalance,trade_imbalance,queue_position",0.6077558142563221,0.3261925526399379,0.15291925018117522,,,completed
fold_1,10,2,ridge,remove_one_group,microprice,97,40,"time_context,true_order_flow_imbalance,cancellation_imbalance,trade_imbalance,queue_position",0.6077558142563221,0.3263292013240647,0.1529305760399574,,,completed
fold_1,10,2,ridge,remove_one_group,top_of_book_imbalance,97,40,"time_context,true_order_flow_imbalance,cancellation_imbalance,trade_imbalance,queue_position",0.6078079016589838,0.32641968858013254,0.15316890294962313,,,completed
fold_1,10,2,ridge,remove_one_group,depth_imbalance,95,40,"time_context,true_order_flow_imbalance,cancellation_imbalance,trade_imbalance,queue_position",0.6078339453603147,0.3264985861607699,0.15329003705298982,,,completed
fold_1,10,2,ridge,remove_one_group,depth_slope,95,40,"time_context,true_order_flow_imbalance,cancellation_imbalance,trade_imbalance,queue_position",0.6078079016589838,0.32641968858013254,0.15316890294962313,,,completed
fold_1,10,2,ridge,remove_one_group,liquidity_concentration,96,40,"time_context,true_order_flow_imbalance,cancellation_imbalance,trade_imbalance,queue_position",0.6078339453603147,0.3264985861607699,0.15329003705298982,,,completed
fold_1,10,2,ridge,remove_one_group,snapshot_order_flow_proxy,58,0,"time_context,true_order_flow_imbalance,cancellation_imbalance,trade_imbalance,queue_position",0.5936661718363414,0.2721905495965437,0.06774109215821547,,,completed
fold_1,10,2,ridge,remove_one_group,volatility_proxy,97,40,"time_context,true_order_flow_imbalance,cancellation_imbalance,trade_imbalance,queue_position",0.6077558142563221,0.32632558475134643,0.15293137368528195,,,completed
fold_1,10,2,ridge,only_one_group,price_levels,20,0,"time_context,true_order_flow_imbalance,cancellation_imbalance,trade_imbalance,queue_position",0.5922077245618147,0.2527988256181809,0.03794296100429022,,,completed
fold_1,10,2,ridge,only_one_group,size_levels,20,0,"time_context,true_order_flow_imbalance,cancellation_imbalance,trade_imbalance,queue_position",0.5911659765085814,0.24778675092898472,0.0045566492263401865,,,completed
fold_1,10,2,ridge,only_one_group,top_of_book,4,0,"time_context,true_order_flow_imbalance,cancellation_imbalance,trade_imbalance,queue_position",0.5911659765085814,0.24768670071144863,0.0,,,completed
fold_1,10,2,ridge,only_one_group,spread,2,0,"time_context,true_order_flow_imbalance,cancellation_imbalance,trade_imbalance,queue_position",0.5946818761882439,0.2662586394175608,0.07053390301250359,,,completed
fold_1,10,2,ridge,only_one_group,midprice,1,0,"time_context,true_order_flow_imbalance,cancellation_imbalance,trade_imbalance,queue_position",0.5911659765085814,0.24768670071144863,0.0,,,completed
fold_1,10,2,ridge,only_one_group,microprice,1,0,"time_context,true_order_flow_imbalance,cancellation_imbalance,trade_imbalance,queue_position",0.5911659765085814,0.24768670071144863,0.0,,,completed
fold_1,10,2,ridge,only_one_group,top_of_book_imbalance,1,0,"time_context,true_order_flow_imbalance,cancellation_imbalance,trade_imbalance,queue_position",0.5911659765085814,0.24768670071144863,0.0,,,completed
fold_1,10,2,ridge,only_one_group,depth_imbalance,3,0,"time_context,true_order_flow_imbalance,cancellation_imbalance,trade_imbalance,queue_position",0.5911659765085814,0.24768670071144863,0.0,,,completed
fold_1,10,2,ridge,only_one_group,depth_slope,3,0,"time_context,true_order_flow_imbalance,cancellation_imbalance,trade_imbalance,queue_position",0.5911659765085814,0.24768670071144863,0.0,,,completed
fold_1,10,2,ridge,only_one_group,liquidity_concentration,2,0,"time_context,true_order_flow_imbalance,cancellation_imbalance,trade_imbalance,queue_position",0.5911399328072505,0.24767984286766512,-0.00291942216564441,,,completed
fold_1,10,2,ridge,only_one_group,snapshot_order_flow_proxy,40,40,"time_context,true_order_flow_imbalance,cancellation_imbalance,trade_imbalance,queue_position",0.5984321691798838,0.27333856684383434,0.10664297025402084,,,completed
fold_1,10,2,ridge,only_one_group,volatility_proxy,1,0,"time_context,true_order_flow_imbalance,cancellation_imbalance,trade_imbalance,queue_position",0.5911659765085814,0.24768670071144863,0.0,,,completed
fold_1,10,2,ridge,raw_lob_only,raw_lob,44,0,"time_context,true_order_flow_imbalance,cancellation_imbalance,trade_imbalance,queue_position",0.5922858556658073,0.25699523641773997,0.04243297758095038,,,completed
fold_1,10,2,ridge,derived_microstructure_only,derived_microstructure,54,40,"time_context,true_order_flow_imbalance,cancellation_imbalance,trade_imbalance,queue_position",0.6053077063312238,0.30696162857448805,0.14101242921591178,,,completed
fold_1,10,2,ridge,no_proxy_features,no_proxy,58,0,"time_context,true_order_flow_imbalance,cancellation_imbalance,trade_imbalance,queue_position",0.5936661718363414,0.2721905495965437,0.06774109215821547,,,completed
fold_2,10,0,logistic,all_features,all,98,40,"time_context,true_order_flow_imbalance,cancellation_imbalance,trade_imbalance,queue_position",0.7299456807429473,0.5385566048105257,0.4294531104724389,0.08650010263598576,0.4061282614706385,completed
fold_2,10,0,logistic,remove_one_group,price_levels,78,40,"time_context,true_order_flow_imbalance,cancellation_imbalance,trade_imbalance,queue_position",0.7313474680217277,0.5414616267919131,0.4336645545938759,0.08687923240396837,0.4055284554317387,completed
fold_2,10,0,logistic,remove_one_group,size_levels,78,40,"time_context,true_order_flow_imbalance,cancellation_imbalance,trade_imbalance,queue_position",0.730681619064307,0.5407952360677872,0.4316698057675487,0.09002124969021717,0.40412898326518554,completed
fold_2,10,0,logistic,remove_one_group,top_of_book,94,40,"time_context,true_order_flow_imbalance,cancellation_imbalance,trade_imbalance,queue_position",0.7304012616085509,0.5396619864150205,0.4307569385354298,0.0862506194735112,0.40550658748243334,completed
fold_2,10,0,logistic,remove_one_group,spread,96,40,"time_context,true_order_flow_imbalance,cancellation_imbalance,trade_imbalance,queue_position",0.7289994743297704,0.5356104178277553,0.42707602037864245,0.09492094548456015,0.4092817033539932,completed
fold_2,10,0,logistic,remove_one_group,midprice,97,40,"time_context,true_order_flow_imbalance,cancellation_imbalance,trade_imbalance,queue_position",0.7305764850183984,0.5401833308051286,0.43112612143589574,0.08644192549737362,0.40551126237275886,completed
fold_2,10,0,logistic,remove_one_group,microprice,97,40,"time_context,true_order_flow_imbalance,cancellation_imbalance,trade_imbalance,queue_position",0.7299807254249168,0.5385296442381465,0.42953635751121766,0.08662868114700643,0.40609437080963345,completed
fold_2,10,0,logistic,remove_one_group,top_of_book_imbalance,97,40,"time_context,true_order_flow_imbalance,cancellation_imbalance,trade_imbalance,queue_position",0.7315927807955143,0.5423872640118413,0.4340403522882404,0.08610120304975324,0.4047994149298935,completed
fold_2,10,0,logistic,remove_one_group,depth_imbalance,95,40,"time_context,true_order_flow_imbalance,cancellation_imbalance,trade_imbalance,queue_position",0.7308918871561241,0.5406502123065838,0.4321073716685687,0.08611702355468345,0.4050178540492803,completed
fold_2,10,0,logistic,remove_one_group,depth_slope,95,40,"time_context,true_order_flow_imbalance,cancellation_imbalance,trade_imbalance,queue_position",0.730751708428246,0.5404307287509451,0.4317562039557163,0.08597670819557549,0.4054144472210763,completed
fold_2,10,0,logistic,remove_one_group,liquidity_concentration,96,40,"time_context,true_order_flow_imbalance,cancellation_imbalance,trade_imbalance,queue_position",0.7312773786577886,0.541487085711157,0.43321569826814466,0.08609191411893866,0.4049476420222341,completed
fold_2,10,0,logistic,remove_one_group,snapshot_order_flow_proxy,58,0,"time_context,true_order_flow_imbalance,cancellation_imbalance,trade_imbalance,queue_position",0.6436656737340108,0.2658104537262555,0.027709347121131087,0.03664452398349428,0.519352947222808,completed
fold_2,10,0,logistic,remove_one_group,volatility_proxy,97,40,"time_context,true_order_flow_imbalance,cancellation_imbalance,trade_imbalance,queue_position",0.7311021552479411,0.5411816311265724,0.4326950370879537,0.08661749063316772,0.4049785586526656,completed
fold_2,10,0,logistic,only_one_group,price_levels,20,0,"time_context,true_order_flow_imbalance,cancellation_imbalance,trade_imbalance,queue_position",0.6432100928684072,0.26473419385991165,0.017774376489106736,0.03711519644581216,0.5246942321097906,completed
fold_2,10,0,logistic,only_one_group,size_levels,20,0,"time_context,true_order_flow_imbalance,cancellation_imbalance,trade_imbalance,queue_position",0.6434554056421938,0.2612783723725877,-0.0005073328892055143,0.05648219276843485,0.5279172636515269,completed
fold_2,10,0,logistic,only_one_group,top_of_book,4,0,"time_context,true_order_flow_imbalance,cancellation_imbalance,trade_imbalance,queue_position",0.6435955843700718,0.2610518834399432,0.0,0.0531542139492369,0.5277926983656157,completed
fold_2,10,0,logistic,only_one_group,spread,2,0,"time_context,true_order_flow_imbalance,cancellation_imbalance,trade_imbalance,queue_position",0.6441212545996146,0.2644024778492377,0.03181853350248745,0.032523329262256685,0.518118836407582,completed
fold_2,10,0,logistic,only_one_group,midprice,1,0,"time_context,true_order_flow_imbalance,cancellation_imbalance,trade_imbalance,queue_position",0.6435955843700718,0.2610518834399432,0.0,0.05331115279657024,0.5313565674073819,completed
fold_2,10,0,logistic,only_one_group,microprice,1,0,"time_context,true_order_flow_imbalance,cancellation_imbalance,trade_imbalance,queue_position",0.6435955843700718,0.2610518834399432,0.0,0.05331089241798357,0.5313411291197645,completed
fold_2,10,0,logistic,only_one_group,top_of_book_imbalance,1,0,"time_context,true_order_flow_imbalance,cancellation_imbalance,trade_imbalance,queue_position",0.6435955843700718,0.2610518834399432,0.0,0.0359612303009405,0.5243282530699078,completed
fold_2,10,0,logistic,only_one_group,depth_imbalance,3,0,"time_context,true_order_flow_imbalance,cancellation_imbalance,trade_imbalance,queue_position",0.6435955843700718,0.2610518834399432,0.0,0.035911871957797645,0.5243172523471642,completed
fold_2,10,0,logistic,only_one_group,depth_slope,3,0,"time_context,true_order_flow_imbalance,cancellation_imbalance,trade_imbalance,queue_position",0.6435955843700718,0.2610518834399432,0.0,0.037559564992528265,0.5246030044738718,completed
fold_2,10,0,logistic,only_one_group,liquidity_concentration,2,0,"time_context,true_order_flow_imbalance,cancellation_imbalance,trade_imbalance,queue_position",0.6435955843700718,0.2610518834399432,0.0,0.035893813515508945,0.5243057940062847,completed
fold_2,10,0,logistic,only_one_group,snapshot_order_flow_proxy,40,40,"time_context,true_order_flow_imbalance,cancellation_imbalance,trade_imbalance,queue_position",0.7301209041527948,0.5388673505855656,0.43119652227528205,0.12237704723653,0.4031376671119005,completed
fold_2,10,0,logistic,only_one_group,volatility_proxy,1,0,"time_context,true_order_flow_imbalance,cancellation_imbalance,trade_imbalance,queue_position",0.6432451375503767,0.26136233538216325,-0.0009912234575189729,0.035692459489897396,0.5245048622769916,completed
fold_2,10,0,logistic,raw_lob_only,raw_lob,44,0,"time_context,true_order_flow_imbalance,cancellation_imbalance,trade_imbalance,queue_position",0.6430699141405292,0.26549637433733025,0.01852898213960973,0.045748245138846226,0.5238350501569969,completed
fold_2,10,0,logistic,derived_microstructure_only,derived_microstructure,54,40,"time_context,true_order_flow_imbalance,cancellation_imbalance,trade_imbalance,queue_position",0.7318030488873314,0.5435988715747884,0.434942451121073,0.09071670837265973,0.4052820865134911,completed
fold_2,10,0,logistic,no_proxy_features,no_proxy,58,0,"time_context,true_order_flow_imbalance,cancellation_imbalance,trade_imbalance,queue_position",0.6436656737340108,0.2658104537262555,0.027709347121131087,0.03664452398349428,0.519352947222808,completed
fold_2,10,0,ridge,all_features,all,98,40,"time_context,true_order_flow_imbalance,cancellation_imbalance,trade_imbalance,queue_position",0.6570877869283336,0.32508366610770173,0.15719441512076535,,,completed
fold_2,10,0,ridge,remove_one_group,price_levels,78,40,"time_context,true_order_flow_imbalance,cancellation_imbalance,trade_imbalance,queue_position",0.6573681443840897,0.3196871362135562,0.1613809775151215,,,completed
fold_2,10,0,ridge,remove_one_group,size_levels,78,40,"time_context,true_order_flow_imbalance,cancellation_imbalance,trade_imbalance,queue_position",0.6557911336954617,0.31851139242574256,0.14941754408229557,,,completed
fold_2,10,0,ridge,remove_one_group,top_of_book,94,40,"time_context,true_order_flow_imbalance,cancellation_imbalance,trade_imbalance,queue_position",0.6571228316103032,0.3249925526550487,0.15744110779241274,,,completed
fold_2,10,0,ridge,remove_one_group,spread,96,40,"time_context,true_order_flow_imbalance,cancellation_imbalance,trade_imbalance,queue_position",0.6561766251971264,0.3216806429885538,0.15151658772255325,,,completed
fold_2,10,0,ridge,remove_one_group,midprice,97,40,"time_context,true_order_flow_imbalance,cancellation_imbalance,trade_imbalance,queue_position",0.6570877869283336,0.32497818666752226,0.15720587580790749,,,completed
fold_2,10,0,ridge,remove_one_group,microprice,97,40,"time_context,true_order_flow_imbalance,cancellation_imbalance,trade_imbalance,queue_position",0.6570877869283336,0.32508366610770173,0.15719441512076535,,,completed
fold_2,10,0,ridge,remove_one_group,top_of_book_imbalance,97,40,"time_context,true_order_flow_imbalance,cancellation_imbalance,trade_imbalance,queue_position",0.6570877869283336,0.32508366610770173,0.15719441512076535,,,completed
fold_2,10,0,ridge,remove_one_group,depth_imbalance,95,40,"time_context,true_order_flow_imbalance,cancellation_imbalance,trade_imbalance,queue_position",0.6570527422463641,0.32495740716011473,0.1569784779698563,,,completed
fold_2,10,0,ridge,remove_one_group,depth_slope,95,40,"time_context,true_order_flow_imbalance,cancellation_imbalance,trade_imbalance,queue_position",0.6570877869283336,0.32508366610770173,0.15719441512076535,,,completed
fold_2,10,0,ridge,remove_one_group,liquidity_concentration,96,40,"time_context,true_order_flow_imbalance,cancellation_imbalance,trade_imbalance,queue_position",0.6570877869283336,0.32508366610770173,0.15719441512076535,,,completed
fold_2,10,0,ridge,remove_one_group,snapshot_order_flow_proxy,58,0,"time_context,true_order_flow_imbalance,cancellation_imbalance,trade_imbalance,queue_position",0.6437007184159804,0.26828103450906987,0.03313097472435736,,,completed
fold_2,10,0,ridge,remove_one_group,volatility_proxy,97,40,"time_context,true_order_flow_imbalance,cancellation_imbalance,trade_imbalance,queue_position",0.6571578762922726,0.3250069202907728,0.15767677321868329,,,completed
fold_2,10,0,ridge,only_one_group,price_levels,20,0,"time_context,true_order_flow_imbalance,cancellation_imbalance,trade_imbalance,queue_position",0.6433853162782548,0.26701948770222034,0.027379994906922903,,,completed
fold_2,10,0,ridge,only_one_group,size_levels,20,0,"time_context,true_order_flow_imbalance,cancellation_imbalance,trade_imbalance,queue_position",0.6436306290520414,0.26119126476444293,0.00850940328427432,,,completed
fold_2,10,0,ridge,only_one_group,top_of_book,4,0,"time_context,true_order_flow_imbalance,cancellation_imbalance,trade_imbalance,queue_position",0.6435955843700718,0.2610518834399432,0.0,,,completed
fold_2,10,0,ridge,only_one_group,spread,2,0,"time_context,true_order_flow_imbalance,cancellation_imbalance,trade_imbalance,queue_position",0.6438408971438584,0.2623025960738711,0.02100728174076479,,,completed
fold_2,10,0,ridge,only_one_group,midprice,1,0,"time_context,true_order_flow_imbalance,cancellation_imbalance,trade_imbalance,queue_position",0.6435955843700718,0.2610518834399432,0.0,,,completed
fold_2,10,0,ridge,only_one_group,microprice,1,0,"time_context,true_order_flow_imbalance,cancellation_imbalance,trade_imbalance,queue_position",0.6435955843700718,0.2610518834399432,0.0,,,completed
fold_2,10,0,ridge,only_one_group,top_of_book_imbalance,1,0,"time_context,true_order_flow_imbalance,cancellation_imbalance,trade_imbalance,queue_position",0.6435955843700718,0.2610518834399432,0.0,,,completed
fold_2,10,0,ridge,only_one_group,depth_imbalance,3,0,"time_context,true_order_flow_imbalance,cancellation_imbalance,trade_imbalance,queue_position",0.6435955843700718,0.2610518834399432,0.0,,,completed
fold_2,10,0,ridge,only_one_group,depth_slope,3,0,"time_context,true_order_flow_imbalance,cancellation_imbalance,trade_imbalance,queue_position",0.6435955843700718,0.2610518834399432,0.0,,,completed
fold_2,10,0,ridge,only_one_group,liquidity_concentration,2,0,"time_context,true_order_flow_imbalance,cancellation_imbalance,trade_imbalance,queue_position",0.6435955843700718,0.2610518834399432,0.0,,,completed
fold_2,10,0,ridge,only_one_group,snapshot_order_flow_proxy,40,40,"time_context,true_order_flow_imbalance,cancellation_imbalance,trade_imbalance,queue_position",0.6548799719642544,0.3085657812725298,0.1467264644865663,,,completed
fold_2,10,0,ridge,only_one_group,volatility_proxy,1,0,"time_context,true_order_flow_imbalance,cancellation_imbalance,trade_imbalance,queue_position",0.6432451375503767,0.26136233538216325,-0.0009912234575189729,,,completed
fold_2,10,0,ridge,raw_lob_only,raw_lob,44,0,"time_context,true_order_flow_imbalance,cancellation_imbalance,trade_imbalance,queue_position",0.6435254950061328,0.2677952800106853,0.03028259041966571,,,completed
fold_2,10,0,ridge,derived_microstructure_only,derived_microstructure,54,40,"time_context,true_order_flow_imbalance,cancellation_imbalance,trade_imbalance,queue_position",0.6561415805151568,0.3146375078753346,0.15372370704322336,,,completed
fold_2,10,0,ridge,no_proxy_features,no_proxy,58,0,"time_context,true_order_flow_imbalance,cancellation_imbalance,trade_imbalance,queue_position",0.6437007184159804,0.26828103450906987,0.03313097472435736,,,completed
fold_2,10,1,logistic,all_features,all,98,40,"time_context,true_order_flow_imbalance,cancellation_imbalance,trade_imbalance,queue_position",0.7299456807429473,0.5385566048105257,0.4294531104724389,0.08650010263598576,0.4061282614706385,completed
fold_2,10,1,logistic,remove_one_group,price_levels,78,40,"time_context,true_order_flow_imbalance,cancellation_imbalance,trade_imbalance,queue_position",0.7313474680217277,0.5414616267919131,0.4336645545938759,0.08687923240396837,0.4055284554317387,completed
fold_2,10,1,logistic,remove_one_group,size_levels,78,40,"time_context,true_order_flow_imbalance,cancellation_imbalance,trade_imbalance,queue_position",0.730681619064307,0.5407952360677872,0.4316698057675487,0.09002124969021717,0.40412898326518554,completed
fold_2,10,1,logistic,remove_one_group,top_of_book,94,40,"time_context,true_order_flow_imbalance,cancellation_imbalance,trade_imbalance,queue_position",0.7304012616085509,0.5396619864150205,0.4307569385354298,0.0862506194735112,0.40550658748243334,completed
fold_2,10,1,logistic,remove_one_group,spread,96,40,"time_context,true_order_flow_imbalance,cancellation_imbalance,trade_imbalance,queue_position",0.7289994743297704,0.5356104178277553,0.42707602037864245,0.09492094548456015,0.4092817033539932,completed
fold_2,10,1,logistic,remove_one_group,midprice,97,40,"time_context,true_order_flow_imbalance,cancellation_imbalance,trade_imbalance,queue_position",0.7305764850183984,0.5401833308051286,0.43112612143589574,0.08644192549737362,0.40551126237275886,completed
fold_2,10,1,logistic,remove_one_group,microprice,97,40,"time_context,true_order_flow_imbalance,cancellation_imbalance,trade_imbalance,queue_position",0.7299807254249168,0.5385296442381465,0.42953635751121766,0.08662868114700643,0.40609437080963345,completed
fold_2,10,1,logistic,remove_one_group,top_of_book_imbalance,97,40,"time_context,true_order_flow_imbalance,cancellation_imbalance,trade_imbalance,queue_position",0.7315927807955143,0.5423872640118413,0.4340403522882404,0.08610120304975324,0.4047994149298935,completed
fold_2,10,1,logistic,remove_one_group,depth_imbalance,95,40,"time_context,true_order_flow_imbalance,cancellation_imbalance,trade_imbalance,queue_position",0.7308918871561241,0.5406502123065838,0.4321073716685687,0.08611702355468345,0.4050178540492803,completed
fold_2,10,1,logistic,remove_one_group,depth_slope,95,40,"time_context,true_order_flow_imbalance,cancellation_imbalance,trade_imbalance,queue_position",0.730751708428246,0.5404307287509451,0.4317562039557163,0.08597670819557549,0.4054144472210763,completed
fold_2,10,1,logistic,remove_one_group,liquidity_concentration,96,40,"time_context,true_order_flow_imbalance,cancellation_imbalance,trade_imbalance,queue_position",0.7312773786577886,0.541487085711157,0.43321569826814466,0.08609191411893866,0.4049476420222341,completed
fold_2,10,1,logistic,remove_one_group,snapshot_order_flow_proxy,58,0,"time_context,true_order_flow_imbalance,cancellation_imbalance,trade_imbalance,queue_position",0.6436656737340108,0.2658104537262555,0.027709347121131087,0.03664452398349428,0.519352947222808,completed
fold_2,10,1,logistic,remove_one_group,volatility_proxy,97,40,"time_context,true_order_flow_imbalance,cancellation_imbalance,trade_imbalance,queue_position",0.7311021552479411,0.5411816311265724,0.4326950370879537,0.08661749063316772,0.4049785586526656,completed
fold_2,10,1,logistic,only_one_group,price_levels,20,0,"time_context,true_order_flow_imbalance,cancellation_imbalance,trade_imbalance,queue_position",0.6432100928684072,0.26473419385991165,0.017774376489106736,0.03711519644581216,0.5246942321097906,completed
fold_2,10,1,logistic,only_one_group,size_levels,20,0,"time_context,true_order_flow_imbalance,cancellation_imbalance,trade_imbalance,queue_position",0.6434554056421938,0.2612783723725877,-0.0005073328892055143,0.05648219276843485,0.5279172636515269,completed
fold_2,10,1,logistic,only_one_group,top_of_book,4,0,"time_context,true_order_flow_imbalance,cancellation_imbalance,trade_imbalance,queue_position",0.6435955843700718,0.2610518834399432,0.0,0.0531542139492369,0.5277926983656157,completed
fold_2,10,1,logistic,only_one_group,spread,2,0,"time_context,true_order_flow_imbalance,cancellation_imbalance,trade_imbalance,queue_position",0.6441212545996146,0.2644024778492377,0.03181853350248745,0.032523329262256685,0.518118836407582,completed
fold_2,10,1,logistic,only_one_group,midprice,1,0,"time_context,true_order_flow_imbalance,cancellation_imbalance,trade_imbalance,queue_position",0.6435955843700718,0.2610518834399432,0.0,0.05331115279657024,0.5313565674073819,completed
fold_2,10,1,logistic,only_one_group,microprice,1,0,"time_context,true_order_flow_imbalance,cancellation_imbalance,trade_imbalance,queue_position",0.6435955843700718,0.2610518834399432,0.0,0.05331089241798357,0.5313411291197645,completed
fold_2,10,1,logistic,only_one_group,top_of_book_imbalance,1,0,"time_context,true_order_flow_imbalance,cancellation_imbalance,trade_imbalance,queue_position",0.6435955843700718,0.2610518834399432,0.0,0.0359612303009405,0.5243282530699078,completed
fold_2,10,1,logistic,only_one_group,depth_imbalance,3,0,"time_context,true_order_flow_imbalance,cancellation_imbalance,trade_imbalance,queue_position",0.6435955843700718,0.2610518834399432,0.0,0.035911871957797645,0.5243172523471642,completed
fold_2,10,1,logistic,only_one_group,depth_slope,3,0,"time_context,true_order_flow_imbalance,cancellation_imbalance,trade_imbalance,queue_position",0.6435955843700718,0.2610518834399432,0.0,0.037559564992528265,0.5246030044738718,completed
fold_2,10,1,logistic,only_one_group,liquidity_concentration,2,0,"time_context,true_order_flow_imbalance,cancellation_imbalance,trade_imbalance,queue_position",0.6435955843700718,0.2610518834399432,0.0,0.035893813515508945,0.5243057940062847,completed
fold_2,10,1,logistic,only_one_group,snapshot_order_flow_proxy,40,40,"time_context,true_order_flow_imbalance,cancellation_imbalance,trade_imbalance,queue_position",0.7301209041527948,0.5388673505855656,0.43119652227528205,0.12237704723653,0.4031376671119005,completed
fold_2,10,1,logistic,only_one_group,volatility_proxy,1,0,"time_context,true_order_flow_imbalance,cancellation_imbalance,trade_imbalance,queue_position",0.6432451375503767,0.26136233538216325,-0.0009912234575189729,0.035692459489897396,0.5245048622769916,completed
fold_2,10,1,logistic,raw_lob_only,raw_lob,44,0,"time_context,true_order_flow_imbalance,cancellation_imbalance,trade_imbalance,queue_position",0.6430699141405292,0.26549637433733025,0.01852898213960973,0.045748245138846226,0.5238350501569969,completed
fold_2,10,1,logistic,derived_microstructure_only,derived_microstructure,54,40,"time_context,true_order_flow_imbalance,cancellation_imbalance,trade_imbalance,queue_position",0.7318030488873314,0.5435988715747884,0.434942451121073,0.09071670837265973,0.4052820865134911,completed
fold_2,10,1,logistic,no_proxy_features,no_proxy,58,0,"time_context,true_order_flow_imbalance,cancellation_imbalance,trade_imbalance,queue_position",0.6436656737340108,0.2658104537262555,0.027709347121131087,0.03664452398349428,0.519352947222808,completed
fold_2,10,1,ridge,all_features,all,98,40,"time_context,true_order_flow_imbalance,cancellation_imbalance,trade_imbalance,queue_position",0.6570877869283336,0.32508366610770173,0.15719441512076535,,,completed
fold_2,10,1,ridge,remove_one_group,price_levels,78,40,"time_context,true_order_flow_imbalance,cancellation_imbalance,trade_imbalance,queue_position",0.6573681443840897,0.3196871362135562,0.1613809775151215,,,completed
fold_2,10,1,ridge,remove_one_group,size_levels,78,40,"time_context,true_order_flow_imbalance,cancellation_imbalance,trade_imbalance,queue_position",0.6557911336954617,0.31851139242574256,0.14941754408229557,,,completed
fold_2,10,1,ridge,remove_one_group,top_of_book,94,40,"time_context,true_order_flow_imbalance,cancellation_imbalance,trade_imbalance,queue_position",0.6571228316103032,0.3249925526550487,0.15744110779241274,,,completed
fold_2,10,1,ridge,remove_one_group,spread,96,40,"time_context,true_order_flow_imbalance,cancellation_imbalance,trade_imbalance,queue_position",0.6561766251971264,0.3216806429885538,0.15151658772255325,,,completed
fold_2,10,1,ridge,remove_one_group,midprice,97,40,"time_context,true_order_flow_imbalance,cancellation_imbalance,trade_imbalance,queue_position",0.6570877869283336,0.32497818666752226,0.15720587580790749,,,completed
fold_2,10,1,ridge,remove_one_group,microprice,97,40,"time_context,true_order_flow_imbalance,cancellation_imbalance,trade_imbalance,queue_position",0.6570877869283336,0.32508366610770173,0.15719441512076535,,,completed
fold_2,10,1,ridge,remove_one_group,top_of_book_imbalance,97,40,"time_context,true_order_flow_imbalance,cancellation_imbalance,trade_imbalance,queue_position",0.6570877869283336,0.32508366610770173,0.15719441512076535,,,completed
fold_2,10,1,ridge,remove_one_group,depth_imbalance,95,40,"time_context,true_order_flow_imbalance,cancellation_imbalance,trade_imbalance,queue_position",0.6570527422463641,0.32495740716011473,0.1569784779698563,,,completed
fold_2,10,1,ridge,remove_one_group,depth_slope,95,40,"time_context,true_order_flow_imbalance,cancellation_imbalance,trade_imbalance,queue_position",0.6570877869283336,0.32508366610770173,0.15719441512076535,,,completed
fold_2,10,1,ridge,remove_one_group,liquidity_concentration,96,40,"time_context,true_order_flow_imbalance,cancellation_imbalance,trade_imbalance,queue_position",0.6570877869283336,0.32508366610770173,0.15719441512076535,,,completed
fold_2,10,1,ridge,remove_one_group,snapshot_order_flow_proxy,58,0,"time_context,true_order_flow_imbalance,cancellation_imbalance,trade_imbalance,queue_position",0.6437007184159804,0.26828103450906987,0.03313097472435736,,,completed
fold_2,10,1,ridge,remove_one_group,volatility_proxy,97,40,"time_context,true_order_flow_imbalance,cancellation_imbalance,trade_imbalance,queue_position",0.6571578762922726,0.3250069202907728,0.15767677321868329,,,completed
fold_2,10,1,ridge,only_one_group,price_levels,20,0,"time_context,true_order_flow_imbalance,cancellation_imbalance,trade_imbalance,queue_position",0.6433853162782548,0.26701948770222034,0.027379994906922903,,,completed
fold_2,10,1,ridge,only_one_group,size_levels,20,0,"time_context,true_order_flow_imbalance,cancellation_imbalance,trade_imbalance,queue_position",0.6436306290520414,0.26119126476444293,0.00850940328427432,,,completed
fold_2,10,1,ridge,only_one_group,top_of_book,4,0,"time_context,true_order_flow_imbalance,cancellation_imbalance,trade_imbalance,queue_position",0.6435955843700718,0.2610518834399432,0.0,,,completed
fold_2,10,1,ridge,only_one_group,spread,2,0,"time_context,true_order_flow_imbalance,cancellation_imbalance,trade_imbalance,queue_position",0.6438408971438584,0.2623025960738711,0.02100728174076479,,,completed
fold_2,10,1,ridge,only_one_group,midprice,1,0,"time_context,true_order_flow_imbalance,cancellation_imbalance,trade_imbalance,queue_position",0.6435955843700718,0.2610518834399432,0.0,,,completed
fold_2,10,1,ridge,only_one_group,microprice,1,0,"time_context,true_order_flow_imbalance,cancellation_imbalance,trade_imbalance,queue_position",0.6435955843700718,0.2610518834399432,0.0,,,completed
fold_2,10,1,ridge,only_one_group,top_of_book_imbalance,1,0,"time_context,true_order_flow_imbalance,cancellation_imbalance,trade_imbalance,queue_position",0.6435955843700718,0.2610518834399432,0.0,,,completed
fold_2,10,1,ridge,only_one_group,depth_imbalance,3,0,"time_context,true_order_flow_imbalance,cancellation_imbalance,trade_imbalance,queue_position",0.6435955843700718,0.2610518834399432,0.0,,,completed
fold_2,10,1,ridge,only_one_group,depth_slope,3,0,"time_context,true_order_flow_imbalance,cancellation_imbalance,trade_imbalance,queue_position",0.6435955843700718,0.2610518834399432,0.0,,,completed
fold_2,10,1,ridge,only_one_group,liquidity_concentration,2,0,"time_context,true_order_flow_imbalance,cancellation_imbalance,trade_imbalance,queue_position",0.6435955843700718,0.2610518834399432,0.0,,,completed
fold_2,10,1,ridge,only_one_group,snapshot_order_flow_proxy,40,40,"time_context,true_order_flow_imbalance,cancellation_imbalance,trade_imbalance,queue_position",0.6548799719642544,0.3085657812725298,0.1467264644865663,,,completed
fold_2,10,1,ridge,only_one_group,volatility_proxy,1,0,"time_context,true_order_flow_imbalance,cancellation_imbalance,trade_imbalance,queue_position",0.6432451375503767,0.26136233538216325,-0.0009912234575189729,,,completed
fold_2,10,1,ridge,raw_lob_only,raw_lob,44,0,"time_context,true_order_flow_imbalance,cancellation_imbalance,trade_imbalance,queue_position",0.6435254950061328,0.2677952800106853,0.03028259041966571,,,completed
fold_2,10,1,ridge,derived_microstructure_only,derived_microstructure,54,40,"time_context,true_order_flow_imbalance,cancellation_imbalance,trade_imbalance,queue_position",0.6561415805151568,0.3146375078753346,0.15372370704322336,,,completed
fold_2,10,1,ridge,no_proxy_features,no_proxy,58,0,"time_context,true_order_flow_imbalance,cancellation_imbalance,trade_imbalance,queue_position",0.6437007184159804,0.26828103450906987,0.03313097472435736,,,completed
fold_2,10,2,logistic,all_features,all,98,40,"time_context,true_order_flow_imbalance,cancellation_imbalance,trade_imbalance,queue_position",0.7299456807429473,0.5385566048105257,0.4294531104724389,0.08650010263598576,0.4061282614706385,completed
fold_2,10,2,logistic,remove_one_group,price_levels,78,40,"time_context,true_order_flow_imbalance,cancellation_imbalance,trade_imbalance,queue_position",0.7313474680217277,0.5414616267919131,0.4336645545938759,0.08687923240396837,0.4055284554317387,completed
fold_2,10,2,logistic,remove_one_group,size_levels,78,40,"time_context,true_order_flow_imbalance,cancellation_imbalance,trade_imbalance,queue_position",0.730681619064307,0.5407952360677872,0.4316698057675487,0.09002124969021717,0.40412898326518554,completed
fold_2,10,2,logistic,remove_one_group,top_of_book,94,40,"time_context,true_order_flow_imbalance,cancellation_imbalance,trade_imbalance,queue_position",0.7304012616085509,0.5396619864150205,0.4307569385354298,0.0862506194735112,0.40550658748243334,completed
fold_2,10,2,logistic,remove_one_group,spread,96,40,"time_context,true_order_flow_imbalance,cancellation_imbalance,trade_imbalance,queue_position",0.7289994743297704,0.5356104178277553,0.42707602037864245,0.09492094548456015,0.4092817033539932,completed
fold_2,10,2,logistic,remove_one_group,midprice,97,40,"time_context,true_order_flow_imbalance,cancellation_imbalance,trade_imbalance,queue_position",0.7305764850183984,0.5401833308051286,0.43112612143589574,0.08644192549737362,0.40551126237275886,completed
fold_2,10,2,logistic,remove_one_group,microprice,97,40,"time_context,true_order_flow_imbalance,cancellation_imbalance,trade_imbalance,queue_position",0.7299807254249168,0.5385296442381465,0.42953635751121766,0.08662868114700643,0.40609437080963345,completed
fold_2,10,2,logistic,remove_one_group,top_of_book_imbalance,97,40,"time_context,true_order_flow_imbalance,cancellation_imbalance,trade_imbalance,queue_position",0.7315927807955143,0.5423872640118413,0.4340403522882404,0.08610120304975324,0.4047994149298935,completed
fold_2,10,2,logistic,remove_one_group,depth_imbalance,95,40,"time_context,true_order_flow_imbalance,cancellation_imbalance,trade_imbalance,queue_position",0.7308918871561241,0.5406502123065838,0.4321073716685687,0.08611702355468345,0.4050178540492803,completed
fold_2,10,2,logistic,remove_one_group,depth_slope,95,40,"time_context,true_order_flow_imbalance,cancellation_imbalance,trade_imbalance,queue_position",0.730751708428246,0.5404307287509451,0.4317562039557163,0.08597670819557549,0.4054144472210763,completed
fold_2,10,2,logistic,remove_one_group,liquidity_concentration,96,40,"time_context,true_order_flow_imbalance,cancellation_imbalance,trade_imbalance,queue_position",0.7312773786577886,0.541487085711157,0.43321569826814466,0.08609191411893866,0.4049476420222341,completed
fold_2,10,2,logistic,remove_one_group,snapshot_order_flow_proxy,58,0,"time_context,true_order_flow_imbalance,cancellation_imbalance,trade_imbalance,queue_position",0.6436656737340108,0.2658104537262555,0.027709347121131087,0.03664452398349428,0.519352947222808,completed
fold_2,10,2,logistic,remove_one_group,volatility_proxy,97,40,"time_context,true_order_flow_imbalance,cancellation_imbalance,trade_imbalance,queue_position",0.7311021552479411,0.5411816311265724,0.4326950370879537,0.08661749063316772,0.4049785586526656,completed
fold_2,10,2,logistic,only_one_group,price_levels,20,0,"time_context,true_order_flow_imbalance,cancellation_imbalance,trade_imbalance,queue_position",0.6432100928684072,0.26473419385991165,0.017774376489106736,0.03711519644581216,0.5246942321097906,completed
fold_2,10,2,logistic,only_one_group,size_levels,20,0,"time_context,true_order_flow_imbalance,cancellation_imbalance,trade_imbalance,queue_position",0.6434554056421938,0.2612783723725877,-0.0005073328892055143,0.05648219276843485,0.5279172636515269,completed
fold_2,10,2,logistic,only_one_group,top_of_book,4,0,"time_context,true_order_flow_imbalance,cancellation_imbalance,trade_imbalance,queue_position",0.6435955843700718,0.2610518834399432,0.0,0.0531542139492369,0.5277926983656157,completed
fold_2,10,2,logistic,only_one_group,spread,2,0,"time_context,true_order_flow_imbalance,cancellation_imbalance,trade_imbalance,queue_position",0.6441212545996146,0.2644024778492377,0.03181853350248745,0.032523329262256685,0.518118836407582,completed
fold_2,10,2,logistic,only_one_group,midprice,1,0,"time_context,true_order_flow_imbalance,cancellation_imbalance,trade_imbalance,queue_position",0.6435955843700718,0.2610518834399432,0.0,0.05331115279657024,0.5313565674073819,completed
fold_2,10,2,logistic,only_one_group,microprice,1,0,"time_context,true_order_flow_imbalance,cancellation_imbalance,trade_imbalance,queue_position",0.6435955843700718,0.2610518834399432,0.0,0.05331089241798357,0.5313411291197645,completed
fold_2,10,2,logistic,only_one_group,top_of_book_imbalance,1,0,"time_context,true_order_flow_imbalance,cancellation_imbalance,trade_imbalance,queue_position",0.6435955843700718,0.2610518834399432,0.0,0.0359612303009405,0.5243282530699078,completed
fold_2,10,2,logistic,only_one_group,depth_imbalance,3,0,"time_context,true_order_flow_imbalance,cancellation_imbalance,trade_imbalance,queue_position",0.6435955843700718,0.2610518834399432,0.0,0.035911871957797645,0.5243172523471642,completed
fold_2,10,2,logistic,only_one_group,depth_slope,3,0,"time_context,true_order_flow_imbalance,cancellation_imbalance,trade_imbalance,queue_position",0.6435955843700718,0.2610518834399432,0.0,0.037559564992528265,0.5246030044738718,completed
fold_2,10,2,logistic,only_one_group,liquidity_concentration,2,0,"time_context,true_order_flow_imbalance,cancellation_imbalance,trade_imbalance,queue_position",0.6435955843700718,0.2610518834399432,0.0,0.035893813515508945,0.5243057940062847,completed
fold_2,10,2,logistic,only_one_group,snapshot_order_flow_proxy,40,40,"time_context,true_order_flow_imbalance,cancellation_imbalance,trade_imbalance,queue_position",0.7301209041527948,0.5388673505855656,0.43119652227528205,0.12237704723653,0.4031376671119005,completed
fold_2,10,2,logistic,only_one_group,volatility_proxy,1,0,"time_context,true_order_flow_imbalance,cancellation_imbalance,trade_imbalance,queue_position",0.6432451375503767,0.26136233538216325,-0.0009912234575189729,0.035692459489897396,0.5245048622769916,completed
fold_2,10,2,logistic,raw_lob_only,raw_lob,44,0,"time_context,true_order_flow_imbalance,cancellation_imbalance,trade_imbalance,queue_position",0.6430699141405292,0.26549637433733025,0.01852898213960973,0.045748245138846226,0.5238350501569969,completed
fold_2,10,2,logistic,derived_microstructure_only,derived_microstructure,54,40,"time_context,true_order_flow_imbalance,cancellation_imbalance,trade_imbalance,queue_position",0.7318030488873314,0.5435988715747884,0.434942451121073,0.09071670837265973,0.4052820865134911,completed
fold_2,10,2,logistic,no_proxy_features,no_proxy,58,0,"time_context,true_order_flow_imbalance,cancellation_imbalance,trade_imbalance,queue_position",0.6436656737340108,0.2658104537262555,0.027709347121131087,0.03664452398349428,0.519352947222808,completed
fold_2,10,2,ridge,all_features,all,98,40,"time_context,true_order_flow_imbalance,cancellation_imbalance,trade_imbalance,queue_position",0.6570877869283336,0.32508366610770173,0.15719441512076535,,,completed
fold_2,10,2,ridge,remove_one_group,price_levels,78,40,"time_context,true_order_flow_imbalance,cancellation_imbalance,trade_imbalance,queue_position",0.6573681443840897,0.3196871362135562,0.1613809775151215,,,completed
fold_2,10,2,ridge,remove_one_group,size_levels,78,40,"time_context,true_order_flow_imbalance,cancellation_imbalance,trade_imbalance,queue_position",0.6557911336954617,0.31851139242574256,0.14941754408229557,,,completed
fold_2,10,2,ridge,remove_one_group,top_of_book,94,40,"time_context,true_order_flow_imbalance,cancellation_imbalance,trade_imbalance,queue_position",0.6571228316103032,0.3249925526550487,0.15744110779241274,,,completed
fold_2,10,2,ridge,remove_one_group,spread,96,40,"time_context,true_order_flow_imbalance,cancellation_imbalance,trade_imbalance,queue_position",0.6561766251971264,0.3216806429885538,0.15151658772255325,,,completed
fold_2,10,2,ridge,remove_one_group,midprice,97,40,"time_context,true_order_flow_imbalance,cancellation_imbalance,trade_imbalance,queue_position",0.6570877869283336,0.32497818666752226,0.15720587580790749,,,completed
fold_2,10,2,ridge,remove_one_group,microprice,97,40,"time_context,true_order_flow_imbalance,cancellation_imbalance,trade_imbalance,queue_position",0.6570877869283336,0.32508366610770173,0.15719441512076535,,,completed
fold_2,10,2,ridge,remove_one_group,top_of_book_imbalance,97,40,"time_context,true_order_flow_imbalance,cancellation_imbalance,trade_imbalance,queue_position",0.6570877869283336,0.32508366610770173,0.15719441512076535,,,completed
fold_2,10,2,ridge,remove_one_group,depth_imbalance,95,40,"time_context,true_order_flow_imbalance,cancellation_imbalance,trade_imbalance,queue_position",0.6570527422463641,0.32495740716011473,0.1569784779698563,,,completed
fold_2,10,2,ridge,remove_one_group,depth_slope,95,40,"time_context,true_order_flow_imbalance,cancellation_imbalance,trade_imbalance,queue_position",0.6570877869283336,0.32508366610770173,0.15719441512076535,,,completed
fold_2,10,2,ridge,remove_one_group,liquidity_concentration,96,40,"time_context,true_order_flow_imbalance,cancellation_imbalance,trade_imbalance,queue_position",0.6570877869283336,0.32508366610770173,0.15719441512076535,,,completed
fold_2,10,2,ridge,remove_one_group,snapshot_order_flow_proxy,58,0,"time_context,true_order_flow_imbalance,cancellation_imbalance,trade_imbalance,queue_position",0.6437007184159804,0.26828103450906987,0.03313097472435736,,,completed
fold_2,10,2,ridge,remove_one_group,volatility_proxy,97,40,"time_context,true_order_flow_imbalance,cancellation_imbalance,trade_imbalance,queue_position",0.6571578762922726,0.3250069202907728,0.15767677321868329,,,completed
fold_2,10,2,ridge,only_one_group,price_levels,20,0,"time_context,true_order_flow_imbalance,cancellation_imbalance,trade_imbalance,queue_position",0.6433853162782548,0.26701948770222034,0.027379994906922903,,,completed
fold_2,10,2,ridge,only_one_group,size_levels,20,0,"time_context,true_order_flow_imbalance,cancellation_imbalance,trade_imbalance,queue_position",0.6436306290520414,0.26119126476444293,0.00850940328427432,,,completed
fold_2,10,2,ridge,only_one_group,top_of_book,4,0,"time_context,true_order_flow_imbalance,cancellation_imbalance,trade_imbalance,queue_position",0.6435955843700718,0.2610518834399432,0.0,,,completed
fold_2,10,2,ridge,only_one_group,spread,2,0,"time_context,true_order_flow_imbalance,cancellation_imbalance,trade_imbalance,queue_position",0.6438408971438584,0.2623025960738711,0.02100728174076479,,,completed
fold_2,10,2,ridge,only_one_group,midprice,1,0,"time_context,true_order_flow_imbalance,cancellation_imbalance,trade_imbalance,queue_position",0.6435955843700718,0.2610518834399432,0.0,,,completed
fold_2,10,2,ridge,only_one_group,microprice,1,0,"time_context,true_order_flow_imbalance,cancellation_imbalance,trade_imbalance,queue_position",0.6435955843700718,0.2610518834399432,0.0,,,completed
fold_2,10,2,ridge,only_one_group,top_of_book_imbalance,1,0,"time_context,true_order_flow_imbalance,cancellation_imbalance,trade_imbalance,queue_position",0.6435955843700718,0.2610518834399432,0.0,,,completed
fold_2,10,2,ridge,only_one_group,depth_imbalance,3,0,"time_context,true_order_flow_imbalance,cancellation_imbalance,trade_imbalance,queue_position",0.6435955843700718,0.2610518834399432,0.0,,,completed
fold_2,10,2,ridge,only_one_group,depth_slope,3,0,"time_context,true_order_flow_imbalance,cancellation_imbalance,trade_imbalance,queue_position",0.6435955843700718,0.2610518834399432,0.0,,,completed
fold_2,10,2,ridge,only_one_group,liquidity_concentration,2,0,"time_context,true_order_flow_imbalance,cancellation_imbalance,trade_imbalance,queue_position",0.6435955843700718,0.2610518834399432,0.0,,,completed
fold_2,10,2,ridge,only_one_group,snapshot_order_flow_proxy,40,40,"time_context,true_order_flow_imbalance,cancellation_imbalance,trade_imbalance,queue_position",0.6548799719642544,0.3085657812725298,0.1467264644865663,,,completed
fold_2,10,2,ridge,only_one_group,volatility_proxy,1,0,"time_context,true_order_flow_imbalance,cancellation_imbalance,trade_imbalance,queue_position",0.6432451375503767,0.26136233538216325,-0.0009912234575189729,,,completed
fold_2,10,2,ridge,raw_lob_only,raw_lob,44,0,"time_context,true_order_flow_imbalance,cancellation_imbalance,trade_imbalance,queue_position",0.6435254950061328,0.2677952800106853,0.03028259041966571,,,completed
fold_2,10,2,ridge,derived_microstructure_only,derived_microstructure,54,40,"time_context,true_order_flow_imbalance,cancellation_imbalance,trade_imbalance,queue_position",0.6561415805151568,0.3146375078753346,0.15372370704322336,,,completed
fold_2,10,2,ridge,no_proxy_features,no_proxy,58,0,"time_context,true_order_flow_imbalance,cancellation_imbalance,trade_imbalance,queue_position",0.6437007184159804,0.26828103450906987,0.03313097472435736,,,completed
fold_3,10,0,logistic,all_features,all,98,40,"time_context,true_order_flow_imbalance,cancellation_imbalance,trade_imbalance,queue_position",0.7515328309429273,0.6435260672988871,0.5434439767658835,0.0805619694707606,0.38842223666296677,completed
fold_3,10,0,logistic,remove_one_group,price_levels,78,40,"time_context,true_order_flow_imbalance,cancellation_imbalance,trade_imbalance,queue_position",0.7526132404181185,0.6454133687363637,0.5457302667956796,0.08094059860784208,0.3879418180900761,completed
fold_3,10,0,logistic,remove_one_group,size_levels,78,40,"time_context,true_order_flow_imbalance,cancellation_imbalance,trade_imbalance,queue_position",0.7520190152067634,0.6441417296787865,0.5445110600689794,0.08059930133739517,0.387902741141269,completed
fold_3,10,0,logistic,remove_one_group,top_of_book,94,40,"time_context,true_order_flow_imbalance,cancellation_imbalance,trade_imbalance,queue_position",0.7531804553925938,0.6463965098883605,0.5469227736462707,0.08123862453323243,0.387010192817845,completed
fold_3,10,0,logistic,remove_one_group,spread,96,40,"time_context,true_order_flow_imbalance,cancellation_imbalance,trade_imbalance,queue_position",0.7542068443940253,0.6478909836271515,0.5491876154636085,0.08964412444488408,0.3901580179448692,completed
fold_3,10,0,logistic,remove_one_group,midprice,97,40,"time_context,true_order_flow_imbalance,cancellation_imbalance,trade_imbalance,queue_position",0.7534775679982714,0.6470392065332701,0.5474968081005286,0.0814119256832011,0.3868563889780118,completed
fold_3,10,0,logistic,remove_one_group,microprice,97,40,"time_context,true_order_flow_imbalance,cancellation_imbalance,trade_imbalance,queue_position",0.7518299435486049,0.6441247505691785,0.5440546339845188,0.08054730592381251,0.3880501838589548,completed
fold_3,10,0,logistic,remove_one_group,top_of_book_imbalance,97,40,"time_context,true_order_flow_imbalance,cancellation_imbalance,trade_imbalance,queue_position",0.7531264349188342,0.6464191277054864,0.5466752784876094,0.08118009854740407,0.38693140343983135,completed
fold_3,10,0,logistic,remove_one_group,depth_imbalance,95,40,"time_context,true_order_flow_imbalance,cancellation_imbalance,trade_imbalance,queue_position",0.7510736569159712,0.6426606521830703,0.5425357454131279,0.08039218274954671,0.38878219612035136,completed
fold_3,10,0,logistic,remove_one_group,depth_slope,95,40,"time_context,true_order_flow_imbalance,cancellation_imbalance,trade_imbalance,queue_position",0.752316127812441,0.6449865027435822,0.5450558580909263,0.08083260875153285,0.38771206887973414,completed
fold_3,10,0,logistic,remove_one_group,liquidity_concentration,96,40,"time_context,true_order_flow_imbalance,cancellation_imbalance,trade_imbalance,queue_position",0.7530454042081949,0.6462967236284832,0.5465883171578241,0.0810383219159726,0.38693035377356116,completed
fold_3,10,0,logistic,remove_one_group,snapshot_order_flow_proxy,58,0,"time_context,true_order_flow_imbalance,cancellation_imbalance,trade_imbalance,queue_position",0.6018961186289604,0.26986573731581665,0.07498547180799886,0.02183546420486637,0.5510290583342798,completed
fold_3,10,0,logistic,remove_one_group,volatility_proxy,97,40,"time_context,true_order_flow_imbalance,cancellation_imbalance,trade_imbalance,queue_position",0.7528293223131567,0.6457738554028247,0.5461582942715676,0.0810050592646923,0.38721358031770936,completed
fold_3,10,0,logistic,only_one_group,price_levels,20,0,"time_context,true_order_flow_imbalance,cancellation_imbalance,trade_imbalance,queue_position",0.6003295248899333,0.261834576577818,0.05787668400846216,0.03201086315843159,0.5591346460492697,completed
fold_3,10,0,logistic,only_one_group,size_levels,20,0,"time_context,true_order_flow_imbalance,cancellation_imbalance,trade_imbalance,queue_position",0.5982497366501904,0.2500606176543975,0.013940700146689874,0.024799673444213948,0.5581711837105919,completed
fold_3,10,0,logistic,only_one_group,top_of_book,4,0,"time_context,true_order_flow_imbalance,cancellation_imbalance,trade_imbalance,queue_position",0.5981146854657915,0.24950845347350156,0.0,0.021175279715866552,0.5621452292443372,completed
fold_3,10,0,logistic,only_one_group,spread,2,0,"time_context,true_order_flow_imbalance,cancellation_imbalance,trade_imbalance,queue_position",0.6005726170218513,0.26248717766557467,0.06099423226474104,0.018382581081932886,0.5548036476315386,completed
fold_3,10,0,logistic,only_one_group,midprice,1,0,"time_context,true_order_flow_imbalance,cancellation_imbalance,trade_imbalance,queue_position",0.5981146854657915,0.24950845347350156,0.0,0.0300187129407986,0.5642214265929686,completed
fold_3,10,0,logistic,only_one_group,microprice,1,0,"time_context,true_order_flow_imbalance,cancellation_imbalance,trade_imbalance,queue_position",0.5981416957026713,0.24960546937747732,0.0068867492326911955,0.030141592474026493,0.564235937453611,completed
fold_3,10,0,logistic,only_one_group,top_of_book_imbalance,1,0,"time_context,true_order_flow_imbalance,cancellation_imbalance,trade_imbalance,queue_position",0.5981146854657915,0.24951267056530213,0.0019820070650641156,0.01109997330724473,0.5617268829544696,completed
fold_3,10,0,logistic,only_one_group,depth_imbalance,3,0,"time_context,true_order_flow_imbalance,cancellation_imbalance,trade_imbalance,queue_position",0.5981146854657915,0.24951688779965633,0.0027549439504615473,0.011010530284047514,0.5617437866091516,completed
fold_3,10,0,logistic,only_one_group,depth_slope,3,0,"time_context,true_order_flow_imbalance,cancellation_imbalance,trade_imbalance,queue_position",0.5981146854657915,0.24950845347350156,0.0,0.017916175791991402,0.5618261985504321,completed
fold_3,10,0,logistic,only_one_group,liquidity_concentration,2,0,"time_context,true_order_flow_imbalance,cancellation_imbalance,trade_imbalance,queue_position",0.5980876752289117,0.24950140283270797,-0.002990696443675049,0.010940788122965202,0.5618030240915234,completed
fold_3,10,0,logistic,only_one_group,snapshot_order_flow_proxy,40,40,"time_context,true_order_flow_imbalance,cancellation_imbalance,trade_imbalance,queue_position",0.7514518002322881,0.6423490983176758,0.5452147155794442,0.09440648693103446,0.38700700076914474,completed
fold_3,10,0,logistic,only_one_group,volatility_proxy,1,0,"time_context,true_order_flow_imbalance,cancellation_imbalance,trade_imbalance,queue_position",0.597574480728196,0.2493673953595843,-0.013378234447708926,0.012156670205874033,0.5620313340432865,completed
fold_3,10,0,logistic,raw_lob_only,raw_lob,44,0,"time_context,true_order_flow_imbalance,cancellation_imbalance,trade_imbalance,queue_position",0.6002214839424141,0.2631861805398801,0.05800205589100787,0.025226298571607665,0.5547520382613338,completed
fold_3,10,0,logistic,derived_microstructure_only,derived_microstructure,54,40,"time_context,true_order_flow_imbalance,cancellation_imbalance,trade_imbalance,queue_position",0.7501282986251789,0.6407058911913032,0.5406759349703165,0.07858210264312036,0.3890440320096404,completed
fold_3,10,0,logistic,no_proxy_features,no_proxy,58,0,"time_context,true_order_flow_imbalance,cancellation_imbalance,trade_imbalance,queue_position",0.6018961186289604,0.26986573731581665,0.07498547180799886,0.02183546420486637,0.5510290583342798,completed
fold_3,10,0,ridge,all_features,all,98,40,"time_context,true_order_flow_imbalance,cancellation_imbalance,trade_imbalance,queue_position",0.6164546363071605,0.3211712374180474,0.1662917346734204,,,completed
fold_3,10,0,ridge,remove_one_group,price_levels,78,40,"time_context,true_order_flow_imbalance,cancellation_imbalance,trade_imbalance,queue_position",0.6162115441752424,0.3171781246017157,0.16637632051390033,,,completed
fold_3,10,0,ridge,remove_one_group,size_levels,78,40,"time_context,true_order_flow_imbalance,cancellation_imbalance,trade_imbalance,queue_position",0.6153742268319693,0.3181361058065746,0.16069699549051572,,,completed
fold_3,10,0,ridge,remove_one_group,top_of_book,94,40,"time_context,true_order_flow_imbalance,cancellation_imbalance,trade_imbalance,queue_position",0.6164006158334009,0.3208640200343317,0.1660530295154617,,,completed
fold_3,10,0,ridge,remove_one_group,spread,96,40,"time_context,true_order_flow_imbalance,cancellation_imbalance,trade_imbalance,queue_position",0.6152661858844503,0.3195543903537608,0.15965119214189277,,,completed
fold_3,10,0,ridge,remove_one_group,midprice,97,40,"time_context,true_order_flow_imbalance,cancellation_imbalance,trade_imbalance,queue_position",0.6164546363071605,0.3210310939141326,0.16633281186701718,,,completed
fold_3,10,0,ridge,remove_one_group,microprice,97,40,"time_context,true_order_flow_imbalance,cancellation_imbalance,trade_imbalance,queue_position",0.6165086567809199,0.32134200953882525,0.16656161763257848,,,completed
fold_3,10,0,ridge,remove_one_group,top_of_book_imbalance,97,40,"time_context,true_order_flow_imbalance,cancellation_imbalance,trade_imbalance,queue_position",0.6164546363071605,0.3211712374180474,0.1662917346734204,,,completed
fold_3,10,0,ridge,remove_one_group,depth_imbalance,95,40,"time_context,true_order_flow_imbalance,cancellation_imbalance,trade_imbalance,queue_position",0.6165086567809199,0.3212676467574432,0.16658691571584763,,,completed
fold_3,10,0,ridge,remove_one_group,depth_slope,95,40,"time_context,true_order_flow_imbalance,cancellation_imbalance,trade_imbalance,queue_position",0.6164546363071605,0.3211712374180474,0.1662917346734204,,,completed
fold_3,10,0,ridge,remove_one_group,liquidity_concentration,96,40,"time_context,true_order_flow_imbalance,cancellation_imbalance,trade_imbalance,queue_position",0.6164816465440401,0.32118225030668673,0.16645197674892354,,,completed
fold_3,10,0,ridge,remove_one_group,snapshot_order_flow_proxy,58,0,"time_context,true_order_flow_imbalance,cancellation_imbalance,trade_imbalance,queue_position",0.6020041595764795,0.26900160486938535,0.07500629529200416,,,completed
fold_3,10,0,ridge,remove_one_group,volatility_proxy,97,40,"time_context,true_order_flow_imbalance,cancellation_imbalance,trade_imbalance,queue_position",0.6165896874915593,0.32144394294401035,0.16705660986320867,,,completed
fold_3,10,0,ridge,only_one_group,price_levels,20,0,"time_context,true_order_flow_imbalance,cancellation_imbalance,trade_imbalance,queue_position",0.6015719957864031,0.2676299690038913,0.07047623381966814,,,completed
fold_3,10,0,ridge,only_one_group,size_levels,20,0,"time_context,true_order_flow_imbalance,cancellation_imbalance,trade_imbalance,queue_position",0.5981416957026713,0.24968301972749418,0.0061471446952417325,,,completed
fold_3,10,0,ridge,only_one_group,top_of_book,4,0,"time_context,true_order_flow_imbalance,cancellation_imbalance,trade_imbalance,queue_position",0.5981146854657915,0.24950845347350156,0.0,,,completed
fold_3,10,0,ridge,only_one_group,spread,2,0,"time_context,true_order_flow_imbalance,cancellation_imbalance,trade_imbalance,queue_position",0.6004915863112119,0.26116659411129833,0.05937646928240206,,,completed
fold_3,10,0,ridge,only_one_group,midprice,1,0,"time_context,true_order_flow_imbalance,cancellation_imbalance,trade_imbalance,queue_position",0.5981146854657915,0.24950845347350156,0.0,,,completed
fold_3,10,0,ridge,only_one_group,microprice,1,0,"time_context,true_order_flow_imbalance,cancellation_imbalance,trade_imbalance,queue_position",0.5981416957026713,0.24960546937747732,0.0068867492326911955,,,completed
fold_3,10,0,ridge,only_one_group,top_of_book_imbalance,1,0,"time_context,true_order_flow_imbalance,cancellation_imbalance,trade_imbalance,queue_position",0.5981146854657915,0.24951267056530213,0.0019820070650641156,,,completed
fold_3,10,0,ridge,only_one_group,depth_imbalance,3,0,"time_context,true_order_flow_imbalance,cancellation_imbalance,trade_imbalance,queue_position",0.5981146854657915,0.24951267056530213,0.0019820070650641156,,,completed
fold_3,10,0,ridge,only_one_group,depth_slope,3,0,"time_context,true_order_flow_imbalance,cancellation_imbalance,trade_imbalance,queue_position",0.5981146854657915,0.24950845347350156,0.0,,,completed
fold_3,10,0,ridge,only_one_group,liquidity_concentration,2,0,"time_context,true_order_flow_imbalance,cancellation_imbalance,trade_imbalance,queue_position",0.5980876752289117,0.24950140283270797,-0.002990696443675049,,,completed
fold_3,10,0,ridge,only_one_group,snapshot_order_flow_proxy,40,40,"time_context,true_order_flow_imbalance,cancellation_imbalance,trade_imbalance,queue_position",0.6124031007751938,0.2996014104195848,0.15391465538650678,,,completed
fold_3,10,0,ridge,only_one_group,volatility_proxy,1,0,"time_context,true_order_flow_imbalance,cancellation_imbalance,trade_imbalance,queue_position",0.597574480728196,0.2493673953595843,-0.013378234447708926,,,completed
fold_3,10,0,ridge,raw_lob_only,raw_lob,44,0,"time_context,true_order_flow_imbalance,cancellation_imbalance,trade_imbalance,queue_position",0.6013829241282446,0.26714787304264004,0.06880804360996595,,,completed
fold_3,10,0,ridge,derived_microstructure_only,derived_microstructure,54,40,"time_context,true_order_flow_imbalance,cancellation_imbalance,trade_imbalance,queue_position",0.6139967047511007,0.3114245362658098,0.15442555996294935,,,completed
fold_3,10,0,ridge,no_proxy_features,no_proxy,58,0,"time_context,true_order_flow_imbalance,cancellation_imbalance,trade_imbalance,queue_position",0.6020041595764795,0.26900160486938535,0.07500629529200416,,,completed
fold_3,10,1,logistic,all_features,all,98,40,"time_context,true_order_flow_imbalance,cancellation_imbalance,trade_imbalance,queue_position",0.7515328309429273,0.6435260672988871,0.5434439767658835,0.0805619694707606,0.38842223666296677,completed
fold_3,10,1,logistic,remove_one_group,price_levels,78,40,"time_context,true_order_flow_imbalance,cancellation_imbalance,trade_imbalance,queue_position",0.7526132404181185,0.6454133687363637,0.5457302667956796,0.08094059860784208,0.3879418180900761,completed
fold_3,10,1,logistic,remove_one_group,size_levels,78,40,"time_context,true_order_flow_imbalance,cancellation_imbalance,trade_imbalance,queue_position",0.7520190152067634,0.6441417296787865,0.5445110600689794,0.08059930133739517,0.387902741141269,completed
fold_3,10,1,logistic,remove_one_group,top_of_book,94,40,"time_context,true_order_flow_imbalance,cancellation_imbalance,trade_imbalance,queue_position",0.7531804553925938,0.6463965098883605,0.5469227736462707,0.08123862453323243,0.387010192817845,completed
fold_3,10,1,logistic,remove_one_group,spread,96,40,"time_context,true_order_flow_imbalance,cancellation_imbalance,trade_imbalance,queue_position",0.7542068443940253,0.6478909836271515,0.5491876154636085,0.08964412444488408,0.3901580179448692,completed
fold_3,10,1,logistic,remove_one_group,midprice,97,40,"time_context,true_order_flow_imbalance,cancellation_imbalance,trade_imbalance,queue_position",0.7534775679982714,0.6470392065332701,0.5474968081005286,0.0814119256832011,0.3868563889780118,completed
fold_3,10,1,logistic,remove_one_group,microprice,97,40,"time_context,true_order_flow_imbalance,cancellation_imbalance,trade_imbalance,queue_position",0.7518299435486049,0.6441247505691785,0.5440546339845188,0.08054730592381251,0.3880501838589548,completed
fold_3,10,1,logistic,remove_one_group,top_of_book_imbalance,97,40,"time_context,true_order_flow_imbalance,cancellation_imbalance,trade_imbalance,queue_position",0.7531264349188342,0.6464191277054864,0.5466752784876094,0.08118009854740407,0.38693140343983135,completed
fold_3,10,1,logistic,remove_one_group,depth_imbalance,95,40,"time_context,true_order_flow_imbalance,cancellation_imbalance,trade_imbalance,queue_position",0.7510736569159712,0.6426606521830703,0.5425357454131279,0.08039218274954671,0.38878219612035136,completed
fold_3,10,1,logistic,remove_one_group,depth_slope,95,40,"time_context,true_order_flow_imbalance,cancellation_imbalance,trade_imbalance,queue_position",0.752316127812441,0.6449865027435822,0.5450558580909263,0.08083260875153285,0.38771206887973414,completed
fold_3,10,1,logistic,remove_one_group,liquidity_concentration,96,40,"time_context,true_order_flow_imbalance,cancellation_imbalance,trade_imbalance,queue_position",0.7530454042081949,0.6462967236284832,0.5465883171578241,0.0810383219159726,0.38693035377356116,completed
fold_3,10,1,logistic,remove_one_group,snapshot_order_flow_proxy,58,0,"time_context,true_order_flow_imbalance,cancellation_imbalance,trade_imbalance,queue_position",0.6018961186289604,0.26986573731581665,0.07498547180799886,0.02183546420486637,0.5510290583342798,completed
fold_3,10,1,logistic,remove_one_group,volatility_proxy,97,40,"time_context,true_order_flow_imbalance,cancellation_imbalance,trade_imbalance,queue_position",0.7528293223131567,0.6457738554028247,0.5461582942715676,0.0810050592646923,0.38721358031770936,completed
fold_3,10,1,logistic,only_one_group,price_levels,20,0,"time_context,true_order_flow_imbalance,cancellation_imbalance,trade_imbalance,queue_position",0.6003295248899333,0.261834576577818,0.05787668400846216,0.03201086315843159,0.5591346460492697,completed
fold_3,10,1,logistic,only_one_group,size_levels,20,0,"time_context,true_order_flow_imbalance,cancellation_imbalance,trade_imbalance,queue_position",0.5982497366501904,0.2500606176543975,0.013940700146689874,0.024799673444213948,0.5581711837105919,completed
fold_3,10,1,logistic,only_one_group,top_of_book,4,0,"time_context,true_order_flow_imbalance,cancellation_imbalance,trade_imbalance,queue_position",0.5981146854657915,0.24950845347350156,0.0,0.021175279715866552,0.5621452292443372,completed
fold_3,10,1,logistic,only_one_group,spread,2,0,"time_context,true_order_flow_imbalance,cancellation_imbalance,trade_imbalance,queue_position",0.6005726170218513,0.26248717766557467,0.06099423226474104,0.018382581081932886,0.5548036476315386,completed
fold_3,10,1,logistic,only_one_group,midprice,1,0,"time_context,true_order_flow_imbalance,cancellation_imbalance,trade_imbalance,queue_position",0.5981146854657915,0.24950845347350156,0.0,0.0300187129407986,0.5642214265929686,completed
fold_3,10,1,logistic,only_one_group,microprice,1,0,"time_context,true_order_flow_imbalance,cancellation_imbalance,trade_imbalance,queue_position",0.5981416957026713,0.24960546937747732,0.0068867492326911955,0.030141592474026493,0.564235937453611,completed
fold_3,10,1,logistic,only_one_group,top_of_book_imbalance,1,0,"time_context,true_order_flow_imbalance,cancellation_imbalance,trade_imbalance,queue_position",0.5981146854657915,0.24951267056530213,0.0019820070650641156,0.01109997330724473,0.5617268829544696,completed
fold_3,10,1,logistic,only_one_group,depth_imbalance,3,0,"time_context,true_order_flow_imbalance,cancellation_imbalance,trade_imbalance,queue_position",0.5981146854657915,0.24951688779965633,0.0027549439504615473,0.011010530284047514,0.5617437866091516,completed
fold_3,10,1,logistic,only_one_group,depth_slope,3,0,"time_context,true_order_flow_imbalance,cancellation_imbalance,trade_imbalance,queue_position",0.5981146854657915,0.24950845347350156,0.0,0.017916175791991402,0.5618261985504321,completed
fold_3,10,1,logistic,only_one_group,liquidity_concentration,2,0,"time_context,true_order_flow_imbalance,cancellation_imbalance,trade_imbalance,queue_position",0.5980876752289117,0.24950140283270797,-0.002990696443675049,0.010940788122965202,0.5618030240915234,completed
fold_3,10,1,logistic,only_one_group,snapshot_order_flow_proxy,40,40,"time_context,true_order_flow_imbalance,cancellation_imbalance,trade_imbalance,queue_position",0.7514518002322881,0.6423490983176758,0.5452147155794442,0.09440648693103446,0.38700700076914474,completed
fold_3,10,1,logistic,only_one_group,volatility_proxy,1,0,"time_context,true_order_flow_imbalance,cancellation_imbalance,trade_imbalance,queue_position",0.597574480728196,0.2493673953595843,-0.013378234447708926,0.012156670205874033,0.5620313340432865,completed
fold_3,10,1,logistic,raw_lob_only,raw_lob,44,0,"time_context,true_order_flow_imbalance,cancellation_imbalance,trade_imbalance,queue_position",0.6002214839424141,0.2631861805398801,0.05800205589100787,0.025226298571607665,0.5547520382613338,completed
fold_3,10,1,logistic,derived_microstructure_only,derived_microstructure,54,40,"time_context,true_order_flow_imbalance,cancellation_imbalance,trade_imbalance,queue_position",0.7501282986251789,0.6407058911913032,0.5406759349703165,0.07858210264312036,0.3890440320096404,completed
fold_3,10,1,logistic,no_proxy_features,no_proxy,58,0,"time_context,true_order_flow_imbalance,cancellation_imbalance,trade_imbalance,queue_position",0.6018961186289604,0.26986573731581665,0.07498547180799886,0.02183546420486637,0.5510290583342798,completed
fold_3,10,1,ridge,all_features,all,98,40,"time_context,true_order_flow_imbalance,cancellation_imbalance,trade_imbalance,queue_position",0.6164546363071605,0.3211712374180474,0.1662917346734204,,,completed
fold_3,10,1,ridge,remove_one_group,price_levels,78,40,"time_context,true_order_flow_imbalance,cancellation_imbalance,trade_imbalance,queue_position",0.6162115441752424,0.3171781246017157,0.16637632051390033,,,completed
fold_3,10,1,ridge,remove_one_group,size_levels,78,40,"time_context,true_order_flow_imbalance,cancellation_imbalance,trade_imbalance,queue_position",0.6153742268319693,0.3181361058065746,0.16069699549051572,,,completed
fold_3,10,1,ridge,remove_one_group,top_of_book,94,40,"time_context,true_order_flow_imbalance,cancellation_imbalance,trade_imbalance,queue_position",0.6164006158334009,0.3208640200343317,0.1660530295154617,,,completed
fold_3,10,1,ridge,remove_one_group,spread,96,40,"time_context,true_order_flow_imbalance,cancellation_imbalance,trade_imbalance,queue_position",0.6152661858844503,0.3195543903537608,0.15965119214189277,,,completed
fold_3,10,1,ridge,remove_one_group,midprice,97,40,"time_context,true_order_flow_imbalance,cancellation_imbalance,trade_imbalance,queue_position",0.6164546363071605,0.3210310939141326,0.16633281186701718,,,completed
fold_3,10,1,ridge,remove_one_group,microprice,97,40,"time_context,true_order_flow_imbalance,cancellation_imbalance,trade_imbalance,queue_position",0.6165086567809199,0.32134200953882525,0.16656161763257848,,,completed
fold_3,10,1,ridge,remove_one_group,top_of_book_imbalance,97,40,"time_context,true_order_flow_imbalance,cancellation_imbalance,trade_imbalance,queue_position",0.6164546363071605,0.3211712374180474,0.1662917346734204,,,completed
fold_3,10,1,ridge,remove_one_group,depth_imbalance,95,40,"time_context,true_order_flow_imbalance,cancellation_imbalance,trade_imbalance,queue_position",0.6165086567809199,0.3212676467574432,0.16658691571584763,,,completed
fold_3,10,1,ridge,remove_one_group,depth_slope,95,40,"time_context,true_order_flow_imbalance,cancellation_imbalance,trade_imbalance,queue_position",0.6164546363071605,0.3211712374180474,0.1662917346734204,,,completed
fold_3,10,1,ridge,remove_one_group,liquidity_concentration,96,40,"time_context,true_order_flow_imbalance,cancellation_imbalance,trade_imbalance,queue_position",0.6164816465440401,0.32118225030668673,0.16645197674892354,,,completed
fold_3,10,1,ridge,remove_one_group,snapshot_order_flow_proxy,58,0,"time_context,true_order_flow_imbalance,cancellation_imbalance,trade_imbalance,queue_position",0.6020041595764795,0.26900160486938535,0.07500629529200416,,,completed
fold_3,10,1,ridge,remove_one_group,volatility_proxy,97,40,"time_context,true_order_flow_imbalance,cancellation_imbalance,trade_imbalance,queue_position",0.6165896874915593,0.32144394294401035,0.16705660986320867,,,completed
fold_3,10,1,ridge,only_one_group,price_levels,20,0,"time_context,true_order_flow_imbalance,cancellation_imbalance,trade_imbalance,queue_position",0.6015719957864031,0.2676299690038913,0.07047623381966814,,,completed
fold_3,10,1,ridge,only_one_group,size_levels,20,0,"time_context,true_order_flow_imbalance,cancellation_imbalance,trade_imbalance,queue_position",0.5981416957026713,0.24968301972749418,0.0061471446952417325,,,completed
fold_3,10,1,ridge,only_one_group,top_of_book,4,0,"time_context,true_order_flow_imbalance,cancellation_imbalance,trade_imbalance,queue_position",0.5981146854657915,0.24950845347350156,0.0,,,completed
fold_3,10,1,ridge,only_one_group,spread,2,0,"time_context,true_order_flow_imbalance,cancellation_imbalance,trade_imbalance,queue_position",0.6004915863112119,0.26116659411129833,0.05937646928240206,,,completed
fold_3,10,1,ridge,only_one_group,midprice,1,0,"time_context,true_order_flow_imbalance,cancellation_imbalance,trade_imbalance,queue_position",0.5981146854657915,0.24950845347350156,0.0,,,completed
fold_3,10,1,ridge,only_one_group,microprice,1,0,"time_context,true_order_flow_imbalance,cancellation_imbalance,trade_imbalance,queue_position",0.5981416957026713,0.24960546937747732,0.0068867492326911955,,,completed
fold_3,10,1,ridge,only_one_group,top_of_book_imbalance,1,0,"time_context,true_order_flow_imbalance,cancellation_imbalance,trade_imbalance,queue_position",0.5981146854657915,0.24951267056530213,0.0019820070650641156,,,completed
fold_3,10,1,ridge,only_one_group,depth_imbalance,3,0,"time_context,true_order_flow_imbalance,cancellation_imbalance,trade_imbalance,queue_position",0.5981146854657915,0.24951267056530213,0.0019820070650641156,,,completed
fold_3,10,1,ridge,only_one_group,depth_slope,3,0,"time_context,true_order_flow_imbalance,cancellation_imbalance,trade_imbalance,queue_position",0.5981146854657915,0.24950845347350156,0.0,,,completed
fold_3,10,1,ridge,only_one_group,liquidity_concentration,2,0,"time_context,true_order_flow_imbalance,cancellation_imbalance,trade_imbalance,queue_position",0.5980876752289117,0.24950140283270797,-0.002990696443675049,,,completed
fold_3,10,1,ridge,only_one_group,snapshot_order_flow_proxy,40,40,"time_context,true_order_flow_imbalance,cancellation_imbalance,trade_imbalance,queue_position",0.6124031007751938,0.2996014104195848,0.15391465538650678,,,completed
fold_3,10,1,ridge,only_one_group,volatility_proxy,1,0,"time_context,true_order_flow_imbalance,cancellation_imbalance,trade_imbalance,queue_position",0.597574480728196,0.2493673953595843,-0.013378234447708926,,,completed
fold_3,10,1,ridge,raw_lob_only,raw_lob,44,0,"time_context,true_order_flow_imbalance,cancellation_imbalance,trade_imbalance,queue_position",0.6013829241282446,0.26714787304264004,0.06880804360996595,,,completed
fold_3,10,1,ridge,derived_microstructure_only,derived_microstructure,54,40,"time_context,true_order_flow_imbalance,cancellation_imbalance,trade_imbalance,queue_position",0.6139967047511007,0.3114245362658098,0.15442555996294935,,,completed
fold_3,10,1,ridge,no_proxy_features,no_proxy,58,0,"time_context,true_order_flow_imbalance,cancellation_imbalance,trade_imbalance,queue_position",0.6020041595764795,0.26900160486938535,0.07500629529200416,,,completed
fold_3,10,2,logistic,all_features,all,98,40,"time_context,true_order_flow_imbalance,cancellation_imbalance,trade_imbalance,queue_position",0.7515328309429273,0.6435260672988871,0.5434439767658835,0.0805619694707606,0.38842223666296677,completed
fold_3,10,2,logistic,remove_one_group,price_levels,78,40,"time_context,true_order_flow_imbalance,cancellation_imbalance,trade_imbalance,queue_position",0.7526132404181185,0.6454133687363637,0.5457302667956796,0.08094059860784208,0.3879418180900761,completed
fold_3,10,2,logistic,remove_one_group,size_levels,78,40,"time_context,true_order_flow_imbalance,cancellation_imbalance,trade_imbalance,queue_position",0.7520190152067634,0.6441417296787865,0.5445110600689794,0.08059930133739517,0.387902741141269,completed
fold_3,10,2,logistic,remove_one_group,top_of_book,94,40,"time_context,true_order_flow_imbalance,cancellation_imbalance,trade_imbalance,queue_position",0.7531804553925938,0.6463965098883605,0.5469227736462707,0.08123862453323243,0.387010192817845,completed
fold_3,10,2,logistic,remove_one_group,spread,96,40,"time_context,true_order_flow_imbalance,cancellation_imbalance,trade_imbalance,queue_position",0.7542068443940253,0.6478909836271515,0.5491876154636085,0.08964412444488408,0.3901580179448692,completed
fold_3,10,2,logistic,remove_one_group,midprice,97,40,"time_context,true_order_flow_imbalance,cancellation_imbalance,trade_imbalance,queue_position",0.7534775679982714,0.6470392065332701,0.5474968081005286,0.0814119256832011,0.3868563889780118,completed
fold_3,10,2,logistic,remove_one_group,microprice,97,40,"time_context,true_order_flow_imbalance,cancellation_imbalance,trade_imbalance,queue_position",0.7518299435486049,0.6441247505691785,0.5440546339845188,0.08054730592381251,0.3880501838589548,completed
fold_3,10,2,logistic,remove_one_group,top_of_book_imbalance,97,40,"time_context,true_order_flow_imbalance,cancellation_imbalance,trade_imbalance,queue_position",0.7531264349188342,0.6464191277054864,0.5466752784876094,0.08118009854740407,0.38693140343983135,completed
fold_3,10,2,logistic,remove_one_group,depth_imbalance,95,40,"time_context,true_order_flow_imbalance,cancellation_imbalance,trade_imbalance,queue_position",0.7510736569159712,0.6426606521830703,0.5425357454131279,0.08039218274954671,0.38878219612035136,completed
fold_3,10,2,logistic,remove_one_group,depth_slope,95,40,"time_context,true_order_flow_imbalance,cancellation_imbalance,trade_imbalance,queue_position",0.752316127812441,0.6449865027435822,0.5450558580909263,0.08083260875153285,0.38771206887973414,completed
fold_3,10,2,logistic,remove_one_group,liquidity_concentration,96,40,"time_context,true_order_flow_imbalance,cancellation_imbalance,trade_imbalance,queue_position",0.7530454042081949,0.6462967236284832,0.5465883171578241,0.0810383219159726,0.38693035377356116,completed
fold_3,10,2,logistic,remove_one_group,snapshot_order_flow_proxy,58,0,"time_context,true_order_flow_imbalance,cancellation_imbalance,trade_imbalance,queue_position",0.6018961186289604,0.26986573731581665,0.07498547180799886,0.02183546420486637,0.5510290583342798,completed
fold_3,10,2,logistic,remove_one_group,volatility_proxy,97,40,"time_context,true_order_flow_imbalance,cancellation_imbalance,trade_imbalance,queue_position",0.7528293223131567,0.6457738554028247,0.5461582942715676,0.0810050592646923,0.38721358031770936,completed
fold_3,10,2,logistic,only_one_group,price_levels,20,0,"time_context,true_order_flow_imbalance,cancellation_imbalance,trade_imbalance,queue_position",0.6003295248899333,0.261834576577818,0.05787668400846216,0.03201086315843159,0.5591346460492697,completed
fold_3,10,2,logistic,only_one_group,size_levels,20,0,"time_context,true_order_flow_imbalance,cancellation_imbalance,trade_imbalance,queue_position",0.5982497366501904,0.2500606176543975,0.013940700146689874,0.024799673444213948,0.5581711837105919,completed
fold_3,10,2,logistic,only_one_group,top_of_book,4,0,"time_context,true_order_flow_imbalance,cancellation_imbalance,trade_imbalance,queue_position",0.5981146854657915,0.24950845347350156,0.0,0.021175279715866552,0.5621452292443372,completed
fold_3,10,2,logistic,only_one_group,spread,2,0,"time_context,true_order_flow_imbalance,cancellation_imbalance,trade_imbalance,queue_position",0.6005726170218513,0.26248717766557467,0.06099423226474104,0.018382581081932886,0.5548036476315386,completed
fold_3,10,2,logistic,only_one_group,midprice,1,0,"time_context,true_order_flow_imbalance,cancellation_imbalance,trade_imbalance,queue_position",0.5981146854657915,0.24950845347350156,0.0,0.0300187129407986,0.5642214265929686,completed
fold_3,10,2,logistic,only_one_group,microprice,1,0,"time_context,true_order_flow_imbalance,cancellation_imbalance,trade_imbalance,queue_position",0.5981416957026713,0.24960546937747732,0.0068867492326911955,0.030141592474026493,0.564235937453611,completed
fold_3,10,2,logistic,only_one_group,top_of_book_imbalance,1,0,"time_context,true_order_flow_imbalance,cancellation_imbalance,trade_imbalance,queue_position",0.5981146854657915,0.24951267056530213,0.0019820070650641156,0.01109997330724473,0.5617268829544696,completed
fold_3,10,2,logistic,only_one_group,depth_imbalance,3,0,"time_context,true_order_flow_imbalance,cancellation_imbalance,trade_imbalance,queue_position",0.5981146854657915,0.24951688779965633,0.0027549439504615473,0.011010530284047514,0.5617437866091516,completed
fold_3,10,2,logistic,only_one_group,depth_slope,3,0,"time_context,true_order_flow_imbalance,cancellation_imbalance,trade_imbalance,queue_position",0.5981146854657915,0.24950845347350156,0.0,0.017916175791991402,0.5618261985504321,completed
fold_3,10,2,logistic,only_one_group,liquidity_concentration,2,0,"time_context,true_order_flow_imbalance,cancellation_imbalance,trade_imbalance,queue_position",0.5980876752289117,0.24950140283270797,-0.002990696443675049,0.010940788122965202,0.5618030240915234,completed
fold_3,10,2,logistic,only_one_group,snapshot_order_flow_proxy,40,40,"time_context,true_order_flow_imbalance,cancellation_imbalance,trade_imbalance,queue_position",0.7514518002322881,0.6423490983176758,0.5452147155794442,0.09440648693103446,0.38700700076914474,completed
fold_3,10,2,logistic,only_one_group,volatility_proxy,1,0,"time_context,true_order_flow_imbalance,cancellation_imbalance,trade_imbalance,queue_position",0.597574480728196,0.2493673953595843,-0.013378234447708926,0.012156670205874033,0.5620313340432865,completed
fold_3,10,2,logistic,raw_lob_only,raw_lob,44,0,"time_context,true_order_flow_imbalance,cancellation_imbalance,trade_imbalance,queue_position",0.6002214839424141,0.2631861805398801,0.05800205589100787,0.025226298571607665,0.5547520382613338,completed
fold_3,10,2,logistic,derived_microstructure_only,derived_microstructure,54,40,"time_context,true_order_flow_imbalance,cancellation_imbalance,trade_imbalance,queue_position",0.7501282986251789,0.6407058911913032,0.5406759349703165,0.07858210264312036,0.3890440320096404,completed
fold_3,10,2,logistic,no_proxy_features,no_proxy,58,0,"time_context,true_order_flow_imbalance,cancellation_imbalance,trade_imbalance,queue_position",0.6018961186289604,0.26986573731581665,0.07498547180799886,0.02183546420486637,0.5510290583342798,completed
fold_3,10,2,ridge,all_features,all,98,40,"time_context,true_order_flow_imbalance,cancellation_imbalance,trade_imbalance,queue_position",0.6164546363071605,0.3211712374180474,0.1662917346734204,,,completed
fold_3,10,2,ridge,remove_one_group,price_levels,78,40,"time_context,true_order_flow_imbalance,cancellation_imbalance,trade_imbalance,queue_position",0.6162115441752424,0.3171781246017157,0.16637632051390033,,,completed
fold_3,10,2,ridge,remove_one_group,size_levels,78,40,"time_context,true_order_flow_imbalance,cancellation_imbalance,trade_imbalance,queue_position",0.6153742268319693,0.3181361058065746,0.16069699549051572,,,completed
fold_3,10,2,ridge,remove_one_group,top_of_book,94,40,"time_context,true_order_flow_imbalance,cancellation_imbalance,trade_imbalance,queue_position",0.6164006158334009,0.3208640200343317,0.1660530295154617,,,completed
fold_3,10,2,ridge,remove_one_group,spread,96,40,"time_context,true_order_flow_imbalance,cancellation_imbalance,trade_imbalance,queue_position",0.6152661858844503,0.3195543903537608,0.15965119214189277,,,completed
fold_3,10,2,ridge,remove_one_group,midprice,97,40,"time_context,true_order_flow_imbalance,cancellation_imbalance,trade_imbalance,queue_position",0.6164546363071605,0.3210310939141326,0.16633281186701718,,,completed
fold_3,10,2,ridge,remove_one_group,microprice,97,40,"time_context,true_order_flow_imbalance,cancellation_imbalance,trade_imbalance,queue_position",0.6165086567809199,0.32134200953882525,0.16656161763257848,,,completed
fold_3,10,2,ridge,remove_one_group,top_of_book_imbalance,97,40,"time_context,true_order_flow_imbalance,cancellation_imbalance,trade_imbalance,queue_position",0.6164546363071605,0.3211712374180474,0.1662917346734204,,,completed
fold_3,10,2,ridge,remove_one_group,depth_imbalance,95,40,"time_context,true_order_flow_imbalance,cancellation_imbalance,trade_imbalance,queue_position",0.6165086567809199,0.3212676467574432,0.16658691571584763,,,completed
fold_3,10,2,ridge,remove_one_group,depth_slope,95,40,"time_context,true_order_flow_imbalance,cancellation_imbalance,trade_imbalance,queue_position",0.6164546363071605,0.3211712374180474,0.1662917346734204,,,completed
fold_3,10,2,ridge,remove_one_group,liquidity_concentration,96,40,"time_context,true_order_flow_imbalance,cancellation_imbalance,trade_imbalance,queue_position",0.6164816465440401,0.32118225030668673,0.16645197674892354,,,completed
fold_3,10,2,ridge,remove_one_group,snapshot_order_flow_proxy,58,0,"time_context,true_order_flow_imbalance,cancellation_imbalance,trade_imbalance,queue_position",0.6020041595764795,0.26900160486938535,0.07500629529200416,,,completed
fold_3,10,2,ridge,remove_one_group,volatility_proxy,97,40,"time_context,true_order_flow_imbalance,cancellation_imbalance,trade_imbalance,queue_position",0.6165896874915593,0.32144394294401035,0.16705660986320867,,,completed
fold_3,10,2,ridge,only_one_group,price_levels,20,0,"time_context,true_order_flow_imbalance,cancellation_imbalance,trade_imbalance,queue_position",0.6015719957864031,0.2676299690038913,0.07047623381966814,,,completed
fold_3,10,2,ridge,only_one_group,size_levels,20,0,"time_context,true_order_flow_imbalance,cancellation_imbalance,trade_imbalance,queue_position",0.5981416957026713,0.24968301972749418,0.0061471446952417325,,,completed
fold_3,10,2,ridge,only_one_group,top_of_book,4,0,"time_context,true_order_flow_imbalance,cancellation_imbalance,trade_imbalance,queue_position",0.5981146854657915,0.24950845347350156,0.0,,,completed
fold_3,10,2,ridge,only_one_group,spread,2,0,"time_context,true_order_flow_imbalance,cancellation_imbalance,trade_imbalance,queue_position",0.6004915863112119,0.26116659411129833,0.05937646928240206,,,completed
fold_3,10,2,ridge,only_one_group,midprice,1,0,"time_context,true_order_flow_imbalance,cancellation_imbalance,trade_imbalance,queue_position",0.5981146854657915,0.24950845347350156,0.0,,,completed
fold_3,10,2,ridge,only_one_group,microprice,1,0,"time_context,true_order_flow_imbalance,cancellation_imbalance,trade_imbalance,queue_position",0.5981416957026713,0.24960546937747732,0.0068867492326911955,,,completed
fold_3,10,2,ridge,only_one_group,top_of_book_imbalance,1,0,"time_context,true_order_flow_imbalance,cancellation_imbalance,trade_imbalance,queue_position",0.5981146854657915,0.24951267056530213,0.0019820070650641156,,,completed
fold_3,10,2,ridge,only_one_group,depth_imbalance,3,0,"time_context,true_order_flow_imbalance,cancellation_imbalance,trade_imbalance,queue_position",0.5981146854657915,0.24951267056530213,0.0019820070650641156,,,completed
fold_3,10,2,ridge,only_one_group,depth_slope,3,0,"time_context,true_order_flow_imbalance,cancellation_imbalance,trade_imbalance,queue_position",0.5981146854657915,0.24950845347350156,0.0,,,completed
fold_3,10,2,ridge,only_one_group,liquidity_concentration,2,0,"time_context,true_order_flow_imbalance,cancellation_imbalance,trade_imbalance,queue_position",0.5980876752289117,0.24950140283270797,-0.002990696443675049,,,completed
fold_3,10,2,ridge,only_one_group,snapshot_order_flow_proxy,40,40,"time_context,true_order_flow_imbalance,cancellation_imbalance,trade_imbalance,queue_position",0.6124031007751938,0.2996014104195848,0.15391465538650678,,,completed
fold_3,10,2,ridge,only_one_group,volatility_proxy,1,0,"time_context,true_order_flow_imbalance,cancellation_imbalance,trade_imbalance,queue_position",0.597574480728196,0.2493673953595843,-0.013378234447708926,,,completed
fold_3,10,2,ridge,raw_lob_only,raw_lob,44,0,"time_context,true_order_flow_imbalance,cancellation_imbalance,trade_imbalance,queue_position",0.6013829241282446,0.26714787304264004,0.06880804360996595,,,completed
fold_3,10,2,ridge,derived_microstructure_only,derived_microstructure,54,40,"time_context,true_order_flow_imbalance,cancellation_imbalance,trade_imbalance,queue_position",0.6139967047511007,0.3114245362658098,0.15442555996294935,,,completed
fold_3,10,2,ridge,no_proxy_features,no_proxy,58,0,"time_context,true_order_flow_imbalance,cancellation_imbalance,trade_imbalance,queue_position",0.6020041595764795,0.26900160486938535,0.07500629529200416,,,completed
fold_4,10,0,logistic,all_features,all,98,40,"time_context,true_order_flow_imbalance,cancellation_imbalance,trade_imbalance,queue_position",0.7826649417852523,0.7115743622792731,0.6161629112417385,0.09606444682221264,0.36230009826820814,completed
fold_4,10,0,logistic,remove_one_group,price_levels,78,40,"time_context,true_order_flow_imbalance,cancellation_imbalance,trade_imbalance,queue_position",0.7826361937616789,0.7117110946663026,0.6160868209711305,0.09745943882909046,0.36322289863146673,completed
fold_4,10,0,logistic,remove_one_group,size_levels,78,40,"time_context,true_order_flow_imbalance,cancellation_imbalance,trade_imbalance,queue_position",0.7824637056202386,0.7109421019601411,0.6160518481881617,0.09876645377067293,0.3635828970663484,completed
fold_4,10,0,logistic,remove_one_group,top_of_book,94,40,"time_context,true_order_flow_imbalance,cancellation_imbalance,trade_imbalance,queue_position",0.7822337214316516,0.7110178564602082,0.6153099779243926,0.09728736398420339,0.36270876287170806,completed
fold_4,10,0,logistic,remove_one_group,spread,96,40,"time_context,true_order_flow_imbalance,cancellation_imbalance,trade_imbalance,queue_position",0.7810550524651431,0.7079939280545039,0.6139963862597525,0.09623341876053201,0.36433289865250473,completed
fold_4,10,0,logistic,remove_one_group,midprice,97,40,"time_context,true_order_flow_imbalance,cancellation_imbalance,trade_imbalance,queue_position",0.7817737530544775,0.7101687559014431,0.6143858392637873,0.09649025867698006,0.3629250429844208,completed
fold_4,10,0,logistic,remove_one_group,microprice,97,40,"time_context,true_order_flow_imbalance,cancellation_imbalance,trade_imbalance,queue_position",0.7830386660917062,0.712245536237674,0.6168629938487237,0.09603809640087031,0.3621641474069834,completed
fold_4,10,0,logistic,remove_one_group,top_of_book_imbalance,97,40,"time_context,true_order_flow_imbalance,cancellation_imbalance,trade_imbalance,queue_position",0.7835273824924537,0.7129100329604076,0.6177878748966207,0.0962336785627912,0.3616939914083836,completed
fold_4,10,0,logistic,remove_one_group,depth_imbalance,95,40,"time_context,true_order_flow_imbalance,cancellation_imbalance,trade_imbalance,queue_position",0.7822624694552249,0.7109668640289181,0.6153498927020072,0.09551342334473896,0.3624757711051027,completed
fold_4,10,0,logistic,remove_one_group,depth_slope,95,40,"time_context,true_order_flow_imbalance,cancellation_imbalance,trade_imbalance,queue_position",0.7825786977145321,0.7115363946800928,0.6159836924742822,0.09707694198763023,0.3624626294972038,completed
fold_4,10,0,logistic,remove_one_group,liquidity_concentration,96,40,"time_context,true_order_flow_imbalance,cancellation_imbalance,trade_imbalance,queue_position",0.7819462411959178,0.71047719677196,0.6147695112270797,0.09599360778491975,0.36286798364868605,completed
fold_4,10,0,logistic,remove_one_group,snapshot_order_flow_proxy,58,0,"time_context,true_order_flow_imbalance,cancellation_imbalance,trade_imbalance,queue_position",0.5881558142877678,0.2754846740653229,0.08479477100658234,0.008616281033101924,0.5535626053861898,completed
fold_4,10,0,logistic,remove_one_group,volatility_proxy,97,40,"time_context,true_order_flow_imbalance,cancellation_imbalance,trade_imbalance,queue_position",0.7824349575966653,0.7113132592759261,0.6157333508023165,0.09724969948166651,0.36252938969085574,completed
fold_4,10,0,logistic,only_one_group,price_levels,20,0,"time_context,true_order_flow_imbalance,cancellation_imbalance,trade_imbalance,queue_position",0.5844473192468018,0.2547337577390755,0.04371610411995359,0.013454930965220095,0.5646368231764849,completed
fold_4,10,0,logistic,only_one_group,size_levels,20,0,"time_context,true_order_flow_imbalance,cancellation_imbalance,trade_imbalance,queue_position",0.5832686502802932,0.24622810159650585,0.015447794349695136,0.010889071424936884,0.564968818689337,completed
fold_4,10,0,logistic,only_one_group,top_of_book,4,0,"time_context,true_order_flow_imbalance,cancellation_imbalance,trade_imbalance,queue_position",0.583096162138853,0.24555095518268322,0.0,0.01000609487269815,0.5703569266923966,completed
fold_4,10,0,logistic,only_one_group,spread,2,0,"time_context,true_order_flow_imbalance,cancellation_imbalance,trade_imbalance,queue_position",0.5870346413684059,0.2646011872297607,0.0729645642366776,0.02131081679173421,0.5621710525073776,completed
fold_4,10,0,logistic,only_one_group,midprice,1,0,"time_context,true_order_flow_imbalance,cancellation_imbalance,trade_imbalance,queue_position",0.583096162138853,0.24555095518268322,0.0,0.006720333400499934,0.5729729763384165,completed
fold_4,10,0,logistic,only_one_group,microprice,1,0,"time_context,true_order_flow_imbalance,cancellation_imbalance,trade_imbalance,queue_position",0.583096162138853,0.2455554143134727,0.0018794641207312524,0.007230818699671163,0.5728510231705147,completed
fold_4,10,0,logistic,only_one_group,top_of_book_imbalance,1,0,"time_context,true_order_flow_imbalance,cancellation_imbalance,trade_imbalance,queue_position",0.583096162138853,0.24555095518268322,0.0,0.020320897643672977,0.5737074948604007,completed
fold_4,10,0,logistic,only_one_group,depth_imbalance,3,0,"time_context,true_order_flow_imbalance,cancellation_imbalance,trade_imbalance,queue_position",0.583096162138853,0.24555095518268322,0.0,0.020280618832702005,0.5737099589240353,completed
fold_4,10,0,logistic,only_one_group,depth_slope,3,0,"time_context,true_order_flow_imbalance,cancellation_imbalance,trade_imbalance,queue_position",0.583096162138853,0.24555095518268322,0.0,0.02326400773114482,0.5734869963895945,completed
fold_4,10,0,logistic,only_one_group,liquidity_concentration,2,0,"time_context,true_order_flow_imbalance,cancellation_imbalance,trade_imbalance,queue_position",0.583096162138853,0.24555095518268322,0.0,0.02045034814657428,0.5737141727081838,completed
fold_4,10,0,logistic,only_one_group,snapshot_order_flow_proxy,40,40,"time_context,true_order_flow_imbalance,cancellation_imbalance,trade_imbalance,queue_position",0.777490297542044,0.7003438739167555,0.6089658583199479,0.09075690251805621,0.36711766845426264,completed
fold_4,10,0,logistic,only_one_group,volatility_proxy,1,0,"time_context,true_order_flow_imbalance,cancellation_imbalance,trade_imbalance,queue_position",0.5822049734080782,0.24551197407557415,-0.012708305448015933,0.02149173832873967,0.574143207347705,completed
fold_4,10,0,logistic,raw_lob_only,raw_lob,44,0,"time_context,true_order_flow_imbalance,cancellation_imbalance,trade_imbalance,queue_position",0.5844185712232284,0.2554655483155281,0.04454496305952726,0.020328931106312065,0.5583270377298535,completed
fold_4,10,0,logistic,derived_microstructure_only,derived_microstructure,54,40,"time_context,true_order_flow_imbalance,cancellation_imbalance,trade_imbalance,queue_position",0.7850510277418428,0.715067895085121,0.6208738411245488,0.10284720272239084,0.3640380202130759,completed
fold_4,10,0,logistic,no_proxy_features,no_proxy,58,0,"time_context,true_order_flow_imbalance,cancellation_imbalance,trade_imbalance,queue_position",0.5881558142877678,0.2754846740653229,0.08479477100658234,0.008616281033101924,0.5535626053861898,completed
fold_4,10,0,ridge,all_features,all,98,40,"time_context,true_order_flow_imbalance,cancellation_imbalance,trade_imbalance,queue_position",0.610608020698577,0.3485998088028674,0.1968342840611523,,,completed
fold_4,10,0,ridge,remove_one_group,price_levels,78,40,"time_context,true_order_flow_imbalance,cancellation_imbalance,trade_imbalance,queue_position",0.6099468161563892,0.34500843752759436,0.19485708003119015,,,completed
fold_4,10,0,ridge,remove_one_group,size_levels,78,40,"time_context,true_order_flow_imbalance,cancellation_imbalance,trade_imbalance,queue_position",0.6094293517320685,0.34483002311890393,0.19234878734487593,,,completed
fold_4,10,0,ridge,remove_one_group,top_of_book,94,40,"time_context,true_order_flow_imbalance,cancellation_imbalance,trade_imbalance,queue_position",0.6104642805807101,0.34826167249074896,0.19624882557700687,,,completed
fold_4,10,0,ridge,remove_one_group,spread,96,40,"time_context,true_order_flow_imbalance,cancellation_imbalance,trade_imbalance,queue_position",0.6057783527382492,0.3306453721910956,0.17969110312035966,,,completed
fold_4,10,0,ridge,remove_one_group,midprice,97,40,"time_context,true_order_flow_imbalance,cancellation_imbalance,trade_imbalance,queue_position",0.6105505246514302,0.34850654261271585,0.19659820993035548,,,completed
fold_4,10,0,ridge,remove_one_group,microprice,97,40,"time_context,true_order_flow_imbalance,cancellation_imbalance,trade_imbalance,queue_position",0.610608020698577,0.34860129925683697,0.19684249868022888,,,completed
fold_4,10,0,ridge,remove_one_group,top_of_book_imbalance,97,40,"time_context,true_order_flow_imbalance,cancellation_imbalance,trade_imbalance,queue_position",0.610608020698577,0.3485998088028674,0.1968342840611523,,,completed
fold_4,10,0,ridge,remove_one_group,depth_imbalance,95,40,"time_context,true_order_flow_imbalance,cancellation_imbalance,trade_imbalance,queue_position",0.6106655167457238,0.34876194854499515,0.19706141926413798,,,completed
fold_4,10,0,ridge,remove_one_group,depth_slope,95,40,"time_context,true_order_flow_imbalance,cancellation_imbalance,trade_imbalance,queue_position",0.610608020698577,0.3485998088028674,0.1968342840611523,,,completed
fold_4,10,0,ridge,remove_one_group,liquidity_concentration,96,40,"time_context,true_order_flow_imbalance,cancellation_imbalance,trade_imbalance,queue_position",0.610608020698577,0.3485998088028674,0.1968342840611523,,,completed
fold_4,10,0,ridge,remove_one_group,snapshot_order_flow_proxy,58,0,"time_context,true_order_flow_imbalance,cancellation_imbalance,trade_imbalance,queue_position",0.5888457668535289,0.2757289820937351,0.08834395986470873,,,completed
fold_4,10,0,ridge,remove_one_group,volatility_proxy,97,40,"time_context,true_order_flow_imbalance,cancellation_imbalance,trade_imbalance,queue_position",0.6107517608164439,0.34847008930902273,0.19755791794266275,,,completed
fold_4,10,0,ridge,only_one_group,price_levels,20,0,"time_context,true_order_flow_imbalance,cancellation_imbalance,trade_imbalance,queue_position",0.5857122322840305,0.2591499749778992,0.05881829605318235,,,completed
fold_4,10,0,ridge,only_one_group,size_levels,20,0,"time_context,true_order_flow_imbalance,cancellation_imbalance,trade_imbalance,queue_position",0.5831824062095731,0.24584530311588057,0.011271727728505505,,,completed
fold_4,10,0,ridge,only_one_group,top_of_book,4,0,"time_context,true_order_flow_imbalance,cancellation_imbalance,trade_imbalance,queue_position",0.583096162138853,0.24555095518268322,0.0,,,completed
fold_4,10,0,ridge,only_one_group,spread,2,0,"time_context,true_order_flow_imbalance,cancellation_imbalance,trade_imbalance,queue_position",0.5870058933448326,0.26451244307287664,0.07272222917335408,,,completed
fold_4,10,0,ridge,only_one_group,midprice,1,0,"time_context,true_order_flow_imbalance,cancellation_imbalance,trade_imbalance,queue_position",0.583096162138853,0.24555095518268322,0.0,,,completed
fold_4,10,0,ridge,only_one_group,microprice,1,0,"time_context,true_order_flow_imbalance,cancellation_imbalance,trade_imbalance,queue_position",0.583096162138853,0.2455554143134727,0.0018794641207312524,,,completed
fold_4,10,0,ridge,only_one_group,top_of_book_imbalance,1,0,"time_context,true_order_flow_imbalance,cancellation_imbalance,trade_imbalance,queue_position",0.583096162138853,0.24555095518268322,0.0,,,completed
fold_4,10,0,ridge,only_one_group,depth_imbalance,3,0,"time_context,true_order_flow_imbalance,cancellation_imbalance,trade_imbalance,queue_position",0.583096162138853,0.24555095518268322,0.0,,,completed
fold_4,10,0,ridge,only_one_group,depth_slope,3,0,"time_context,true_order_flow_imbalance,cancellation_imbalance,trade_imbalance,queue_position",0.583096162138853,0.24555095518268322,0.0,,,completed
fold_4,10,0,ridge,only_one_group,liquidity_concentration,2,0,"time_context,true_order_flow_imbalance,cancellation_imbalance,trade_imbalance,queue_position",0.583096162138853,0.24555095518268322,0.0,,,completed
fold_4,10,0,ridge,only_one_group,snapshot_order_flow_proxy,40,40,"time_context,true_order_flow_imbalance,cancellation_imbalance,trade_imbalance,queue_position",0.6033922667816588,0.3144315012008587,0.1777599504048135,,,completed
fold_4,10,0,ridge,only_one_group,volatility_proxy,1,0,"time_context,true_order_flow_imbalance,cancellation_imbalance,trade_imbalance,queue_position",0.5822049734080782,0.24551197407557415,-0.012708305448015933,,,completed
fold_4,10,0,ridge,raw_lob_only,raw_lob,44,0,"time_context,true_order_flow_imbalance,cancellation_imbalance,trade_imbalance,queue_position",0.5857122322840305,0.2594209814423411,0.0589224750661326,,,completed
fold_4,10,0,ridge,derived_microstructure_only,derived_microstructure,54,40,"time_context,true_order_flow_imbalance,cancellation_imbalance,trade_imbalance,queue_position",0.6082219347419865,0.3395155010839766,0.1882076811397769,,,completed
fold_4,10,0,ridge,no_proxy_features,no_proxy,58,0,"time_context,true_order_flow_imbalance,cancellation_imbalance,trade_imbalance,queue_position",0.5888457668535289,0.2757289820937351,0.08834395986470873,,,completed
fold_4,10,1,logistic,all_features,all,98,40,"time_context,true_order_flow_imbalance,cancellation_imbalance,trade_imbalance,queue_position",0.7826649417852523,0.7115743622792731,0.6161629112417385,0.09606444682221264,0.36230009826820814,completed
fold_4,10,1,logistic,remove_one_group,price_levels,78,40,"time_context,true_order_flow_imbalance,cancellation_imbalance,trade_imbalance,queue_position",0.7826361937616789,0.7117110946663026,0.6160868209711305,0.09745943882909046,0.36322289863146673,completed
fold_4,10,1,logistic,remove_one_group,size_levels,78,40,"time_context,true_order_flow_imbalance,cancellation_imbalance,trade_imbalance,queue_position",0.7824637056202386,0.7109421019601411,0.6160518481881617,0.09876645377067293,0.3635828970663484,completed
fold_4,10,1,logistic,remove_one_group,top_of_book,94,40,"time_context,true_order_flow_imbalance,cancellation_imbalance,trade_imbalance,queue_position",0.7822337214316516,0.7110178564602082,0.6153099779243926,0.09728736398420339,0.36270876287170806,completed
fold_4,10,1,logistic,remove_one_group,spread,96,40,"time_context,true_order_flow_imbalance,cancellation_imbalance,trade_imbalance,queue_position",0.7810550524651431,0.7079939280545039,0.6139963862597525,0.09623341876053201,0.36433289865250473,completed
fold_4,10,1,logistic,remove_one_group,midprice,97,40,"time_context,true_order_flow_imbalance,cancellation_imbalance,trade_imbalance,queue_position",0.7817737530544775,0.7101687559014431,0.6143858392637873,0.09649025867698006,0.3629250429844208,completed
fold_4,10,1,logistic,remove_one_group,microprice,97,40,"time_context,true_order_flow_imbalance,cancellation_imbalance,trade_imbalance,queue_position",0.7830386660917062,0.712245536237674,0.6168629938487237,0.09603809640087031,0.3621641474069834,completed
fold_4,10,1,logistic,remove_one_group,top_of_book_imbalance,97,40,"time_context,true_order_flow_imbalance,cancellation_imbalance,trade_imbalance,queue_position",0.7835273824924537,0.7129100329604076,0.6177878748966207,0.0962336785627912,0.3616939914083836,completed
fold_4,10,1,logistic,remove_one_group,depth_imbalance,95,40,"time_context,true_order_flow_imbalance,cancellation_imbalance,trade_imbalance,queue_position",0.7822624694552249,0.7109668640289181,0.6153498927020072,0.09551342334473896,0.3624757711051027,completed
fold_4,10,1,logistic,remove_one_group,depth_slope,95,40,"time_context,true_order_flow_imbalance,cancellation_imbalance,trade_imbalance,queue_position",0.7825786977145321,0.7115363946800928,0.6159836924742822,0.09707694198763023,0.3624626294972038,completed
fold_4,10,1,logistic,remove_one_group,liquidity_concentration,96,40,"time_context,true_order_flow_imbalance,cancellation_imbalance,trade_imbalance,queue_position",0.7819462411959178,0.71047719677196,0.6147695112270797,0.09599360778491975,0.36286798364868605,completed
fold_4,10,1,logistic,remove_one_group,snapshot_order_flow_proxy,58,0,"time_context,true_order_flow_imbalance,cancellation_imbalance,trade_imbalance,queue_position",0.5881558142877678,0.2754846740653229,0.08479477100658234,0.008616281033101924,0.5535626053861898,completed
fold_4,10,1,logistic,remove_one_group,volatility_proxy,97,40,"time_context,true_order_flow_imbalance,cancellation_imbalance,trade_imbalance,queue_position",0.7824349575966653,0.7113132592759261,0.6157333508023165,0.09724969948166651,0.36252938969085574,completed
fold_4,10,1,logistic,only_one_group,price_levels,20,0,"time_context,true_order_flow_imbalance,cancellation_imbalance,trade_imbalance,queue_position",0.5844473192468018,0.2547337577390755,0.04371610411995359,0.013454930965220095,0.5646368231764849,completed
fold_4,10,1,logistic,only_one_group,size_levels,20,0,"time_context,true_order_flow_imbalance,cancellation_imbalance,trade_imbalance,queue_position",0.5832686502802932,0.24622810159650585,0.015447794349695136,0.010889071424936884,0.564968818689337,completed
fold_4,10,1,logistic,only_one_group,top_of_book,4,0,"time_context,true_order_flow_imbalance,cancellation_imbalance,trade_imbalance,queue_position",0.583096162138853,0.24555095518268322,0.0,0.01000609487269815,0.5703569266923966,completed
fold_4,10,1,logistic,only_one_group,spread,2,0,"time_context,true_order_flow_imbalance,cancellation_imbalance,trade_imbalance,queue_position",0.5870346413684059,0.2646011872297607,0.0729645642366776,0.02131081679173421,0.5621710525073776,completed
fold_4,10,1,logistic,only_one_group,midprice,1,0,"time_context,true_order_flow_imbalance,cancellation_imbalance,trade_imbalance,queue_position",0.583096162138853,0.24555095518268322,0.0,0.006720333400499934,0.5729729763384165,completed
fold_4,10,1,logistic,only_one_group,microprice,1,0,"time_context,true_order_flow_imbalance,cancellation_imbalance,trade_imbalance,queue_position",0.583096162138853,0.2455554143134727,0.0018794641207312524,0.007230818699671163,0.5728510231705147,completed
fold_4,10,1,logistic,only_one_group,top_of_book_imbalance,1,0,"time_context,true_order_flow_imbalance,cancellation_imbalance,trade_imbalance,queue_position",0.583096162138853,0.24555095518268322,0.0,0.020320897643672977,0.5737074948604007,completed
fold_4,10,1,logistic,only_one_group,depth_imbalance,3,0,"time_context,true_order_flow_imbalance,cancellation_imbalance,trade_imbalance,queue_position",0.583096162138853,0.24555095518268322,0.0,0.020280618832702005,0.5737099589240353,completed
fold_4,10,1,logistic,only_one_group,depth_slope,3,0,"time_context,true_order_flow_imbalance,cancellation_imbalance,trade_imbalance,queue_position",0.583096162138853,0.24555095518268322,0.0,0.02326400773114482,0.5734869963895945,completed
fold_4,10,1,logistic,only_one_group,liquidity_concentration,2,0,"time_context,true_order_flow_imbalance,cancellation_imbalance,trade_imbalance,queue_position",0.583096162138853,0.24555095518268322,0.0,0.02045034814657428,0.5737141727081838,completed
fold_4,10,1,logistic,only_one_group,snapshot_order_flow_proxy,40,40,"time_context,true_order_flow_imbalance,cancellation_imbalance,trade_imbalance,queue_position",0.777490297542044,0.7003438739167555,0.6089658583199479,0.09075690251805621,0.36711766845426264,completed
fold_4,10,1,logistic,only_one_group,volatility_proxy,1,0,"time_context,true_order_flow_imbalance,cancellation_imbalance,trade_imbalance,queue_position",0.5822049734080782,0.24551197407557415,-0.012708305448015933,0.02149173832873967,0.574143207347705,completed
fold_4,10,1,logistic,raw_lob_only,raw_lob,44,0,"time_context,true_order_flow_imbalance,cancellation_imbalance,trade_imbalance,queue_position",0.5844185712232284,0.2554655483155281,0.04454496305952726,0.020328931106312065,0.5583270377298535,completed
fold_4,10,1,logistic,derived_microstructure_only,derived_microstructure,54,40,"time_context,true_order_flow_imbalance,cancellation_imbalance,trade_imbalance,queue_position",0.7850510277418428,0.715067895085121,0.6208738411245488,0.10284720272239084,0.3640380202130759,completed
fold_4,10,1,logistic,no_proxy_features,no_proxy,58,0,"time_context,true_order_flow_imbalance,cancellation_imbalance,trade_imbalance,queue_position",0.5881558142877678,0.2754846740653229,0.08479477100658234,0.008616281033101924,0.5535626053861898,completed
fold_4,10,1,ridge,all_features,all,98,40,"time_context,true_order_flow_imbalance,cancellation_imbalance,trade_imbalance,queue_position",0.610608020698577,0.3485998088028674,0.1968342840611523,,,completed
fold_4,10,1,ridge,remove_one_group,price_levels,78,40,"time_context,true_order_flow_imbalance,cancellation_imbalance,trade_imbalance,queue_position",0.6099468161563892,0.34500843752759436,0.19485708003119015,,,completed
fold_4,10,1,ridge,remove_one_group,size_levels,78,40,"time_context,true_order_flow_imbalance,cancellation_imbalance,trade_imbalance,queue_position",0.6094293517320685,0.34483002311890393,0.19234878734487593,,,completed
fold_4,10,1,ridge,remove_one_group,top_of_book,94,40,"time_context,true_order_flow_imbalance,cancellation_imbalance,trade_imbalance,queue_position",0.6104642805807101,0.34826167249074896,0.19624882557700687,,,completed
fold_4,10,1,ridge,remove_one_group,spread,96,40,"time_context,true_order_flow_imbalance,cancellation_imbalance,trade_imbalance,queue_position",0.6057783527382492,0.3306453721910956,0.17969110312035966,,,completed
fold_4,10,1,ridge,remove_one_group,midprice,97,40,"time_context,true_order_flow_imbalance,cancellation_imbalance,trade_imbalance,queue_position",0.6105505246514302,0.34850654261271585,0.19659820993035548,,,completed
fold_4,10,1,ridge,remove_one_group,microprice,97,40,"time_context,true_order_flow_imbalance,cancellation_imbalance,trade_imbalance,queue_position",0.610608020698577,0.34860129925683697,0.19684249868022888,,,completed
fold_4,10,1,ridge,remove_one_group,top_of_book_imbalance,97,40,"time_context,true_order_flow_imbalance,cancellation_imbalance,trade_imbalance,queue_position",0.610608020698577,0.3485998088028674,0.1968342840611523,,,completed
fold_4,10,1,ridge,remove_one_group,depth_imbalance,95,40,"time_context,true_order_flow_imbalance,cancellation_imbalance,trade_imbalance,queue_position",0.6106655167457238,0.34876194854499515,0.19706141926413798,,,completed
fold_4,10,1,ridge,remove_one_group,depth_slope,95,40,"time_context,true_order_flow_imbalance,cancellation_imbalance,trade_imbalance,queue_position",0.610608020698577,0.3485998088028674,0.1968342840611523,,,completed
fold_4,10,1,ridge,remove_one_group,liquidity_concentration,96,40,"time_context,true_order_flow_imbalance,cancellation_imbalance,trade_imbalance,queue_position",0.610608020698577,0.3485998088028674,0.1968342840611523,,,completed
fold_4,10,1,ridge,remove_one_group,snapshot_order_flow_proxy,58,0,"time_context,true_order_flow_imbalance,cancellation_imbalance,trade_imbalance,queue_position",0.5888457668535289,0.2757289820937351,0.08834395986470873,,,completed
fold_4,10,1,ridge,remove_one_group,volatility_proxy,97,40,"time_context,true_order_flow_imbalance,cancellation_imbalance,trade_imbalance,queue_position",0.6107517608164439,0.34847008930902273,0.19755791794266275,,,completed
fold_4,10,1,ridge,only_one_group,price_levels,20,0,"time_context,true_order_flow_imbalance,cancellation_imbalance,trade_imbalance,queue_position",0.5857122322840305,0.2591499749778992,0.05881829605318235,,,completed
fold_4,10,1,ridge,only_one_group,size_levels,20,0,"time_context,true_order_flow_imbalance,cancellation_imbalance,trade_imbalance,queue_position",0.5831824062095731,0.24584530311588057,0.011271727728505505,,,completed
fold_4,10,1,ridge,only_one_group,top_of_book,4,0,"time_context,true_order_flow_imbalance,cancellation_imbalance,trade_imbalance,queue_position",0.583096162138853,0.24555095518268322,0.0,,,completed
fold_4,10,1,ridge,only_one_group,spread,2,0,"time_context,true_order_flow_imbalance,cancellation_imbalance,trade_imbalance,queue_position",0.5870058933448326,0.26451244307287664,0.07272222917335408,,,completed
fold_4,10,1,ridge,only_one_group,midprice,1,0,"time_context,true_order_flow_imbalance,cancellation_imbalance,trade_imbalance,queue_position",0.583096162138853,0.24555095518268322,0.0,,,completed
fold_4,10,1,ridge,only_one_group,microprice,1,0,"time_context,true_order_flow_imbalance,cancellation_imbalance,trade_imbalance,queue_position",0.583096162138853,0.2455554143134727,0.0018794641207312524,,,completed
fold_4,10,1,ridge,only_one_group,top_of_book_imbalance,1,0,"time_context,true_order_flow_imbalance,cancellation_imbalance,trade_imbalance,queue_position",0.583096162138853,0.24555095518268322,0.0,,,completed
fold_4,10,1,ridge,only_one_group,depth_imbalance,3,0,"time_context,true_order_flow_imbalance,cancellation_imbalance,trade_imbalance,queue_position",0.583096162138853,0.24555095518268322,0.0,,,completed
fold_4,10,1,ridge,only_one_group,depth_slope,3,0,"time_context,true_order_flow_imbalance,cancellation_imbalance,trade_imbalance,queue_position",0.583096162138853,0.24555095518268322,0.0,,,completed
fold_4,10,1,ridge,only_one_group,liquidity_concentration,2,0,"time_context,true_order_flow_imbalance,cancellation_imbalance,trade_imbalance,queue_position",0.583096162138853,0.24555095518268322,0.0,,,completed
fold_4,10,1,ridge,only_one_group,snapshot_order_flow_proxy,40,40,"time_context,true_order_flow_imbalance,cancellation_imbalance,trade_imbalance,queue_position",0.6033922667816588,0.3144315012008587,0.1777599504048135,,,completed
fold_4,10,1,ridge,only_one_group,volatility_proxy,1,0,"time_context,true_order_flow_imbalance,cancellation_imbalance,trade_imbalance,queue_position",0.5822049734080782,0.24551197407557415,-0.012708305448015933,,,completed
fold_4,10,1,ridge,raw_lob_only,raw_lob,44,0,"time_context,true_order_flow_imbalance,cancellation_imbalance,trade_imbalance,queue_position",0.5857122322840305,0.2594209814423411,0.0589224750661326,,,completed
fold_4,10,1,ridge,derived_microstructure_only,derived_microstructure,54,40,"time_context,true_order_flow_imbalance,cancellation_imbalance,trade_imbalance,queue_position",0.6082219347419865,0.3395155010839766,0.1882076811397769,,,completed
fold_4,10,1,ridge,no_proxy_features,no_proxy,58,0,"time_context,true_order_flow_imbalance,cancellation_imbalance,trade_imbalance,queue_position",0.5888457668535289,0.2757289820937351,0.08834395986470873,,,completed
fold_4,10,2,logistic,all_features,all,98,40,"time_context,true_order_flow_imbalance,cancellation_imbalance,trade_imbalance,queue_position",0.7826649417852523,0.7115743622792731,0.6161629112417385,0.09606444682221264,0.36230009826820814,completed
fold_4,10,2,logistic,remove_one_group,price_levels,78,40,"time_context,true_order_flow_imbalance,cancellation_imbalance,trade_imbalance,queue_position",0.7826361937616789,0.7117110946663026,0.6160868209711305,0.09745943882909046,0.36322289863146673,completed
fold_4,10,2,logistic,remove_one_group,size_levels,78,40,"time_context,true_order_flow_imbalance,cancellation_imbalance,trade_imbalance,queue_position",0.7824637056202386,0.7109421019601411,0.6160518481881617,0.09876645377067293,0.3635828970663484,completed
fold_4,10,2,logistic,remove_one_group,top_of_book,94,40,"time_context,true_order_flow_imbalance,cancellation_imbalance,trade_imbalance,queue_position",0.7822337214316516,0.7110178564602082,0.6153099779243926,0.09728736398420339,0.36270876287170806,completed
fold_4,10,2,logistic,remove_one_group,spread,96,40,"time_context,true_order_flow_imbalance,cancellation_imbalance,trade_imbalance,queue_position",0.7810550524651431,0.7079939280545039,0.6139963862597525,0.09623341876053201,0.36433289865250473,completed
fold_4,10,2,logistic,remove_one_group,midprice,97,40,"time_context,true_order_flow_imbalance,cancellation_imbalance,trade_imbalance,queue_position",0.7817737530544775,0.7101687559014431,0.6143858392637873,0.09649025867698006,0.3629250429844208,completed
fold_4,10,2,logistic,remove_one_group,microprice,97,40,"time_context,true_order_flow_imbalance,cancellation_imbalance,trade_imbalance,queue_position",0.7830386660917062,0.712245536237674,0.6168629938487237,0.09603809640087031,0.3621641474069834,completed
fold_4,10,2,logistic,remove_one_group,top_of_book_imbalance,97,40,"time_context,true_order_flow_imbalance,cancellation_imbalance,trade_imbalance,queue_position",0.7835273824924537,0.7129100329604076,0.6177878748966207,0.0962336785627912,0.3616939914083836,completed
fold_4,10,2,logistic,remove_one_group,depth_imbalance,95,40,"time_context,true_order_flow_imbalance,cancellation_imbalance,trade_imbalance,queue_position",0.7822624694552249,0.7109668640289181,0.6153498927020072,0.09551342334473896,0.3624757711051027,completed
fold_4,10,2,logistic,remove_one_group,depth_slope,95,40,"time_context,true_order_flow_imbalance,cancellation_imbalance,trade_imbalance,queue_position",0.7825786977145321,0.7115363946800928,0.6159836924742822,0.09707694198763023,0.3624626294972038,completed
fold_4,10,2,logistic,remove_one_group,liquidity_concentration,96,40,"time_context,true_order_flow_imbalance,cancellation_imbalance,trade_imbalance,queue_position",0.7819462411959178,0.71047719677196,0.6147695112270797,0.09599360778491975,0.36286798364868605,completed
fold_4,10,2,logistic,remove_one_group,snapshot_order_flow_proxy,58,0,"time_context,true_order_flow_imbalance,cancellation_imbalance,trade_imbalance,queue_position",0.5881558142877678,0.2754846740653229,0.08479477100658234,0.008616281033101924,0.5535626053861898,completed
fold_4,10,2,logistic,remove_one_group,volatility_proxy,97,40,"time_context,true_order_flow_imbalance,cancellation_imbalance,trade_imbalance,queue_position",0.7824349575966653,0.7113132592759261,0.6157333508023165,0.09724969948166651,0.36252938969085574,completed
fold_4,10,2,logistic,only_one_group,price_levels,20,0,"time_context,true_order_flow_imbalance,cancellation_imbalance,trade_imbalance,queue_position",0.5844473192468018,0.2547337577390755,0.04371610411995359,0.013454930965220095,0.5646368231764849,completed
fold_4,10,2,logistic,only_one_group,size_levels,20,0,"time_context,true_order_flow_imbalance,cancellation_imbalance,trade_imbalance,queue_position",0.5832686502802932,0.24622810159650585,0.015447794349695136,0.010889071424936884,0.564968818689337,completed
fold_4,10,2,logistic,only_one_group,top_of_book,4,0,"time_context,true_order_flow_imbalance,cancellation_imbalance,trade_imbalance,queue_position",0.583096162138853,0.24555095518268322,0.0,0.01000609487269815,0.5703569266923966,completed
fold_4,10,2,logistic,only_one_group,spread,2,0,"time_context,true_order_flow_imbalance,cancellation_imbalance,trade_imbalance,queue_position",0.5870346413684059,0.2646011872297607,0.0729645642366776,0.02131081679173421,0.5621710525073776,completed
fold_4,10,2,logistic,only_one_group,midprice,1,0,"time_context,true_order_flow_imbalance,cancellation_imbalance,trade_imbalance,queue_position",0.583096162138853,0.24555095518268322,0.0,0.006720333400499934,0.5729729763384165,completed
fold_4,10,2,logistic,only_one_group,microprice,1,0,"time_context,true_order_flow_imbalance,cancellation_imbalance,trade_imbalance,queue_position",0.583096162138853,0.2455554143134727,0.0018794641207312524,0.007230818699671163,0.5728510231705147,completed
fold_4,10,2,logistic,only_one_group,top_of_book_imbalance,1,0,"time_context,true_order_flow_imbalance,cancellation_imbalance,trade_imbalance,queue_position",0.583096162138853,0.24555095518268322,0.0,0.020320897643672977,0.5737074948604007,completed
fold_4,10,2,logistic,only_one_group,depth_imbalance,3,0,"time_context,true_order_flow_imbalance,cancellation_imbalance,trade_imbalance,queue_position",0.583096162138853,0.24555095518268322,0.0,0.020280618832702005,0.5737099589240353,completed
fold_4,10,2,logistic,only_one_group,depth_slope,3,0,"time_context,true_order_flow_imbalance,cancellation_imbalance,trade_imbalance,queue_position",0.583096162138853,0.24555095518268322,0.0,0.02326400773114482,0.5734869963895945,completed
fold_4,10,2,logistic,only_one_group,liquidity_concentration,2,0,"time_context,true_order_flow_imbalance,cancellation_imbalance,trade_imbalance,queue_position",0.583096162138853,0.24555095518268322,0.0,0.02045034814657428,0.5737141727081838,completed
fold_4,10,2,logistic,only_one_group,snapshot_order_flow_proxy,40,40,"time_context,true_order_flow_imbalance,cancellation_imbalance,trade_imbalance,queue_position",0.777490297542044,0.7003438739167555,0.6089658583199479,0.09075690251805621,0.36711766845426264,completed
fold_4,10,2,logistic,only_one_group,volatility_proxy,1,0,"time_context,true_order_flow_imbalance,cancellation_imbalance,trade_imbalance,queue_position",0.5822049734080782,0.24551197407557415,-0.012708305448015933,0.02149173832873967,0.574143207347705,completed
fold_4,10,2,logistic,raw_lob_only,raw_lob,44,0,"time_context,true_order_flow_imbalance,cancellation_imbalance,trade_imbalance,queue_position",0.5844185712232284,0.2554655483155281,0.04454496305952726,0.020328931106312065,0.5583270377298535,completed
fold_4,10,2,logistic,derived_microstructure_only,derived_microstructure,54,40,"time_context,true_order_flow_imbalance,cancellation_imbalance,trade_imbalance,queue_position",0.7850510277418428,0.715067895085121,0.6208738411245488,0.10284720272239084,0.3640380202130759,completed
fold_4,10,2,logistic,no_proxy_features,no_proxy,58,0,"time_context,true_order_flow_imbalance,cancellation_imbalance,trade_imbalance,queue_position",0.5881558142877678,0.2754846740653229,0.08479477100658234,0.008616281033101924,0.5535626053861898,completed
fold_4,10,2,ridge,all_features,all,98,40,"time_context,true_order_flow_imbalance,cancellation_imbalance,trade_imbalance,queue_position",0.610608020698577,0.3485998088028674,0.1968342840611523,,,completed
fold_4,10,2,ridge,remove_one_group,price_levels,78,40,"time_context,true_order_flow_imbalance,cancellation_imbalance,trade_imbalance,queue_position",0.6099468161563892,0.34500843752759436,0.19485708003119015,,,completed
fold_4,10,2,ridge,remove_one_group,size_levels,78,40,"time_context,true_order_flow_imbalance,cancellation_imbalance,trade_imbalance,queue_position",0.6094293517320685,0.34483002311890393,0.19234878734487593,,,completed
fold_4,10,2,ridge,remove_one_group,top_of_book,94,40,"time_context,true_order_flow_imbalance,cancellation_imbalance,trade_imbalance,queue_position",0.6104642805807101,0.34826167249074896,0.19624882557700687,,,completed
fold_4,10,2,ridge,remove_one_group,spread,96,40,"time_context,true_order_flow_imbalance,cancellation_imbalance,trade_imbalance,queue_position",0.6057783527382492,0.3306453721910956,0.17969110312035966,,,completed
fold_4,10,2,ridge,remove_one_group,midprice,97,40,"time_context,true_order_flow_imbalance,cancellation_imbalance,trade_imbalance,queue_position",0.6105505246514302,0.34850654261271585,0.19659820993035548,,,completed
fold_4,10,2,ridge,remove_one_group,microprice,97,40,"time_context,true_order_flow_imbalance,cancellation_imbalance,trade_imbalance,queue_position",0.610608020698577,0.34860129925683697,0.19684249868022888,,,completed
fold_4,10,2,ridge,remove_one_group,top_of_book_imbalance,97,40,"time_context,true_order_flow_imbalance,cancellation_imbalance,trade_imbalance,queue_position",0.610608020698577,0.3485998088028674,0.1968342840611523,,,completed
fold_4,10,2,ridge,remove_one_group,depth_imbalance,95,40,"time_context,true_order_flow_imbalance,cancellation_imbalance,trade_imbalance,queue_position",0.6106655167457238,0.34876194854499515,0.19706141926413798,,,completed
fold_4,10,2,ridge,remove_one_group,depth_slope,95,40,"time_context,true_order_flow_imbalance,cancellation_imbalance,trade_imbalance,queue_position",0.610608020698577,0.3485998088028674,0.1968342840611523,,,completed
fold_4,10,2,ridge,remove_one_group,liquidity_concentration,96,40,"time_context,true_order_flow_imbalance,cancellation_imbalance,trade_imbalance,queue_position",0.610608020698577,0.3485998088028674,0.1968342840611523,,,completed
fold_4,10,2,ridge,remove_one_group,snapshot_order_flow_proxy,58,0,"time_context,true_order_flow_imbalance,cancellation_imbalance,trade_imbalance,queue_position",0.5888457668535289,0.2757289820937351,0.08834395986470873,,,completed
fold_4,10,2,ridge,remove_one_group,volatility_proxy,97,40,"time_context,true_order_flow_imbalance,cancellation_imbalance,trade_imbalance,queue_position",0.6107517608164439,0.34847008930902273,0.19755791794266275,,,completed
fold_4,10,2,ridge,only_one_group,price_levels,20,0,"time_context,true_order_flow_imbalance,cancellation_imbalance,trade_imbalance,queue_position",0.5857122322840305,0.2591499749778992,0.05881829605318235,,,completed
fold_4,10,2,ridge,only_one_group,size_levels,20,0,"time_context,true_order_flow_imbalance,cancellation_imbalance,trade_imbalance,queue_position",0.5831824062095731,0.24584530311588057,0.011271727728505505,,,completed
fold_4,10,2,ridge,only_one_group,top_of_book,4,0,"time_context,true_order_flow_imbalance,cancellation_imbalance,trade_imbalance,queue_position",0.583096162138853,0.24555095518268322,0.0,,,completed
fold_4,10,2,ridge,only_one_group,spread,2,0,"time_context,true_order_flow_imbalance,cancellation_imbalance,trade_imbalance,queue_position",0.5870058933448326,0.26451244307287664,0.07272222917335408,,,completed
fold_4,10,2,ridge,only_one_group,midprice,1,0,"time_context,true_order_flow_imbalance,cancellation_imbalance,trade_imbalance,queue_position",0.583096162138853,0.24555095518268322,0.0,,,completed
fold_4,10,2,ridge,only_one_group,microprice,1,0,"time_context,true_order_flow_imbalance,cancellation_imbalance,trade_imbalance,queue_position",0.583096162138853,0.2455554143134727,0.0018794641207312524,,,completed
fold_4,10,2,ridge,only_one_group,top_of_book_imbalance,1,0,"time_context,true_order_flow_imbalance,cancellation_imbalance,trade_imbalance,queue_position",0.583096162138853,0.24555095518268322,0.0,,,completed
fold_4,10,2,ridge,only_one_group,depth_imbalance,3,0,"time_context,true_order_flow_imbalance,cancellation_imbalance,trade_imbalance,queue_position",0.583096162138853,0.24555095518268322,0.0,,,completed
fold_4,10,2,ridge,only_one_group,depth_slope,3,0,"time_context,true_order_flow_imbalance,cancellation_imbalance,trade_imbalance,queue_position",0.583096162138853,0.24555095518268322,0.0,,,completed
fold_4,10,2,ridge,only_one_group,liquidity_concentration,2,0,"time_context,true_order_flow_imbalance,cancellation_imbalance,trade_imbalance,queue_position",0.583096162138853,0.24555095518268322,0.0,,,completed
fold_4,10,2,ridge,only_one_group,snapshot_order_flow_proxy,40,40,"time_context,true_order_flow_imbalance,cancellation_imbalance,trade_imbalance,queue_position",0.6033922667816588,0.3144315012008587,0.1777599504048135,,,completed
fold_4,10,2,ridge,only_one_group,volatility_proxy,1,0,"time_context,true_order_flow_imbalance,cancellation_imbalance,trade_imbalance,queue_position",0.5822049734080782,0.24551197407557415,-0.012708305448015933,,,completed
fold_4,10,2,ridge,raw_lob_only,raw_lob,44,0,"time_context,true_order_flow_imbalance,cancellation_imbalance,trade_imbalance,queue_position",0.5857122322840305,0.2594209814423411,0.0589224750661326,,,completed
fold_4,10,2,ridge,derived_microstructure_only,derived_microstructure,54,40,"time_context,true_order_flow_imbalance,cancellation_imbalance,trade_imbalance,queue_position",0.6082219347419865,0.3395155010839766,0.1882076811397769,,,completed
fold_4,10,2,ridge,no_proxy_features,no_proxy,58,0,"time_context,true_order_flow_imbalance,cancellation_imbalance,trade_imbalance,queue_position",0.5888457668535289,0.2757289820937351,0.08834395986470873,,,completed
fold_5,10,0,logistic,all_features,all,98,40,"time_context,true_order_flow_imbalance,cancellation_imbalance,trade_imbalance,queue_position",0.814977523498161,0.7467497517083475,0.6556967425643054,0.12466072979353973,0.33827826420007406,completed
fold_5,10,0,logistic,remove_one_group,price_levels,78,40,"time_context,true_order_flow_imbalance,cancellation_imbalance,trade_imbalance,queue_position",0.8150030649775235,0.7469582960581368,0.6556451068361089,0.12730402611118916,0.3399961343121325,completed
fold_5,10,0,logistic,remove_one_group,size_levels,78,40,"time_context,true_order_flow_imbalance,cancellation_imbalance,trade_imbalance,queue_position",0.8156926849203106,0.7477151594525511,0.6570945155857784,0.12455538599386254,0.3374613979916691,completed
fold_5,10,0,logistic,remove_one_group,top_of_book,94,40,"time_context,true_order_flow_imbalance,cancellation_imbalance,trade_imbalance,queue_position",0.815028606456886,0.7468042926658157,0.6557942670686159,0.12453584018801477,0.338113133505004,completed
fold_5,10,0,logistic,remove_one_group,spread,96,40,"time_context,true_order_flow_imbalance,cancellation_imbalance,trade_imbalance,queue_position",0.8146454842664487,0.7456427047048494,0.6561619440116874,0.12208825266589728,0.3388456670194027,completed
fold_5,10,0,logistic,remove_one_group,midprice,97,40,"time_context,true_order_flow_imbalance,cancellation_imbalance,trade_imbalance,queue_position",0.8148498161013485,0.7465243637137644,0.6554291980897693,0.1242346698094344,0.33822972437416876,completed
fold_5,10,0,logistic,remove_one_group,microprice,97,40,"time_context,true_order_flow_imbalance,cancellation_imbalance,trade_imbalance,queue_position",0.8146710257458112,0.7461848360281019,0.6550869142685426,0.12395498623534691,0.33823235627250114,completed
fold_5,10,0,logistic,remove_one_group,top_of_book_imbalance,97,40,"time_context,true_order_flow_imbalance,cancellation_imbalance,trade_imbalance,queue_position",0.8138536984062117,0.7447488363365586,0.6534653804653777,0.12409195554034554,0.3389655278341531,completed
fold_5,10,0,logistic,remove_one_group,depth_imbalance,95,40,"time_context,true_order_flow_imbalance,cancellation_imbalance,trade_imbalance,queue_position",0.8137770739681243,0.7446066200870508,0.6533097156168534,0.12414062274197926,0.3389841764387919,completed
fold_5,10,0,logistic,remove_one_group,depth_slope,95,40,"time_context,true_order_flow_imbalance,cancellation_imbalance,trade_imbalance,queue_position",0.8133173273395995,0.7438091280128539,0.6524211728158533,0.12457395858729715,0.3391306842414224,completed
fold_5,10,0,logistic,remove_one_group,liquidity_concentration,96,40,"time_context,true_order_flow_imbalance,cancellation_imbalance,trade_imbalance,queue_position",0.8147221087045362,0.7462536761144772,0.6551501927772072,0.12444231033684296,0.33818616446486666,completed
fold_5,10,0,logistic,remove_one_group,snapshot_order_flow_proxy,58,0,"time_context,true_order_flow_imbalance,cancellation_imbalance,trade_imbalance,queue_position",0.6190743767879036,0.2931232957215197,0.10218869841108519,0.04334933181115325,0.542590163116838,completed
fold_5,10,0,logistic,remove_one_group,volatility_proxy,97,40,"time_context,true_order_flow_imbalance,cancellation_imbalance,trade_imbalance,queue_position",0.8152073968124234,0.7469710436449374,0.6562743882461467,0.12390274059230554,0.3377447834147612,completed
fold_5,10,0,logistic,only_one_group,price_levels,20,0,"time_context,true_order_flow_imbalance,cancellation_imbalance,trade_imbalance,queue_position",0.6138383735185942,0.2612337463738988,0.04013919492174375,0.039439636333973786,0.5471676372662236,completed
fold_5,10,0,logistic,only_one_group,size_levels,20,0,"time_context,true_order_flow_imbalance,cancellation_imbalance,trade_imbalance,queue_position",0.612510216591745,0.25428224177521336,0.0024348741489894654,0.04986267276129288,0.5518153933858913,completed
fold_5,10,0,logistic,only_one_group,top_of_book,4,0,"time_context,true_order_flow_imbalance,cancellation_imbalance,trade_imbalance,queue_position",0.6129444217409072,0.2533438902084983,0.0,0.03131964554638263,0.5522751373166881,completed
fold_5,10,0,logistic,only_one_group,spread,2,0,"time_context,true_order_flow_imbalance,cancellation_imbalance,trade_imbalance,queue_position",0.616724560686555,0.27644119990874233,0.0809910278242829,0.027654899347462167,0.5426261773556609,completed
fold_5,10,0,logistic,only_one_group,midprice,1,0,"time_context,true_order_flow_imbalance,cancellation_imbalance,trade_imbalance,queue_position",0.6129444217409072,0.2533438902084983,0.0,0.04436918093640452,0.5549478267145146,completed
fold_5,10,0,logistic,only_one_group,microprice,1,0,"time_context,true_order_flow_imbalance,cancellation_imbalance,trade_imbalance,queue_position",0.6129444217409072,0.2533438902084983,0.0,0.04374896316451081,0.554797828754478,completed
fold_5,10,0,logistic,only_one_group,top_of_book_imbalance,1,0,"time_context,true_order_flow_imbalance,cancellation_imbalance,trade_imbalance,queue_position",0.6129188802615447,0.2533373450094222,-0.0027972474282051247,0.012381577699437584,0.549661792983312,completed
fold_5,10,0,logistic,only_one_group,depth_imbalance,3,0,"time_context,true_order_flow_imbalance,cancellation_imbalance,trade_imbalance,queue_position",0.6129188802615447,0.2533373450094222,-0.0027972474282051247,0.012195955733406543,0.5496683998622214,completed
fold_5,10,0,logistic,only_one_group,depth_slope,3,0,"time_context,true_order_flow_imbalance,cancellation_imbalance,trade_imbalance,queue_position",0.6129444217409072,0.2533438902084983,0.0,0.013577571982261838,0.549770828555308,completed
fold_5,10,0,logistic,only_one_group,liquidity_concentration,2,0,"time_context,true_order_flow_imbalance,cancellation_imbalance,trade_imbalance,queue_position",0.6129444217409072,0.2533438902084983,0.0,0.012175820668301507,0.5496097945438758,completed
fold_5,10,0,logistic,only_one_group,snapshot_order_flow_proxy,40,40,"time_context,true_order_flow_imbalance,cancellation_imbalance,trade_imbalance,queue_position",0.8135982836125868,0.7430068563212271,0.6549194566725773,0.11573650568874433,0.33610328167042114,completed
fold_5,10,0,logistic,only_one_group,volatility_proxy,1,0,"time_context,true_order_flow_imbalance,cancellation_imbalance,trade_imbalance,queue_position",0.6125868410298324,0.2540475616094261,0.0021053182376992003,0.044140796807503165,0.5496599425785577,completed
fold_5,10,0,logistic,raw_lob_only,raw_lob,44,0,"time_context,true_order_flow_imbalance,cancellation_imbalance,trade_imbalance,queue_position",0.6130976706170821,0.2610406221198102,0.035494387181154566,0.03845990983010992,0.5447929186034098,completed
fold_5,10,0,logistic,derived_microstructure_only,derived_microstructure,54,40,"time_context,true_order_flow_imbalance,cancellation_imbalance,trade_imbalance,queue_position",0.8167143440948099,0.7496735900922138,0.6590490475825598,0.12893275306951674,0.339509140613635,completed
fold_5,10,0,logistic,no_proxy_features,no_proxy,58,0,"time_context,true_order_flow_imbalance,cancellation_imbalance,trade_imbalance,queue_position",0.6190743767879036,0.2931232957215197,0.10218869841108519,0.04334933181115325,0.542590163116838,completed
fold_5,10,0,ridge,all_features,all,98,40,"time_context,true_order_flow_imbalance,cancellation_imbalance,trade_imbalance,queue_position",0.6340161422149571,0.34370483900481313,0.1827734204038253,,,completed
fold_5,10,0,ridge,remove_one_group,price_levels,78,40,"time_context,true_order_flow_imbalance,cancellation_imbalance,trade_imbalance,queue_position",0.6336330200245198,0.3414447091883193,0.1811072376915325,,,completed
fold_5,10,0,ridge,remove_one_group,size_levels,78,40,"time_context,true_order_flow_imbalance,cancellation_imbalance,trade_imbalance,queue_position",0.6337351859419698,0.3418979889270184,0.1815514080585949,,,completed
fold_5,10,0,ridge,remove_one_group,top_of_book,94,40,"time_context,true_order_flow_imbalance,cancellation_imbalance,trade_imbalance,queue_position",0.6340672251736821,0.3436628929187083,0.18301127914323226,,,completed
fold_5,10,0,ridge,remove_one_group,spread,96,40,"time_context,true_order_flow_imbalance,cancellation_imbalance,trade_imbalance,queue_position",0.6319217409072333,0.32929351142557534,0.17464637587513024,,,completed
fold_5,10,0,ridge,remove_one_group,midprice,97,40,"time_context,true_order_flow_imbalance,cancellation_imbalance,trade_imbalance,queue_position",0.6339650592562321,0.3434828972232902,0.1825424081711794,,,completed
fold_5,10,0,ridge,remove_one_group,microprice,97,40,"time_context,true_order_flow_imbalance,cancellation_imbalance,trade_imbalance,queue_position",0.6339906007355947,0.3436933509285434,0.18265458801001963,,,completed
fold_5,10,0,ridge,remove_one_group,top_of_book_imbalance,97,40,"time_context,true_order_flow_imbalance,cancellation_imbalance,trade_imbalance,queue_position",0.6340161422149571,0.34370483900481313,0.1827734204038253,,,completed
fold_5,10,0,ridge,remove_one_group,depth_imbalance,95,40,"time_context,true_order_flow_imbalance,cancellation_imbalance,trade_imbalance,queue_position",0.6340161422149571,0.34370483900481313,0.1827734204038253,,,completed
fold_5,10,0,ridge,remove_one_group,depth_slope,95,40,"time_context,true_order_flow_imbalance,cancellation_imbalance,trade_imbalance,queue_position",0.6340161422149571,0.34370483900481313,0.1827734204038253,,,completed
fold_5,10,0,ridge,remove_one_group,liquidity_concentration,96,40,"time_context,true_order_flow_imbalance,cancellation_imbalance,trade_imbalance,queue_position",0.6340161422149571,0.34370483900481313,0.1827734204038253,,,completed
fold_5,10,0,ridge,remove_one_group,snapshot_order_flow_proxy,58,0,"time_context,true_order_flow_imbalance,cancellation_imbalance,trade_imbalance,queue_position",0.6191254597466285,0.2911637737302765,0.10083312099502903,,,completed
fold_5,10,0,ridge,remove_one_group,volatility_proxy,97,40,"time_context,true_order_flow_imbalance,cancellation_imbalance,trade_imbalance,queue_position",0.6342970984879445,0.34324778302747655,0.18413477642668827,,,completed
fold_5,10,0,ridge,only_one_group,price_levels,20,0,"time_context,true_order_flow_imbalance,cancellation_imbalance,trade_imbalance,queue_position",0.6156262770739681,0.2680169870005835,0.06449241467281845,,,completed
fold_5,10,0,ridge,only_one_group,size_levels,20,0,"time_context,true_order_flow_imbalance,cancellation_imbalance,trade_imbalance,queue_position",0.6126890069472823,0.25423948145404324,0.004898123090537964,,,completed
fold_5,10,0,ridge,only_one_group,top_of_book,4,0,"time_context,true_order_flow_imbalance,cancellation_imbalance,trade_imbalance,queue_position",0.6129444217409072,0.2533438902084983,0.0,,,completed
fold_5,10,0,ridge,only_one_group,spread,2,0,"time_context,true_order_flow_imbalance,cancellation_imbalance,trade_imbalance,queue_position",0.61657131181038,0.2753283508543624,0.07901693286516562,,,completed
fold_5,10,0,ridge,only_one_group,midprice,1,0,"time_context,true_order_flow_imbalance,cancellation_imbalance,trade_imbalance,queue_position",0.6129444217409072,0.2533438902084983,0.0,,,completed
fold_5,10,0,ridge,only_one_group,microprice,1,0,"time_context,true_order_flow_imbalance,cancellation_imbalance,trade_imbalance,queue_position",0.6129444217409072,0.2533438902084983,0.0,,,completed
fold_5,10,0,ridge,only_one_group,top_of_book_imbalance,1,0,"time_context,true_order_flow_imbalance,cancellation_imbalance,trade_imbalance,queue_position",0.6129188802615447,0.2533373450094222,-0.0027972474282051247,,,completed
fold_5,10,0,ridge,only_one_group,depth_imbalance,3,0,"time_context,true_order_flow_imbalance,cancellation_imbalance,trade_imbalance,queue_position",0.6129188802615447,0.2533373450094222,-0.0027972474282051247,,,completed
fold_5,10,0,ridge,only_one_group,depth_slope,3,0,"time_context,true_order_flow_imbalance,cancellation_imbalance,trade_imbalance,queue_position",0.6129444217409072,0.2533438902084983,0.0,,,completed
fold_5,10,0,ridge,only_one_group,liquidity_concentration,2,0,"time_context,true_order_flow_imbalance,cancellation_imbalance,trade_imbalance,queue_position",0.6129444217409072,0.2533438902084983,0.0,,,completed
fold_5,10,0,ridge,only_one_group,snapshot_order_flow_proxy,40,40,"time_context,true_order_flow_imbalance,cancellation_imbalance,trade_imbalance,queue_position",0.6272987331426236,0.3056545819896637,0.1587421840467947,,,completed
fold_5,10,0,ridge,only_one_group,volatility_proxy,1,0,"time_context,true_order_flow_imbalance,cancellation_imbalance,trade_imbalance,queue_position",0.6125868410298324,0.2540475616094261,0.0021053182376992003,,,completed
fold_5,10,0,ridge,raw_lob_only,raw_lob,44,0,"time_context,true_order_flow_imbalance,cancellation_imbalance,trade_imbalance,queue_position",0.6160093992644053,0.27080088918703316,0.06927222286145084,,,completed
fold_5,10,0,ridge,derived_microstructure_only,derived_microstructure,54,40,"time_context,true_order_flow_imbalance,cancellation_imbalance,trade_imbalance,queue_position",0.6329434000817328,0.33920959475405627,0.17794810914402967,,,completed
fold_5,10,0,ridge,no_proxy_features,no_proxy,58,0,"time_context,true_order_flow_imbalance,cancellation_imbalance,trade_imbalance,queue_position",0.6191254597466285,0.2911637737302765,0.10083312099502903,,,completed
fold_5,10,1,logistic,all_features,all,98,40,"time_context,true_order_flow_imbalance,cancellation_imbalance,trade_imbalance,queue_position",0.814977523498161,0.7467497517083475,0.6556967425643054,0.12466072979353973,0.33827826420007406,completed
fold_5,10,1,logistic,remove_one_group,price_levels,78,40,"time_context,true_order_flow_imbalance,cancellation_imbalance,trade_imbalance,queue_position",0.8150030649775235,0.7469582960581368,0.6556451068361089,0.12730402611118916,0.3399961343121325,completed
fold_5,10,1,logistic,remove_one_group,size_levels,78,40,"time_context,true_order_flow_imbalance,cancellation_imbalance,trade_imbalance,queue_position",0.8156926849203106,0.7477151594525511,0.6570945155857784,0.12455538599386254,0.3374613979916691,completed
fold_5,10,1,logistic,remove_one_group,top_of_book,94,40,"time_context,true_order_flow_imbalance,cancellation_imbalance,trade_imbalance,queue_position",0.815028606456886,0.7468042926658157,0.6557942670686159,0.12453584018801477,0.338113133505004,completed
fold_5,10,1,logistic,remove_one_group,spread,96,40,"time_context,true_order_flow_imbalance,cancellation_imbalance,trade_imbalance,queue_position",0.8146454842664487,0.7456427047048494,0.6561619440116874,0.12208825266589728,0.3388456670194027,completed
fold_5,10,1,logistic,remove_one_group,midprice,97,40,"time_context,true_order_flow_imbalance,cancellation_imbalance,trade_imbalance,queue_position",0.8148498161013485,0.7465243637137644,0.6554291980897693,0.1242346698094344,0.33822972437416876,completed
fold_5,10,1,logistic,remove_one_group,microprice,97,40,"time_context,true_order_flow_imbalance,cancellation_imbalance,trade_imbalance,queue_position",0.8146710257458112,0.7461848360281019,0.6550869142685426,0.12395498623534691,0.33823235627250114,completed
fold_5,10,1,logistic,remove_one_group,top_of_book_imbalance,97,40,"time_context,true_order_flow_imbalance,cancellation_imbalance,trade_imbalance,queue_position",0.8138536984062117,0.7447488363365586,0.6534653804653777,0.12409195554034554,0.3389655278341531,completed
fold_5,10,1,logistic,remove_one_group,depth_imbalance,95,40,"time_context,true_order_flow_imbalance,cancellation_imbalance,trade_imbalance,queue_position",0.8137770739681243,0.7446066200870508,0.6533097156168534,0.12414062274197926,0.3389841764387919,completed
fold_5,10,1,logistic,remove_one_group,depth_slope,95,40,"time_context,true_order_flow_imbalance,cancellation_imbalance,trade_imbalance,queue_position",0.8133173273395995,0.7438091280128539,0.6524211728158533,0.12457395858729715,0.3391306842414224,completed
fold_5,10,1,logistic,remove_one_group,liquidity_concentration,96,40,"time_context,true_order_flow_imbalance,cancellation_imbalance,trade_imbalance,queue_position",0.8147221087045362,0.7462536761144772,0.6551501927772072,0.12444231033684296,0.33818616446486666,completed
fold_5,10,1,logistic,remove_one_group,snapshot_order_flow_proxy,58,0,"time_context,true_order_flow_imbalance,cancellation_imbalance,trade_imbalance,queue_position",0.6190743767879036,0.2931232957215197,0.10218869841108519,0.04334933181115325,0.542590163116838,completed
fold_5,10,1,logistic,remove_one_group,volatility_proxy,97,40,"time_context,true_order_flow_imbalance,cancellation_imbalance,trade_imbalance,queue_position",0.8152073968124234,0.7469710436449374,0.6562743882461467,0.12390274059230554,0.3377447834147612,completed
fold_5,10,1,logistic,only_one_group,price_levels,20,0,"time_context,true_order_flow_imbalance,cancellation_imbalance,trade_imbalance,queue_position",0.6138383735185942,0.2612337463738988,0.04013919492174375,0.039439636333973786,0.5471676372662236,completed
fold_5,10,1,logistic,only_one_group,size_levels,20,0,"time_context,true_order_flow_imbalance,cancellation_imbalance,trade_imbalance,queue_position",0.612510216591745,0.25428224177521336,0.0024348741489894654,0.04986267276129288,0.5518153933858913,completed
fold_5,10,1,logistic,only_one_group,top_of_book,4,0,"time_context,true_order_flow_imbalance,cancellation_imbalance,trade_imbalance,queue_position",0.6129444217409072,0.2533438902084983,0.0,0.03131964554638263,0.5522751373166881,completed
fold_5,10,1,logistic,only_one_group,spread,2,0,"time_context,true_order_flow_imbalance,cancellation_imbalance,trade_imbalance,queue_position",0.616724560686555,0.27644119990874233,0.0809910278242829,0.027654899347462167,0.5426261773556609,completed
fold_5,10,1,logistic,only_one_group,midprice,1,0,"time_context,true_order_flow_imbalance,cancellation_imbalance,trade_imbalance,queue_position",0.6129444217409072,0.2533438902084983,0.0,0.04436918093640452,0.5549478267145146,completed
fold_5,10,1,logistic,only_one_group,microprice,1,0,"time_context,true_order_flow_imbalance,cancellation_imbalance,trade_imbalance,queue_position",0.6129444217409072,0.2533438902084983,0.0,0.04374896316451081,0.554797828754478,completed
fold_5,10,1,logistic,only_one_group,top_of_book_imbalance,1,0,"time_context,true_order_flow_imbalance,cancellation_imbalance,trade_imbalance,queue_position",0.6129188802615447,0.2533373450094222,-0.0027972474282051247,0.012381577699437584,0.549661792983312,completed
fold_5,10,1,logistic,only_one_group,depth_imbalance,3,0,"time_context,true_order_flow_imbalance,cancellation_imbalance,trade_imbalance,queue_position",0.6129188802615447,0.2533373450094222,-0.0027972474282051247,0.012195955733406543,0.5496683998622214,completed
fold_5,10,1,logistic,only_one_group,depth_slope,3,0,"time_context,true_order_flow_imbalance,cancellation_imbalance,trade_imbalance,queue_position",0.6129444217409072,0.2533438902084983,0.0,0.013577571982261838,0.549770828555308,completed
fold_5,10,1,logistic,only_one_group,liquidity_concentration,2,0,"time_context,true_order_flow_imbalance,cancellation_imbalance,trade_imbalance,queue_position",0.6129444217409072,0.2533438902084983,0.0,0.012175820668301507,0.5496097945438758,completed
fold_5,10,1,logistic,only_one_group,snapshot_order_flow_proxy,40,40,"time_context,true_order_flow_imbalance,cancellation_imbalance,trade_imbalance,queue_position",0.8135982836125868,0.7430068563212271,0.6549194566725773,0.11573650568874433,0.33610328167042114,completed
fold_5,10,1,logistic,only_one_group,volatility_proxy,1,0,"time_context,true_order_flow_imbalance,cancellation_imbalance,trade_imbalance,queue_position",0.6125868410298324,0.2540475616094261,0.0021053182376992003,0.044140796807503165,0.5496599425785577,completed
fold_5,10,1,logistic,raw_lob_only,raw_lob,44,0,"time_context,true_order_flow_imbalance,cancellation_imbalance,trade_imbalance,queue_position",0.6130976706170821,0.2610406221198102,0.035494387181154566,0.03845990983010992,0.5447929186034098,completed
fold_5,10,1,logistic,derived_microstructure_only,derived_microstructure,54,40,"time_context,true_order_flow_imbalance,cancellation_imbalance,trade_imbalance,queue_position",0.8167143440948099,0.7496735900922138,0.6590490475825598,0.12893275306951674,0.339509140613635,completed
fold_5,10,1,logistic,no_proxy_features,no_proxy,58,0,"time_context,true_order_flow_imbalance,cancellation_imbalance,trade_imbalance,queue_position",0.6190743767879036,0.2931232957215197,0.10218869841108519,0.04334933181115325,0.542590163116838,completed
fold_5,10,1,ridge,all_features,all,98,40,"time_context,true_order_flow_imbalance,cancellation_imbalance,trade_imbalance,queue_position",0.6340161422149571,0.34370483900481313,0.1827734204038253,,,completed
fold_5,10,1,ridge,remove_one_group,price_levels,78,40,"time_context,true_order_flow_imbalance,cancellation_imbalance,trade_imbalance,queue_position",0.6336330200245198,0.3414447091883193,0.1811072376915325,,,completed
fold_5,10,1,ridge,remove_one_group,size_levels,78,40,"time_context,true_order_flow_imbalance,cancellation_imbalance,trade_imbalance,queue_position",0.6337351859419698,0.3418979889270184,0.1815514080585949,,,completed
fold_5,10,1,ridge,remove_one_group,top_of_book,94,40,"time_context,true_order_flow_imbalance,cancellation_imbalance,trade_imbalance,queue_position",0.6340672251736821,0.3436628929187083,0.18301127914323226,,,completed
fold_5,10,1,ridge,remove_one_group,spread,96,40,"time_context,true_order_flow_imbalance,cancellation_imbalance,trade_imbalance,queue_position",0.6319217409072333,0.32929351142557534,0.17464637587513024,,,completed
fold_5,10,1,ridge,remove_one_group,midprice,97,40,"time_context,true_order_flow_imbalance,cancellation_imbalance,trade_imbalance,queue_position",0.6339650592562321,0.3434828972232902,0.1825424081711794,,,completed
fold_5,10,1,ridge,remove_one_group,microprice,97,40,"time_context,true_order_flow_imbalance,cancellation_imbalance,trade_imbalance,queue_position",0.6339906007355947,0.3436933509285434,0.18265458801001963,,,completed
fold_5,10,1,ridge,remove_one_group,top_of_book_imbalance,97,40,"time_context,true_order_flow_imbalance,cancellation_imbalance,trade_imbalance,queue_position",0.6340161422149571,0.34370483900481313,0.1827734204038253,,,completed
fold_5,10,1,ridge,remove_one_group,depth_imbalance,95,40,"time_context,true_order_flow_imbalance,cancellation_imbalance,trade_imbalance,queue_position",0.6340161422149571,0.34370483900481313,0.1827734204038253,,,completed
fold_5,10,1,ridge,remove_one_group,depth_slope,95,40,"time_context,true_order_flow_imbalance,cancellation_imbalance,trade_imbalance,queue_position",0.6340161422149571,0.34370483900481313,0.1827734204038253,,,completed
fold_5,10,1,ridge,remove_one_group,liquidity_concentration,96,40,"time_context,true_order_flow_imbalance,cancellation_imbalance,trade_imbalance,queue_position",0.6340161422149571,0.34370483900481313,0.1827734204038253,,,completed
fold_5,10,1,ridge,remove_one_group,snapshot_order_flow_proxy,58,0,"time_context,true_order_flow_imbalance,cancellation_imbalance,trade_imbalance,queue_position",0.6191254597466285,0.2911637737302765,0.10083312099502903,,,completed
fold_5,10,1,ridge,remove_one_group,volatility_proxy,97,40,"time_context,true_order_flow_imbalance,cancellation_imbalance,trade_imbalance,queue_position",0.6342970984879445,0.34324778302747655,0.18413477642668827,,,completed
fold_5,10,1,ridge,only_one_group,price_levels,20,0,"time_context,true_order_flow_imbalance,cancellation_imbalance,trade_imbalance,queue_position",0.6156262770739681,0.2680169870005835,0.06449241467281845,,,completed
fold_5,10,1,ridge,only_one_group,size_levels,20,0,"time_context,true_order_flow_imbalance,cancellation_imbalance,trade_imbalance,queue_position",0.6126890069472823,0.25423948145404324,0.004898123090537964,,,completed
fold_5,10,1,ridge,only_one_group,top_of_book,4,0,"time_context,true_order_flow_imbalance,cancellation_imbalance,trade_imbalance,queue_position",0.6129444217409072,0.2533438902084983,0.0,,,completed
fold_5,10,1,ridge,only_one_group,spread,2,0,"time_context,true_order_flow_imbalance,cancellation_imbalance,trade_imbalance,queue_position",0.61657131181038,0.2753283508543624,0.07901693286516562,,,completed
fold_5,10,1,ridge,only_one_group,midprice,1,0,"time_context,true_order_flow_imbalance,cancellation_imbalance,trade_imbalance,queue_position",0.6129444217409072,0.2533438902084983,0.0,,,completed
fold_5,10,1,ridge,only_one_group,microprice,1,0,"time_context,true_order_flow_imbalance,cancellation_imbalance,trade_imbalance,queue_position",0.6129444217409072,0.2533438902084983,0.0,,,completed
fold_5,10,1,ridge,only_one_group,top_of_book_imbalance,1,0,"time_context,true_order_flow_imbalance,cancellation_imbalance,trade_imbalance,queue_position",0.6129188802615447,0.2533373450094222,-0.0027972474282051247,,,completed
fold_5,10,1,ridge,only_one_group,depth_imbalance,3,0,"time_context,true_order_flow_imbalance,cancellation_imbalance,trade_imbalance,queue_position",0.6129188802615447,0.2533373450094222,-0.0027972474282051247,,,completed
fold_5,10,1,ridge,only_one_group,depth_slope,3,0,"time_context,true_order_flow_imbalance,cancellation_imbalance,trade_imbalance,queue_position",0.6129444217409072,0.2533438902084983,0.0,,,completed
fold_5,10,1,ridge,only_one_group,liquidity_concentration,2,0,"time_context,true_order_flow_imbalance,cancellation_imbalance,trade_imbalance,queue_position",0.6129444217409072,0.2533438902084983,0.0,,,completed
fold_5,10,1,ridge,only_one_group,snapshot_order_flow_proxy,40,40,"time_context,true_order_flow_imbalance,cancellation_imbalance,trade_imbalance,queue_position",0.6272987331426236,0.3056545819896637,0.1587421840467947,,,completed
fold_5,10,1,ridge,only_one_group,volatility_proxy,1,0,"time_context,true_order_flow_imbalance,cancellation_imbalance,trade_imbalance,queue_position",0.6125868410298324,0.2540475616094261,0.0021053182376992003,,,completed
fold_5,10,1,ridge,raw_lob_only,raw_lob,44,0,"time_context,true_order_flow_imbalance,cancellation_imbalance,trade_imbalance,queue_position",0.6160093992644053,0.27080088918703316,0.06927222286145084,,,completed
fold_5,10,1,ridge,derived_microstructure_only,derived_microstructure,54,40,"time_context,true_order_flow_imbalance,cancellation_imbalance,trade_imbalance,queue_position",0.6329434000817328,0.33920959475405627,0.17794810914402967,,,completed
fold_5,10,1,ridge,no_proxy_features,no_proxy,58,0,"time_context,true_order_flow_imbalance,cancellation_imbalance,trade_imbalance,queue_position",0.6191254597466285,0.2911637737302765,0.10083312099502903,,,completed
fold_5,10,2,logistic,all_features,all,98,40,"time_context,true_order_flow_imbalance,cancellation_imbalance,trade_imbalance,queue_position",0.814977523498161,0.7467497517083475,0.6556967425643054,0.12466072979353973,0.33827826420007406,completed
fold_5,10,2,logistic,remove_one_group,price_levels,78,40,"time_context,true_order_flow_imbalance,cancellation_imbalance,trade_imbalance,queue_position",0.8150030649775235,0.7469582960581368,0.6556451068361089,0.12730402611118916,0.3399961343121325,completed
fold_5,10,2,logistic,remove_one_group,size_levels,78,40,"time_context,true_order_flow_imbalance,cancellation_imbalance,trade_imbalance,queue_position",0.8156926849203106,0.7477151594525511,0.6570945155857784,0.12455538599386254,0.3374613979916691,completed
fold_5,10,2,logistic,remove_one_group,top_of_book,94,40,"time_context,true_order_flow_imbalance,cancellation_imbalance,trade_imbalance,queue_position",0.815028606456886,0.7468042926658157,0.6557942670686159,0.12453584018801477,0.338113133505004,completed
fold_5,10,2,logistic,remove_one_group,spread,96,40,"time_context,true_order_flow_imbalance,cancellation_imbalance,trade_imbalance,queue_position",0.8146454842664487,0.7456427047048494,0.6561619440116874,0.12208825266589728,0.3388456670194027,completed
fold_5,10,2,logistic,remove_one_group,midprice,97,40,"time_context,true_order_flow_imbalance,cancellation_imbalance,trade_imbalance,queue_position",0.8148498161013485,0.7465243637137644,0.6554291980897693,0.1242346698094344,0.33822972437416876,completed
fold_5,10,2,logistic,remove_one_group,microprice,97,40,"time_context,true_order_flow_imbalance,cancellation_imbalance,trade_imbalance,queue_position",0.8146710257458112,0.7461848360281019,0.6550869142685426,0.12395498623534691,0.33823235627250114,completed
fold_5,10,2,logistic,remove_one_group,top_of_book_imbalance,97,40,"time_context,true_order_flow_imbalance,cancellation_imbalance,trade_imbalance,queue_position",0.8138536984062117,0.7447488363365586,0.6534653804653777,0.12409195554034554,0.3389655278341531,completed
fold_5,10,2,logistic,remove_one_group,depth_imbalance,95,40,"time_context,true_order_flow_imbalance,cancellation_imbalance,trade_imbalance,queue_position",0.8137770739681243,0.7446066200870508,0.6533097156168534,0.12414062274197926,0.3389841764387919,completed
fold_5,10,2,logistic,remove_one_group,depth_slope,95,40,"time_context,true_order_flow_imbalance,cancellation_imbalance,trade_imbalance,queue_position",0.8133173273395995,0.7438091280128539,0.6524211728158533,0.12457395858729715,0.3391306842414224,completed
fold_5,10,2,logistic,remove_one_group,liquidity_concentration,96,40,"time_context,true_order_flow_imbalance,cancellation_imbalance,trade_imbalance,queue_position",0.8147221087045362,0.7462536761144772,0.6551501927772072,0.12444231033684296,0.33818616446486666,completed
fold_5,10,2,logistic,remove_one_group,snapshot_order_flow_proxy,58,0,"time_context,true_order_flow_imbalance,cancellation_imbalance,trade_imbalance,queue_position",0.6190743767879036,0.2931232957215197,0.10218869841108519,0.04334933181115325,0.542590163116838,completed
fold_5,10,2,logistic,remove_one_group,volatility_proxy,97,40,"time_context,true_order_flow_imbalance,cancellation_imbalance,trade_imbalance,queue_position",0.8152073968124234,0.7469710436449374,0.6562743882461467,0.12390274059230554,0.3377447834147612,completed
fold_5,10,2,logistic,only_one_group,price_levels,20,0,"time_context,true_order_flow_imbalance,cancellation_imbalance,trade_imbalance,queue_position",0.6138383735185942,0.2612337463738988,0.04013919492174375,0.039439636333973786,0.5471676372662236,completed
fold_5,10,2,logistic,only_one_group,size_levels,20,0,"time_context,true_order_flow_imbalance,cancellation_imbalance,trade_imbalance,queue_position",0.612510216591745,0.25428224177521336,0.0024348741489894654,0.04986267276129288,0.5518153933858913,completed
fold_5,10,2,logistic,only_one_group,top_of_book,4,0,"time_context,true_order_flow_imbalance,cancellation_imbalance,trade_imbalance,queue_position",0.6129444217409072,0.2533438902084983,0.0,0.03131964554638263,0.5522751373166881,completed
fold_5,10,2,logistic,only_one_group,spread,2,0,"time_context,true_order_flow_imbalance,cancellation_imbalance,trade_imbalance,queue_position",0.616724560686555,0.27644119990874233,0.0809910278242829,0.027654899347462167,0.5426261773556609,completed
fold_5,10,2,logistic,only_one_group,midprice,1,0,"time_context,true_order_flow_imbalance,cancellation_imbalance,trade_imbalance,queue_position",0.6129444217409072,0.2533438902084983,0.0,0.04436918093640452,0.5549478267145146,completed
fold_5,10,2,logistic,only_one_group,microprice,1,0,"time_context,true_order_flow_imbalance,cancellation_imbalance,trade_imbalance,queue_position",0.6129444217409072,0.2533438902084983,0.0,0.04374896316451081,0.554797828754478,completed
fold_5,10,2,logistic,only_one_group,top_of_book_imbalance,1,0,"time_context,true_order_flow_imbalance,cancellation_imbalance,trade_imbalance,queue_position",0.6129188802615447,0.2533373450094222,-0.0027972474282051247,0.012381577699437584,0.549661792983312,completed
fold_5,10,2,logistic,only_one_group,depth_imbalance,3,0,"time_context,true_order_flow_imbalance,cancellation_imbalance,trade_imbalance,queue_position",0.6129188802615447,0.2533373450094222,-0.0027972474282051247,0.012195955733406543,0.5496683998622214,completed
fold_5,10,2,logistic,only_one_group,depth_slope,3,0,"time_context,true_order_flow_imbalance,cancellation_imbalance,trade_imbalance,queue_position",0.6129444217409072,0.2533438902084983,0.0,0.013577571982261838,0.549770828555308,completed
fold_5,10,2,logistic,only_one_group,liquidity_concentration,2,0,"time_context,true_order_flow_imbalance,cancellation_imbalance,trade_imbalance,queue_position",0.6129444217409072,0.2533438902084983,0.0,0.012175820668301507,0.5496097945438758,completed
fold_5,10,2,logistic,only_one_group,snapshot_order_flow_proxy,40,40,"time_context,true_order_flow_imbalance,cancellation_imbalance,trade_imbalance,queue_position",0.8135982836125868,0.7430068563212271,0.6549194566725773,0.11573650568874433,0.33610328167042114,completed
fold_5,10,2,logistic,only_one_group,volatility_proxy,1,0,"time_context,true_order_flow_imbalance,cancellation_imbalance,trade_imbalance,queue_position",0.6125868410298324,0.2540475616094261,0.0021053182376992003,0.044140796807503165,0.5496599425785577,completed
fold_5,10,2,logistic,raw_lob_only,raw_lob,44,0,"time_context,true_order_flow_imbalance,cancellation_imbalance,trade_imbalance,queue_position",0.6130976706170821,0.2610406221198102,0.035494387181154566,0.03845990983010992,0.5447929186034098,completed
fold_5,10,2,logistic,derived_microstructure_only,derived_microstructure,54,40,"time_context,true_order_flow_imbalance,cancellation_imbalance,trade_imbalance,queue_position",0.8167143440948099,0.7496735900922138,0.6590490475825598,0.12893275306951674,0.339509140613635,completed
fold_5,10,2,logistic,no_proxy_features,no_proxy,58,0,"time_context,true_order_flow_imbalance,cancellation_imbalance,trade_imbalance,queue_position",0.6190743767879036,0.2931232957215197,0.10218869841108519,0.04334933181115325,0.542590163116838,completed
fold_5,10,2,ridge,all_features,all,98,40,"time_context,true_order_flow_imbalance,cancellation_imbalance,trade_imbalance,queue_position",0.6340161422149571,0.34370483900481313,0.1827734204038253,,,completed
fold_5,10,2,ridge,remove_one_group,price_levels,78,40,"time_context,true_order_flow_imbalance,cancellation_imbalance,trade_imbalance,queue_position",0.6336330200245198,0.3414447091883193,0.1811072376915325,,,completed
fold_5,10,2,ridge,remove_one_group,size_levels,78,40,"time_context,true_order_flow_imbalance,cancellation_imbalance,trade_imbalance,queue_position",0.6337351859419698,0.3418979889270184,0.1815514080585949,,,completed
fold_5,10,2,ridge,remove_one_group,top_of_book,94,40,"time_context,true_order_flow_imbalance,cancellation_imbalance,trade_imbalance,queue_position",0.6340672251736821,0.3436628929187083,0.18301127914323226,,,completed
fold_5,10,2,ridge,remove_one_group,spread,96,40,"time_context,true_order_flow_imbalance,cancellation_imbalance,trade_imbalance,queue_position",0.6319217409072333,0.32929351142557534,0.17464637587513024,,,completed
fold_5,10,2,ridge,remove_one_group,midprice,97,40,"time_context,true_order_flow_imbalance,cancellation_imbalance,trade_imbalance,queue_position",0.6339650592562321,0.3434828972232902,0.1825424081711794,,,completed
fold_5,10,2,ridge,remove_one_group,microprice,97,40,"time_context,true_order_flow_imbalance,cancellation_imbalance,trade_imbalance,queue_position",0.6339906007355947,0.3436933509285434,0.18265458801001963,,,completed
fold_5,10,2,ridge,remove_one_group,top_of_book_imbalance,97,40,"time_context,true_order_flow_imbalance,cancellation_imbalance,trade_imbalance,queue_position",0.6340161422149571,0.34370483900481313,0.1827734204038253,,,completed
fold_5,10,2,ridge,remove_one_group,depth_imbalance,95,40,"time_context,true_order_flow_imbalance,cancellation_imbalance,trade_imbalance,queue_position",0.6340161422149571,0.34370483900481313,0.1827734204038253,,,completed
fold_5,10,2,ridge,remove_one_group,depth_slope,95,40,"time_context,true_order_flow_imbalance,cancellation_imbalance,trade_imbalance,queue_position",0.6340161422149571,0.34370483900481313,0.1827734204038253,,,completed
fold_5,10,2,ridge,remove_one_group,liquidity_concentration,96,40,"time_context,true_order_flow_imbalance,cancellation_imbalance,trade_imbalance,queue_position",0.6340161422149571,0.34370483900481313,0.1827734204038253,,,completed
fold_5,10,2,ridge,remove_one_group,snapshot_order_flow_proxy,58,0,"time_context,true_order_flow_imbalance,cancellation_imbalance,trade_imbalance,queue_position",0.6191254597466285,0.2911637737302765,0.10083312099502903,,,completed
fold_5,10,2,ridge,remove_one_group,volatility_proxy,97,40,"time_context,true_order_flow_imbalance,cancellation_imbalance,trade_imbalance,queue_position",0.6342970984879445,0.34324778302747655,0.18413477642668827,,,completed
fold_5,10,2,ridge,only_one_group,price_levels,20,0,"time_context,true_order_flow_imbalance,cancellation_imbalance,trade_imbalance,queue_position",0.6156262770739681,0.2680169870005835,0.06449241467281845,,,completed
fold_5,10,2,ridge,only_one_group,size_levels,20,0,"time_context,true_order_flow_imbalance,cancellation_imbalance,trade_imbalance,queue_position",0.6126890069472823,0.25423948145404324,0.004898123090537964,,,completed
fold_5,10,2,ridge,only_one_group,top_of_book,4,0,"time_context,true_order_flow_imbalance,cancellation_imbalance,trade_imbalance,queue_position",0.6129444217409072,0.2533438902084983,0.0,,,completed
fold_5,10,2,ridge,only_one_group,spread,2,0,"time_context,true_order_flow_imbalance,cancellation_imbalance,trade_imbalance,queue_position",0.61657131181038,0.2753283508543624,0.07901693286516562,,,completed
fold_5,10,2,ridge,only_one_group,midprice,1,0,"time_context,true_order_flow_imbalance,cancellation_imbalance,trade_imbalance,queue_position",0.6129444217409072,0.2533438902084983,0.0,,,completed
fold_5,10,2,ridge,only_one_group,microprice,1,0,"time_context,true_order_flow_imbalance,cancellation_imbalance,trade_imbalance,queue_position",0.6129444217409072,0.2533438902084983,0.0,,,completed
fold_5,10,2,ridge,only_one_group,top_of_book_imbalance,1,0,"time_context,true_order_flow_imbalance,cancellation_imbalance,trade_imbalance,queue_position",0.6129188802615447,0.2533373450094222,-0.0027972474282051247,,,completed
fold_5,10,2,ridge,only_one_group,depth_imbalance,3,0,"time_context,true_order_flow_imbalance,cancellation_imbalance,trade_imbalance,queue_position",0.6129188802615447,0.2533373450094222,-0.0027972474282051247,,,completed
fold_5,10,2,ridge,only_one_group,depth_slope,3,0,"time_context,true_order_flow_imbalance,cancellation_imbalance,trade_imbalance,queue_position",0.6129444217409072,0.2533438902084983,0.0,,,completed
fold_5,10,2,ridge,only_one_group,liquidity_concentration,2,0,"time_context,true_order_flow_imbalance,cancellation_imbalance,trade_imbalance,queue_position",0.6129444217409072,0.2533438902084983,0.0,,,completed
fold_5,10,2,ridge,only_one_group,snapshot_order_flow_proxy,40,40,"time_context,true_order_flow_imbalance,cancellation_imbalance,trade_imbalance,queue_position",0.6272987331426236,0.3056545819896637,0.1587421840467947,,,completed
fold_5,10,2,ridge,only_one_group,volatility_proxy,1,0,"time_context,true_order_flow_imbalance,cancellation_imbalance,trade_imbalance,queue_position",0.6125868410298324,0.2540475616094261,0.0021053182376992003,,,completed
fold_5,10,2,ridge,raw_lob_only,raw_lob,44,0,"time_context,true_order_flow_imbalance,cancellation_imbalance,trade_imbalance,queue_position",0.6160093992644053,0.27080088918703316,0.06927222286145084,,,completed
fold_5,10,2,ridge,derived_microstructure_only,derived_microstructure,54,40,"time_context,true_order_flow_imbalance,cancellation_imbalance,trade_imbalance,queue_position",0.6329434000817328,0.33920959475405627,0.17794810914402967,,,completed
fold_5,10,2,ridge,no_proxy_features,no_proxy,58,0,"time_context,true_order_flow_imbalance,cancellation_imbalance,trade_imbalance,queue_position",0.6191254597466285,0.2911637737302765,0.10083312099502903,,,completed
