run_id,fold,horizon,seed,lookback,model_family,confidence_threshold,n_total,n_active,active_fraction,macro_f1,mcc
fold_1__h10__seed_0__lb20__supervised,1,10,0,20,matrix_transformer,0.0,38378,38378,1.0,0.6905555155280024,0.5673478511817102
fold_1__h10__seed_0__lb20__supervised,1,10,0,20,matrix_transformer,0.5,38378,35263,0.9188337068111939,0.7204979038864251,0.6125827818267049
fold_1__h10__seed_0__lb20__supervised,1,10,0,20,matrix_transformer,0.6,38378,31952,0.8325603210172494,0.7498375887549716,0.6572200019876753
fold_1__h10__seed_0__lb20__supervised,1,10,0,20,matrix_transformer,0.7,38378,28864,0.7520975558913962,0.7802180922434729,0.7017782812551869
fold_1__h10__seed_0__lb20__supervised,1,10,0,20,matrix_transformer,0.8,38378,25445,0.6630100578456407,0.8115096478812752,0.7463982101817697
fold_1__h10__seed_0__lb20__supervised,1,10,0,20,matrix_transformer,0.9,38378,19894,0.5183698994215435,0.8526872710650704,0.8015277654290803
fold_1__h10__seed_0__lb20__deeplob_style__supervised,1,10,0,20,deeplob_style,0.0,38378,38378,1.0,0.5808968714683559,0.4352692546722922
fold_1__h10__seed_0__lb20__deeplob_style__supervised,1,10,0,20,deeplob_style,0.5,38378,33811,0.8809995309812914,0.6139784559284552,0.48731678657392
fold_1__h10__seed_0__lb20__deeplob_style__supervised,1,10,0,20,deeplob_style,0.6,38378,27622,0.7197352649955704,0.6561879553300064,0.5463996956110028
fold_1__h10__seed_0__lb20__deeplob_style__supervised,1,10,0,20,deeplob_style,0.7,38378,20186,0.5259784251394027,0.7107749970186193,0.6125968313152895
fold_1__h10__seed_0__lb20__deeplob_style__supervised,1,10,0,20,deeplob_style,0.8,38378,11954,0.31148053572359163,0.7973747068578834,0.720174889579048
fold_1__h10__seed_0__lb20__deeplob_style__supervised,1,10,0,20,deeplob_style,0.9,38378,6224,0.1621762468080671,0.8985469084936856,0.8604768127285671
fold_1__h10__seed_0__lb50__supervised,1,10,0,50,matrix_transformer,0.0,38348,38348,1.0,0.2521758721161697,0.0007972982358240225
fold_1__h10__seed_0__lb50__supervised,1,10,0,50,matrix_transformer,0.5,38348,19565,0.5101960988839053,0.2419269052503609,0.0
fold_1__h10__seed_0__lb50__supervised,1,10,0,50,matrix_transformer,0.6,38348,18499,0.48239803901116096,0.24564158587100005,0.0
fold_1__h10__seed_0__lb50__supervised,1,10,0,50,matrix_transformer,0.7,38348,0,0.0,,
fold_1__h10__seed_0__lb50__supervised,1,10,0,50,matrix_transformer,0.8,38348,0,0.0,,
fold_1__h10__seed_0__lb50__supervised,1,10,0,50,matrix_transformer,0.9,38348,0,0.0,,
fold_1__h10__seed_0__lb50__deeplob_style__supervised,1,10,0,50,deeplob_style,0.0,38348,38348,1.0,0.5571493472336008,0.38643684653307075
fold_1__h10__seed_0__lb50__deeplob_style__supervised,1,10,0,50,deeplob_style,0.5,38348,33297,0.8682851778449985,0.5866945017249795,0.4373007727756177
fold_1__h10__seed_0__lb50__deeplob_style__supervised,1,10,0,50,deeplob_style,0.6,38348,26590,0.6933868780640451,0.636955789147022,0.508094322425653
fold_1__h10__seed_0__lb50__deeplob_style__supervised,1,10,0,50,deeplob_style,0.7,38348,19114,0.4984353812454365,0.7051202404428247,0.5970528227790658
fold_1__h10__seed_0__lb50__deeplob_style__supervised,1,10,0,50,deeplob_style,0.8,38348,12438,0.3243454678210076,0.785497095874458,0.7046155697483613
fold_1__h10__seed_0__lb50__deeplob_style__supervised,1,10,0,50,deeplob_style,0.9,38348,6770,0.176541149473245,0.8729334334834672,0.8230242873387029
fold_1__h10__seed_0__lb100__supervised,1,10,0,100,matrix_transformer,0.0,38298,38298,1.0,0.26815494791316863,-0.033121104991748404
fold_1__h10__seed_0__lb100__supervised,1,10,0,100,matrix_transformer,0.5,38298,19525,0.509817745051961,0.24228395061728394,0.0
fold_1__h10__seed_0__lb100__supervised,1,10,0,100,matrix_transformer,0.6,38298,19493,0.5089821922815813,0.2423431071638477,0.0
fold_1__h10__seed_0__lb100__supervised,1,10,0,100,matrix_transformer,0.7,38298,0,0.0,,
fold_1__h10__seed_0__lb100__supervised,1,10,0,100,matrix_transformer,0.8,38298,0,0.0,,
fold_1__h10__seed_0__lb100__supervised,1,10,0,100,matrix_transformer,0.9,38298,0,0.0,,
fold_1__h10__seed_0__lb100__deeplob_style__supervised,1,10,0,100,deeplob_style,0.0,38298,38298,1.0,0.5604026023263821,0.40148282779469896
fold_1__h10__seed_0__lb100__deeplob_style__supervised,1,10,0,100,deeplob_style,0.5,38298,34911,0.9115619614601285,0.57691481493388,0.4392888211700319
fold_1__h10__seed_0__lb100__deeplob_style__supervised,1,10,0,100,deeplob_style,0.6,38298,30588,0.798684004386652,0.6012766375949496,0.48320349048565225
fold_1__h10__seed_0__lb100__deeplob_style__supervised,1,10,0,100,deeplob_style,0.7,38298,26059,0.6804271763538566,0.6216947982583921,0.5147893634627343
fold_1__h10__seed_0__lb100__deeplob_style__supervised,1,10,0,100,deeplob_style,0.8,38298,19970,0.521437150765053,0.6463870212154196,0.5471137548942401
fold_1__h10__seed_0__lb100__deeplob_style__supervised,1,10,0,100,deeplob_style,0.9,38298,11108,0.2900412554180375,0.6748623412273321,0.5787145093578745
fold_1__h10__seed_1__lb20__supervised,1,10,1,20,matrix_transformer,0.0,38378,38378,1.0,0.6736789523869705,0.538546440997973
fold_1__h10__seed_1__lb20__supervised,1,10,1,20,matrix_transformer,0.5,38378,34378,0.8957736203032988,0.709506961389439,0.5923673188145687
fold_1__h10__seed_1__lb20__supervised,1,10,1,20,matrix_transformer,0.6,38378,30398,0.792068372505081,0.7473743402207242,0.6504574911135365
fold_1__h10__seed_1__lb20__supervised,1,10,1,20,matrix_transformer,0.7,38378,26701,0.695737141070405,0.7825042329477417,0.7046498205761191
fold_1__h10__seed_1__lb20__supervised,1,10,1,20,matrix_transformer,0.8,38378,22657,0.5903642711970399,0.8177615637668012,0.757626824565297
fold_1__h10__seed_1__lb20__supervised,1,10,1,20,matrix_transformer,0.9,38378,17225,0.4488248475689197,0.8564906034046939,0.8150540855832594
fold_1__h10__seed_1__lb20__deeplob_style__supervised,1,10,1,20,deeplob_style,0.0,38378,38378,1.0,0.5967851631907861,0.4185636363811408
fold_1__h10__seed_1__lb20__deeplob_style__supervised,1,10,1,20,deeplob_style,0.5,38378,19621,0.5112564490072438,0.7240041450375765,0.6149926660553799
fold_1__h10__seed_1__lb20__deeplob_style__supervised,1,10,1,20,deeplob_style,0.6,38378,14937,0.3892073583824066,0.777957421053136,0.6940887041316977
fold_1__h10__seed_1__lb20__deeplob_style__supervised,1,10,1,20,deeplob_style,0.7,38378,12281,0.32000104226379694,0.8099205515070667,0.741399278997861
fold_1__h10__seed_1__lb20__deeplob_style__supervised,1,10,1,20,deeplob_style,0.8,38378,9888,0.25764761061024544,0.8460354427168975,0.7926685536370502
fold_1__h10__seed_1__lb20__deeplob_style__supervised,1,10,1,20,deeplob_style,0.9,38378,6526,0.17004533847516806,0.8866622144689239,0.848933426330202
fold_1__h10__seed_1__lb50__supervised,1,10,1,50,matrix_transformer,0.0,38348,38348,1.0,0.2729783754213661,-0.03364387997373246
fold_1__h10__seed_1__lb50__supervised,1,10,1,50,matrix_transformer,0.5,38348,19556,0.5099614060707207,0.2419424897923725,0.0
fold_1__h10__seed_1__lb50__supervised,1,10,1,50,matrix_transformer,0.6,38348,19543,0.5096224053405654,0.24190656277507905,0.0
fold_1__h10__seed_1__lb50__supervised,1,10,1,50,matrix_transformer,0.7,38348,0,0.0,,
fold_1__h10__seed_1__lb50__supervised,1,10,1,50,matrix_transformer,0.8,38348,0,0.0,,
fold_1__h10__seed_1__lb50__supervised,1,10,1,50,matrix_transformer,0.9,38348,0,0.0,,
fold_1__h10__seed_1__lb50__deeplob_style__supervised,1,10,1,50,deeplob_style,0.0,38348,38348,1.0,0.5056787374273811,0.30485204100548563
fold_1__h10__seed_1__lb50__deeplob_style__supervised,1,10,1,50,deeplob_style,0.5,38348,27729,0.7230885574215082,0.5858788051044519,0.4126253430080659
fold_1__h10__seed_1__lb50__deeplob_style__supervised,1,10,1,50,deeplob_style,0.6,38348,18845,0.4914206738291436,0.7091168810665917,0.5903124449582046
fold_1__h10__seed_1__lb50__deeplob_style__supervised,1,10,1,50,deeplob_style,0.7,38348,14044,0.3662250964848232,0.7910404254126678,0.7142002816795089
fold_1__h10__seed_1__lb50__deeplob_style__supervised,1,10,1,50,deeplob_style,0.8,38348,10655,0.27785021383122976,0.8361827403809957,0.7812301140973645
fold_1__h10__seed_1__lb50__deeplob_style__supervised,1,10,1,50,deeplob_style,0.9,38348,6860,0.17888807760509023,0.8844668228537215,0.8484923206916567
fold_1__h10__seed_1__lb100__supervised,1,10,1,100,matrix_transformer,0.0,38298,38298,1.0,0.2666516771363188,-0.03405456590077106
fold_1__h10__seed_1__lb100__supervised,1,10,1,100,matrix_transformer,0.5,38298,19510,0.5094260796908455,0.24234713296142849,0.0
fold_1__h10__seed_1__lb100__supervised,1,10,1,100,matrix_transformer,0.6,38298,19478,0.5085905269204658,0.24229549985293639,0.0
fold_1__h10__seed_1__lb100__supervised,1,10,1,100,matrix_transformer,0.7,38298,0,0.0,,
fold_1__h10__seed_1__lb100__supervised,1,10,1,100,matrix_transformer,0.8,38298,0,0.0,,
fold_1__h10__seed_1__lb100__supervised,1,10,1,100,matrix_transformer,0.9,38298,0,0.0,,
fold_1__h10__seed_1__lb100__deeplob_style__supervised,1,10,1,100,deeplob_style,0.0,38298,38298,1.0,0.44411684668780776,0.24419676381367555
fold_1__h10__seed_1__lb100__deeplob_style__supervised,1,10,1,100,deeplob_style,0.5,38298,36346,0.9490312810068411,0.4469706939783759,0.2566264792496492
fold_1__h10__seed_1__lb100__deeplob_style__supervised,1,10,1,100,deeplob_style,0.6,38298,32610,0.8514804950650164,0.45573557474358756,0.2803184922037304
fold_1__h10__seed_1__lb100__deeplob_style__supervised,1,10,1,100,deeplob_style,0.7,38298,28793,0.7518147161731683,0.46472429037191293,0.30243655782033474
fold_1__h10__seed_1__lb100__deeplob_style__supervised,1,10,1,100,deeplob_style,0.8,38298,23071,0.6024074364196563,0.4839315228810261,0.3332237097286217
fold_1__h10__seed_1__lb100__deeplob_style__supervised,1,10,1,100,deeplob_style,0.9,38298,12877,0.33623165700558777,0.5711067710562049,0.45582915636051513
fold_1__h10__seed_2__lb20__supervised,1,10,2,20,matrix_transformer,0.0,38378,38378,1.0,0.6885389148367689,0.5691618482230616
fold_1__h10__seed_2__lb20__supervised,1,10,2,20,matrix_transformer,0.5,38378,35659,0.9291521184011673,0.7136841847453673,0.6070422199122608
fold_1__h10__seed_2__lb20__supervised,1,10,2,20,matrix_transformer,0.6,38378,32463,0.8458752410235031,0.7412464820157729,0.6486003469190235
fold_1__h10__seed_2__lb20__supervised,1,10,2,20,matrix_transformer,0.7,38378,29363,0.7650997967585595,0.7702386504826614,0.691048551523459
fold_1__h10__seed_2__lb20__supervised,1,10,2,20,matrix_transformer,0.8,38378,25945,0.6760383553077284,0.8008063012285288,0.7352659646033607
fold_1__h10__seed_2__lb20__supervised,1,10,2,20,matrix_transformer,0.9,38378,20565,0.5358538746156652,0.8342071982540817,0.7828033235394661
fold_1__h10__seed_2__lb20__deeplob_style__supervised,1,10,2,20,deeplob_style,0.0,38378,38378,1.0,0.6336027393177105,0.5225967069215747
fold_1__h10__seed_2__lb20__deeplob_style__supervised,1,10,2,20,deeplob_style,0.5,38378,34932,0.9102089738912919,0.6605335254279922,0.5683678400609917
fold_1__h10__seed_2__lb20__deeplob_style__supervised,1,10,2,20,deeplob_style,0.6,38378,31047,0.8089791026108708,0.6927389468376081,0.6137837551640457
fold_1__h10__seed_2__lb20__deeplob_style__supervised,1,10,2,20,deeplob_style,0.7,38378,26852,0.6996716869039554,0.7321369696271506,0.6621624100434345
fold_1__h10__seed_2__lb20__deeplob_style__supervised,1,10,2,20,deeplob_style,0.8,38378,21604,0.5629266767418833,0.7803352527557896,0.7191364279005865
fold_1__h10__seed_2__lb20__deeplob_style__supervised,1,10,2,20,deeplob_style,0.9,38378,10119,0.26366668403772997,0.8703008054304039,0.8301911389797426
fold_1__h10__seed_2__lb50__supervised,1,10,2,50,matrix_transformer,0.0,38348,38348,1.0,0.63934248711728,0.48455656072913006
fold_1__h10__seed_2__lb50__supervised,1,10,2,50,matrix_transformer,0.5,38348,33176,0.8651298633566288,0.6793505163371288,0.5455977118247902
fold_1__h10__seed_2__lb50__supervised,1,10,2,50,matrix_transformer,0.6,38348,28425,0.7412381349744446,0.7205300257693356,0.6089657085435264
fold_1__h10__seed_2__lb50__supervised,1,10,2,50,matrix_transformer,0.7,38348,23992,0.6256388859914468,0.7579579037271893,0.6654742646507363
fold_1__h10__seed_2__lb50__supervised,1,10,2,50,matrix_transformer,0.8,38348,19064,0.4971315322833003,0.8050658596551751,0.7341036617209984
fold_1__h10__seed_2__lb50__supervised,1,10,2,50,matrix_transformer,0.9,38348,12559,0.3275007823093773,0.8460215877911704,0.7943018865869448
fold_1__h10__seed_2__lb50__deeplob_style__supervised,1,10,2,50,deeplob_style,0.0,38348,38348,1.0,0.47925582691303914,0.29288969811218085
fold_1__h10__seed_2__lb50__deeplob_style__supervised,1,10,2,50,deeplob_style,0.5,38348,33688,0.8784812767289037,0.5098605064577514,0.333529338138697
fold_1__h10__seed_2__lb50__deeplob_style__supervised,1,10,2,50,deeplob_style,0.6,38348,24258,0.6325753624700114,0.6172169236337656,0.46391565034692894
fold_1__h10__seed_2__lb50__deeplob_style__supervised,1,10,2,50,deeplob_style,0.7,38348,17021,0.4438562636904141,0.7503238859962149,0.6447724908936889
fold_1__h10__seed_2__lb50__deeplob_style__supervised,1,10,2,50,deeplob_style,0.8,38348,12412,0.32366746636069677,0.8415659343836387,0.7813911424501523
fold_1__h10__seed_2__lb50__deeplob_style__supervised,1,10,2,50,deeplob_style,0.9,38348,7845,0.20457390215917387,0.890054525774984,0.8531827174960677
fold_1__h10__seed_2__lb100__supervised,1,10,2,100,matrix_transformer,0.0,38298,38298,1.0,0.2666922689166867,-0.03417531045942245
fold_1__h10__seed_2__lb100__supervised,1,10,2,100,matrix_transformer,0.5,38298,19517,0.5096088568593661,0.2423194833996478,0.0
fold_1__h10__seed_2__lb100__supervised,1,10,2,100,matrix_transformer,0.6,38298,19469,0.5083555277037966,0.24232517082420635,0.0
fold_1__h10__seed_2__lb100__supervised,1,10,2,100,matrix_transformer,0.7,38298,0,0.0,,
fold_1__h10__seed_2__lb100__supervised,1,10,2,100,matrix_transformer,0.8,38298,0,0.0,,
fold_1__h10__seed_2__lb100__supervised,1,10,2,100,matrix_transformer,0.9,38298,0,0.0,,
fold_1__h10__seed_2__lb100__deeplob_style__supervised,1,10,2,100,deeplob_style,0.0,38298,38298,1.0,0.5226350245640278,0.329927709875311
fold_1__h10__seed_2__lb100__deeplob_style__supervised,1,10,2,100,deeplob_style,0.5,38298,34477,0.9002297770118544,0.538697139608873,0.3580746351958517
fold_1__h10__seed_2__lb100__deeplob_style__supervised,1,10,2,100,deeplob_style,0.6,38298,21063,0.5499765000783331,0.6301252398425855,0.4972738319147712
fold_1__h10__seed_2__lb100__deeplob_style__supervised,1,10,2,100,deeplob_style,0.7,38298,13018,0.33991331140007314,0.7252580114209337,0.629676981100102
fold_1__h10__seed_2__lb100__deeplob_style__supervised,1,10,2,100,deeplob_style,0.8,38298,8223,0.2147109509634968,0.8092295865770796,0.7431232695551708
fold_1__h10__seed_2__lb100__deeplob_style__supervised,1,10,2,100,deeplob_style,0.9,38298,4429,0.11564572562535903,0.8688050013129969,0.8217356879821356
fold_1__h50__seed_0__lb20__supervised,1,50,0,20,matrix_transformer,0.0,38378,38378,1.0,0.6470251969018043,0.47033217365327606
fold_1__h50__seed_0__lb20__supervised,1,50,0,20,matrix_transformer,0.5,38378,35292,0.919589348063995,0.6665139161452004,0.49882838440183935
fold_1__h50__seed_0__lb20__supervised,1,50,0,20,matrix_transformer,0.6,38378,30114,0.7846682995466152,0.6930827633112763,0.5412458407698183
fold_1__h50__seed_0__lb20__supervised,1,50,0,20,matrix_transformer,0.7,38378,25097,0.6539423628120278,0.7221585125909611,0.5881255527205451
fold_1__h50__seed_0__lb20__supervised,1,50,0,20,matrix_transformer,0.8,38378,19644,0.5118557506904997,0.7584255205201659,0.6470457255375541
fold_1__h50__seed_0__lb20__supervised,1,50,0,20,matrix_transformer,0.9,38378,12592,0.3281046432852155,0.8018971003073547,0.721087635474461
fold_1__h50__seed_0__lb20__deeplob_style__supervised,1,50,0,20,deeplob_style,0.0,38378,38378,1.0,0.44020155205767963,0.21173052813795482
fold_1__h50__seed_0__lb20__deeplob_style__supervised,1,50,0,20,deeplob_style,0.5,38378,29229,0.7616082130387201,0.45500169416477076,0.25277089021443516
fold_1__h50__seed_0__lb20__deeplob_style__supervised,1,50,0,20,deeplob_style,0.6,38378,17993,0.46883631247068636,0.5447445062899835,0.361078846916831
fold_1__h50__seed_0__lb20__deeplob_style__supervised,1,50,0,20,deeplob_style,0.7,38378,6209,0.16178539788420448,0.7611701751049157,0.6368416249579999
fold_1__h50__seed_0__lb20__deeplob_style__supervised,1,50,0,20,deeplob_style,0.8,38378,2491,0.06490697795612069,0.8296273606417075,0.7525457094501696
fold_1__h50__seed_0__lb20__deeplob_style__supervised,1,50,0,20,deeplob_style,0.9,38378,281,0.007321903173693261,0.8737337536640672,0.8259522219792642
fold_1__h50__seed_0__lb50__supervised,1,50,0,50,matrix_transformer,0.0,38348,38348,1.0,0.5162278955480383,0.2850297749315215
fold_1__h50__seed_0__lb50__supervised,1,50,0,50,matrix_transformer,0.5,38348,32370,0.8441118180869928,0.5382393190590707,0.3198572777112045
fold_1__h50__seed_0__lb50__supervised,1,50,0,50,matrix_transformer,0.6,38348,24988,0.6516115573172003,0.5665405345299481,0.36571934386139343
fold_1__h50__seed_0__lb50__supervised,1,50,0,50,matrix_transformer,0.7,38348,18152,0.4733493272139355,0.6028906934165729,0.4234513711507694
fold_1__h50__seed_0__lb50__supervised,1,50,0,50,matrix_transformer,0.8,38348,11838,0.3086992802753729,0.6474443793372796,0.495112157614101
fold_1__h50__seed_0__lb50__supervised,1,50,0,50,matrix_transformer,0.9,38348,4932,0.12861166162511734,0.7259324535980989,0.6135963223067293
fold_1__h50__seed_0__lb50__deeplob_style__supervised,1,50,0,50,deeplob_style,0.0,38348,38348,1.0,0.41089991108805296,0.1945670943145385
fold_1__h50__seed_0__lb50__deeplob_style__supervised,1,50,0,50,deeplob_style,0.5,38348,30337,0.7910973192865338,0.4011336646814054,0.22740389996623717
fold_1__h50__seed_0__lb50__deeplob_style__supervised,1,50,0,50,deeplob_style,0.6,38348,25764,0.6718472932095546,0.3698027490986307,0.2292660565635233
fold_1__h50__seed_0__lb50__deeplob_style__supervised,1,50,0,50,deeplob_style,0.7,38348,20656,0.5386460832377178,0.33103437482675185,0.21817415505788504
fold_1__h50__seed_0__lb50__deeplob_style__supervised,1,50,0,50,deeplob_style,0.8,38348,1379,0.03596015437571712,0.7805117215837581,0.7174083886957342
fold_1__h50__seed_0__lb50__deeplob_style__supervised,1,50,0,50,deeplob_style,0.9,38348,2,5.2153958485449043e-05,1.0,0.0
fold_1__h50__seed_0__lb100__supervised,1,50,0,100,matrix_transformer,0.0,38298,38298,1.0,0.3494453719306752,0.03985405930128925
fold_1__h50__seed_0__lb100__supervised,1,50,0,100,matrix_transformer,0.5,38298,8944,0.23353699932111338,0.19846818913905398,-0.0059852723084776425
fold_1__h50__seed_0__lb100__supervised,1,50,0,100,matrix_transformer,0.6,38298,5436,0.14193952686824376,0.16694245265673838,0.0
fold_1__h50__seed_0__lb100__supervised,1,50,0,100,matrix_transformer,0.7,38298,2555,0.06671366651000052,0.1842726328707637,0.0
fold_1__h50__seed_0__lb100__supervised,1,50,0,100,matrix_transformer,0.8,38298,0,0.0,,
fold_1__h50__seed_0__lb100__supervised,1,50,0,100,matrix_transformer,0.9,38298,0,0.0,,
fold_1__h50__seed_0__lb100__deeplob_style__supervised,1,50,0,100,deeplob_style,0.0,38298,38298,1.0,0.42870847539463114,0.19796185085665974
fold_1__h50__seed_0__lb100__deeplob_style__supervised,1,50,0,100,deeplob_style,0.5,38298,33271,0.8687398819781712,0.4306164217290617,0.2249306553595075
fold_1__h50__seed_0__lb100__deeplob_style__supervised,1,50,0,100,deeplob_style,0.6,38298,29003,0.7572980312287848,0.4164495493467059,0.23372850172551238
fold_1__h50__seed_0__lb100__deeplob_style__supervised,1,50,0,100,deeplob_style,0.7,38298,24899,0.6501383884275941,0.38300010385236377,0.23162782946198499
fold_1__h50__seed_0__lb100__deeplob_style__supervised,1,50,0,100,deeplob_style,0.8,38298,20585,0.537495430570787,0.320251159552656,0.21505843840131225
fold_1__h50__seed_0__lb100__deeplob_style__supervised,1,50,0,100,deeplob_style,0.9,38298,576,0.015039949866833777,0.6596135430823777,0.5912892998217029
fold_1__h50__seed_1__lb20__supervised,1,50,1,20,matrix_transformer,0.0,38378,38378,1.0,0.6404663187829639,0.45689131505843816
fold_1__h50__seed_1__lb20__supervised,1,50,1,20,matrix_transformer,0.5,38378,34045,0.8870967741935484,0.6699861373559117,0.500311364711183
fold_1__h50__seed_1__lb20__supervised,1,50,1,20,matrix_transformer,0.6,38378,27684,0.7213507738808692,0.7088976876077648,0.5632858802421826
fold_1__h50__seed_1__lb20__supervised,1,50,1,20,matrix_transformer,0.7,38378,21480,0.5596956589712856,0.7486145547592883,0.6285932646997757
fold_1__h50__seed_1__lb20__supervised,1,50,1,20,matrix_transformer,0.8,38378,15089,0.39316796081088123,0.7906180698643706,0.6982271936922554
fold_1__h50__seed_1__lb20__supervised,1,50,1,20,matrix_transformer,0.9,38378,7592,0.19782166866433895,0.8509842881013966,0.8002461878246262
fold_1__h50__seed_1__lb20__deeplob_style__supervised,1,50,1,20,deeplob_style,0.0,38378,38378,1.0,0.39990974679487845,0.21418635041635695
fold_1__h50__seed_1__lb20__deeplob_style__supervised,1,50,1,20,deeplob_style,0.5,38378,29107,0.7584293084579707,0.42077418517433,0.2538375126618253
fold_1__h50__seed_1__lb20__deeplob_style__supervised,1,50,1,20,deeplob_style,0.6,38378,11077,0.2886289019750899,0.6213963356632557,0.4598121276291186
fold_1__h50__seed_1__lb20__deeplob_style__supervised,1,50,1,20,deeplob_style,0.7,38378,6421,0.16730939600812966,0.7139245389317845,0.5783988055251531
fold_1__h50__seed_1__lb20__deeplob_style__supervised,1,50,1,20,deeplob_style,0.8,38378,3201,0.08340716035228517,0.8105207162519283,0.7196274543603176
fold_1__h50__seed_1__lb20__deeplob_style__supervised,1,50,1,20,deeplob_style,0.9,38378,786,0.020480483610401792,0.8840420261261595,0.8422354127693438
fold_1__h50__seed_1__lb50__supervised,1,50,1,50,matrix_transformer,0.0,38348,38348,1.0,0.5138896310575322,0.2823014793742956
fold_1__h50__seed_1__lb50__supervised,1,50,1,50,matrix_transformer,0.5,38348,32035,0.8353760300406801,0.5390051800948371,0.3197487406587424
fold_1__h50__seed_1__lb50__supervised,1,50,1,50,matrix_transformer,0.6,38348,23912,0.6235527276520287,0.570060457962393,0.3680176456450097
fold_1__h50__seed_1__lb50__supervised,1,50,1,50,matrix_transformer,0.7,38348,16463,0.42930530927297383,0.6055780524534164,0.42371269438083126
fold_1__h50__seed_1__lb50__supervised,1,50,1,50,matrix_transformer,0.8,38348,9478,0.24715760926254302,0.6615429899134524,0.5103241047608988
fold_1__h50__seed_1__lb50__supervised,1,50,1,50,matrix_transformer,0.9,38348,3199,0.08342025659747575,0.7589245446565257,0.6770053278429888
fold_1__h50__seed_1__lb50__deeplob_style__supervised,1,50,1,50,deeplob_style,0.0,38348,38348,1.0,0.4137179990119588,0.197292292283872
fold_1__h50__seed_1__lb50__deeplob_style__supervised,1,50,1,50,deeplob_style,0.5,38348,24401,0.6363043705017211,0.43165435717401984,0.2576861420132927
fold_1__h50__seed_1__lb50__deeplob_style__supervised,1,50,1,50,deeplob_style,0.6,38348,11093,0.2892719307395431,0.5516399480017281,0.38665673941956513
fold_1__h50__seed_1__lb50__deeplob_style__supervised,1,50,1,50,deeplob_style,0.7,38348,2989,0.07794409095650359,0.719414205126888,0.5734969662310824
fold_1__h50__seed_1__lb50__deeplob_style__supervised,1,50,1,50,deeplob_style,0.8,38348,425,0.011082716178157922,0.6474067605296095,0.5296475047914827
fold_1__h50__seed_1__lb50__deeplob_style__supervised,1,50,1,50,deeplob_style,0.9,38348,0,0.0,,
fold_1__h50__seed_1__lb100__supervised,1,50,1,100,matrix_transformer,0.0,38298,38298,1.0,0.36066340684516546,0.049756311818397396
fold_1__h50__seed_1__lb100__supervised,1,50,1,100,matrix_transformer,0.5,38298,2414,0.06303201211551517,0.3280140869183445,0.057085393282959015
fold_1__h50__seed_1__lb100__supervised,1,50,1,100,matrix_transformer,0.6,38298,908,0.02370880985952269,0.19732293063513348,0.014640998763382145
fold_1__h50__seed_1__lb100__supervised,1,50,1,100,matrix_transformer,0.7,38298,398,0.01039218758159695,0.20035149384885764,0.0
fold_1__h50__seed_1__lb100__supervised,1,50,1,100,matrix_transformer,0.8,38298,87,0.002271659094469685,0.2338308457711443,0.0
fold_1__h50__seed_1__lb100__supervised,1,50,1,100,matrix_transformer,0.9,38298,0,0.0,,
fold_1__h50__seed_1__lb100__deeplob_style__supervised,1,50,1,100,deeplob_style,0.0,38298,38298,1.0,0.4760769714186947,0.24613992523779643
fold_1__h50__seed_1__lb100__deeplob_style__supervised,1,50,1,100,deeplob_style,0.5,38298,36083,0.9421640816752833,0.4794023323635849,0.2567197124538233
fold_1__h50__seed_1__lb100__deeplob_style__supervised,1,50,1,100,deeplob_style,0.6,38298,32598,0.851167162776124,0.4838954522320149,0.27095830495572065
fold_1__h50__seed_1__lb100__deeplob_style__supervised,1,50,1,100,deeplob_style,0.7,38298,28988,0.7569063658676694,0.4862327878172284,0.2844242156677144
fold_1__h50__seed_1__lb100__deeplob_style__supervised,1,50,1,100,deeplob_style,0.8,38298,24455,0.6385450937385764,0.48921129066446917,0.30385272579555145
fold_1__h50__seed_1__lb100__deeplob_style__supervised,1,50,1,100,deeplob_style,0.9,38298,17415,0.4547234842550525,0.4931821940665187,0.3308132085200233
fold_1__h50__seed_2__lb20__supervised,1,50,2,20,matrix_transformer,0.0,38378,38378,1.0,0.6282757192137677,0.4584097422077833
fold_1__h50__seed_2__lb20__supervised,1,50,2,20,matrix_transformer,0.5,38378,35416,0.9228203658345927,0.6475904000786809,0.4870450439503725
fold_1__h50__seed_2__lb20__supervised,1,50,2,20,matrix_transformer,0.6,38378,29794,0.7763301891708791,0.6754559447133571,0.5350544490525718
fold_1__h50__seed_2__lb20__supervised,1,50,2,20,matrix_transformer,0.7,38378,24112,0.6282766168117151,0.7045736304521514,0.5851056841746736
fold_1__h50__seed_2__lb20__supervised,1,50,2,20,matrix_transformer,0.8,38378,18064,0.4706863307103028,0.7400803210005394,0.6494409469798609
fold_1__h50__seed_2__lb20__supervised,1,50,2,20,matrix_transformer,0.9,38378,10615,0.2765907551201209,0.7822114676686183,0.7434734854773719
fold_1__h50__seed_2__lb20__deeplob_style__supervised,1,50,2,20,deeplob_style,0.0,38378,38378,1.0,0.48249861345237327,0.2703561994300549
fold_1__h50__seed_2__lb20__deeplob_style__supervised,1,50,2,20,deeplob_style,0.5,38378,35406,0.922559799885351,0.49194734103080995,0.2875430322867728
fold_1__h50__seed_2__lb20__deeplob_style__supervised,1,50,2,20,deeplob_style,0.6,38378,30376,0.7914951274167492,0.5124911498120652,0.3211097487711824
fold_1__h50__seed_2__lb20__deeplob_style__supervised,1,50,2,20,deeplob_style,0.7,38378,24480,0.6378654437438116,0.5522712587614323,0.3735909010869433
fold_1__h50__seed_2__lb20__deeplob_style__supervised,1,50,2,20,deeplob_style,0.8,38378,17037,0.44392620772317476,0.6362977754239552,0.4813964224811225
fold_1__h50__seed_2__lb20__deeplob_style__supervised,1,50,2,20,deeplob_style,0.9,38378,9385,0.24454114336338528,0.759547394042129,0.6526905748763934
fold_1__h50__seed_2__lb50__supervised,1,50,2,50,matrix_transformer,0.0,38348,38348,1.0,0.39699162595829945,0.11008038641334386
fold_1__h50__seed_2__lb50__supervised,1,50,2,50,matrix_transformer,0.5,38348,11151,0.29078439553562113,0.4404665460565047,0.16665621544887244
fold_1__h50__seed_2__lb50__supervised,1,50,2,50,matrix_transformer,0.6,38348,2749,0.07168561593824971,0.3613917410686634,0.14176815745911026
fold_1__h50__seed_2__lb50__supervised,1,50,2,50,matrix_transformer,0.7,38348,747,0.01947950349431522,0.2891465343687087,0.09603201700098515
fold_1__h50__seed_2__lb50__supervised,1,50,2,50,matrix_transformer,0.8,38348,86,0.002242620214874309,0.26004728132387706,0.0
fold_1__h50__seed_2__lb50__supervised,1,50,2,50,matrix_transformer,0.9,38348,0,0.0,,
fold_1__h50__seed_2__lb50__deeplob_style__supervised,1,50,2,50,deeplob_style,0.0,38348,38348,1.0,0.3718388067360669,0.1261246249436934
fold_1__h50__seed_2__lb50__deeplob_style__supervised,1,50,2,50,deeplob_style,0.5,38348,29494,0.7691144257849171,0.348674894293437,0.14985502231512018
fold_1__h50__seed_2__lb50__deeplob_style__supervised,1,50,2,50,deeplob_style,0.6,38348,22526,0.5874100344216125,0.3264078124517307,0.16308471186894746
fold_1__h50__seed_2__lb50__deeplob_style__supervised,1,50,2,50,deeplob_style,0.7,38348,3045,0.07940440179409618,0.5956258152312128,0.4392264864699143
fold_1__h50__seed_2__lb50__deeplob_style__supervised,1,50,2,50,deeplob_style,0.8,38348,2,5.2153958485449043e-05,1.0,0.0
fold_1__h50__seed_2__lb50__deeplob_style__supervised,1,50,2,50,deeplob_style,0.9,38348,0,0.0,,
fold_1__h50__seed_2__lb100__supervised,1,50,2,100,matrix_transformer,0.0,38298,38298,1.0,0.37658079670747635,0.06934959950077535
fold_1__h50__seed_2__lb100__supervised,1,50,2,100,matrix_transformer,0.5,38298,6462,0.16872943756854145,0.4344343357475784,0.16571360180590866
fold_1__h50__seed_2__lb100__supervised,1,50,2,100,matrix_transformer,0.6,38298,1121,0.029270457987362265,0.4299260636321908,0.28415270628132105
fold_1__h50__seed_2__lb100__supervised,1,50,2,100,matrix_transformer,0.7,38298,301,0.007859418246383624,0.2503457814661134,0.0
fold_1__h50__seed_2__lb100__supervised,1,50,2,100,matrix_transformer,0.8,38298,54,0.0014099953000156666,0.16666666666666666,0.0
fold_1__h50__seed_2__lb100__supervised,1,50,2,100,matrix_transformer,0.9,38298,7,0.00018277716852054936,0.19999999999999998,0.0
fold_1__h50__seed_2__lb100__deeplob_style__supervised,1,50,2,100,deeplob_style,0.0,38298,38298,1.0,0.367257546997599,0.1377741240694628
fold_1__h50__seed_2__lb100__deeplob_style__supervised,1,50,2,100,deeplob_style,0.5,38298,30216,0.7889707034309885,0.34563924395842677,0.15745122251990415
fold_1__h50__seed_2__lb100__deeplob_style__supervised,1,50,2,100,deeplob_style,0.6,38298,24464,0.6387800929552457,0.3099714331043874,0.15812903628262245
fold_1__h50__seed_2__lb100__deeplob_style__supervised,1,50,2,100,deeplob_style,0.7,38298,18183,0.4747767507441642,0.25920222139889887,0.1279690122762724
fold_1__h50__seed_2__lb100__deeplob_style__supervised,1,50,2,100,deeplob_style,0.8,38298,116,0.003028878792626247,0.2531194295900178,0.0
fold_1__h50__seed_2__lb100__deeplob_style__supervised,1,50,2,100,deeplob_style,0.9,38298,0,0.0,,
fold_2__h10__seed_0__lb20__supervised,2,10,0,20,matrix_transformer,0.0,28516,28516,1.0,0.7428174199855168,0.6417035004650763
fold_2__h10__seed_0__lb20__supervised,2,10,0,20,matrix_transformer,0.5,28516,26329,0.9233062140552672,0.7796785021477093,0.6943565118567934
fold_2__h10__seed_0__lb20__supervised,2,10,0,20,matrix_transformer,0.6,28516,23526,0.8250105204095947,0.8276766877347642,0.7671226017852034
fold_2__h10__seed_0__lb20__supervised,2,10,0,20,matrix_transformer,0.7,28516,21568,0.7563473137887502,0.8610633732858779,0.814294773758524
fold_2__h10__seed_0__lb20__supervised,2,10,0,20,matrix_transformer,0.8,28516,19788,0.6939262168607098,0.884576250646973,0.8454992756869428
fold_2__h10__seed_0__lb20__supervised,2,10,0,20,matrix_transformer,0.9,28516,16502,0.5786926637677093,0.915121740683499,0.8845841959121595
fold_2__h10__seed_0__lb20__deeplob_style__supervised,2,10,0,20,deeplob_style,0.0,28516,28516,1.0,0.4822756377494291,0.3152884998568901
fold_2__h10__seed_0__lb20__deeplob_style__supervised,2,10,0,20,deeplob_style,0.5,28516,26907,0.9435755365408893,0.4934961644735225,0.3345976239992401
fold_2__h10__seed_0__lb20__deeplob_style__supervised,2,10,0,20,deeplob_style,0.6,28516,23426,0.8215037172113901,0.5283736032706784,0.3808559750640194
fold_2__h10__seed_0__lb20__deeplob_style__supervised,2,10,0,20,deeplob_style,0.7,28516,20060,0.7034647215598261,0.5720388935620697,0.43016331853235407
fold_2__h10__seed_0__lb20__deeplob_style__supervised,2,10,0,20,deeplob_style,0.8,28516,16073,0.563648478047412,0.6308471105838049,0.4962897095255522
fold_2__h10__seed_0__lb20__deeplob_style__supervised,2,10,0,20,deeplob_style,0.9,28516,10322,0.3619722261186702,0.7495447273822572,0.6420576532393857
fold_2__h10__seed_0__lb50__supervised,2,10,0,50,matrix_transformer,0.0,28486,28486,1.0,0.6366649244889923,0.47905100993852
fold_2__h10__seed_0__lb50__supervised,2,10,0,50,matrix_transformer,0.5,28486,25009,0.877940040721758,0.6733103283894578,0.5387189434965136
fold_2__h10__seed_0__lb50__supervised,2,10,0,50,matrix_transformer,0.6,28486,21513,0.7552130871305203,0.7142986647410811,0.6074801339547979
fold_2__h10__seed_0__lb50__supervised,2,10,0,50,matrix_transformer,0.7,28486,17643,0.6193568770624166,0.762700168903995,0.6798535202482832
fold_2__h10__seed_0__lb50__supervised,2,10,0,50,matrix_transformer,0.8,28486,12847,0.4509934704767254,0.817579484714138,0.7582458626084757
fold_2__h10__seed_0__lb50__supervised,2,10,0,50,matrix_transformer,0.9,28486,6835,0.2399424278592993,0.6333721283678433,0.8103401589139094
fold_2__h10__seed_0__lb50__deeplob_style__supervised,2,10,0,50,deeplob_style,0.0,28486,28486,1.0,0.438089381931432,0.2770318989511093
fold_2__h10__seed_0__lb50__deeplob_style__supervised,2,10,0,50,deeplob_style,0.5,28486,27698,0.9723372884925928,0.43929687576192994,0.28749437393725474
fold_2__h10__seed_0__lb50__deeplob_style__supervised,2,10,0,50,deeplob_style,0.6,28486,26188,0.9193287930913431,0.4421580449535354,0.30393936636658986
fold_2__h10__seed_0__lb50__deeplob_style__supervised,2,10,0,50,deeplob_style,0.7,28486,24881,0.8734466053499965,0.443801448581513,0.31039488140029586
fold_2__h10__seed_0__lb50__deeplob_style__supervised,2,10,0,50,deeplob_style,0.8,28486,23311,0.8183318121182335,0.444664078075192,0.31552903648510583
fold_2__h10__seed_0__lb50__deeplob_style__supervised,2,10,0,50,deeplob_style,0.9,28486,20247,0.710770202906691,0.44004425701203015,0.3137328131740259
fold_2__h10__seed_0__lb100__supervised,2,10,0,100,matrix_transformer,0.0,28436,28436,1.0,0.2688207127867188,-0.008005426114018416
fold_2__h10__seed_0__lb100__supervised,2,10,0,100,matrix_transformer,0.5,28436,13810,0.4856519904346603,0.2598141028473787,0.0
fold_2__h10__seed_0__lb100__supervised,2,10,0,100,matrix_transformer,0.6,28436,13760,0.48389365592910394,0.2598128354104759,0.0
fold_2__h10__seed_0__lb100__supervised,2,10,0,100,matrix_transformer,0.7,28436,0,0.0,,
fold_2__h10__seed_0__lb100__supervised,2,10,0,100,matrix_transformer,0.8,28436,0,0.0,,
fold_2__h10__seed_0__lb100__supervised,2,10,0,100,matrix_transformer,0.9,28436,0,0.0,,
fold_2__h10__seed_0__lb100__deeplob_style__supervised,2,10,0,100,deeplob_style,0.0,28436,28436,1.0,0.5712133121823613,0.4531215905955699
fold_2__h10__seed_0__lb100__deeplob_style__supervised,2,10,0,100,deeplob_style,0.5,28436,27577,0.9697918131945421,0.577537640453087,0.46669859852007994
fold_2__h10__seed_0__lb100__deeplob_style__supervised,2,10,0,100,deeplob_style,0.6,28436,25637,0.9015684343789563,0.5881498715253302,0.4838772463297719
fold_2__h10__seed_0__lb100__deeplob_style__supervised,2,10,0,100,deeplob_style,0.7,28436,23075,0.8114713743142495,0.6064000714099563,0.5046403112106272
fold_2__h10__seed_0__lb100__deeplob_style__supervised,2,10,0,100,deeplob_style,0.8,28436,17759,0.6245252496834998,0.6470171615013541,0.55039588857987
fold_2__h10__seed_0__lb100__deeplob_style__supervised,2,10,0,100,deeplob_style,0.9,28436,11074,0.3894359262906175,0.7167632160160102,0.63081379066698
fold_2__h10__seed_1__lb20__supervised,2,10,1,20,matrix_transformer,0.0,28516,28516,1.0,0.7391370894427155,0.6382571843591641
fold_2__h10__seed_1__lb20__supervised,2,10,1,20,matrix_transformer,0.5,28516,26307,0.9225347173516623,0.7748023874245664,0.6913078375219223
fold_2__h10__seed_1__lb20__supervised,2,10,1,20,matrix_transformer,0.6,28516,23424,0.821433581147426,0.8237313901523624,0.7647170527323334
fold_2__h10__seed_1__lb20__supervised,2,10,1,20,matrix_transformer,0.7,28516,21114,0.7404264272689016,0.8613647371687699,0.8183328179297936
fold_2__h10__seed_1__lb20__supervised,2,10,1,20,matrix_transformer,0.8,28516,18716,0.6563332865759574,0.8935009312795997,0.8609145315115342
fold_2__h10__seed_1__lb20__supervised,2,10,1,20,matrix_transformer,0.9,28516,14331,0.5025599663346892,0.9230105968554555,0.8996941072902017
fold_2__h10__seed_1__lb20__deeplob_style__supervised,2,10,1,20,deeplob_style,0.0,28516,28516,1.0,0.45033367143332564,0.25228177954824166
fold_2__h10__seed_1__lb20__deeplob_style__supervised,2,10,1,20,deeplob_style,0.5,28516,25696,0.9011081498106326,0.47070322752883165,0.29330494418198083
fold_2__h10__seed_1__lb20__deeplob_style__supervised,2,10,1,20,deeplob_style,0.6,28516,22074,0.7740917379716651,0.5031364280861489,0.3375138110078258
fold_2__h10__seed_1__lb20__deeplob_style__supervised,2,10,1,20,deeplob_style,0.7,28516,18784,0.6587179127507364,0.5300171584524543,0.36708298866663597
fold_2__h10__seed_1__lb20__deeplob_style__supervised,2,10,1,20,deeplob_style,0.8,28516,14780,0.5183055126946275,0.564778844319518,0.40574645510621193
fold_2__h10__seed_1__lb20__deeplob_style__supervised,2,10,1,20,deeplob_style,0.9,28516,8700,0.30509187824379297,0.678393401258239,0.5470940352492215
fold_2__h10__seed_1__lb50__supervised,2,10,1,50,matrix_transformer,0.0,28486,28486,1.0,0.7306987098857832,0.6326651081984715
fold_2__h10__seed_1__lb50__supervised,2,10,1,50,matrix_transformer,0.5,28486,26585,0.9332654637365724,0.7616206175570488,0.6774129975807235
fold_2__h10__seed_1__lb50__supervised,2,10,1,50,matrix_transformer,0.6,28486,24440,0.8579653162957243,0.7941378011104039,0.7244392803814788
fold_2__h10__seed_1__lb50__supervised,2,10,1,50,matrix_transformer,0.7,28486,22553,0.7917222495260829,0.8220993378127132,0.7627286307278036
fold_2__h10__seed_1__lb50__supervised,2,10,1,50,matrix_transformer,0.8,28486,19974,0.7011865477778558,0.8509114272676364,0.8016550436506302
fold_2__h10__seed_1__lb50__supervised,2,10,1,50,matrix_transformer,0.9,28486,15436,0.5418802218633715,0.8813312450208174,0.8487766869542005
fold_2__h10__seed_1__lb50__deeplob_style__supervised,2,10,1,50,deeplob_style,0.0,28486,28486,1.0,0.45801355302204,0.27653153968516914
fold_2__h10__seed_1__lb50__deeplob_style__supervised,2,10,1,50,deeplob_style,0.5,28486,25604,0.8988274942076809,0.4837651603300524,0.3192330281916393
fold_2__h10__seed_1__lb50__deeplob_style__supervised,2,10,1,50,deeplob_style,0.6,28486,21682,0.7611458260197992,0.5270712593016214,0.37148566007961015
fold_2__h10__seed_1__lb50__deeplob_style__supervised,2,10,1,50,deeplob_style,0.7,28486,17714,0.6218493294951907,0.580566980214157,0.42879588349429315
fold_2__h10__seed_1__lb50__deeplob_style__supervised,2,10,1,50,deeplob_style,0.8,28486,12654,0.4442182124552412,0.6711065417636138,0.5331547096833184
fold_2__h10__seed_1__lb50__deeplob_style__supervised,2,10,1,50,deeplob_style,0.9,28486,6633,0.23285122516323808,0.8930928346866764,0.8523725177844281
fold_2__h10__seed_1__lb100__supervised,2,10,1,100,matrix_transformer,0.0,28436,28436,1.0,0.2686948368948186,-0.008140658756734446
fold_2__h10__seed_1__lb100__supervised,2,10,1,100,matrix_transformer,0.5,28436,13803,0.4854058236038824,0.2597865817710176,0.0
fold_2__h10__seed_1__lb100__supervised,2,10,1,100,matrix_transformer,0.6,28436,13748,0.48347165564777045,0.2597886886264761,0.0
fold_2__h10__seed_1__lb100__supervised,2,10,1,100,matrix_transformer,0.7,28436,0,0.0,,
fold_2__h10__seed_1__lb100__supervised,2,10,1,100,matrix_transformer,0.8,28436,0,0.0,,
fold_2__h10__seed_1__lb100__supervised,2,10,1,100,matrix_transformer,0.9,28436,0,0.0,,
fold_2__h10__seed_1__lb100__deeplob_style__supervised,2,10,1,100,deeplob_style,0.0,28436,28436,1.0,0.4603946436458357,0.25935721130039135
fold_2__h10__seed_1__lb100__deeplob_style__supervised,2,10,1,100,deeplob_style,0.5,28436,25275,0.8888380925587284,0.47709204141991846,0.2956507063675778
fold_2__h10__seed_1__lb100__deeplob_style__supervised,2,10,1,100,deeplob_style,0.6,28436,20426,0.7183148122098748,0.5130701330394435,0.3572015459328145
fold_2__h10__seed_1__lb100__deeplob_style__supervised,2,10,1,100,deeplob_style,0.7,28436,16171,0.5686805457870305,0.5653836547080371,0.4293224603890158
fold_2__h10__seed_1__lb100__deeplob_style__supervised,2,10,1,100,deeplob_style,0.8,28436,11686,0.4109579406386271,0.6611975589229011,0.5703971136668273
fold_2__h10__seed_1__lb100__deeplob_style__supervised,2,10,1,100,deeplob_style,0.9,28436,7692,0.2705021803347869,0.8020942095430558,0.7850482165917816
fold_2__h10__seed_2__lb20__supervised,2,10,2,20,matrix_transformer,0.0,28516,28516,1.0,0.740780798859618,0.6362154241938611
fold_2__h10__seed_2__lb20__supervised,2,10,2,20,matrix_transformer,0.5,28516,25732,0.9023705989619862,0.7839232285429169,0.7009662696157435
fold_2__h10__seed_2__lb20__supervised,2,10,2,20,matrix_transformer,0.6,28516,22714,0.7965352784401739,0.8378801646865233,0.7823176257537441
fold_2__h10__seed_2__lb20__supervised,2,10,2,20,matrix_transformer,0.7,28516,20899,0.732886800392762,0.8667849755194018,0.8245407713032521
fold_2__h10__seed_2__lb20__supervised,2,10,2,20,matrix_transformer,0.8,28516,19013,0.6667484920746247,0.8894287574155921,0.8562045114475417
fold_2__h10__seed_2__lb20__supervised,2,10,2,20,matrix_transformer,0.9,28516,15441,0.5414854818347594,0.9192675831388187,0.8949082538970106
fold_2__h10__seed_2__lb20__deeplob_style__supervised,2,10,2,20,deeplob_style,0.0,28516,28516,1.0,0.4745092670703699,0.30152153203262033
fold_2__h10__seed_2__lb20__deeplob_style__supervised,2,10,2,20,deeplob_style,0.5,28516,27204,0.9539907420395567,0.48214381966694714,0.3186832138915306
fold_2__h10__seed_2__lb20__deeplob_style__supervised,2,10,2,20,deeplob_style,0.6,28516,25047,0.8783489970542853,0.49614333454630727,0.3427433785241378
fold_2__h10__seed_2__lb20__deeplob_style__supervised,2,10,2,20,deeplob_style,0.7,28516,23144,0.8116145321924534,0.5030783763450509,0.3518765438851195
fold_2__h10__seed_2__lb20__deeplob_style__supervised,2,10,2,20,deeplob_style,0.8,28516,20682,0.7252770374526581,0.5026603772180048,0.35208478416552746
fold_2__h10__seed_2__lb20__deeplob_style__supervised,2,10,2,20,deeplob_style,0.9,28516,16303,0.5717141254032824,0.473968985794837,0.33865401992975963
fold_2__h10__seed_2__lb50__supervised,2,10,2,50,matrix_transformer,0.0,28486,28486,1.0,0.7419588381240049,0.6449511000240027
fold_2__h10__seed_2__lb50__supervised,2,10,2,50,matrix_transformer,0.5,28486,26459,0.9288422382924946,0.7720344217313735,0.6901827386300289
fold_2__h10__seed_2__lb50__supervised,2,10,2,50,matrix_transformer,0.6,28486,24151,0.8478199817454188,0.8118757548797344,0.7506112363745227
fold_2__h10__seed_2__lb50__supervised,2,10,2,50,matrix_transformer,0.7,28486,22665,0.7956540054763743,0.8396210662890301,0.788026832819737
fold_2__h10__seed_2__lb50__supervised,2,10,2,50,matrix_transformer,0.8,28486,21247,0.7458751667485782,0.8641742483724856,0.8194753735755846
fold_2__h10__seed_2__lb50__supervised,2,10,2,50,matrix_transformer,0.9,28486,18938,0.6648178052376607,0.8875090375633703,0.84846838798851
fold_2__h10__seed_2__lb50__deeplob_style__supervised,2,10,2,50,deeplob_style,0.0,28486,28486,1.0,0.45693722685809957,0.28817069256278943
fold_2__h10__seed_2__lb50__deeplob_style__supervised,2,10,2,50,deeplob_style,0.5,28486,27095,0.9511689952959348,0.4618302554724431,0.3028708757947332
fold_2__h10__seed_2__lb50__deeplob_style__supervised,2,10,2,50,deeplob_style,0.6,28486,24920,0.8748156989398301,0.4692115059418401,0.3190274937905885
fold_2__h10__seed_2__lb50__deeplob_style__supervised,2,10,2,50,deeplob_style,0.7,28486,22881,0.803236677666222,0.47163031814690987,0.3253035269335914
fold_2__h10__seed_2__lb50__deeplob_style__supervised,2,10,2,50,deeplob_style,0.8,28486,19872,0.6976058414659833,0.48716348630479706,0.3407360016159707
fold_2__h10__seed_2__lb50__deeplob_style__supervised,2,10,2,50,deeplob_style,0.9,28486,9448,0.3316716983781507,0.7114609076487944,0.5750541835045021
fold_2__h10__seed_2__lb100__supervised,2,10,2,100,matrix_transformer,0.0,28436,28436,1.0,0.26860774426020084,-0.008407560872846994
fold_2__h10__seed_2__lb100__supervised,2,10,2,100,matrix_transformer,0.5,28436,13800,0.485300323533549,0.2598030544253788,0.0
fold_2__h10__seed_2__lb100__supervised,2,10,2,100,matrix_transformer,0.6,28436,13743,0.4832958221972148,0.2597560253449399,0.0
fold_2__h10__seed_2__lb100__supervised,2,10,2,100,matrix_transformer,0.7,28436,0,0.0,,
fold_2__h10__seed_2__lb100__supervised,2,10,2,100,matrix_transformer,0.8,28436,0,0.0,,
fold_2__h10__seed_2__lb100__supervised,2,10,2,100,matrix_transformer,0.9,28436,0,0.0,,
fold_2__h10__seed_2__lb100__deeplob_style__supervised,2,10,2,100,deeplob_style,0.0,28436,28436,1.0,0.42015922805870315,0.22675616401580792
fold_2__h10__seed_2__lb100__deeplob_style__supervised,2,10,2,100,deeplob_style,0.5,28436,25367,0.8920734280489521,0.4389550113017738,0.26300138478498297
fold_2__h10__seed_2__lb100__deeplob_style__supervised,2,10,2,100,deeplob_style,0.6,28436,20920,0.7356871571247714,0.462994420096887,0.30919982444450905
fold_2__h10__seed_2__lb100__deeplob_style__supervised,2,10,2,100,deeplob_style,0.7,28436,15040,0.5289070192713462,0.5340032868733179,0.4032318346489014
fold_2__h10__seed_2__lb100__deeplob_style__supervised,2,10,2,100,deeplob_style,0.8,28436,8402,0.29547053031368686,0.7408195648189828,0.6951219123847396
fold_2__h10__seed_2__lb100__deeplob_style__supervised,2,10,2,100,deeplob_style,0.9,28436,4576,0.16092277394851598,0.9073305397374258,0.9081290498418557
fold_2__h50__seed_0__lb20__supervised,2,50,0,20,matrix_transformer,0.0,28516,28516,1.0,0.7567343531269245,0.6439944823077342
fold_2__h50__seed_0__lb20__supervised,2,50,0,20,matrix_transformer,0.5,28516,26547,0.930951045027353,0.7800591462597559,0.6787847841383322
fold_2__h50__seed_0__lb20__supervised,2,50,0,20,matrix_transformer,0.6,28516,23236,0.8148407911348016,0.8151672294020368,0.7317006382816369
fold_2__h50__seed_0__lb20__supervised,2,50,0,20,matrix_transformer,0.7,28516,19846,0.6959601627156684,0.8496524681010594,0.7820968108740844
fold_2__h50__seed_0__lb20__supervised,2,50,0,20,matrix_transformer,0.8,28516,15927,0.5585285453780334,0.8832107557060266,0.8298866927050006
fold_2__h50__seed_0__lb20__supervised,2,50,0,20,matrix_transformer,0.9,28516,11143,0.39076308037592933,0.9248784320440837,0.8900858995809638
fold_2__h50__seed_0__lb20__deeplob_style__supervised,2,50,0,20,deeplob_style,0.0,28516,28516,1.0,0.5697622936477736,0.41504818642662183
fold_2__h50__seed_0__lb20__deeplob_style__supervised,2,50,0,20,deeplob_style,0.5,28516,24950,0.8749473979520269,0.5947013343600251,0.4552966405882356
fold_2__h50__seed_0__lb20__deeplob_style__supervised,2,50,0,20,deeplob_style,0.6,28516,20582,0.7217702342544536,0.6369900258609794,0.5170107672989475
fold_2__h50__seed_0__lb20__deeplob_style__supervised,2,50,0,20,deeplob_style,0.7,28516,15550,0.5453078973208023,0.702758322019282,0.6064558536568585
fold_2__h50__seed_0__lb20__deeplob_style__supervised,2,50,0,20,deeplob_style,0.8,28516,9953,0.3490321223172956,0.7963782817090536,0.7288954175202597
fold_2__h50__seed_0__lb20__deeplob_style__supervised,2,50,0,20,deeplob_style,0.9,28516,4928,0.1728152616075186,0.8745625690049906,0.8240864693889367
fold_2__h50__seed_0__lb50__supervised,2,50,0,50,matrix_transformer,0.0,28486,28486,1.0,0.7321293253465262,0.6050568218961055
fold_2__h50__seed_0__lb50__supervised,2,50,0,50,matrix_transformer,0.5,28486,25811,0.9060942217229516,0.761909847379275,0.6490565949479493
fold_2__h50__seed_0__lb50__supervised,2,50,0,50,matrix_transformer,0.6,28486,21943,0.7703082215825318,0.8023220178746637,0.7092145143583913
fold_2__h50__seed_0__lb50__supervised,2,50,0,50,matrix_transformer,0.7,28486,18035,0.6331180228884364,0.8399935079292269,0.764781413955434
fold_2__h50__seed_0__lb50__supervised,2,50,0,50,matrix_transformer,0.8,28486,13917,0.4885557817875448,0.8788908507133653,0.8225229986949582
fold_2__h50__seed_0__lb50__supervised,2,50,0,50,matrix_transformer,0.9,28486,8134,0.2855437758899108,0.9277049865810634,0.8945545911055234
fold_2__h50__seed_0__lb50__deeplob_style__supervised,2,50,0,50,deeplob_style,0.0,28486,28486,1.0,0.4980996286180388,0.3262434441760596
fold_2__h50__seed_0__lb50__deeplob_style__supervised,2,50,0,50,deeplob_style,0.5,28486,27409,0.9621919539422874,0.5001817149971163,0.3401904202873693
fold_2__h50__seed_0__lb50__deeplob_style__supervised,2,50,0,50,deeplob_style,0.6,28486,25754,0.9040932387839641,0.49903078081164104,0.3529830597561581
fold_2__h50__seed_0__lb50__deeplob_style__supervised,2,50,0,50,deeplob_style,0.7,28486,23952,0.8408340939408833,0.49942153238914805,0.36593417119491706
fold_2__h50__seed_0__lb50__deeplob_style__supervised,2,50,0,50,deeplob_style,0.8,28486,21237,0.7455241171101594,0.5022065553066968,0.38230379146060117
fold_2__h50__seed_0__lb50__deeplob_style__supervised,2,50,0,50,deeplob_style,0.9,28486,15493,0.543881204802359,0.5124588795907195,0.4007798682174835
fold_2__h50__seed_0__lb100__supervised,2,50,0,100,matrix_transformer,0.0,28436,28436,1.0,0.36355017485884905,0.08383226407044272
fold_2__h50__seed_0__lb100__supervised,2,50,0,100,matrix_transformer,0.5,28436,546,0.0192010128006752,0.41552185615970344,0.29541682495916477
fold_2__h50__seed_0__lb100__supervised,2,50,0,100,matrix_transformer,0.6,28436,162,0.005697003798002532,0.29296424452133796,0.0
fold_2__h50__seed_0__lb100__supervised,2,50,0,100,matrix_transformer,0.7,28436,43,0.00151216767477845,0.2571428571428572,0.0
fold_2__h50__seed_0__lb100__supervised,2,50,0,100,matrix_transformer,0.8,28436,0,0.0,,
fold_2__h50__seed_0__lb100__supervised,2,50,0,100,matrix_transformer,0.9,28436,0,0.0,,
fold_2__h50__seed_0__lb100__deeplob_style__supervised,2,50,0,100,deeplob_style,0.0,28436,28436,1.0,0.4767791698507809,0.33081514847278143
fold_2__h50__seed_0__lb100__deeplob_style__supervised,2,50,0,100,deeplob_style,0.5,28436,27051,0.9512941341960894,0.47717192885550386,0.341816107559793
fold_2__h50__seed_0__lb100__deeplob_style__supervised,2,50,0,100,deeplob_style,0.6,28436,25353,0.8915810943873963,0.4737936008364267,0.35025273927343226
fold_2__h50__seed_0__lb100__deeplob_style__supervised,2,50,0,100,deeplob_style,0.7,28436,23737,0.8347517231678154,0.4621909619054276,0.34966470997180465
fold_2__h50__seed_0__lb100__deeplob_style__supervised,2,50,0,100,deeplob_style,0.8,28436,21931,0.7712406808271206,0.44181881092197545,0.34020485614349344
fold_2__h50__seed_0__lb100__deeplob_style__supervised,2,50,0,100,deeplob_style,0.9,28436,19229,0.6762202841468561,0.3949276700533691,0.3053338921790166
fold_2__h50__seed_1__lb20__supervised,2,50,1,20,matrix_transformer,0.0,28516,28516,1.0,0.7604149416436029,0.6471351368449739
fold_2__h50__seed_1__lb20__supervised,2,50,1,20,matrix_transformer,0.5,28516,26574,0.9318978818908683,0.7833109166492974,0.6816967410091223
fold_2__h50__seed_1__lb20__supervised,2,50,1,20,matrix_transformer,0.6,28516,23582,0.8269743302005892,0.816556176241075,0.7319023828601051
fold_2__h50__seed_1__lb20__supervised,2,50,1,20,matrix_transformer,0.7,28516,20738,0.7272408472436527,0.8488983788902115,0.7806123326491013
fold_2__h50__seed_1__lb20__supervised,2,50,1,20,matrix_transformer,0.8,28516,17465,0.6124631785664189,0.8797964865728439,0.8257350289750972
fold_2__h50__seed_1__lb20__supervised,2,50,1,20,matrix_transformer,0.9,28516,13067,0.4582339739093842,0.9150833192621753,0.8765811376647392
fold_2__h50__seed_1__lb20__deeplob_style__supervised,2,50,1,20,deeplob_style,0.0,28516,28516,1.0,0.5008763876987704,0.32628483966866945
fold_2__h50__seed_1__lb20__deeplob_style__supervised,2,50,1,20,deeplob_style,0.5,28516,27495,0.9641955393463318,0.5040706393891791,0.33707153423401415
fold_2__h50__seed_1__lb20__deeplob_style__supervised,2,50,1,20,deeplob_style,0.6,28516,24068,0.8440173937438631,0.5193563786365819,0.3644960967767419
fold_2__h50__seed_1__lb20__deeplob_style__supervised,2,50,1,20,deeplob_style,0.7,28516,19676,0.6899985972787207,0.5486766889982595,0.4068425654049915
fold_2__h50__seed_1__lb20__deeplob_style__supervised,2,50,1,20,deeplob_style,0.8,28516,12449,0.4365619301444803,0.6322465953663717,0.5102493110874136
fold_2__h50__seed_1__lb20__deeplob_style__supervised,2,50,1,20,deeplob_style,0.9,28516,4777,0.16751998877822977,0.7946864294506725,0.715543763764454
fold_2__h50__seed_1__lb50__supervised,2,50,1,50,matrix_transformer,0.0,28486,28486,1.0,0.748276222433375,0.6247894946183802
fold_2__h50__seed_1__lb50__supervised,2,50,1,50,matrix_transformer,0.5,28486,25960,0.9113248613353928,0.7790406136647007,0.6696851801273513
fold_2__h50__seed_1__lb50__supervised,2,50,1,50,matrix_transformer,0.6,28486,22329,0.7838587376255003,0.8208824662761444,0.7327417369278267
fold_2__h50__seed_1__lb50__supervised,2,50,1,50,matrix_transformer,0.7,28486,18965,0.6657656392613915,0.8557139380990263,0.7850653789538115
fold_2__h50__seed_1__lb50__supervised,2,50,1,50,matrix_transformer,0.8,28486,15190,0.5332444007582672,0.8915694666527981,0.8377820466577057
fold_2__h50__seed_1__lb50__supervised,2,50,1,50,matrix_transformer,0.9,28486,10587,0.37165625219406023,0.9280279173751463,0.8906789446152599
fold_2__h50__seed_1__lb50__deeplob_style__supervised,2,50,1,50,deeplob_style,0.0,28486,28486,1.0,0.522408654932876,0.32857167932909337
fold_2__h50__seed_1__lb50__deeplob_style__supervised,2,50,1,50,deeplob_style,0.5,28486,21964,0.7710454258232114,0.5741951253557105,0.41369488109535313
fold_2__h50__seed_1__lb50__deeplob_style__supervised,2,50,1,50,deeplob_style,0.6,28486,17418,0.611458260197992,0.6132485876015951,0.4701476273527416
fold_2__h50__seed_1__lb50__deeplob_style__supervised,2,50,1,50,deeplob_style,0.7,28486,13487,0.4734606473355332,0.6682811413231459,0.5453902456754347
fold_2__h50__seed_1__lb50__deeplob_style__supervised,2,50,1,50,deeplob_style,0.8,28486,9593,0.3367619181352243,0.7346999685304411,0.6356286230780614
fold_2__h50__seed_1__lb50__deeplob_style__supervised,2,50,1,50,deeplob_style,0.9,28486,4926,0.17292705188513655,0.8556341680064955,0.8035406414070131
fold_2__h50__seed_1__lb100__supervised,2,50,1,100,matrix_transformer,0.0,28436,28436,1.0,0.39945181495427806,0.1102052894457577
fold_2__h50__seed_1__lb100__supervised,2,50,1,100,matrix_transformer,0.5,28436,9209,0.32385004923336613,0.47301298141210335,0.22865475511378913
fold_2__h50__seed_1__lb100__supervised,2,50,1,100,matrix_transformer,0.6,28436,3628,0.12758475172316783,0.4811310963600526,0.25370219278672457
fold_2__h50__seed_1__lb100__supervised,2,50,1,100,matrix_transformer,0.7,28436,1338,0.04705303136868758,0.4448245936384587,0.2681373049559047
fold_2__h50__seed_1__lb100__supervised,2,50,1,100,matrix_transformer,0.8,28436,526,0.018497678998452664,0.39236800317586346,0.26847716853229686
fold_2__h50__seed_1__lb100__supervised,2,50,1,100,matrix_transformer,0.9,28436,214,0.007525671683781122,0.3082077051926298,0.0
fold_2__h50__seed_1__lb100__deeplob_style__supervised,2,50,1,100,deeplob_style,0.0,28436,28436,1.0,0.5284310679779336,0.3864509674025525
fold_2__h50__seed_1__lb100__deeplob_style__supervised,2,50,1,100,deeplob_style,0.5,28436,25478,0.8959769306512871,0.5492760621266154,0.41926240481067867
fold_2__h50__seed_1__lb100__deeplob_style__supervised,2,50,1,100,deeplob_style,0.6,28436,18175,0.6391545927697285,0.6573305789492668,0.5517403357130066
fold_2__h50__seed_1__lb100__deeplob_style__supervised,2,50,1,100,deeplob_style,0.7,28436,12415,0.4365944577296385,0.7704557792449388,0.6968509705864084
fold_2__h50__seed_1__lb100__deeplob_style__supervised,2,50,1,100,deeplob_style,0.8,28436,8606,0.30264453509635675,0.8461976858628973,0.7961432478918652
fold_2__h50__seed_1__lb100__deeplob_style__supervised,2,50,1,100,deeplob_style,0.9,28436,5139,0.18072162048108031,0.9085337060617498,0.8762693499233225
fold_2__h50__seed_2__lb20__supervised,2,50,2,20,matrix_transformer,0.0,28516,28516,1.0,0.7598687981801193,0.6429472542300815
fold_2__h50__seed_2__lb20__supervised,2,50,2,20,matrix_transformer,0.5,28516,26302,0.922359377191752,0.7852237386130146,0.6807395642484346
fold_2__h50__seed_2__lb20__supervised,2,50,2,20,matrix_transformer,0.6,28516,22988,0.8061439192032543,0.8224172242307555,0.736439504510811
fold_2__h50__seed_2__lb20__supervised,2,50,2,20,matrix_transformer,0.7,28516,19689,0.6904544816944873,0.8583726220115451,0.7898298448889864
fold_2__h50__seed_2__lb20__supervised,2,50,2,20,matrix_transformer,0.8,28516,16022,0.5618600084163277,0.8897691377525438,0.8351594582016293
fold_2__h50__seed_2__lb20__supervised,2,50,2,20,matrix_transformer,0.9,28516,11408,0.40005610885117127,0.9296940342715967,0.8924232424241073
fold_2__h50__seed_2__lb20__deeplob_style__supervised,2,50,2,20,deeplob_style,0.0,28516,28516,1.0,0.5456763454428607,0.3817502870799205
fold_2__h50__seed_2__lb20__deeplob_style__supervised,2,50,2,20,deeplob_style,0.5,28516,26643,0.9343175760976294,0.5555164811606598,0.4003896523644151
fold_2__h50__seed_2__lb20__deeplob_style__supervised,2,50,2,20,deeplob_style,0.6,28516,20297,0.7117758451395708,0.612307190781508,0.48442551374866355
fold_2__h50__seed_2__lb20__deeplob_style__supervised,2,50,2,20,deeplob_style,0.7,28516,15014,0.5265114321784261,0.6727263248239085,0.5677459507275907
fold_2__h50__seed_2__lb20__deeplob_style__supervised,2,50,2,20,deeplob_style,0.8,28516,10483,0.3676181792677795,0.7362597418773499,0.649805127497809
fold_2__h50__seed_2__lb20__deeplob_style__supervised,2,50,2,20,deeplob_style,0.9,28516,6083,0.21331883854678074,0.8199075801544392,0.7589375534740256
fold_2__h50__seed_2__lb50__supervised,2,50,2,50,matrix_transformer,0.0,28486,28486,1.0,0.7520449099924168,0.6323516494866495
fold_2__h50__seed_2__lb50__supervised,2,50,2,50,matrix_transformer,0.5,28486,26232,0.9208734115003862,0.7775544487702893,0.6697909079171455
fold_2__h50__seed_2__lb50__supervised,2,50,2,50,matrix_transformer,0.6,28486,22847,0.8020431088955978,0.8080873213499918,0.7154569416701296
fold_2__h50__seed_2__lb50__supervised,2,50,2,50,matrix_transformer,0.7,28486,19342,0.679000210629783,0.8398913119842817,0.7624226507730448
fold_2__h50__seed_2__lb50__supervised,2,50,2,50,matrix_transformer,0.8,28486,15784,0.5540967492803482,0.8710934211198541,0.8079172292021789
fold_2__h50__seed_2__lb50__supervised,2,50,2,50,matrix_transformer,0.9,28486,11330,0.3977392403285825,0.9072008292183757,0.8598621814924764
fold_2__h50__seed_2__lb50__deeplob_style__supervised,2,50,2,50,deeplob_style,0.0,28486,28486,1.0,0.5650849387032407,0.37846219845893214
fold_2__h50__seed_2__lb50__deeplob_style__supervised,2,50,2,50,deeplob_style,0.5,28486,26932,0.9454468861897072,0.5734263894763078,0.3913134549140438
fold_2__h50__seed_2__lb50__deeplob_style__supervised,2,50,2,50,deeplob_style,0.6,28486,23673,0.8310398090289967,0.5934082203877532,0.4215047187174613
fold_2__h50__seed_2__lb50__deeplob_style__supervised,2,50,2,50,deeplob_style,0.7,28486,20231,0.7102085234852208,0.6157647472777078,0.4545938400755201
fold_2__h50__seed_2__lb50__deeplob_style__supervised,2,50,2,50,deeplob_style,0.8,28486,16060,0.5637857193007091,0.6464103591675804,0.4997434151198764
fold_2__h50__seed_2__lb50__deeplob_style__supervised,2,50,2,50,deeplob_style,0.9,28486,10230,0.3591237801025065,0.6991851180188055,0.5767903915510038
fold_2__h50__seed_2__lb100__supervised,2,50,2,100,matrix_transformer,0.0,28436,28436,1.0,0.3815125267577282,0.09208318865971006
fold_2__h50__seed_2__lb100__supervised,2,50,2,100,matrix_transformer,0.5,28436,3170,0.11147840765227177,0.4068652944588653,0.18146896605834828
fold_2__h50__seed_2__lb100__supervised,2,50,2,100,matrix_transformer,0.6,28436,276,0.009706006470670981,0.2586844050258684,0.0
fold_2__h50__seed_2__lb100__supervised,2,50,2,100,matrix_transformer,0.7,28436,0,0.0,,
fold_2__h50__seed_2__lb100__supervised,2,50,2,100,matrix_transformer,0.8,28436,0,0.0,,
fold_2__h50__seed_2__lb100__supervised,2,50,2,100,matrix_transformer,0.9,28436,0,0.0,,
fold_2__h50__seed_2__lb100__deeplob_style__supervised,2,50,2,100,deeplob_style,0.0,28436,28436,1.0,0.4858340146499313,0.3266982547211106
fold_2__h50__seed_2__lb100__deeplob_style__supervised,2,50,2,100,deeplob_style,0.5,28436,27348,0.9617386411590941,0.4868033328810936,0.3376809054949294
fold_2__h50__seed_2__lb100__deeplob_style__supervised,2,50,2,100,deeplob_style,0.6,28436,25717,0.9043817695878464,0.484715719896941,0.34609256511396647
fold_2__h50__seed_2__lb100__deeplob_style__supervised,2,50,2,100,deeplob_style,0.7,28436,23546,0.8280348853565902,0.48213696476013457,0.35278016597811473
fold_2__h50__seed_2__lb100__deeplob_style__supervised,2,50,2,100,deeplob_style,0.8,28436,19379,0.6814952876635251,0.4912308085488057,0.36875776375113223
fold_2__h50__seed_2__lb100__deeplob_style__supervised,2,50,2,100,deeplob_style,0.9,28436,8832,0.3105922070614714,0.6392056586701286,0.5174883200088538
fold_3__h10__seed_0__lb20__supervised,3,10,0,20,matrix_transformer,0.0,37004,37004,1.0,0.7360035844660991,0.6390627684107253
fold_3__h10__seed_0__lb20__supervised,3,10,0,20,matrix_transformer,0.5,37004,34665,0.9367906172305697,0.7632793072460378,0.6793514170216524
fold_3__h10__seed_0__lb20__supervised,3,10,0,20,matrix_transformer,0.6,37004,30414,0.821911144741109,0.8155330091105052,0.7549044801287846
fold_3__h10__seed_0__lb20__supervised,3,10,0,20,matrix_transformer,0.7,37004,27462,0.7421359852988866,0.8560263707931606,0.810282224598188
fold_3__h10__seed_0__lb20__supervised,3,10,0,20,matrix_transformer,0.8,37004,25211,0.6813047238136418,0.8814517017462465,0.8425264971300891
fold_3__h10__seed_0__lb20__supervised,3,10,0,20,matrix_transformer,0.9,37004,21976,0.5938817425143228,0.9110120248765287,0.8802910096197825
fold_3__h10__seed_0__lb20__deeplob_style__supervised,3,10,0,20,deeplob_style,0.0,37004,37004,1.0,0.6256399467520044,0.4964651774698097
fold_3__h10__seed_0__lb20__deeplob_style__supervised,3,10,0,20,deeplob_style,0.5,37004,32775,0.8857150578315858,0.654732944663669,0.5489344158529441
fold_3__h10__seed_0__lb20__deeplob_style__supervised,3,10,0,20,deeplob_style,0.6,37004,26956,0.72846178791482,0.6943135042872052,0.6027699209940144
fold_3__h10__seed_0__lb20__deeplob_style__supervised,3,10,0,20,deeplob_style,0.7,37004,21105,0.5703437466219868,0.7360129952915581,0.6534879978423788
fold_3__h10__seed_0__lb20__deeplob_style__supervised,3,10,0,20,deeplob_style,0.8,37004,15270,0.4126580910171873,0.7857214266008207,0.7143862957110517
fold_3__h10__seed_0__lb20__deeplob_style__supervised,3,10,0,20,deeplob_style,0.9,37004,9394,0.25386444708680145,0.8528946512304184,0.8024558410750944
fold_3__h10__seed_0__lb50__supervised,3,10,0,50,matrix_transformer,0.0,36974,36974,1.0,0.6989331459976871,0.5989940648824439
fold_3__h10__seed_0__lb50__supervised,3,10,0,50,matrix_transformer,0.5,36974,35530,0.9609455292908531,0.7141896437772338,0.6207368431322067
fold_3__h10__seed_0__lb50__supervised,3,10,0,50,matrix_transformer,0.6,36974,32760,0.8860280196895115,0.746681271485337,0.6649089820433235
fold_3__h10__seed_0__lb50__supervised,3,10,0,50,matrix_transformer,0.7,36974,28800,0.778925731595175,0.7971095482869771,0.7327998901488123
fold_3__h10__seed_0__lb50__supervised,3,10,0,50,matrix_transformer,0.8,36974,25017,0.6766105912262671,0.8437261708784503,0.7959892457462315
fold_3__h10__seed_0__lb50__supervised,3,10,0,50,matrix_transformer,0.9,36974,20006,0.541082923135176,0.8841452532750522,0.848116741901239
fold_3__h10__seed_0__lb50__deeplob_style__supervised,3,10,0,50,deeplob_style,0.0,36974,36974,1.0,0.5870098527552061,0.46199373143619404
fold_3__h10__seed_0__lb50__deeplob_style__supervised,3,10,0,50,deeplob_style,0.5,36974,32968,0.8916535944176989,0.6136993940459828,0.5088491200729682
fold_3__h10__seed_0__lb50__deeplob_style__supervised,3,10,0,50,deeplob_style,0.6,36974,22374,0.6051279277330016,0.6804753244246017,0.5944368359356951
fold_3__h10__seed_0__lb50__deeplob_style__supervised,3,10,0,50,deeplob_style,0.7,36974,14697,0.39749553740466276,0.7739991767740092,0.71010164603672
fold_3__h10__seed_0__lb50__deeplob_style__supervised,3,10,0,50,deeplob_style,0.8,36974,10757,0.2909341699572673,0.8478941600216293,0.7997787968483012
fold_3__h10__seed_0__lb50__deeplob_style__supervised,3,10,0,50,deeplob_style,0.9,36974,7168,0.193865959863688,0.8953742471475111,0.8623233872671444
fold_3__h10__seed_0__lb100__supervised,3,10,0,100,matrix_transformer,0.0,36924,36924,1.0,0.2729187419615099,0.0605625774702225
fold_3__h10__seed_0__lb100__supervised,3,10,0,100,matrix_transformer,0.5,36924,32090,0.8690824396056765,0.2561248640695964,0.0
fold_3__h10__seed_0__lb100__supervised,3,10,0,100,matrix_transformer,0.6,36924,19232,0.5208536453255336,0.2679189732744501,0.0
fold_3__h10__seed_0__lb100__supervised,3,10,0,100,matrix_transformer,0.7,36924,3397,0.09199978333874986,0.29437229437229434,0.0
fold_3__h10__seed_0__lb100__supervised,3,10,0,100,matrix_transformer,0.8,36924,0,0.0,,
fold_3__h10__seed_0__lb100__supervised,3,10,0,100,matrix_transformer,0.9,36924,0,0.0,,
fold_3__h10__seed_0__lb100__deeplob_style__supervised,3,10,0,100,deeplob_style,0.0,36924,36924,1.0,0.3933360216980719,0.20579496846289677
fold_3__h10__seed_0__lb100__deeplob_style__supervised,3,10,0,100,deeplob_style,0.5,36924,35513,0.9617863720073665,0.3970376591883736,0.22254405683577813
fold_3__h10__seed_0__lb100__deeplob_style__supervised,3,10,0,100,deeplob_style,0.6,36924,33031,0.8945672191528545,0.3990257613062829,0.2464393149146049
fold_3__h10__seed_0__lb100__deeplob_style__supervised,3,10,0,100,deeplob_style,0.7,36924,30927,0.8375853103672408,0.398654616059176,0.25832935375613025
fold_3__h10__seed_0__lb100__deeplob_style__supervised,3,10,0,100,deeplob_style,0.8,36924,28463,0.7708536453255336,0.39612095132759256,0.26529453091761096
fold_3__h10__seed_0__lb100__deeplob_style__supervised,3,10,0,100,deeplob_style,0.9,36924,23734,0.6427797638392374,0.38991537363178025,0.2730651715075192
fold_3__h10__seed_1__lb20__supervised,3,10,1,20,matrix_transformer,0.0,37004,37004,1.0,0.7213086756382259,0.6243474710158402
fold_3__h10__seed_1__lb20__supervised,3,10,1,20,matrix_transformer,0.5,37004,35045,0.9470597773213707,0.7439519020519919,0.6560279691155705
fold_3__h10__seed_1__lb20__supervised,3,10,1,20,matrix_transformer,0.6,37004,31116,0.8408820668035888,0.7943412842045702,0.7261569512547688
fold_3__h10__seed_1__lb20__supervised,3,10,1,20,matrix_transformer,0.7,37004,28101,0.7594043887147336,0.8357394753921258,0.7815629759386736
fold_3__h10__seed_1__lb20__supervised,3,10,1,20,matrix_transformer,0.8,37004,25871,0.699140633445033,0.8635247936308588,0.8182547749683501
fold_3__h10__seed_1__lb20__supervised,3,10,1,20,matrix_transformer,0.9,37004,22723,0.6140687493243974,0.8935339730311352,0.8568573251232617
fold_3__h10__seed_1__lb20__deeplob_style__supervised,3,10,1,20,deeplob_style,0.0,37004,37004,1.0,0.6039327785796959,0.4538988977763663
fold_3__h10__seed_1__lb20__deeplob_style__supervised,3,10,1,20,deeplob_style,0.5,37004,33600,0.9080099448708248,0.6291082947140907,0.4967087874793073
fold_3__h10__seed_1__lb20__deeplob_style__supervised,3,10,1,20,deeplob_style,0.6,37004,27782,0.7507836990595611,0.6716746140722542,0.5674450685581134
fold_3__h10__seed_1__lb20__deeplob_style__supervised,3,10,1,20,deeplob_style,0.7,37004,21879,0.5912604042806183,0.7157330029910859,0.6317567789061946
fold_3__h10__seed_1__lb20__deeplob_style__supervised,3,10,1,20,deeplob_style,0.8,37004,15802,0.42703491514430875,0.7629983259901939,0.7022493407747783
fold_3__h10__seed_1__lb20__deeplob_style__supervised,3,10,1,20,deeplob_style,0.9,37004,9647,0.2607015457788347,0.8389129803452069,0.819880103035484
fold_3__h10__seed_1__lb50__supervised,3,10,1,50,matrix_transformer,0.0,36974,36974,1.0,0.69833854239289,0.5890029182189793
fold_3__h10__seed_1__lb50__supervised,3,10,1,50,matrix_transformer,0.5,36974,33970,0.9187537188294477,0.7319279519741894,0.6386996863661245
fold_3__h10__seed_1__lb50__supervised,3,10,1,50,matrix_transformer,0.6,36974,30629,0.828392924757938,0.7699147444546816,0.6941800429097594
fold_3__h10__seed_1__lb50__supervised,3,10,1,50,matrix_transformer,0.7,36974,27815,0.7522853897333261,0.8022062811884269,0.7393150062368804
fold_3__h10__seed_1__lb50__supervised,3,10,1,50,matrix_transformer,0.8,36974,25222,0.6821550278574133,0.8306378574868374,0.7772599913957604
fold_3__h10__seed_1__lb50__supervised,3,10,1,50,matrix_transformer,0.9,36974,20878,0.5646670633418077,0.8604192087478961,0.8159314095326679
fold_3__h10__seed_1__lb50__deeplob_style__supervised,3,10,1,50,deeplob_style,0.0,36974,36974,1.0,0.6204371490119615,0.5135577802444872
fold_3__h10__seed_1__lb50__deeplob_style__supervised,3,10,1,50,deeplob_style,0.5,36974,34437,0.9313842159355222,0.6339065038779726,0.5369730782693146
fold_3__h10__seed_1__lb50__deeplob_style__supervised,3,10,1,50,deeplob_style,0.6,36974,31020,0.8389679234056364,0.6570744871743054,0.5728969108955773
fold_3__h10__seed_1__lb50__deeplob_style__supervised,3,10,1,50,deeplob_style,0.7,36974,27543,0.7449288689349273,0.6881341061828437,0.6142953754783834
fold_3__h10__seed_1__lb50__deeplob_style__supervised,3,10,1,50,deeplob_style,0.8,36974,23711,0.6412884729810137,0.7205549764305511,0.6571771996965563
fold_3__h10__seed_1__lb50__deeplob_style__supervised,3,10,1,50,deeplob_style,0.9,36974,16684,0.4512360036782604,0.7696484562303816,0.7248605730140639
fold_3__h10__seed_1__lb100__supervised,3,10,1,100,matrix_transformer,0.0,36924,36924,1.0,0.30130679621053663,0.1019070455365172
fold_3__h10__seed_1__lb100__supervised,3,10,1,100,matrix_transformer,0.5,36924,26943,0.729688007799805,0.2602497963616617,0.0
fold_3__h10__seed_1__lb100__supervised,3,10,1,100,matrix_transformer,0.6,36924,12808,0.3468746614667967,0.2764524875849252,0.0
fold_3__h10__seed_1__lb100__supervised,3,10,1,100,matrix_transformer,0.7,36924,1645,0.04455096955909436,0.28863610249339305,0.0
fold_3__h10__seed_1__lb100__supervised,3,10,1,100,matrix_transformer,0.8,36924,0,0.0,,
fold_3__h10__seed_1__lb100__supervised,3,10,1,100,matrix_transformer,0.9,36924,0,0.0,,
fold_3__h10__seed_1__lb100__deeplob_style__supervised,3,10,1,100,deeplob_style,0.0,36924,36924,1.0,0.6676888493046523,0.5616323288215654
fold_3__h10__seed_1__lb100__deeplob_style__supervised,3,10,1,100,deeplob_style,0.5,36924,34629,0.9378453038674033,0.6877772837947962,0.5913700584239533
fold_3__h10__seed_1__lb100__deeplob_style__supervised,3,10,1,100,deeplob_style,0.6,36924,31316,0.8481204636550753,0.7192811831698774,0.6334113036554772
fold_3__h10__seed_1__lb100__deeplob_style__supervised,3,10,1,100,deeplob_style,0.7,36924,28265,0.7654912793846821,0.7472113063109561,0.6692183501796913
fold_3__h10__seed_1__lb100__deeplob_style__supervised,3,10,1,100,deeplob_style,0.8,36924,24951,0.6757393565160871,0.7759812291996001,0.7049695823486096
fold_3__h10__seed_1__lb100__deeplob_style__supervised,3,10,1,100,deeplob_style,0.9,36924,18717,0.5069060773480663,0.8216069747742232,0.7638735589495519
fold_3__h10__seed_2__lb20__supervised,3,10,2,20,matrix_transformer,0.0,37004,37004,1.0,0.7350295042231197,0.632196144963137
fold_3__h10__seed_2__lb20__supervised,3,10,2,20,matrix_transformer,0.5,37004,34204,0.9243325045940979,0.7674869230101611,0.6800642348213282
fold_3__h10__seed_2__lb20__supervised,3,10,2,20,matrix_transformer,0.6,37004,29980,0.8101826829531943,0.8185444653542812,0.7582510018222499
fold_3__h10__seed_2__lb20__supervised,3,10,2,20,matrix_transformer,0.7,37004,27433,0.7413522862393255,0.8529382643075428,0.8077305739250931
fold_3__h10__seed_2__lb20__supervised,3,10,2,20,matrix_transformer,0.8,37004,25349,0.6850340503729326,0.8779410175718053,0.8407055747217247
fold_3__h10__seed_2__lb20__supervised,3,10,2,20,matrix_transformer,0.9,37004,21671,0.5856393903361798,0.9128547719886018,0.8853004840813457
fold_3__h10__seed_2__lb20__deeplob_style__supervised,3,10,2,20,deeplob_style,0.0,37004,37004,1.0,0.46530915203814294,0.2692111445540078
fold_3__h10__seed_2__lb20__deeplob_style__supervised,3,10,2,20,deeplob_style,0.5,37004,34746,0.9389795697762404,0.47387406688518513,0.28623299833428756
fold_3__h10__seed_2__lb20__deeplob_style__supervised,3,10,2,20,deeplob_style,0.6,37004,30568,0.8260728569884337,0.4956344951329719,0.32148000400274657
fold_3__h10__seed_2__lb20__deeplob_style__supervised,3,10,2,20,deeplob_style,0.7,37004,26443,0.7145984217922386,0.5267652193296338,0.36268582517119413
fold_3__h10__seed_2__lb20__deeplob_style__supervised,3,10,2,20,deeplob_style,0.8,37004,21618,0.5842071127445682,0.5685449852077616,0.40888918014037495
fold_3__h10__seed_2__lb20__deeplob_style__supervised,3,10,2,20,deeplob_style,0.9,37004,14660,0.3961733866609015,0.6419243602045975,0.49156154408713737
fold_3__h10__seed_2__lb50__supervised,3,10,2,50,matrix_transformer,0.0,36974,36974,1.0,0.7271961372902568,0.6296106854770881
fold_3__h10__seed_2__lb50__supervised,3,10,2,50,matrix_transformer,0.5,36974,34107,0.9224590252609942,0.7589580104264844,0.6745285251431355
fold_3__h10__seed_2__lb50__supervised,3,10,2,50,matrix_transformer,0.6,36974,30665,0.829366581922432,0.8020018486240154,0.7343823741334286
fold_3__h10__seed_2__lb50__supervised,3,10,2,50,matrix_transformer,0.7,36974,27558,0.745334559420133,0.8428950671609775,0.7895668578232631
fold_3__h10__seed_2__lb50__supervised,3,10,2,50,matrix_transformer,0.8,36974,24475,0.6619516416941634,0.8743213926256365,0.8307370363627284
fold_3__h10__seed_2__lb50__supervised,3,10,2,50,matrix_transformer,0.9,36974,20372,0.5509817709741981,0.9037987172969019,0.869121485637319
fold_3__h10__seed_2__lb50__deeplob_style__supervised,3,10,2,50,deeplob_style,0.0,36974,36974,1.0,0.442780535188591,0.19005427045653678
fold_3__h10__seed_2__lb50__deeplob_style__supervised,3,10,2,50,deeplob_style,0.5,36974,33636,0.9097203440255315,0.4577510573193626,0.21282614990084592
fold_3__h10__seed_2__lb50__deeplob_style__supervised,3,10,2,50,deeplob_style,0.6,36974,28515,0.7712176123762644,0.48776087267637047,0.2622983007233635
fold_3__h10__seed_2__lb50__deeplob_style__supervised,3,10,2,50,deeplob_style,0.7,36974,21971,0.5942283766971386,0.5557111020179893,0.3634634661777098
fold_3__h10__seed_2__lb50__deeplob_style__supervised,3,10,2,50,deeplob_style,0.8,36974,14766,0.3993617136366095,0.6914580149539159,0.5527503103062832
fold_3__h10__seed_2__lb50__deeplob_style__supervised,3,10,2,50,deeplob_style,0.9,36974,9358,0.25309677070373776,0.8394772026602757,0.7733896375040843
fold_3__h10__seed_2__lb100__supervised,3,10,2,100,matrix_transformer,0.0,36924,36924,1.0,0.5718614461475071,0.3737016148661127
fold_3__h10__seed_2__lb100__supervised,3,10,2,100,matrix_transformer,0.5,36924,30302,0.8206586502004116,0.6138916161278186,0.44099393680078763
fold_3__h10__seed_2__lb100__supervised,3,10,2,100,matrix_transformer,0.6,36924,23288,0.630700899144188,0.6652308553898353,0.5241954299911336
fold_3__h10__seed_2__lb100__supervised,3,10,2,100,matrix_transformer,0.7,36924,16064,0.4350557902719099,0.7305404407773994,0.6244051270148907
fold_3__h10__seed_2__lb100__supervised,3,10,2,100,matrix_transformer,0.8,36924,9340,0.252952009533095,0.8083755134042923,0.7392698801993592
fold_3__h10__seed_2__lb100__supervised,3,10,2,100,matrix_transformer,0.9,36924,2764,0.07485646192178529,0.8497825609174593,0.8270144024138822
fold_3__h10__seed_2__lb100__deeplob_style__supervised,3,10,2,100,deeplob_style,0.0,36924,36924,1.0,0.39584480939268435,0.22367814732992136
fold_3__h10__seed_2__lb100__deeplob_style__supervised,3,10,2,100,deeplob_style,0.5,36924,35828,0.9703174087314483,0.3948341258296637,0.23337279487538812
fold_3__h10__seed_2__lb100__deeplob_style__supervised,3,10,2,100,deeplob_style,0.6,36924,34022,0.9214061315133788,0.39236742226340415,0.2499307423799528
fold_3__h10__seed_2__lb100__deeplob_style__supervised,3,10,2,100,deeplob_style,0.7,36924,32418,0.8779655508612285,0.38740404626629193,0.26111493383063106
fold_3__h10__seed_2__lb100__deeplob_style__supervised,3,10,2,100,deeplob_style,0.8,36924,30781,0.8336312425522695,0.3772798671575563,0.2633258111499297
fold_3__h10__seed_2__lb100__deeplob_style__supervised,3,10,2,100,deeplob_style,0.9,36924,28157,0.762566352507854,0.3484048788622976,0.25216215994183855
fold_3__h50__seed_0__lb20__supervised,3,50,0,20,matrix_transformer,0.0,37004,37004,1.0,0.7653431355038479,0.6463783448540954
fold_3__h50__seed_0__lb20__supervised,3,50,0,20,matrix_transformer,0.5,37004,34417,0.9300886390660469,0.7911861925516176,0.6845329863874337
fold_3__h50__seed_0__lb20__supervised,3,50,0,20,matrix_transformer,0.6,37004,31029,0.8385309696249054,0.8209500160684214,0.7294418343555777
fold_3__h50__seed_0__lb20__supervised,3,50,0,20,matrix_transformer,0.7,37004,27597,0.7457842395416712,0.850016689338981,0.7734122302387172
fold_3__h50__seed_0__lb20__supervised,3,50,0,20,matrix_transformer,0.8,37004,23961,0.6475245919360069,0.8777876172948899,0.8149849311798547
fold_3__h50__seed_0__lb20__supervised,3,50,0,20,matrix_transformer,0.9,37004,18384,0.4968111555507513,0.9145741850048198,0.8691712469960251
fold_3__h50__seed_0__lb20__deeplob_style__supervised,3,50,0,20,deeplob_style,0.0,37004,37004,1.0,0.4979905637741362,0.294265240821251
fold_3__h50__seed_0__lb20__deeplob_style__supervised,3,50,0,20,deeplob_style,0.5,37004,28950,0.7823478542860232,0.5323776386418441,0.3474284803032415
fold_3__h50__seed_0__lb20__deeplob_style__supervised,3,50,0,20,deeplob_style,0.6,37004,17802,0.4810831261485245,0.6444345528368723,0.4785513751311519
fold_3__h50__seed_0__lb20__deeplob_style__supervised,3,50,0,20,deeplob_style,0.7,37004,7654,0.2068425035131337,0.8366212925050857,0.7499182274319631
fold_3__h50__seed_0__lb20__deeplob_style__supervised,3,50,0,20,deeplob_style,0.8,37004,4929,0.13320181601988973,0.8820994629405541,0.8238475019855527
fold_3__h50__seed_0__lb20__deeplob_style__supervised,3,50,0,20,deeplob_style,0.9,37004,2792,0.0754513025618852,0.9286441528287237,0.8927932446141946
fold_3__h50__seed_0__lb50__supervised,3,50,0,50,matrix_transformer,0.0,36974,36974,1.0,0.7688402717084021,0.6516169225034786
fold_3__h50__seed_0__lb50__supervised,3,50,0,50,matrix_transformer,0.5,36974,34342,0.9288148428625521,0.7934003009032863,0.6881348294904391
fold_3__h50__seed_0__lb50__supervised,3,50,0,50,matrix_transformer,0.6,36974,30570,0.8267972088494617,0.825020227610385,0.7361002807433294
fold_3__h50__seed_0__lb50__supervised,3,50,0,50,matrix_transformer,0.7,36974,26456,0.7155298317736788,0.8572532037323627,0.7843280712267294
fold_3__h50__seed_0__lb50__supervised,3,50,0,50,matrix_transformer,0.8,36974,22165,0.5994753069724671,0.889334058624761,0.8314161234832762
fold_3__h50__seed_0__lb50__supervised,3,50,0,50,matrix_transformer,0.9,36974,16693,0.4514794179693839,0.9277471157772608,0.888311608708273
fold_3__h50__seed_0__lb50__deeplob_style__supervised,3,50,0,50,deeplob_style,0.0,36974,36974,1.0,0.5001758471961847,0.29768414021364936
fold_3__h50__seed_0__lb50__deeplob_style__supervised,3,50,0,50,deeplob_style,0.5,36974,29952,0.810082760858982,0.5347917156630296,0.34593590972531413
fold_3__h50__seed_0__lb50__deeplob_style__supervised,3,50,0,50,deeplob_style,0.6,36974,18225,0.4929139395250717,0.6604478973483708,0.5004917226282567
fold_3__h50__seed_0__lb50__deeplob_style__supervised,3,50,0,50,deeplob_style,0.7,36974,9177,0.24820143884892087,0.8105521413873157,0.7090973791523539
fold_3__h50__seed_0__lb50__deeplob_style__supervised,3,50,0,50,deeplob_style,0.8,36974,4902,0.13257965056526208,0.8809841121904882,0.825414239366415
fold_3__h50__seed_0__lb50__deeplob_style__supervised,3,50,0,50,deeplob_style,0.9,36974,2493,0.06742575864120734,0.9363902250710949,0.9114682807477988
fold_3__h50__seed_0__lb100__supervised,3,50,0,100,matrix_transformer,0.0,36924,36924,1.0,0.39070868948661325,0.08808381141332063
fold_3__h50__seed_0__lb100__supervised,3,50,0,100,matrix_transformer,0.5,36924,1873,0.05072581518795363,0.5211732999676046,0.31477112891393694
fold_3__h50__seed_0__lb100__supervised,3,50,0,100,matrix_transformer,0.6,36924,159,0.004306142346441339,0.32362459546925565,0.0
fold_3__h50__seed_0__lb100__supervised,3,50,0,100,matrix_transformer,0.7,36924,0,0.0,,
fold_3__h50__seed_0__lb100__supervised,3,50,0,100,matrix_transformer,0.8,36924,0,0.0,,
fold_3__h50__seed_0__lb100__supervised,3,50,0,100,matrix_transformer,0.9,36924,0,0.0,,
fold_3__h50__seed_0__lb100__deeplob_style__supervised,3,50,0,100,deeplob_style,0.0,36924,36924,1.0,0.444921627586836,0.24809507736477374
fold_3__h50__seed_0__lb100__deeplob_style__supervised,3,50,0,100,deeplob_style,0.5,36924,34348,0.9302350774563969,0.44736044462854324,0.25889938522125905
fold_3__h50__seed_0__lb100__deeplob_style__supervised,3,50,0,100,deeplob_style,0.6,36924,25426,0.6886036182428773,0.49250988061018086,0.32772331133184096
fold_3__h50__seed_0__lb100__deeplob_style__supervised,3,50,0,100,deeplob_style,0.7,36924,17982,0.4870003249918752,0.5687054352815626,0.4288448273856725
fold_3__h50__seed_0__lb100__deeplob_style__supervised,3,50,0,100,deeplob_style,0.8,36924,12014,0.3253710323908569,0.644160320494431,0.5276219897528324
fold_3__h50__seed_0__lb100__deeplob_style__supervised,3,50,0,100,deeplob_style,0.9,36924,5920,0.16032932510020584,0.7598213103013886,0.6687026874413484
fold_3__h50__seed_1__lb20__supervised,3,50,1,20,matrix_transformer,0.0,37004,37004,1.0,0.7608004244742493,0.6402854396366298
fold_3__h50__seed_1__lb20__supervised,3,50,1,20,matrix_transformer,0.5,37004,34838,0.9414657874824344,0.7826695737191404,0.6723434678105488
fold_3__h50__seed_1__lb20__supervised,3,50,1,20,matrix_transformer,0.6,37004,31680,0.8561236623067776,0.8105482747910938,0.7140505119302615
fold_3__h50__seed_1__lb20__supervised,3,50,1,20,matrix_transformer,0.7,37004,28435,0.7684304399524375,0.8388846818672139,0.756337087115386
fold_3__h50__seed_1__lb20__supervised,3,50,1,20,matrix_transformer,0.8,37004,24529,0.6628742838612042,0.8691549990265011,0.8011582423676716
fold_3__h50__seed_1__lb20__supervised,3,50,1,20,matrix_transformer,0.9,37004,18871,0.5099718949302778,0.9076649682758188,0.8573405093606151
fold_3__h50__seed_1__lb20__deeplob_style__supervised,3,50,1,20,deeplob_style,0.0,37004,37004,1.0,0.6672248229427433,0.5019995225978032
fold_3__h50__seed_1__lb20__deeplob_style__supervised,3,50,1,20,deeplob_style,0.5,37004,25295,0.6835747486758188,0.7442330763552092,0.6198592750867417
fold_3__h50__seed_1__lb20__deeplob_style__supervised,3,50,1,20,deeplob_style,0.6,37004,17663,0.4773267754837315,0.7903670886758499,0.6892490130071692
fold_3__h50__seed_1__lb20__deeplob_style__supervised,3,50,1,20,deeplob_style,0.7,37004,12164,0.32872121932764026,0.8255551178319679,0.7396158246582827
fold_3__h50__seed_1__lb20__deeplob_style__supervised,3,50,1,20,deeplob_style,0.8,37004,8132,0.21976002594314129,0.8636406361050386,0.7939416668178397
fold_3__h50__seed_1__lb20__deeplob_style__supervised,3,50,1,20,deeplob_style,0.9,37004,4350,0.11755485893416928,0.9137710843735668,0.8645063640791668
fold_3__h50__seed_1__lb50__supervised,3,50,1,50,matrix_transformer,0.0,36974,36974,1.0,0.7575300568548476,0.6342356615228637
fold_3__h50__seed_1__lb50__supervised,3,50,1,50,matrix_transformer,0.5,36974,34454,0.9318439984854222,0.7823176601761084,0.6714367614384381
fold_3__h50__seed_1__lb50__supervised,3,50,1,50,matrix_transformer,0.6,36974,30708,0.8305295613133553,0.8149450248434186,0.7214631218496458
fold_3__h50__seed_1__lb50__supervised,3,50,1,50,matrix_transformer,0.7,36974,27014,0.7306215178233353,0.8460038937071609,0.7686505214380704
fold_3__h50__seed_1__lb50__supervised,3,50,1,50,matrix_transformer,0.8,36974,22972,0.6213014550765402,0.8775067252575095,0.816220963617186
fold_3__h50__seed_1__lb50__supervised,3,50,1,50,matrix_transformer,0.9,36974,17388,0.4702764104505869,0.9120328834545745,0.8679626668688442
fold_3__h50__seed_1__lb50__deeplob_style__supervised,3,50,1,50,deeplob_style,0.0,36974,36974,1.0,0.5354400168941241,0.313194664259227
fold_3__h50__seed_1__lb50__deeplob_style__supervised,3,50,1,50,deeplob_style,0.5,36974,18365,0.49670038405365935,0.6950605984539667,0.5301489754612579
fold_3__h50__seed_1__lb50__deeplob_style__supervised,3,50,1,50,deeplob_style,0.6,36974,12060,0.32617515010547954,0.7845419224538768,0.6717191762561815
fold_3__h50__seed_1__lb50__deeplob_style__supervised,3,50,1,50,deeplob_style,0.7,36974,9254,0.2502839833396441,0.8276192739077596,0.7428805638877869
fold_3__h50__seed_1__lb50__deeplob_style__supervised,3,50,1,50,deeplob_style,0.8,36974,7113,0.19237842808459998,0.8691043458144595,0.8070985193915743
fold_3__h50__seed_1__lb50__deeplob_style__supervised,3,50,1,50,deeplob_style,0.9,36974,4628,0.12516903770216908,0.918074659057532,0.8800080581999742
fold_3__h50__seed_1__lb100__supervised,3,50,1,100,matrix_transformer,0.0,36924,36924,1.0,0.5160586691908544,0.2746523684802516
fold_3__h50__seed_1__lb100__supervised,3,50,1,100,matrix_transformer,0.5,36924,21403,0.5796500920810314,0.5870002645399108,0.3797166070611517
fold_3__h50__seed_1__lb100__supervised,3,50,1,100,matrix_transformer,0.6,36924,12107,0.32788971942368106,0.6438972388206209,0.4710583325355694
fold_3__h50__seed_1__lb100__supervised,3,50,1,100,matrix_transformer,0.7,36924,6400,0.17332900010833063,0.6937087797590511,0.5604592781298685
fold_3__h50__seed_1__lb100__supervised,3,50,1,100,matrix_transformer,0.8,36924,3048,0.08254793630159246,0.7044184860684393,0.6164771059361818
fold_3__h50__seed_1__lb100__supervised,3,50,1,100,matrix_transformer,0.9,36924,769,0.0208265626692666,0.5821660039973063,0.6927292276596612
fold_3__h50__seed_1__lb100__deeplob_style__supervised,3,50,1,100,deeplob_style,0.0,36924,36924,1.0,0.5381943380887191,0.37386195706248315
fold_3__h50__seed_1__lb100__deeplob_style__supervised,3,50,1,100,deeplob_style,0.5,36924,31950,0.8652908677283068,0.5592929810294621,0.4054941304788513
fold_3__h50__seed_1__lb100__deeplob_style__supervised,3,50,1,100,deeplob_style,0.6,36924,25021,0.677635142454772,0.610560579282385,0.4688201969099241
fold_3__h50__seed_1__lb100__deeplob_style__supervised,3,50,1,100,deeplob_style,0.7,36924,17777,0.4814483804571552,0.7085781356397369,0.5848308224829938
fold_3__h50__seed_1__lb100__deeplob_style__supervised,3,50,1,100,deeplob_style,0.8,36924,11451,0.3101234969125772,0.8189911778542713,0.7372815604116568
fold_3__h50__seed_1__lb100__deeplob_style__supervised,3,50,1,100,deeplob_style,0.9,36924,6443,0.17449355432780847,0.887811529194548,0.842540790942942
fold_3__h50__seed_2__lb20__supervised,3,50,2,20,matrix_transformer,0.0,37004,37004,1.0,0.7609565734739901,0.637886694990823
fold_3__h50__seed_2__lb20__supervised,3,50,2,20,matrix_transformer,0.5,37004,34434,0.9305480488595828,0.7849554087031837,0.6733900139449767
fold_3__h50__seed_2__lb20__supervised,3,50,2,20,matrix_transformer,0.6,37004,31076,0.8398011025835045,0.8141269570604274,0.7173011233024478
fold_3__h50__seed_2__lb20__supervised,3,50,2,20,matrix_transformer,0.7,37004,27654,0.7473246135552913,0.8454965799985139,0.7644611219900634
fold_3__h50__seed_2__lb20__supervised,3,50,2,20,matrix_transformer,0.8,37004,23531,0.6359042265701005,0.8760131281522435,0.8097435042467077
fold_3__h50__seed_2__lb20__supervised,3,50,2,20,matrix_transformer,0.9,37004,17720,0.47886714949735165,0.910712983184173,0.8604297805071655
fold_3__h50__seed_2__lb20__deeplob_style__supervised,3,50,2,20,deeplob_style,0.0,37004,37004,1.0,0.5702314662261504,0.3813727999708645
fold_3__h50__seed_2__lb20__deeplob_style__supervised,3,50,2,20,deeplob_style,0.5,37004,30057,0.8122635390768566,0.6152243126571076,0.4426166809278631
fold_3__h50__seed_2__lb20__deeplob_style__supervised,3,50,2,20,deeplob_style,0.6,37004,23197,0.6268781753323965,0.6775966189919442,0.5243123943838002
fold_3__h50__seed_2__lb20__deeplob_style__supervised,3,50,2,20,deeplob_style,0.7,37004,17384,0.4697870500486434,0.7348248931993883,0.6021370595729278
fold_3__h50__seed_2__lb20__deeplob_style__supervised,3,50,2,20,deeplob_style,0.8,37004,12323,0.3330180521024754,0.8099422004793316,0.7080895258716264
fold_3__h50__seed_2__lb20__deeplob_style__supervised,3,50,2,20,deeplob_style,0.9,37004,7196,0.19446546319316832,0.8967215846490159,0.840629065171217
fold_3__h50__seed_2__lb50__supervised,3,50,2,50,matrix_transformer,0.0,36974,36974,1.0,0.7647650627761742,0.6469855057668955
fold_3__h50__seed_2__lb50__supervised,3,50,2,50,matrix_transformer,0.5,36974,34685,0.9380916319575918,0.7866311798222533,0.6798780263399347
fold_3__h50__seed_2__lb50__supervised,3,50,2,50,matrix_transformer,0.6,36974,31187,0.8434846108075945,0.817974729077204,0.7275832434790218
fold_3__h50__seed_2__lb50__supervised,3,50,2,50,matrix_transformer,0.7,36974,27745,0.7503921674690323,0.8494831911978574,0.7751213818335171
fold_3__h50__seed_2__lb50__supervised,3,50,2,50,matrix_transformer,0.8,36974,24038,0.6501325255585005,0.8791902058848745,0.8196829097565411
fold_3__h50__seed_2__lb50__supervised,3,50,2,50,matrix_transformer,0.9,36974,18926,0.511873208200357,0.9179073063920301,0.8769916487932681
fold_3__h50__seed_2__lb50__deeplob_style__supervised,3,50,2,50,deeplob_style,0.0,36974,36974,1.0,0.5447607249194405,0.3595785429105395
fold_3__h50__seed_2__lb50__deeplob_style__supervised,3,50,2,50,deeplob_style,0.5,36974,27835,0.7528263103802673,0.6188527531120257,0.4518433365171774
fold_3__h50__seed_2__lb50__deeplob_style__supervised,3,50,2,50,deeplob_style,0.6,36974,18305,0.49507762211283607,0.714464889141072,0.5749307661023786
fold_3__h50__seed_2__lb50__deeplob_style__supervised,3,50,2,50,deeplob_style,0.7,36974,11965,0.3236057770325093,0.7877051388661961,0.6749216791881089
fold_3__h50__seed_2__lb50__deeplob_style__supervised,3,50,2,50,deeplob_style,0.8,36974,7214,0.1951100773516525,0.8472383373585247,0.7661986044723713
fold_3__h50__seed_2__lb50__deeplob_style__supervised,3,50,2,50,deeplob_style,0.9,36974,3205,0.08668253367231027,0.9179106733688553,0.8770921875772759
fold_3__h50__seed_2__lb100__supervised,3,50,2,100,matrix_transformer,0.0,36924,36924,1.0,0.43131227894046714,0.15428223850820766
fold_3__h50__seed_2__lb100__supervised,3,50,2,100,matrix_transformer,0.5,36924,15675,0.4245206369840754,0.4922495104087363,0.2453361630389136
fold_3__h50__seed_2__lb100__supervised,3,50,2,100,matrix_transformer,0.6,36924,4202,0.11380132163362583,0.6015848144713644,0.4116865822962047
fold_3__h50__seed_2__lb100__supervised,3,50,2,100,matrix_transformer,0.7,36924,902,0.02442855595276785,0.5984132088857411,0.44687692444604926
fold_3__h50__seed_2__lb100__supervised,3,50,2,100,matrix_transformer,0.8,36924,251,0.006797746722998592,0.3535636476812947,0.19123554462810627
fold_3__h50__seed_2__lb100__supervised,3,50,2,100,matrix_transformer,0.9,36924,44,0.001191636875744773,0.3089430894308943,0.0
fold_3__h50__seed_2__lb100__deeplob_style__supervised,3,50,2,100,deeplob_style,0.0,36924,36924,1.0,0.44734195098164004,0.28177032664187884
fold_3__h50__seed_2__lb100__deeplob_style__supervised,3,50,2,100,deeplob_style,0.5,36924,36007,0.9751652042032283,0.4462418955589807,0.2894714484653636
fold_3__h50__seed_2__lb100__deeplob_style__supervised,3,50,2,100,deeplob_style,0.6,36924,34580,0.9365182537103239,0.44137021230115464,0.298044875690343
fold_3__h50__seed_2__lb100__deeplob_style__supervised,3,50,2,100,deeplob_style,0.7,36924,33135,0.8973838154046149,0.4307673612554628,0.3000981762921881
fold_3__h50__seed_2__lb100__deeplob_style__supervised,3,50,2,100,deeplob_style,0.8,36924,31434,0.8513162170945726,0.4115480931462647,0.29681670080910566
fold_3__h50__seed_2__lb100__deeplob_style__supervised,3,50,2,100,deeplob_style,0.9,36924,29111,0.788403206586502,0.37167614554593253,0.277137143442792
fold_4__h10__seed_0__lb20__supervised,4,10,0,20,matrix_transformer,0.0,34766,34766,1.0,0.7393381292654491,0.6413038080277096
fold_4__h10__seed_0__lb20__supervised,4,10,0,20,matrix_transformer,0.5,34766,31733,0.9127595927055169,0.7775025917731563,0.6973433432651679
fold_4__h10__seed_0__lb20__supervised,4,10,0,20,matrix_transformer,0.6,34766,27517,0.7914916872806765,0.8348187525741576,0.7798112876673875
fold_4__h10__seed_0__lb20__supervised,4,10,0,20,matrix_transformer,0.7,34766,24853,0.7148650980843353,0.869724393084668,0.8285722435877948
fold_4__h10__seed_0__lb20__supervised,4,10,0,20,matrix_transformer,0.8,34766,22281,0.6408847724788587,0.8955172127664418,0.8623257851625297
fold_4__h10__seed_0__lb20__supervised,4,10,0,20,matrix_transformer,0.9,34766,17559,0.5050624173042628,0.9265994682480928,0.9021938200428871
fold_4__h10__seed_0__lb20__deeplob_style__supervised,4,10,0,20,deeplob_style,0.0,34766,34766,1.0,0.4784492563944111,0.29561451830561086
fold_4__h10__seed_0__lb20__deeplob_style__supervised,4,10,0,20,deeplob_style,0.5,34766,31178,0.8967957199562792,0.5057377362530724,0.33027400042075805
fold_4__h10__seed_0__lb20__deeplob_style__supervised,4,10,0,20,deeplob_style,0.6,34766,23621,0.6794281769544958,0.5853165984265519,0.43184450246056083
fold_4__h10__seed_0__lb20__deeplob_style__supervised,4,10,0,20,deeplob_style,0.7,34766,17475,0.5026462635908646,0.6827174436377602,0.5568403567024715
fold_4__h10__seed_0__lb20__deeplob_style__supervised,4,10,0,20,deeplob_style,0.8,34766,12706,0.36547201288615316,0.7897296942832982,0.7054326474712497
fold_4__h10__seed_0__lb20__deeplob_style__supervised,4,10,0,20,deeplob_style,0.9,34766,8683,0.24975550825519185,0.8712092161711791,0.8286532926519119
fold_4__h10__seed_0__lb50__supervised,4,10,0,50,matrix_transformer,0.0,34736,34736,1.0,0.7338079835120576,0.6317040693831097
fold_4__h10__seed_0__lb50__supervised,4,10,0,50,matrix_transformer,0.5,34736,30737,0.8848744818056196,0.7844061768582958,0.7074587486909106
fold_4__h10__seed_0__lb50__supervised,4,10,0,50,matrix_transformer,0.6,34736,27044,0.7785582680792261,0.8346835990965693,0.7780981409120465
fold_4__h10__seed_0__lb50__supervised,4,10,0,50,matrix_transformer,0.7,34736,24486,0.7049170888991249,0.8671550736316158,0.8223944953282948
fold_4__h10__seed_0__lb50__supervised,4,10,0,50,matrix_transformer,0.8,34736,21288,0.6128512206356518,0.8944290867747701,0.8567410732507155
fold_4__h10__seed_0__lb50__supervised,4,10,0,50,matrix_transformer,0.9,34736,15914,0.4581414094887149,0.9173775225997945,0.8862528614159783
fold_4__h10__seed_0__lb50__deeplob_style__supervised,4,10,0,50,deeplob_style,0.0,34736,34736,1.0,0.45153590698281837,0.27850801446723994
fold_4__h10__seed_0__lb50__deeplob_style__supervised,4,10,0,50,deeplob_style,0.5,34736,33543,0.9656552280055274,0.45115401976047176,0.28685128804622423
fold_4__h10__seed_0__lb50__deeplob_style__supervised,4,10,0,50,deeplob_style,0.6,34736,31021,0.8930504375863657,0.44866764514818075,0.3054026170461645
fold_4__h10__seed_0__lb50__deeplob_style__supervised,4,10,0,50,deeplob_style,0.7,34736,29081,0.8372005988023952,0.44970363539429176,0.3159049873838631
fold_4__h10__seed_0__lb50__deeplob_style__supervised,4,10,0,50,deeplob_style,0.8,34736,26364,0.7589820359281437,0.4569993881171958,0.32633470560301514
fold_4__h10__seed_0__lb50__deeplob_style__supervised,4,10,0,50,deeplob_style,0.9,34736,18265,0.5258233532934131,0.5054639916402511,0.37646482964153233
fold_4__h10__seed_0__lb100__supervised,4,10,0,100,matrix_transformer,0.0,34686,34686,1.0,0.2689835494108935,0.04732140488726343
fold_4__h10__seed_0__lb100__supervised,4,10,0,100,matrix_transformer,0.5,34686,29341,0.8459032462665053,0.2517270882388296,0.0
fold_4__h10__seed_0__lb100__supervised,4,10,0,100,matrix_transformer,0.6,34686,21805,0.6286397970362683,0.2566286810335101,0.0
fold_4__h10__seed_0__lb100__supervised,4,10,0,100,matrix_transformer,0.7,34686,5750,0.16577293432508794,0.2719253080698864,0.0
fold_4__h10__seed_0__lb100__supervised,4,10,0,100,matrix_transformer,0.8,34686,23,0.0006630917373003517,0.30158730158730157,0.0
fold_4__h10__seed_0__lb100__supervised,4,10,0,100,matrix_transformer,0.9,34686,0,0.0,,
fold_4__h10__seed_0__lb100__deeplob_style__supervised,4,10,0,100,deeplob_style,0.0,34686,34686,1.0,0.43465505426160944,0.262264763200009
fold_4__h10__seed_0__lb100__deeplob_style__supervised,4,10,0,100,deeplob_style,0.5,34686,33514,0.9662111514732169,0.4367550057379616,0.27500764552453416
fold_4__h10__seed_0__lb100__deeplob_style__supervised,4,10,0,100,deeplob_style,0.6,34686,31306,0.902554344692383,0.4354991244551038,0.29642079097226376
fold_4__h10__seed_0__lb100__deeplob_style__supervised,4,10,0,100,deeplob_style,0.7,34686,29603,0.8534567260566223,0.43638342062430463,0.311312757341925
fold_4__h10__seed_0__lb100__deeplob_style__supervised,4,10,0,100,deeplob_style,0.8,34686,26892,0.7752983912817851,0.44861730937761085,0.3294490639196134
fold_4__h10__seed_0__lb100__deeplob_style__supervised,4,10,0,100,deeplob_style,0.9,34686,17332,0.49968286916911725,0.5581915720829831,0.4459049544770287
fold_4__h10__seed_1__lb20__supervised,4,10,1,20,matrix_transformer,0.0,34766,34766,1.0,0.7311191829123981,0.6258202367578086
fold_4__h10__seed_1__lb20__supervised,4,10,1,20,matrix_transformer,0.5,34766,31291,0.9000460219754933,0.7712395300203944,0.686072783981351
fold_4__h10__seed_1__lb20__supervised,4,10,1,20,matrix_transformer,0.6,34766,27932,0.8034286371742507,0.8163135541012473,0.7524585437791359
fold_4__h10__seed_1__lb20__supervised,4,10,1,20,matrix_transformer,0.7,34766,25745,0.7405223494218489,0.8453925263878134,0.7924368767703824
fold_4__h10__seed_1__lb20__supervised,4,10,1,20,matrix_transformer,0.8,34766,23271,0.6693608698153368,0.8740521683380195,0.8304503522654305
fold_4__h10__seed_1__lb20__supervised,4,10,1,20,matrix_transformer,0.9,34766,18680,0.5373065638842547,0.9069767443581961,0.8732722124034358
fold_4__h10__seed_1__lb20__deeplob_style__supervised,4,10,1,20,deeplob_style,0.0,34766,34766,1.0,0.49687646596402546,0.31446183984091775
fold_4__h10__seed_1__lb20__deeplob_style__supervised,4,10,1,20,deeplob_style,0.5,34766,31417,0.9036702525455905,0.5215064353173146,0.3466087724216404
fold_4__h10__seed_1__lb20__deeplob_style__supervised,4,10,1,20,deeplob_style,0.6,34766,25061,0.720847954898464,0.5852474913890244,0.42879295437913556
fold_4__h10__seed_1__lb20__deeplob_style__supervised,4,10,1,20,deeplob_style,0.7,34766,19275,0.5544209860208249,0.6746565622059991,0.5366736769377008
fold_4__h10__seed_1__lb20__deeplob_style__supervised,4,10,1,20,deeplob_style,0.8,34766,14094,0.4053960766265892,0.7852340650798544,0.6832565490511289
fold_4__h10__seed_1__lb20__deeplob_style__supervised,4,10,1,20,deeplob_style,0.9,34766,9269,0.2666110567796123,0.8980506851201224,0.8566273002842182
fold_4__h10__seed_1__lb50__supervised,4,10,1,50,matrix_transformer,0.0,34736,34736,1.0,0.7223397925630888,0.6160703915225971
fold_4__h10__seed_1__lb50__supervised,4,10,1,50,matrix_transformer,0.5,34736,32755,0.942969829571626,0.7475510745317866,0.6537465300860583
fold_4__h10__seed_1__lb50__supervised,4,10,1,50,matrix_transformer,0.6,34736,29009,0.8351278212805159,0.7958913022428762,0.7239324973281535
fold_4__h10__seed_1__lb50__supervised,4,10,1,50,matrix_transformer,0.7,34736,26292,0.7569092584062644,0.8333564810267533,0.7793648817061671
fold_4__h10__seed_1__lb50__supervised,4,10,1,50,matrix_transformer,0.8,34736,24142,0.6950138185168125,0.8576557792547012,0.8142791314043258
fold_4__h10__seed_1__lb50__supervised,4,10,1,50,matrix_transformer,0.9,34736,18292,0.526600644864118,0.895103347805259,0.8622757859080684
fold_4__h10__seed_1__lb50__deeplob_style__supervised,4,10,1,50,deeplob_style,0.0,34736,34736,1.0,0.6020089729013437,0.4152274643340402
fold_4__h10__seed_1__lb50__deeplob_style__supervised,4,10,1,50,deeplob_style,0.5,34736,23240,0.6690465223399356,0.7307705652339337,0.6029002436510401
fold_4__h10__seed_1__lb50__deeplob_style__supervised,4,10,1,50,deeplob_style,0.6,34736,17722,0.5101911561492399,0.8108165095943337,0.7261227972552898
fold_4__h10__seed_1__lb50__deeplob_style__supervised,4,10,1,50,deeplob_style,0.7,34736,14648,0.4216950713956702,0.8672155184688924,0.8114946924148656
fold_4__h10__seed_1__lb50__deeplob_style__supervised,4,10,1,50,deeplob_style,0.8,34736,12345,0.3553949792722248,0.9002740099553614,0.8602150920094949
fold_4__h10__seed_1__lb50__deeplob_style__supervised,4,10,1,50,deeplob_style,0.9,34736,9255,0.2664382772915707,0.9292939849772323,0.9003927847961359
fold_4__h10__seed_1__lb100__supervised,4,10,1,100,matrix_transformer,0.0,34686,34686,1.0,0.29326910979315496,-0.05283038754347169
fold_4__h10__seed_1__lb100__supervised,4,10,1,100,matrix_transformer,0.5,34686,17464,0.5034884391397105,0.25932895843891635,-0.010442297958207544
fold_4__h10__seed_1__lb100__supervised,4,10,1,100,matrix_transformer,0.6,34686,13866,0.3997578273655077,0.25055142921449475,0.0
fold_4__h10__seed_1__lb100__supervised,4,10,1,100,matrix_transformer,0.7,34686,8325,0.24001037882719253,0.2589681431964544,0.0
fold_4__h10__seed_1__lb100__supervised,4,10,1,100,matrix_transformer,0.8,34686,0,0.0,,
fold_4__h10__seed_1__lb100__supervised,4,10,1,100,matrix_transformer,0.9,34686,0,0.0,,
fold_4__h10__seed_1__lb100__deeplob_style__supervised,4,10,1,100,deeplob_style,0.0,34686,34686,1.0,0.6802529824731648,0.5743836361749947
fold_4__h10__seed_1__lb100__deeplob_style__supervised,4,10,1,100,deeplob_style,0.5,34686,31464,0.9071094966268811,0.7103694832498633,0.6180505378390259
fold_4__h10__seed_1__lb100__deeplob_style__supervised,4,10,1,100,deeplob_style,0.6,34686,27406,0.7901170501066713,0.7571126083606864,0.6800786926761982
fold_4__h10__seed_1__lb100__deeplob_style__supervised,4,10,1,100,deeplob_style,0.7,34686,23930,0.6899037075477138,0.7933149700786375,0.7262146583216121
fold_4__h10__seed_1__lb100__deeplob_style__supervised,4,10,1,100,deeplob_style,0.8,34686,18775,0.5412846681658305,0.830798864500797,0.7749998311698336
fold_4__h10__seed_1__lb100__deeplob_style__supervised,4,10,1,100,deeplob_style,0.9,34686,10636,0.30663668338811045,0.8914509658449717,0.8546599427721302
fold_4__h10__seed_2__lb20__supervised,4,10,2,20,matrix_transformer,0.0,34766,34766,1.0,0.7510962255018372,0.6418355542525546
fold_4__h10__seed_2__lb20__supervised,4,10,2,20,matrix_transformer,0.5,34766,31925,0.9182822297647126,0.7849186802462665,0.6925006445279117
fold_4__h10__seed_2__lb20__supervised,4,10,2,20,matrix_transformer,0.6,34766,27461,0.7898809181384111,0.8414748275598818,0.7807635414062104
fold_4__h10__seed_2__lb20__supervised,4,10,2,20,matrix_transformer,0.7,34766,24520,0.7052867744347926,0.8793917441594933,0.8373163613066208
fold_4__h10__seed_2__lb20__supervised,4,10,2,20,matrix_transformer,0.8,34766,21938,0.6310188114824828,0.9071459840090829,0.8748412393358619
fold_4__h10__seed_2__lb20__supervised,4,10,2,20,matrix_transformer,0.9,34766,17877,0.5142092849335558,0.9333529771257134,0.9093383606175756
fold_4__h10__seed_2__lb20__deeplob_style__supervised,4,10,2,20,deeplob_style,0.0,34766,34766,1.0,0.4905276049286214,0.2888298481916716
fold_4__h10__seed_2__lb20__deeplob_style__supervised,4,10,2,20,deeplob_style,0.5,34766,29404,0.8457688546280849,0.5356670159510665,0.3520188125355993
fold_4__h10__seed_2__lb20__deeplob_style__supervised,4,10,2,20,deeplob_style,0.6,34766,23758,0.6833688086061094,0.5893121175238846,0.42787558535016934
fold_4__h10__seed_2__lb20__deeplob_style__supervised,4,10,2,20,deeplob_style,0.7,34766,19382,0.5574987056319393,0.6440118239543556,0.4997350821017622
fold_4__h10__seed_2__lb20__deeplob_style__supervised,4,10,2,20,deeplob_style,0.8,34766,15646,0.4500373928550883,0.7038055381164742,0.5757048342981549
fold_4__h10__seed_2__lb20__deeplob_style__supervised,4,10,2,20,deeplob_style,0.9,34766,11090,0.3189898176379221,0.7938372656054676,0.70033245144777
fold_4__h10__seed_2__lb50__supervised,4,10,2,50,matrix_transformer,0.0,34736,34736,1.0,0.7222977434656069,0.6263798457400241
fold_4__h10__seed_2__lb50__supervised,4,10,2,50,matrix_transformer,0.5,34736,33284,0.9581989866421005,0.7383676063376301,0.6495417727025797
fold_4__h10__seed_2__lb50__supervised,4,10,2,50,matrix_transformer,0.6,34736,30510,0.8783394748963611,0.7687119617823526,0.6924205629182691
fold_4__h10__seed_2__lb50__supervised,4,10,2,50,matrix_transformer,0.7,34736,26264,0.7561031782588669,0.8195612936623561,0.7633016954037494
fold_4__h10__seed_2__lb50__supervised,4,10,2,50,matrix_transformer,0.8,34736,21440,0.6172270842929526,0.858231047895143,0.8166900611262625
fold_4__h10__seed_2__lb50__supervised,4,10,2,50,matrix_transformer,0.9,34736,13538,0.38973975126669735,0.9014294382282033,0.8723645057577779
fold_4__h10__seed_2__lb50__deeplob_style__supervised,4,10,2,50,deeplob_style,0.0,34736,34736,1.0,0.4346943287553258,0.2661666889104077
fold_4__h10__seed_2__lb50__deeplob_style__supervised,4,10,2,50,deeplob_style,0.5,34736,33774,0.9723053892215568,0.4356216857984025,0.2758991818126815
fold_4__h10__seed_2__lb50__deeplob_style__supervised,4,10,2,50,deeplob_style,0.6,34736,31759,0.9142964071856288,0.43264674659474606,0.29497528379887983
fold_4__h10__seed_2__lb50__deeplob_style__supervised,4,10,2,50,deeplob_style,0.7,34736,30418,0.8756909258406265,0.42761167632302177,0.30491173420477385
fold_4__h10__seed_2__lb50__deeplob_style__supervised,4,10,2,50,deeplob_style,0.8,34736,29286,0.8431022570244127,0.42164363201778293,0.3064359996565408
fold_4__h10__seed_2__lb50__deeplob_style__supervised,4,10,2,50,deeplob_style,0.9,34736,27353,0.7874539382772916,0.3968963032282917,0.2952945250498518
fold_4__h10__seed_2__lb100__supervised,4,10,2,100,matrix_transformer,0.0,34686,34686,1.0,0.29746569057352795,-0.045076220535098084
fold_4__h10__seed_2__lb100__supervised,4,10,2,100,matrix_transformer,0.5,34686,15611,0.45006630917373003,0.23344295050576533,0.0
fold_4__h10__seed_2__lb100__supervised,4,10,2,100,matrix_transformer,0.6,34686,15576,0.4490572565300121,0.23344041609300903,0.0
fold_4__h10__seed_2__lb100__supervised,4,10,2,100,matrix_transformer,0.7,34686,14849,0.42809779161621403,0.23502223772564754,0.0
fold_4__h10__seed_2__lb100__supervised,4,10,2,100,matrix_transformer,0.8,34686,0,0.0,,
fold_4__h10__seed_2__lb100__supervised,4,10,2,100,matrix_transformer,0.9,34686,0,0.0,,
fold_4__h10__seed_2__lb100__deeplob_style__supervised,4,10,2,100,deeplob_style,0.0,34686,34686,1.0,0.4457823238769661,0.2747670181120798
fold_4__h10__seed_2__lb100__deeplob_style__supervised,4,10,2,100,deeplob_style,0.5,34686,33591,0.9684310672893963,0.4484034884075001,0.2858227862949751
fold_4__h10__seed_2__lb100__deeplob_style__supervised,4,10,2,100,deeplob_style,0.6,34686,31379,0.9046589402064233,0.44724432401830566,0.3056601860812846
fold_4__h10__seed_2__lb100__deeplob_style__supervised,4,10,2,100,deeplob_style,0.7,34686,29735,0.8572622960272156,0.44849527332302314,0.31872087889354034
fold_4__h10__seed_2__lb100__deeplob_style__supervised,4,10,2,100,deeplob_style,0.8,34686,27889,0.8040419765899787,0.4515591165330191,0.32569220573515417
fold_4__h10__seed_2__lb100__deeplob_style__supervised,4,10,2,100,deeplob_style,0.9,34686,23639,0.6815141555670876,0.45758464787318814,0.3337662174830187
fold_4__h50__seed_0__lb20__supervised,4,50,0,20,matrix_transformer,0.0,34766,34766,1.0,0.776813899330525,0.6644212090476564
fold_4__h50__seed_0__lb20__supervised,4,50,0,20,matrix_transformer,0.5,34766,33064,0.9510441235690043,0.7957367465438062,0.6921846895965077
fold_4__h50__seed_0__lb20__supervised,4,50,0,20,matrix_transformer,0.6,34766,29900,0.8600356670310073,0.8255344381417741,0.7365895577259985
fold_4__h50__seed_0__lb20__supervised,4,50,0,20,matrix_transformer,0.7,34766,26558,0.7639072657193811,0.8578574964487057,0.7847807122449056
fold_4__h50__seed_0__lb20__supervised,4,50,0,20,matrix_transformer,0.8,34766,22708,0.6531668871886326,0.8912656061594076,0.8336323297644533
fold_4__h50__seed_0__lb20__supervised,4,50,0,20,matrix_transformer,0.9,34766,17494,0.5031927745498476,0.9297634406449866,0.8907984685769124
fold_4__h50__seed_0__lb20__deeplob_style__supervised,4,50,0,20,deeplob_style,0.0,34766,34766,1.0,0.5702552030343332,0.38586415334341195
fold_4__h50__seed_0__lb20__deeplob_style__supervised,4,50,0,20,deeplob_style,0.5,34766,31740,0.9129609388483001,0.5889982304834334,0.4158080707235364
fold_4__h50__seed_0__lb20__deeplob_style__supervised,4,50,0,20,deeplob_style,0.6,34766,26891,0.7734855893689236,0.6212275858000293,0.4641312753087417
fold_4__h50__seed_0__lb20__deeplob_style__supervised,4,50,0,20,deeplob_style,0.7,34766,21717,0.6246620261174711,0.6686096688608917,0.5306666767802182
fold_4__h50__seed_0__lb20__deeplob_style__supervised,4,50,0,20,deeplob_style,0.8,34766,15637,0.4497785192429385,0.7509587391573506,0.6387175091448873
fold_4__h50__seed_0__lb20__deeplob_style__supervised,4,50,0,20,deeplob_style,0.9,34766,8609,0.24762699188862683,0.8743922781256194,0.8110460811124256
fold_4__h50__seed_0__lb50__supervised,4,50,0,50,matrix_transformer,0.0,34736,34736,1.0,0.7399558205692914,0.6055647119394859
fold_4__h50__seed_0__lb50__supervised,4,50,0,50,matrix_transformer,0.5,34736,31101,0.8953535237217872,0.77488521806084,0.6545030493207221
fold_4__h50__seed_0__lb50__supervised,4,50,0,50,matrix_transformer,0.6,34736,26259,0.755959235375403,0.8175683072393216,0.7175338004265616
fold_4__h50__seed_0__lb50__supervised,4,50,0,50,matrix_transformer,0.7,34736,21807,0.6277924919391985,0.8498256586309845,0.7663830202429258
fold_4__h50__seed_0__lb50__supervised,4,50,0,50,matrix_transformer,0.8,34736,17297,0.49795601105481346,0.8828338480305865,0.8164728588419774
fold_4__h50__seed_0__lb50__supervised,4,50,0,50,matrix_transformer,0.9,34736,11943,0.34382197144173193,0.9203284583242092,0.8732894435615774
fold_4__h50__seed_0__lb50__deeplob_style__supervised,4,50,0,50,deeplob_style,0.0,34736,34736,1.0,0.4874422243494763,0.3309261247103824
fold_4__h50__seed_0__lb50__deeplob_style__supervised,4,50,0,50,deeplob_style,0.5,34736,32904,0.9472593274988484,0.49110775457541234,0.3436746982647624
fold_4__h50__seed_0__lb50__deeplob_style__supervised,4,50,0,50,deeplob_style,0.6,34736,30431,0.8760651773376325,0.49449657214176773,0.35823254913411906
fold_4__h50__seed_0__lb50__deeplob_style__supervised,4,50,0,50,deeplob_style,0.7,34736,27632,0.7954859511745739,0.5021436344583275,0.37640728743665697
fold_4__h50__seed_0__lb50__deeplob_style__supervised,4,50,0,50,deeplob_style,0.8,34736,22890,0.6589705204974666,0.5298376183245881,0.41402863264372924
fold_4__h50__seed_0__lb50__deeplob_style__supervised,4,50,0,50,deeplob_style,0.9,34736,11092,0.3193228926761861,0.7097171909767326,0.6165542368168061
fold_4__h50__seed_0__lb100__supervised,4,50,0,100,matrix_transformer,0.0,34686,34686,1.0,0.5110763613750778,0.28364817361141487
fold_4__h50__seed_0__lb100__supervised,4,50,0,100,matrix_transformer,0.5,34686,27784,0.8010148186588248,0.5377954639552677,0.32524530293776105
fold_4__h50__seed_0__lb100__supervised,4,50,0,100,matrix_transformer,0.6,34686,20640,0.5950527590382286,0.5765075641441589,0.38379995085641694
fold_4__h50__seed_0__lb100__supervised,4,50,0,100,matrix_transformer,0.7,34686,13685,0.3945395836937093,0.6285553989451856,0.45767004842104614
fold_4__h50__seed_0__lb100__supervised,4,50,0,100,matrix_transformer,0.8,34686,6651,0.19174883238194085,0.7171944348344499,0.585354814865748
fold_4__h50__seed_0__lb100__supervised,4,50,0,100,matrix_transformer,0.9,34686,787,0.022689269445885948,0.8243613923922456,0.7503474687188447
fold_4__h50__seed_0__lb100__deeplob_style__supervised,4,50,0,100,deeplob_style,0.0,34686,34686,1.0,0.4927487666899751,0.28860233230892585
fold_4__h50__seed_0__lb100__deeplob_style__supervised,4,50,0,100,deeplob_style,0.5,34686,32740,0.9438966730092833,0.4961111731119767,0.3064156775808056
fold_4__h50__seed_0__lb100__deeplob_style__supervised,4,50,0,100,deeplob_style,0.6,34686,30261,0.8724269157585193,0.49581259279403794,0.32748033096755563
fold_4__h50__seed_0__lb100__deeplob_style__supervised,4,50,0,100,deeplob_style,0.7,34686,28047,0.8085971285244767,0.4885655649416407,0.3389679441213769
fold_4__h50__seed_0__lb100__deeplob_style__supervised,4,50,0,100,deeplob_style,0.8,34686,25670,0.7400680389782621,0.4738275129102057,0.34573411859682157
fold_4__h50__seed_0__lb100__deeplob_style__supervised,4,50,0,100,deeplob_style,0.9,34686,22268,0.6419881220088797,0.4328342311695839,0.33206036143069384
fold_4__h50__seed_1__lb20__supervised,4,50,1,20,matrix_transformer,0.0,34766,34766,1.0,0.772273479433816,0.6555992186799068
fold_4__h50__seed_1__lb20__supervised,4,50,1,20,matrix_transformer,0.5,34766,32542,0.9360294540643157,0.7955162215724346,0.6894761864230458
fold_4__h50__seed_1__lb20__supervised,4,50,1,20,matrix_transformer,0.6,34766,28720,0.8260944601047,0.8303099203709224,0.7415126909885331
fold_4__h50__seed_1__lb20__supervised,4,50,1,20,matrix_transformer,0.7,34766,24861,0.7150952079618018,0.8665561412445838,0.7955673993685752
fold_4__h50__seed_1__lb20__supervised,4,50,1,20,matrix_transformer,0.8,34766,20654,0.5940861761491112,0.8997982490983398,0.8449702452646413
fold_4__h50__seed_1__lb20__supervised,4,50,1,20,matrix_transformer,0.9,34766,15442,0.44416959097969283,0.9378686067503543,0.9029991389685965
fold_4__h50__seed_1__lb20__deeplob_style__supervised,4,50,1,20,deeplob_style,0.0,34766,34766,1.0,0.5295520681217014,0.37452307901335563
fold_4__h50__seed_1__lb20__deeplob_style__supervised,4,50,1,20,deeplob_style,0.5,34766,33002,0.9492607720186389,0.5338499640111143,0.38845789297573885
fold_4__h50__seed_1__lb20__deeplob_style__supervised,4,50,1,20,deeplob_style,0.6,34766,30493,0.8770925616982109,0.5364860383172455,0.4013570338587483
fold_4__h50__seed_1__lb20__deeplob_style__supervised,4,50,1,20,deeplob_style,0.7,34766,27853,0.8011563021342691,0.5354740436129486,0.40824038407846025
fold_4__h50__seed_1__lb20__deeplob_style__supervised,4,50,1,20,deeplob_style,0.8,34766,24559,0.7064085600874418,0.5362161836729409,0.4169461401929788
fold_4__h50__seed_1__lb20__deeplob_style__supervised,4,50,1,20,deeplob_style,0.9,34766,18144,0.5218892020939999,0.5555004344293802,0.4450362609707109
fold_4__h50__seed_1__lb50__supervised,4,50,1,50,matrix_transformer,0.0,34736,34736,1.0,0.7712841044220268,0.6541445399602644
fold_4__h50__seed_1__lb50__supervised,4,50,1,50,matrix_transformer,0.5,34736,31997,0.9211480884385076,0.7987923257083896,0.694937120658729
fold_4__h50__seed_1__lb50__supervised,4,50,1,50,matrix_transformer,0.6,34736,28239,0.8129606172270843,0.834515483674871,0.7487149347038135
fold_4__h50__seed_1__lb50__supervised,4,50,1,50,matrix_transformer,0.7,34736,24429,0.703276140027637,0.865822900697672,0.795216932564354
fold_4__h50__seed_1__lb50__supervised,4,50,1,50,matrix_transformer,0.8,34736,19964,0.5747351450944266,0.8977581720338715,0.841878651019675
fold_4__h50__seed_1__lb50__supervised,4,50,1,50,matrix_transformer,0.9,34736,14284,0.41121602947950253,0.9323031696046883,0.8943749966244983
fold_4__h50__seed_1__lb50__deeplob_style__supervised,4,50,1,50,deeplob_style,0.0,34736,34736,1.0,0.5610027075003959,0.3842304687797419
fold_4__h50__seed_1__lb50__deeplob_style__supervised,4,50,1,50,deeplob_style,0.5,34736,32399,0.9327210962690005,0.5759702389407727,0.4080070413330568
fold_4__h50__seed_1__lb50__deeplob_style__supervised,4,50,1,50,deeplob_style,0.6,34736,28380,0.8170198065407647,0.6030477172548363,0.45000589127725343
fold_4__h50__seed_1__lb50__deeplob_style__supervised,4,50,1,50,deeplob_style,0.7,34736,23860,0.6868954398894519,0.6436465952927507,0.5038451616202326
fold_4__h50__seed_1__lb50__deeplob_style__supervised,4,50,1,50,deeplob_style,0.8,34736,18510,0.5328765545831414,0.7118851179523068,0.5899253905390286
fold_4__h50__seed_1__lb50__deeplob_style__supervised,4,50,1,50,deeplob_style,0.9,34736,12362,0.35588438507600184,0.7978158720602121,0.7063520502839028
fold_4__h50__seed_1__lb100__supervised,4,50,1,100,matrix_transformer,0.0,34686,34686,1.0,0.4591235168469337,0.2002102927425505
fold_4__h50__seed_1__lb100__supervised,4,50,1,100,matrix_transformer,0.5,34686,20315,0.5856829844894194,0.5252679613113012,0.2924267986395127
fold_4__h50__seed_1__lb100__supervised,4,50,1,100,matrix_transformer,0.6,34686,9398,0.2709450498760307,0.5962943404032106,0.4033117315210526
fold_4__h50__seed_1__lb100__supervised,4,50,1,100,matrix_transformer,0.7,34686,3971,0.11448422994868246,0.6483958026258814,0.5057362522779679
fold_4__h50__seed_1__lb100__supervised,4,50,1,100,matrix_transformer,0.8,34686,1061,0.030588710142420573,0.7127981589943024,0.6156734989111106
fold_4__h50__seed_1__lb100__supervised,4,50,1,100,matrix_transformer,0.9,34686,4,0.00011532030213919161,1.0,0.0
fold_4__h50__seed_1__lb100__deeplob_style__supervised,4,50,1,100,deeplob_style,0.0,34686,34686,1.0,0.5289626002599331,0.3396948798810371
fold_4__h50__seed_1__lb100__deeplob_style__supervised,4,50,1,100,deeplob_style,0.5,34686,33455,0.9645101770166638,0.5328999929784437,0.3496213121749125
fold_4__h50__seed_1__lb100__deeplob_style__supervised,4,50,1,100,deeplob_style,0.6,34686,30268,0.8726287262872628,0.5494294203881586,0.37699941074920984
fold_4__h50__seed_1__lb100__deeplob_style__supervised,4,50,1,100,deeplob_style,0.7,34686,26651,0.7683503430778988,0.5723030965189672,0.41270987493051164
fold_4__h50__seed_1__lb100__deeplob_style__supervised,4,50,1,100,deeplob_style,0.8,34686,21258,0.6128697457187338,0.6239842447973999,0.4816782843625231
fold_4__h50__seed_1__lb100__deeplob_style__supervised,4,50,1,100,deeplob_style,0.9,34686,11211,0.32321397682061925,0.786537260735139,0.6993329826711138
fold_4__h50__seed_2__lb20__supervised,4,50,2,20,matrix_transformer,0.0,34766,34766,1.0,0.7953644844466781,0.6914099307727258
fold_4__h50__seed_2__lb20__supervised,4,50,2,20,matrix_transformer,0.5,34766,32689,0.9402577230627625,0.8176397678114512,0.7245430003801178
fold_4__h50__seed_2__lb20__supervised,4,50,2,20,matrix_transformer,0.6,34766,29531,0.8494218489328654,0.8499282434478177,0.7728622279338688
fold_4__h50__seed_2__lb20__supervised,4,50,2,20,matrix_transformer,0.7,34766,26384,0.7589023758844848,0.8791568015036167,0.8163544729359401
fold_4__h50__seed_2__lb20__supervised,4,50,2,20,matrix_transformer,0.8,34766,22770,0.6549502387389978,0.9072917368092663,0.8589122775261162
fold_4__h50__seed_2__lb20__supervised,4,50,2,20,matrix_transformer,0.9,34766,17810,0.5122821147097739,0.9374919582703138,0.9056928792523593
fold_4__h50__seed_2__lb20__deeplob_style__supervised,4,50,2,20,deeplob_style,0.0,34766,34766,1.0,0.573348386593821,0.3846840443774861
fold_4__h50__seed_2__lb20__deeplob_style__supervised,4,50,2,20,deeplob_style,0.5,34766,28410,0.8171777023528735,0.6231003042331903,0.4585792849795854
fold_4__h50__seed_2__lb20__deeplob_style__supervised,4,50,2,20,deeplob_style,0.6,34766,20983,0.6035494448599206,0.7099575285616172,0.5777613950300144
fold_4__h50__seed_2__lb20__deeplob_style__supervised,4,50,2,20,deeplob_style,0.7,34766,15288,0.43973997583846286,0.7948870904042611,0.6953100604195049
fold_4__h50__seed_2__lb20__deeplob_style__supervised,4,50,2,20,deeplob_style,0.8,34766,11281,0.32448369096243457,0.8473412813596571,0.7726683619503714
fold_4__h50__seed_2__lb20__deeplob_style__supervised,4,50,2,20,deeplob_style,0.9,34766,7230,0.20796180176034057,0.8986353921472715,0.8513842904126626
fold_4__h50__seed_2__lb50__supervised,4,50,2,50,matrix_transformer,0.0,34736,34736,1.0,0.774008742518089,0.6565326439067165
fold_4__h50__seed_2__lb50__supervised,4,50,2,50,matrix_transformer,0.5,34736,32115,0.9245451404882543,0.801589859638829,0.6973885348948781
fold_4__h50__seed_2__lb50__supervised,4,50,2,50,matrix_transformer,0.6,34736,28122,0.8095923537540304,0.8389040436998482,0.7538352725128439
fold_4__h50__seed_2__lb50__supervised,4,50,2,50,matrix_transformer,0.7,34736,24094,0.6936319668355596,0.8738847410384806,0.806678069685955
fold_4__h50__seed_2__lb50__supervised,4,50,2,50,matrix_transformer,0.8,34736,19986,0.5753684937816674,0.9042441404762895,0.8523313350020901
fold_4__h50__seed_2__lb50__supervised,4,50,2,50,matrix_transformer,0.9,34736,14905,0.4290937356057117,0.9360405295233925,0.9008373396644933
fold_4__h50__seed_2__lb50__deeplob_style__supervised,4,50,2,50,deeplob_style,0.0,34736,34736,1.0,0.5393035439155957,0.33808321954236253
fold_4__h50__seed_2__lb50__deeplob_style__supervised,4,50,2,50,deeplob_style,0.5,34736,29529,0.8500978811607555,0.5694322575353877,0.3843841442449207
fold_4__h50__seed_2__lb50__deeplob_style__supervised,4,50,2,50,deeplob_style,0.6,34736,23283,0.6702844311377245,0.6187220397782094,0.44911541624738915
fold_4__h50__seed_2__lb50__deeplob_style__supervised,4,50,2,50,deeplob_style,0.7,34736,16847,0.4850011515430677,0.6954250424735234,0.5513278385452374
fold_4__h50__seed_2__lb50__deeplob_style__supervised,4,50,2,50,deeplob_style,0.8,34736,9882,0.2844887148779364,0.8640557080625403,0.7956948616403402
fold_4__h50__seed_2__lb50__deeplob_style__supervised,4,50,2,50,deeplob_style,0.9,34736,6856,0.19737448180561953,0.9101224737253935,0.8686527987802344
fold_4__h50__seed_2__lb100__supervised,4,50,2,100,matrix_transformer,0.0,34686,34686,1.0,0.565178596721581,0.35071081164166457
fold_4__h50__seed_2__lb100__supervised,4,50,2,100,matrix_transformer,0.5,34686,29309,0.8449806838493917,0.5948446044180672,0.3949612932467781
fold_4__h50__seed_2__lb100__supervised,4,50,2,100,matrix_transformer,0.6,34686,22214,0.6404312979300005,0.6463490342257349,0.4718277288394465
fold_4__h50__seed_2__lb100__supervised,4,50,2,100,matrix_transformer,0.7,34686,14969,0.4315574006803898,0.7128156106937769,0.5713744103624411
fold_4__h50__seed_2__lb100__supervised,4,50,2,100,matrix_transformer,0.8,34686,7638,0.22020411693478636,0.8111671941396507,0.7147935885470695
fold_4__h50__seed_2__lb100__supervised,4,50,2,100,matrix_transformer,0.9,34686,808,0.023294701032116703,0.9221127797937078,0.9043500963597899
fold_4__h50__seed_2__lb100__deeplob_style__supervised,4,50,2,100,deeplob_style,0.0,34686,34686,1.0,0.49938316589509396,0.3159113992858331
fold_4__h50__seed_2__lb100__deeplob_style__supervised,4,50,2,100,deeplob_style,0.5,34686,33221,0.957763939341521,0.501195717146884,0.328812664647426
fold_4__h50__seed_2__lb100__deeplob_style__supervised,4,50,2,100,deeplob_style,0.6,34686,31368,0.9043418093755405,0.49966620611934526,0.3413594535219082
fold_4__h50__seed_2__lb100__deeplob_style__supervised,4,50,2,100,deeplob_style,0.7,34686,29606,0.8535432162832267,0.49496662618943005,0.3505432938538262
fold_4__h50__seed_2__lb100__deeplob_style__supervised,4,50,2,100,deeplob_style,0.8,34686,27515,0.7932595283399643,0.48359976197962723,0.35550337634094725
fold_4__h50__seed_2__lb100__deeplob_style__supervised,4,50,2,100,deeplob_style,0.9,34686,24270,0.6997059332295451,0.44907794914821997,0.33983340904295045
fold_5__h10__seed_0__lb20__supervised,5,10,0,20,matrix_transformer,0.0,39133,39133,1.0,0.7582967945286043,0.6647214249706953
fold_5__h10__seed_0__lb20__supervised,5,10,0,20,matrix_transformer,0.5,39133,36400,0.9301612449850509,0.7911935380126666,0.7116279885302026
fold_5__h10__seed_0__lb20__supervised,5,10,0,20,matrix_transformer,0.6,39133,31936,0.8160887230725986,0.8498497487298856,0.7984666099795829
fold_5__h10__seed_0__lb20__supervised,5,10,0,20,matrix_transformer,0.7,39133,29517,0.7542738864896634,0.8832647468455601,0.8452988375612213
fold_5__h10__seed_0__lb20__supervised,5,10,0,20,matrix_transformer,0.8,39133,27562,0.7043160503922521,0.9052093076260865,0.8737906833150537
fold_5__h10__seed_0__lb20__supervised,5,10,0,20,matrix_transformer,0.9,39133,23943,0.6118365573812383,0.9317600434021277,0.9088155625915251
fold_5__h10__seed_0__lb20__deeplob_style__supervised,5,10,0,20,deeplob_style,0.0,39133,39133,1.0,0.5245698797372982,0.3446098480153622
fold_5__h10__seed_0__lb20__deeplob_style__supervised,5,10,0,20,deeplob_style,0.5,39133,34530,0.8823754887179618,0.5645250933957917,0.397119606622004
fold_5__h10__seed_0__lb20__deeplob_style__supervised,5,10,0,20,deeplob_style,0.6,39133,27673,0.7071525311118493,0.6459713368129141,0.5075464989730487
fold_5__h10__seed_0__lb20__deeplob_style__supervised,5,10,0,20,deeplob_style,0.7,39133,22454,0.5737868295300641,0.7377945205207874,0.6324727944107905
fold_5__h10__seed_0__lb20__deeplob_style__supervised,5,10,0,20,deeplob_style,0.8,39133,18692,0.47765313162803774,0.8192167830189883,0.7453391634174003
fold_5__h10__seed_0__lb20__deeplob_style__supervised,5,10,0,20,deeplob_style,0.9,39133,14255,0.3642705644852171,0.8845470926715593,0.8382770336693198
fold_5__h10__seed_0__lb50__supervised,5,10,0,50,matrix_transformer,0.0,39103,39103,1.0,0.7379006551041111,0.6395481540979255
fold_5__h10__seed_0__lb50__supervised,5,10,0,50,matrix_transformer,0.5,39103,35966,0.9197759762678055,0.7735557648644944,0.6948082237659611
fold_5__h10__seed_0__lb50__supervised,5,10,0,50,matrix_transformer,0.6,39103,32515,0.8315218781167686,0.8146486071951645,0.7548869284835275
fold_5__h10__seed_0__lb50__supervised,5,10,0,50,matrix_transformer,0.7,39103,29931,0.7654399918164847,0.8458688240110801,0.798632782658311
fold_5__h10__seed_0__lb50__supervised,5,10,0,50,matrix_transformer,0.8,39103,27331,0.6989489297496356,0.8668286482338132,0.8286232159470885
fold_5__h10__seed_0__lb50__supervised,5,10,0,50,matrix_transformer,0.9,39103,22898,0.5855816689256579,0.8859721023500265,0.8589264717082593
fold_5__h10__seed_0__lb50__deeplob_style__supervised,5,10,0,50,deeplob_style,0.0,39103,39103,1.0,0.5199210247466217,0.3369678112519504
fold_5__h10__seed_0__lb50__deeplob_style__supervised,5,10,0,50,deeplob_style,0.5,39103,36906,0.9438150525535125,0.5330424205047456,0.3582857019174146
fold_5__h10__seed_0__lb50__deeplob_style__supervised,5,10,0,50,deeplob_style,0.6,39103,29982,0.7667442395724113,0.5989907803384048,0.44907904275158056
fold_5__h10__seed_0__lb50__deeplob_style__supervised,5,10,0,50,deeplob_style,0.7,39103,23290,0.5956064752065059,0.6935697177420396,0.5755194374719459
fold_5__h10__seed_0__lb50__deeplob_style__supervised,5,10,0,50,deeplob_style,0.8,39103,18256,0.4668695496509219,0.7914726263730434,0.7075476111360637
fold_5__h10__seed_0__lb50__deeplob_style__supervised,5,10,0,50,deeplob_style,0.9,39103,13754,0.3517377183336317,0.8543231527427846,0.7955081370385053
fold_5__h10__seed_0__lb100__supervised,5,10,0,100,matrix_transformer,0.0,39053,39053,1.0,0.2847038892860572,0.012399965425007188
fold_5__h10__seed_0__lb100__supervised,5,10,0,100,matrix_transformer,0.5,39053,20211,0.5175274626789235,0.2549325184619302,0.0
fold_5__h10__seed_0__lb100__supervised,5,10,0,100,matrix_transformer,0.6,39053,20180,0.5167336696284537,0.25487195184164885,0.0
fold_5__h10__seed_0__lb100__supervised,5,10,0,100,matrix_transformer,0.7,39053,20152,0.5160166952602873,0.2548382482169497,0.0
fold_5__h10__seed_0__lb100__supervised,5,10,0,100,matrix_transformer,0.8,39053,0,0.0,,
fold_5__h10__seed_0__lb100__supervised,5,10,0,100,matrix_transformer,0.9,39053,0,0.0,,
fold_5__h10__seed_0__lb100__deeplob_style__supervised,5,10,0,100,deeplob_style,0.0,39053,39053,1.0,0.5146639410356889,0.3342420270417491
fold_5__h10__seed_0__lb100__deeplob_style__supervised,5,10,0,100,deeplob_style,0.5,39053,33579,0.8598315110234809,0.5577346664091495,0.39331623927984993
fold_5__h10__seed_0__lb100__deeplob_style__supervised,5,10,0,100,deeplob_style,0.6,39053,23517,0.6021816505774205,0.6958148411938488,0.5753492365399259
fold_5__h10__seed_0__lb100__deeplob_style__supervised,5,10,0,100,deeplob_style,0.7,39053,17997,0.46083527513891376,0.8085676707807242,0.7337936618391957
fold_5__h10__seed_0__lb100__deeplob_style__supervised,5,10,0,100,deeplob_style,0.8,39053,14263,0.3652216218984457,0.8707427643654082,0.8240655135336878
fold_5__h10__seed_0__lb100__deeplob_style__supervised,5,10,0,100,deeplob_style,0.9,39053,10207,0.2613627634240647,0.9196887578200341,0.891165529539764
fold_5__h10__seed_1__lb20__supervised,5,10,1,20,matrix_transformer,0.0,39133,39133,1.0,0.756770859919676,0.6603701374364361
fold_5__h10__seed_1__lb20__supervised,5,10,1,20,matrix_transformer,0.5,39133,36244,0.9261748396494007,0.7913370622763138,0.7098275783561155
fold_5__h10__seed_1__lb20__supervised,5,10,1,20,matrix_transformer,0.6,39133,31821,0.8131500268315743,0.8466220118703437,0.7929143317019198
fold_5__h10__seed_1__lb20__supervised,5,10,1,20,matrix_transformer,0.7,39133,29167,0.7453300283648072,0.8836927307399592,0.8462225837230511
fold_5__h10__seed_1__lb20__supervised,5,10,1,20,matrix_transformer,0.8,39133,27108,0.6927145887102957,0.9099424363848859,0.8804563254895743
fold_5__h10__seed_1__lb20__supervised,5,10,1,20,matrix_transformer,0.9,39133,23398,0.5979096925868194,0.9364088172710531,0.9152226467085995
fold_5__h10__seed_1__lb20__deeplob_style__supervised,5,10,1,20,deeplob_style,0.0,39133,39133,1.0,0.5274025997145557,0.34817282813949535
fold_5__h10__seed_1__lb20__deeplob_style__supervised,5,10,1,20,deeplob_style,0.5,39133,34200,0.8739427082002402,0.571844986190032,0.4034441475307228
fold_5__h10__seed_1__lb20__deeplob_style__supervised,5,10,1,20,deeplob_style,0.6,39133,26599,0.679707663608719,0.6575791571661874,0.5167303180146625
fold_5__h10__seed_1__lb20__deeplob_style__supervised,5,10,1,20,deeplob_style,0.7,39133,20272,0.5180282625916746,0.764019720686274,0.6670749894731756
fold_5__h10__seed_1__lb20__deeplob_style__supervised,5,10,1,20,deeplob_style,0.8,39133,16694,0.4265964786752868,0.8306837295395164,0.7661853883166666
fold_5__h10__seed_1__lb20__deeplob_style__supervised,5,10,1,20,deeplob_style,0.9,39133,12785,0.3267063603608208,0.8848025745444934,0.8458632952592405
fold_5__h10__seed_1__lb50__supervised,5,10,1,50,matrix_transformer,0.0,39103,39103,1.0,0.748010759203822,0.6521293278059804
fold_5__h10__seed_1__lb50__supervised,5,10,1,50,matrix_transformer,0.5,39103,36364,0.9299542234611156,0.7803091366321504,0.7017418118437763
fold_5__h10__seed_1__lb50__supervised,5,10,1,50,matrix_transformer,0.6,39103,32839,0.8398076873897143,0.822593028608805,0.7652026322140552
fold_5__h10__seed_1__lb50__supervised,5,10,1,50,matrix_transformer,0.7,39103,30582,0.7820883308186073,0.8503277828494507,0.805257073407926
fold_5__h10__seed_1__lb50__supervised,5,10,1,50,matrix_transformer,0.8,39103,29125,0.7448277625757614,0.8690864532542291,0.8319915987140367
fold_5__h10__seed_1__lb50__supervised,5,10,1,50,matrix_transformer,0.9,39103,26498,0.6776462164028335,0.8926540148237763,0.8636142597134315
fold_5__h10__seed_1__lb50__deeplob_style__supervised,5,10,1,50,deeplob_style,0.0,39103,39103,1.0,0.5310209144919092,0.3510056270192141
fold_5__h10__seed_1__lb50__deeplob_style__supervised,5,10,1,50,deeplob_style,0.5,39103,36683,0.9381121653070097,0.5464892047436628,0.3745491221780497
fold_5__h10__seed_1__lb50__deeplob_style__supervised,5,10,1,50,deeplob_style,0.6,39103,31616,0.808531314732885,0.5891123654570445,0.43247745326445713
fold_5__h10__seed_1__lb50__deeplob_style__supervised,5,10,1,50,deeplob_style,0.7,39103,26022,0.6654732373475181,0.6509006100674163,0.5133072635624795
fold_5__h10__seed_1__lb50__deeplob_style__supervised,5,10,1,50,deeplob_style,0.8,39103,19362,0.4951538245147431,0.7514700858945251,0.6471493350259782
fold_5__h10__seed_1__lb50__deeplob_style__supervised,5,10,1,50,deeplob_style,0.9,39103,13400,0.34268470449837607,0.8551739527856106,0.801529684101473
fold_5__h10__seed_1__lb100__supervised,5,10,1,100,matrix_transformer,0.0,39053,39053,1.0,0.28464228629074656,0.012373049798468642
fold_5__h10__seed_1__lb100__supervised,5,10,1,100,matrix_transformer,0.5,39053,20208,0.51745064399662,0.25495589104170485,0.0
fold_5__h10__seed_1__lb100__supervised,5,10,1,100,matrix_transformer,0.6,39053,20183,0.5168104883107572,0.25492416128604506,0.0
fold_5__h10__seed_1__lb100__supervised,5,10,1,100,matrix_transformer,0.7,39053,20147,0.5158886641231147,0.2548773134663928,0.0
fold_5__h10__seed_1__lb100__supervised,5,10,1,100,matrix_transformer,0.8,39053,0,0.0,,
fold_5__h10__seed_1__lb100__supervised,5,10,1,100,matrix_transformer,0.9,39053,0,0.0,,
fold_5__h10__seed_1__lb100__deeplob_style__supervised,5,10,1,100,deeplob_style,0.0,39053,39053,1.0,0.522828165572025,0.3392694985327206
fold_5__h10__seed_1__lb100__deeplob_style__supervised,5,10,1,100,deeplob_style,0.5,39053,36748,0.9409776457634497,0.5345055426505606,0.359027860500035
fold_5__h10__seed_1__lb100__deeplob_style__supervised,5,10,1,100,deeplob_style,0.6,39053,32900,0.8424448825954473,0.5553351817434123,0.39504146765702247
fold_5__h10__seed_1__lb100__deeplob_style__supervised,5,10,1,100,deeplob_style,0.7,39053,28478,0.7292141448800348,0.5920741007326714,0.4410234019066225
fold_5__h10__seed_1__lb100__deeplob_style__supervised,5,10,1,100,deeplob_style,0.8,39053,22193,0.5682790054541265,0.6671736421199804,0.5280475952219758
fold_5__h10__seed_1__lb100__deeplob_style__supervised,5,10,1,100,deeplob_style,0.9,39053,14081,0.3605612885053645,0.8077671808312746,0.7228713237550697
fold_5__h10__seed_2__lb20__supervised,5,10,2,20,matrix_transformer,0.0,39133,39133,1.0,0.7621329747874009,0.6638969715692249
fold_5__h10__seed_2__lb20__supervised,5,10,2,20,matrix_transformer,0.5,39133,36561,0.9342754197224848,0.7934637350260925,0.7086292852846396
fold_5__h10__seed_2__lb20__supervised,5,10,2,20,matrix_transformer,0.6,39133,32398,0.8278946157974089,0.8474778701604411,0.7902452247990962
fold_5__h10__seed_2__lb20__supervised,5,10,2,20,matrix_transformer,0.7,39133,30009,0.7668463956251756,0.8805547437288536,0.8373957775464828
fold_5__h10__seed_2__lb20__supervised,5,10,2,20,matrix_transformer,0.8,39133,28198,0.7205683182991337,0.9037454987107063,0.8685577562901293
fold_5__h10__seed_2__lb20__supervised,5,10,2,20,matrix_transformer,0.9,39133,24707,0.6313597219737818,0.9321078596077244,0.9063654790084426
fold_5__h10__seed_2__lb20__deeplob_style__supervised,5,10,2,20,deeplob_style,0.0,39133,39133,1.0,0.5333241289835474,0.35821153164127884
fold_5__h10__seed_2__lb20__deeplob_style__supervised,5,10,2,20,deeplob_style,0.5,39133,35774,0.9141645158817366,0.5579305428759082,0.3933685076920531
fold_5__h10__seed_2__lb20__deeplob_style__supervised,5,10,2,20,deeplob_style,0.6,39133,30440,0.7778601180589273,0.6096839423667934,0.46423363227861353
fold_5__h10__seed_2__lb20__deeplob_style__supervised,5,10,2,20,deeplob_style,0.7,39133,25781,0.6588045894769121,0.6697403346083474,0.5409872810631086
fold_5__h10__seed_2__lb20__deeplob_style__supervised,5,10,2,20,deeplob_style,0.8,39133,20859,0.5330283903610763,0.7440991959652149,0.6370584266962152
fold_5__h10__seed_2__lb20__deeplob_style__supervised,5,10,2,20,deeplob_style,0.9,39133,13919,0.3556844606853551,0.8562804638462532,0.7950920802582285
fold_5__h10__seed_2__lb50__supervised,5,10,2,50,matrix_transformer,0.0,39103,39103,1.0,0.7463479745819493,0.6502122151744133
fold_5__h10__seed_2__lb50__supervised,5,10,2,50,matrix_transformer,0.5,39103,36279,0.9277804772012378,0.7812534745425003,0.7038772290356272
fold_5__h10__seed_2__lb50__supervised,5,10,2,50,matrix_transformer,0.6,39103,32664,0.8353323274429072,0.8266431687372133,0.770715942942808
fold_5__h10__seed_2__lb50__supervised,5,10,2,50,matrix_transformer,0.7,39103,30441,0.7784824693757513,0.8545779861928651,0.8101630210295802
fold_5__h10__seed_2__lb50__supervised,5,10,2,50,matrix_transformer,0.8,39103,28437,0.7272332046134568,0.8791755184454213,0.8431945655972531
fold_5__h10__seed_2__lb50__supervised,5,10,2,50,matrix_transformer,0.9,39103,24524,0.6271641562028489,0.911248470001483,0.8846311908722158
fold_5__h10__seed_2__lb50__deeplob_style__supervised,5,10,2,50,deeplob_style,0.0,39103,39103,1.0,0.5220616328985471,0.34349118374855164
fold_5__h10__seed_2__lb50__deeplob_style__supervised,5,10,2,50,deeplob_style,0.5,39103,35637,0.9113622995678081,0.548532091828095,0.38189293010703496
fold_5__h10__seed_2__lb50__deeplob_style__supervised,5,10,2,50,deeplob_style,0.6,39103,29391,0.7516303096949083,0.6135020781273925,0.4690933384536376
fold_5__h10__seed_2__lb50__deeplob_style__supervised,5,10,2,50,deeplob_style,0.7,39103,23929,0.6119479323837046,0.6924290067892014,0.5702199863589553
fold_5__h10__seed_2__lb50__deeplob_style__supervised,5,10,2,50,deeplob_style,0.8,39103,19433,0.49696954197887633,0.7512775958862861,0.642782123288296
fold_5__h10__seed_2__lb50__deeplob_style__supervised,5,10,2,50,deeplob_style,0.9,39103,14055,0.35943533744214,0.8006141357748033,0.7081835376924647
fold_5__h10__seed_2__lb100__supervised,5,10,2,100,matrix_transformer,0.0,39053,39053,1.0,0.28474651379498056,0.012464685452974555
fold_5__h10__seed_2__lb100__supervised,5,10,2,100,matrix_transformer,0.5,39053,20212,0.517553068906358,0.2549624695733651,0.0
fold_5__h10__seed_2__lb100__supervised,5,10,2,100,matrix_transformer,0.6,39053,20176,0.5166312447187156,0.2548905556405939,0.0
fold_5__h10__seed_2__lb100__supervised,5,10,2,100,matrix_transformer,0.7,39053,20149,0.5159398765779838,0.2548490608457498,0.0
fold_5__h10__seed_2__lb100__supervised,5,10,2,100,matrix_transformer,0.8,39053,0,0.0,,
fold_5__h10__seed_2__lb100__supervised,5,10,2,100,matrix_transformer,0.9,39053,0,0.0,,
fold_5__h10__seed_2__lb100__deeplob_style__supervised,5,10,2,100,deeplob_style,0.0,39053,39053,1.0,0.5404052740457191,0.3157711733129378
fold_5__h10__seed_2__lb100__deeplob_style__supervised,5,10,2,100,deeplob_style,0.5,39053,34456,0.882288172483548,0.5668798217763845,0.35285290703291916
fold_5__h10__seed_2__lb100__deeplob_style__supervised,5,10,2,100,deeplob_style,0.6,39053,28156,0.720968939646122,0.6197392129252911,0.4385461427179416
fold_5__h10__seed_2__lb100__deeplob_style__supervised,5,10,2,100,deeplob_style,0.7,39053,22225,0.5690984047320309,0.7039236717964529,0.5758530463709198
fold_5__h10__seed_2__lb100__deeplob_style__supervised,5,10,2,100,deeplob_style,0.8,39053,17890,0.458095408803421,0.7988738589994235,0.7279564267525286
fold_5__h10__seed_2__lb100__deeplob_style__supervised,5,10,2,100,deeplob_style,0.9,39053,14012,0.3587944588123832,0.8800674608161735,0.8445131921686957
fold_5__h50__seed_0__lb20__supervised,5,50,0,20,matrix_transformer,0.0,39133,39133,1.0,0.8118899020083781,0.7186021998536118
fold_5__h50__seed_0__lb20__supervised,5,50,0,20,matrix_transformer,0.5,39133,36666,0.9369585771599417,0.8361437655851542,0.7550970789204763
fold_5__h50__seed_0__lb20__supervised,5,50,0,20,matrix_transformer,0.6,39133,33121,0.8463700712953262,0.8672484282631169,0.8019580790760532
fold_5__h50__seed_0__lb20__supervised,5,50,0,20,matrix_transformer,0.7,39133,29524,0.7544527636521606,0.895530502236694,0.8442616546141565
fold_5__h50__seed_0__lb20__supervised,5,50,0,20,matrix_transformer,0.8,39133,25268,0.6456954488539085,0.9241521057576878,0.8866369343419118
fold_5__h50__seed_0__lb20__supervised,5,50,0,20,matrix_transformer,0.9,39133,18707,0.4780364398333887,0.950820498659177,0.9256832167876121
fold_5__h50__seed_0__lb20__deeplob_style__supervised,5,50,0,20,deeplob_style,0.0,39133,39133,1.0,0.5937645239134164,0.4248876482880836
fold_5__h50__seed_0__lb20__deeplob_style__supervised,5,50,0,20,deeplob_style,0.5,39133,37712,0.9636879360130836,0.5992379981589216,0.43746143199998605
fold_5__h50__seed_0__lb20__deeplob_style__supervised,5,50,0,20,deeplob_style,0.6,39133,35313,0.9023841770372831,0.6076751878869151,0.4583818445513013
fold_5__h50__seed_0__lb20__deeplob_style__supervised,5,50,0,20,deeplob_style,0.7,39133,32851,0.8394705235990085,0.6134649875791133,0.47593599030032524
fold_5__h50__seed_0__lb20__deeplob_style__supervised,5,50,0,20,deeplob_style,0.8,39133,29741,0.7599979556895715,0.6164776141393015,0.49157562739478244
fold_5__h50__seed_0__lb20__deeplob_style__supervised,5,50,0,20,deeplob_style,0.9,39133,23541,0.601563897477832,0.628385628635604,0.5141030990372055
fold_5__h50__seed_0__lb50__supervised,5,50,0,50,matrix_transformer,0.0,39103,39103,1.0,0.8111180136659604,0.7193374235879278
fold_5__h50__seed_0__lb50__supervised,5,50,0,50,matrix_transformer,0.5,39103,36960,0.9451960207656701,0.8324457883752195,0.7514492949333639
fold_5__h50__seed_0__lb50__supervised,5,50,0,50,matrix_transformer,0.6,39103,34195,0.8744853336061171,0.8567424611629132,0.7879279646262813
fold_5__h50__seed_0__lb50__supervised,5,50,0,50,matrix_transformer,0.7,39103,31214,0.7982507735979336,0.8823070662325389,0.8260914577399582
fold_5__h50__seed_0__lb50__supervised,5,50,0,50,matrix_transformer,0.8,39103,27552,0.7046006700253178,0.9109113053061219,0.8685021590308047
fold_5__h50__seed_0__lb50__supervised,5,50,0,50,matrix_transformer,0.9,39103,21444,0.548397821139043,0.9449380657073022,0.9179837300103304
fold_5__h50__seed_0__lb50__deeplob_style__supervised,5,50,0,50,deeplob_style,0.0,39103,39103,1.0,0.5366486964424049,0.3973672195818624
fold_5__h50__seed_0__lb50__deeplob_style__supervised,5,50,0,50,deeplob_style,0.5,39103,37887,0.9689026417410429,0.5374356705617175,0.4057714306845013
fold_5__h50__seed_0__lb50__deeplob_style__supervised,5,50,0,50,deeplob_style,0.6,39103,36104,0.9233051172544307,0.5376818151214963,0.4175961292099184
fold_5__h50__seed_0__lb50__deeplob_style__supervised,5,50,0,50,deeplob_style,0.7,39103,34182,0.8741528782957829,0.5362068717013846,0.4277242866150365
fold_5__h50__seed_0__lb50__deeplob_style__supervised,5,50,0,50,deeplob_style,0.8,39103,31361,0.8020100759532517,0.5331003787046317,0.4371308833754063
fold_5__h50__seed_0__lb50__deeplob_style__supervised,5,50,0,50,deeplob_style,0.9,39103,25887,0.662020816817124,0.525555830162774,0.4429025802453488
fold_5__h50__seed_0__lb100__supervised,5,50,0,100,matrix_transformer,0.0,39053,39053,1.0,0.49649354568047305,0.24926819392234398
fold_5__h50__seed_0__lb100__supervised,5,50,0,100,matrix_transformer,0.5,39053,20691,0.5298184518474893,0.5706841655711906,0.3618168022193518
fold_5__h50__seed_0__lb100__supervised,5,50,0,100,matrix_transformer,0.6,39053,9336,0.23905973932860472,0.6463291596207397,0.48850227866852386
fold_5__h50__seed_0__lb100__supervised,5,50,0,100,matrix_transformer,0.7,39053,3682,0.09428212941387346,0.6589013910594685,0.5839565002578843
fold_5__h50__seed_0__lb100__supervised,5,50,0,100,matrix_transformer,0.8,39053,1327,0.03397946380559752,0.5675035386478716,0.645076195671358
fold_5__h50__seed_0__lb100__supervised,5,50,0,100,matrix_transformer,0.9,39053,31,0.0007937930504698743,0.4918032786885246,0.0
fold_5__h50__seed_0__lb100__deeplob_style__supervised,5,50,0,100,deeplob_style,0.0,39053,39053,1.0,0.5436374624363,0.400674534116078
fold_5__h50__seed_0__lb100__deeplob_style__supervised,5,50,0,100,deeplob_style,0.5,39053,37704,0.9654571991908432,0.5463872559552226,0.41162784167034205
fold_5__h50__seed_0__lb100__deeplob_style__supervised,5,50,0,100,deeplob_style,0.6,39053,35811,0.9169846106573118,0.5461707526266276,0.42395088627724953
fold_5__h50__seed_0__lb100__deeplob_style__supervised,5,50,0,100,deeplob_style,0.7,39053,33449,0.8565027014569944,0.5486371377079934,0.4382326973108612
fold_5__h50__seed_0__lb100__deeplob_style__supervised,5,50,0,100,deeplob_style,0.8,39053,28907,0.7401992164494405,0.5615919836670952,0.4636539200535993
fold_5__h50__seed_0__lb100__deeplob_style__supervised,5,50,0,100,deeplob_style,0.9,39053,13087,0.3351086984354595,0.7401833136729886,0.6749964618830253
fold_5__h50__seed_1__lb20__supervised,5,50,1,20,matrix_transformer,0.0,39133,39133,1.0,0.8169674778778514,0.726226848907951
fold_5__h50__seed_1__lb20__supervised,5,50,1,20,matrix_transformer,0.5,39133,37120,0.9485600388418981,0.8379375240557022,0.7577739129328859
fold_5__h50__seed_1__lb20__supervised,5,50,1,20,matrix_transformer,0.6,39133,34088,0.8710806736002862,0.8661178351658579,0.8001829882515282
fold_5__h50__seed_1__lb20__supervised,5,50,1,20,matrix_transformer,0.7,39133,30973,0.7914803362890654,0.8926147573612186,0.8399059123741455
fold_5__h50__seed_1__lb20__supervised,5,50,1,20,matrix_transformer,0.8,39133,27122,0.6930723430352899,0.9182012039606312,0.8778813138682187
fold_5__h50__seed_1__lb20__supervised,5,50,1,20,matrix_transformer,0.9,39133,21082,0.5387269056806276,0.9467116829440029,0.9195827330391648
fold_5__h50__seed_1__lb20__deeplob_style__supervised,5,50,1,20,deeplob_style,0.0,39133,39133,1.0,0.5992582832748222,0.4149982758574553
fold_5__h50__seed_1__lb20__deeplob_style__supervised,5,50,1,20,deeplob_style,0.5,39133,36620,0.935783098663532,0.6108658134951387,0.4368756134734441
fold_5__h50__seed_1__lb20__deeplob_style__supervised,5,50,1,20,deeplob_style,0.6,39133,32175,0.8221961004778575,0.634460576978057,0.47682316543806946
fold_5__h50__seed_1__lb20__deeplob_style__supervised,5,50,1,20,deeplob_style,0.7,39133,26251,0.6708149132445762,0.6785535345343393,0.539115738311797
fold_5__h50__seed_1__lb20__deeplob_style__supervised,5,50,1,20,deeplob_style,0.8,39133,18467,0.47190350854777297,0.7675894470844398,0.6649399130345426
fold_5__h50__seed_1__lb20__deeplob_style__supervised,5,50,1,20,deeplob_style,0.9,39133,11096,0.28354585643830016,0.8869170498836444,0.8461658262715841
fold_5__h50__seed_1__lb50__supervised,5,50,1,50,matrix_transformer,0.0,39103,39103,1.0,0.8000560671517665,0.704121288878654
fold_5__h50__seed_1__lb50__supervised,5,50,1,50,matrix_transformer,0.5,39103,36368,0.9300565174027569,0.8280340002992949,0.7459159972936561
fold_5__h50__seed_1__lb50__supervised,5,50,1,50,matrix_transformer,0.6,39103,32820,0.8393217911669182,0.8607078503264547,0.7945564950664871
fold_5__h50__seed_1__lb50__supervised,5,50,1,50,matrix_transformer,0.7,39103,29252,0.7480755952228729,0.8880166378859672,0.8347055837023523
fold_5__h50__seed_1__lb50__supervised,5,50,1,50,matrix_transformer,0.8,39103,25318,0.6474695036186482,0.9144691498531433,0.8733584860667558
fold_5__h50__seed_1__lb50__supervised,5,50,1,50,matrix_transformer,0.9,39103,20029,0.512211339283431,0.9433252086572382,0.9157574080081852
fold_5__h50__seed_1__lb50__deeplob_style__supervised,5,50,1,50,deeplob_style,0.0,39103,39103,1.0,0.5444752682649017,0.3993873690824776
fold_5__h50__seed_1__lb50__deeplob_style__supervised,5,50,1,50,deeplob_style,0.5,39103,37814,0.967035777306089,0.546981468499997,0.41008209734063567
fold_5__h50__seed_1__lb50__deeplob_style__supervised,5,50,1,50,deeplob_style,0.6,39103,36051,0.9219497225276833,0.5472522979220156,0.4220524191956666
fold_5__h50__seed_1__lb50__deeplob_style__supervised,5,50,1,50,deeplob_style,0.7,39103,34293,0.8769915351763292,0.5435752719598053,0.42857026177668295
fold_5__h50__seed_1__lb50__deeplob_style__supervised,5,50,1,50,deeplob_style,0.8,39103,31948,0.8170217118891133,0.5309307231707855,0.4282389716303945
fold_5__h50__seed_1__lb50__deeplob_style__supervised,5,50,1,50,deeplob_style,0.9,39103,28034,0.7169270899930952,0.5000849535270611,0.411609624697144
fold_5__h50__seed_1__lb100__supervised,5,50,1,100,matrix_transformer,0.0,39053,39053,1.0,0.6866185860570463,0.5295960865733703
fold_5__h50__seed_1__lb100__supervised,5,50,1,100,matrix_transformer,0.5,39053,35359,0.9054105958569124,0.715444492979644,0.5716451645792837
fold_5__h50__seed_1__lb100__supervised,5,50,1,100,matrix_transformer,0.6,39053,30313,0.7762015722223645,0.7509429057915299,0.62724073338253
fold_5__h50__seed_1__lb100__supervised,5,50,1,100,matrix_transformer,0.7,39053,25072,0.6419993342380867,0.7841098786983096,0.6805463114324668
fold_5__h50__seed_1__lb100__supervised,5,50,1,100,matrix_transformer,0.8,39053,18307,0.4687732056436125,0.8254146635418421,0.7491760627859593
fold_5__h50__seed_1__lb100__supervised,5,50,1,100,matrix_transformer,0.9,39053,7992,0.2046449696566205,0.857356625826086,0.8105321942240581
fold_5__h50__seed_1__lb100__deeplob_style__supervised,5,50,1,100,deeplob_style,0.0,39053,39053,1.0,0.5749775149274319,0.36112909680355454
fold_5__h50__seed_1__lb100__deeplob_style__supervised,5,50,1,100,deeplob_style,0.5,39053,34957,0.8951168924282386,0.6001912705321927,0.39749431052337
fold_5__h50__seed_1__lb100__deeplob_style__supervised,5,50,1,100,deeplob_style,0.6,39053,27461,0.703172611579136,0.651351018358805,0.4784234168469464
fold_5__h50__seed_1__lb100__deeplob_style__supervised,5,50,1,100,deeplob_style,0.7,39053,21898,0.5607251683609454,0.6919555072744528,0.5496434624421713
fold_5__h50__seed_1__lb100__deeplob_style__supervised,5,50,1,100,deeplob_style,0.8,39053,15385,0.39395180907996824,0.7704408809339892,0.6813738390175398
fold_5__h50__seed_1__lb100__deeplob_style__supervised,5,50,1,100,deeplob_style,0.9,39053,9622,0.24638312037487517,0.8637899446316987,0.8338852184018475
fold_5__h50__seed_2__lb20__supervised,5,50,2,20,matrix_transformer,0.0,39133,39133,1.0,0.8188275063207439,0.7295399387726971
fold_5__h50__seed_2__lb20__supervised,5,50,2,20,matrix_transformer,0.5,39133,36774,0.9397183962384688,0.8421183202882901,0.7644264353071891
fold_5__h50__seed_2__lb20__supervised,5,50,2,20,matrix_transformer,0.6,39133,33575,0.8579715329772826,0.8719700653980996,0.8092979621783023
fold_5__h50__seed_2__lb20__supervised,5,50,2,20,matrix_transformer,0.7,39133,30560,0.7809265837017351,0.8978811181290687,0.8480740398350093
fold_5__h50__seed_2__lb20__supervised,5,50,2,20,matrix_transformer,0.8,39133,26916,0.687808243681803,0.9234050551956735,0.8859668982999666
fold_5__h50__seed_2__lb20__supervised,5,50,2,20,matrix_transformer,0.9,39133,21035,0.5375258733038611,0.9522104050595975,0.9283286549250426
fold_5__h50__seed_2__lb20__deeplob_style__supervised,5,50,2,20,deeplob_style,0.0,39133,39133,1.0,0.5469991409322273,0.4097057781111048
fold_5__h50__seed_2__lb20__deeplob_style__supervised,5,50,2,20,deeplob_style,0.5,39133,38113,0.9739350420361332,0.5496854906965193,0.4199312439590343
fold_5__h50__seed_2__lb20__deeplob_style__supervised,5,50,2,20,deeplob_style,0.6,39133,36605,0.9353997904581811,0.5492689406765704,0.42996897541410034
fold_5__h50__seed_2__lb20__deeplob_style__supervised,5,50,2,20,deeplob_style,0.7,39133,35084,0.8965323384355914,0.545041064156112,0.43617420701999177
fold_5__h50__seed_2__lb20__deeplob_style__supervised,5,50,2,20,deeplob_style,0.8,39133,33280,0.8504331382720466,0.5347319834783595,0.4365527705750251
fold_5__h50__seed_2__lb20__deeplob_style__supervised,5,50,2,20,deeplob_style,0.9,39133,30155,0.7705772621572585,0.505258532520172,0.4202079985984223
fold_5__h50__seed_2__lb50__supervised,5,50,2,50,matrix_transformer,0.0,39103,39103,1.0,0.8157636065573434,0.7255351198679327
fold_5__h50__seed_2__lb50__supervised,5,50,2,50,matrix_transformer,0.5,39103,37033,0.947062885200624,0.8359838458528555,0.756132104854156
fold_5__h50__seed_2__lb50__supervised,5,50,2,50,matrix_transformer,0.6,39103,33986,0.869140475155359,0.8625349516890015,0.7962232614030067
fold_5__h50__seed_2__lb50__supervised,5,50,2,50,matrix_transformer,0.7,39103,30909,0.790450860547784,0.8867618965355986,0.832600330904677
fold_5__h50__seed_2__lb50__supervised,5,50,2,50,matrix_transformer,0.8,39103,27048,0.6917116333785132,0.91387391237194,0.8726230895507552
fold_5__h50__seed_2__lb50__supervised,5,50,2,50,matrix_transformer,0.9,39103,21484,0.5494207605554561,0.9442650799197517,0.9172532126709848
fold_5__h50__seed_2__lb50__deeplob_style__supervised,5,50,2,50,deeplob_style,0.0,39103,39103,1.0,0.5449499335018003,0.40493342327633486
fold_5__h50__seed_2__lb50__deeplob_style__supervised,5,50,2,50,deeplob_style,0.5,39103,37872,0.968519039459888,0.5486715653462193,0.41640636937451847
fold_5__h50__seed_2__lb50__deeplob_style__supervised,5,50,2,50,deeplob_style,0.6,39103,35906,0.9182415671431859,0.5506972199300076,0.4304273413884651
fold_5__h50__seed_2__lb50__deeplob_style__supervised,5,50,2,50,deeplob_style,0.7,39103,33597,0.8591923893307419,0.5554047211951081,0.4461350929202877
fold_5__h50__seed_2__lb50__deeplob_style__supervised,5,50,2,50,deeplob_style,0.8,39103,29629,0.7577167992225661,0.574457554657775,0.4772589228968719
fold_5__h50__seed_2__lb50__deeplob_style__supervised,5,50,2,50,deeplob_style,0.9,39103,20536,0.5251770963864665,0.648301007569925,0.571924284606317
fold_5__h50__seed_2__lb100__supervised,5,50,2,100,matrix_transformer,0.0,39053,39053,1.0,0.6526613746230988,0.4799521428195429
fold_5__h50__seed_2__lb100__supervised,5,50,2,100,matrix_transformer,0.5,39053,33404,0.8553504212224413,0.7012858826450289,0.5435077577599715
fold_5__h50__seed_2__lb100__supervised,5,50,2,100,matrix_transformer,0.6,39053,26563,0.6801782193429442,0.7504676730509449,0.6203064635836507
fold_5__h50__seed_2__lb100__supervised,5,50,2,100,matrix_transformer,0.7,39053,20040,0.5131487977876219,0.79580556096436,0.6957084263023999
fold_5__h50__seed_2__lb100__supervised,5,50,2,100,matrix_transformer,0.8,39053,13448,0.34435254653931835,0.8344937713573541,0.765330447195953
fold_5__h50__seed_2__lb100__supervised,5,50,2,100,matrix_transformer,0.9,39053,6239,0.15975725296392082,0.8460925198804411,0.8026989198335432
fold_5__h50__seed_2__lb100__deeplob_style__supervised,5,50,2,100,deeplob_style,0.0,39053,39053,1.0,0.550924858697848,0.3920258526638358
fold_5__h50__seed_2__lb100__deeplob_style__supervised,5,50,2,100,deeplob_style,0.5,39053,37692,0.9651499244616291,0.5541239859865436,0.40290986816277485
fold_5__h50__seed_2__lb100__deeplob_style__supervised,5,50,2,100,deeplob_style,0.6,39053,35612,0.911888971397844,0.5545934945712142,0.41505102931077376
fold_5__h50__seed_2__lb100__deeplob_style__supervised,5,50,2,100,deeplob_style,0.7,39053,33443,0.8563490640923873,0.5509916118774351,0.4224119936884205
fold_5__h50__seed_2__lb100__deeplob_style__supervised,5,50,2,100,deeplob_style,0.8,39053,29924,0.7662407497503393,0.5450536097280608,0.42797458679827644
fold_5__h50__seed_2__lb100__deeplob_style__supervised,5,50,2,100,deeplob_style,0.9,39053,18061,0.46247407369472254,0.6083868972997871,0.5020290745736039
